wavenumber_cm-1,NMA_reference,Dense_exact,Sparse_Krylov,Suzuki4_r1,Suzuki4_r2,Suzuki4_r4,Krylov_minus_exact,Suzuki4_r2_minus_exact
0.0,0.05242055662400793,0.052420556624007394,0.05242055662398356,0.05242212234325627,0.052420658768753674,0.052420563077400936,-2.383510055992133e-14,1.0214474627928682e-07
4.071827333961817,0.05260334988449662,0.05260334988449626,0.05260334988447303,0.05260496124289053,0.05260345503792894,0.05260335652809824,-2.32314167902814e-14,1.0515343267653021e-07
8.143654667923634,0.053171874432223175,0.053171874432222946,0.053171874432202414,0.05317363124466682,0.05317198913515297,0.05317188167937933,-2.053218706166149e-14,1.1470293002219245e-07
12.215482001885452,0.05419165095029639,0.054191650950296405,0.05419165095028078,0.05419368010697022,0.05419178347981202,0.054191659323922836,-1.5626389071599078e-14,1.3252951561182336e-07
16.28730933584727,0.05579089291630252,0.055790892916302744,0.05579089291629234,0.05579337528924295,0.05579105507411518,0.05579090316201016,-1.0401401961956935e-14,1.621578124347267e-07
20.359136669809086,0.05819666626546626,0.05819666626546659,0.05819666626545898,0.0581998809798459,0.058196876275709096,0.058196679534668505,-7.605027718682322e-15,2.1001024250871803e-07
24.430964003770903,0.061798969345337296,0.061798969345337705,0.06179896934532826,0.061803354660663654,0.061799255815664186,0.06179898744528096,-9.443834603217738e-15,2.864703264812696e-07
28.50279133773272,0.0672233702381715,0.06722337023817189,0.0672233702381573,0.0672295131157435,0.06722377137013728,0.06722339558029247,-1.4585554986012994e-14,4.011319653940415e-07
32.57461867169454,0.07521710969048609,0.07521710969048641,0.07521710969046734,0.07522536292591396,0.07521764783457312,0.07521714367592425,-1.9068080447937064e-14,5.38144086709158e-07
36.64644600565635,0.08610724572132003,0.0861072457213203,0.08610724572130012,0.08611819497226651,0.08610795801344487,0.0861072906801614,-2.017830347256222e-14,7.122921245744651e-07
40.71827333961817,0.10027145898881441,0.10027145898881484,0.10027145898879548,0.10028851643785683,0.1002725697026881,0.1002715291126582,-1.9359513991901167e-14,1.1107138732507904e-06
44.790100673579985,0.11918872235532782,0.11918872235532833,0.11918872235531483,0.11921385401619625,0.11919036376009068,0.11918882605729124,-1.3503087537003466e-14,1.641404762345311e-06
48.861928007541806,0.1459628515195472,0.14596285151954755,0.1459628515195462,0.1459950064239096,0.14596495979508464,0.14596298483744155,-1.3600232051658168e-15,2.1082755370938067e-06
52.93375534150362,0.17496634990646645,0.17496634990646628,0.17496634990649396,0.17498605061985884,0.17496764722557961,0.1749664320132103,2.7672308888782027e-14,1.2973191133303086e-06
57.00558267546544,0.17944052614713557,0.17944052614713452,0.17944052614717873,0.17942321401121153,0.17943939524726413,0.1794404546777412,4.421463195569686e-14,-1.130899870388502e-06
61.077410009427254,0.1593806451375985,0.1593806451375975,0.15938064513763098,0.15935233114212757,0.15937879245105524,0.1593805280312935,3.347322419244847e-14,-1.8526865422641148e-06
65.14923734338907,0.1452418601880452,0.1452418601880447,0.14524186018806873,0.14522538081026745,0.14524078810649924,0.14524179251965325,2.403632848313464e-14,-1.0720815454556831e-06
69.2210646773509,0.1479561619488605,0.14795616194886071,0.1479561619488806,0.14795149866077417,0.14795587076933975,0.14795614375499216,1.9872992140790302e-14,-2.9117952096702204e-07
73.2928920113127,0.15747384929777283,0.15747384929777392,0.15747384929778824,0.1574700883090313,0.1574736185773236,0.15747383494414904,1.432187701766452e-14,-2.3072045032823674e-07
77.36471934527452,0.15079035350615602,0.15079035350615763,0.1507903535061644,0.15077818845082383,0.15078956570694882,0.15079030383276207,6.772360450213455e-15,-7.877992088123342e-07
81.43654667923634,0.13010852697865152,0.13010852697865277,0.13010852697865696,0.1300953452000751,0.1301076703626476,0.13010847292322705,4.191091917959966e-15,-8.566160051848293e-07
85.50837401319816,0.11523463042049475,0.11523463042049541,0.11523463042050251,0.11522547918062957,0.11523404079326914,0.1152345932912708,7.105427357601002e-15,-5.896272262662094e-07
89.58020134715997,0.10999424858248695,0.10999424858248705,0.10999424858249704,0.10998844221928093,0.10999387853205869,0.10999422534337933,9.992007221626409e-15,-3.7005042835547286e-07
93.65202868112179,0.10595267414148844,0.10595267414148819,0.10595267414149649,0.1059489228846614,0.10595243020422206,0.10595265874677436,8.298917109073045e-15,-2.4393726613669564e-07
97.72385601508361,0.09779617875280718,0.0977961787528067,0.09779617875281155,0.09779424176848227,0.09779604749757266,0.09779617038868184,4.8433479449272454e-15,-1.3125523404267092e-07
101.79568334904542,0.09203444733842481,0.09203444733842434,0.09203444733843105,0.0920344388343267,0.09203444387887139,0.09203444707632924,6.716849298982197e-15,-3.4595529496694866e-09
105.86751068300724,0.09204844460472948,0.0920484446047291,0.09204844460474153,0.09205022833796736,0.09204856075958905,0.0920484519389473,1.2434497875801753e-14,1.1615485995264407e-07
109.93933801696906,0.09273402739422403,0.092734027394224,0.09273402739424287,0.09273686662727146,0.09273421117732437,0.09273403898191197,1.887379141862766e-14,1.8378310037703294e-07
114.01116535093088,0.08715754947555815,0.0871575494755585,0.08715754947558059,0.08716057701087684,0.08715774279891503,0.08715756162463782,2.2093438190040615e-14,1.9332335653154953e-07
118.08299268489269,0.07953245307247017,0.07953245307247059,0.0795324530724923,0.079535832763464,0.07953266933062218,0.07953246666968462,2.1718737919229625e-14,2.1625815159465045e-07
122.15482001885451,0.07558047596009428,0.07558047596009458,0.07558047596011414,0.07558494241858017,0.07558076392191675,0.07558049409873127,1.955380302121057e-14,2.879618221651725e-07
126.22664735281633,0.07655793566060165,0.07655793566060178,0.07655793566061975,0.07656457202159545,0.0765583655861777,0.07655796277276844,1.797173521111972e-14,4.299255759315779e-07
130.29847468677815,0.08309785213275842,0.08309785213275857,0.08309785213277718,0.08310816701424403,0.08309852189795927,0.08309789439277679,1.8610113450279187e-14,6.697652007031651e-07
134.37030202073996,0.09599314609207843,0.0959931460920786,0.09599314609209833,0.09600773061582152,0.09599409355511901,0.09599320588037998,1.9734214262712158e-14,9.474630404127105e-07
138.4421293547018,0.11100275760367972,0.11100275760367972,0.11100275760369577,0.11101515893612578,0.11100356045703885,0.11100280822412432,1.6042722705833512e-14,8.028533591275533e-07
142.5139566886636,0.11266621660810398,0.112666216608104,0.1126662166081044,0.1126655228774925,0.11266616221666689,0.11266621303823919,4.0245584642661925e-16,-5.439143710428418e-08
146.5857840226254,0.09796448776885686,0.09796448776885705,0.09796448776883829,0.09795790646608007,0.09796404898665759,0.09796445991721332,-1.8762769116165146e-14,-4.3878219946336117e-07
150.65761135658724,0.08276159721353679,0.08276159721353714,0.08276159721351352,0.08275842210356717,0.08276138188792333,0.08276158349419098,-2.3619994848900205e-14,-2.1532561381154558e-07
154.72943869054905,0.07353967549713952,0.07353967549713986,0.07353967549712578,0.07354106570531987,0.07353975840202595,0.0735396806189621,-1.4072076837123859e-14,8.290488609508095e-08
158.80126602451085,0.06886544557210315,0.06886544557210328,0.0688654455721013,0.06886821735022092,0.06886561817179698,0.06886545634864903,-1.9845236565174673e-15,1.7259969370408967e-07
162.8730933584727,0.065277882930177,0.06527788293017708,0.06527788293018424,0.06527691653145483,0.06527781166311639,0.06527787830176172,7.16093850883226e-15,-7.126706069726652e-08
166.9449206924345,0.061176466914511986,0.06117646691451255,0.06117646691452605,0.06117345765301464,0.06117626381774465,0.06117645398439349,1.3503087537003466e-14,-2.0309676789648234e-07
171.01674802639633,0.05788968256495461,0.057889682564955774,0.05788968256497157,0.05788794939123349,0.05788956474674788,0.057889675053093254,1.5792922525292852e-14,-1.1781820789119601e-07
175.08857536035813,0.056008496271048376,0.056008496271049625,0.05600849627106288,0.056008550038769096,0.05600849660102635,0.05600849624547933,1.3253287356462806e-14,3.299767264985931e-10
179.16040269431994,0.05534623661314572,0.05534623661314676,0.055346236613156595,0.055347974223873886,0.05534634787440878,0.05534624361073934,9.832412661836543e-15,1.1126126201604913e-07
183.23223002828178,0.05576892612465225,0.05576892612465307,0.055768926124662554,0.055772583325783436,0.05576916344472101,0.05576894109754475,9.485467966641181e-15,2.373200679375853e-07
187.30405736224358,0.057390313103913196,0.05739031310391387,0.05739031310392622,0.05739663645246708,0.05739072517556911,0.05739033912801612,1.2351231148954867e-14,4.1207165524248524e-07
191.3758846962054,0.06053885862589329,0.060538858625893636,0.060538858625909,0.060548706363264086,0.06053950174092542,0.060538899260767165,1.5362711103250604e-14,6.431150317842693e-07
195.44771203016722,0.06520395194822644,0.06520395194822694,0.06520395194824526,0.0652152847920289,0.06520469376542641,0.06520399883966349,1.8318679906315083e-14,7.418171994733047e-07
199.51953936412903,0.06943590431608446,0.06943590431608505,0.06943590431610654,0.06944026974249964,0.06943619279770412,0.06943592258249502,2.148281552649678e-14,2.884816190651396e-07
203.59136669809084,0.07133211437054526,0.07133211437054585,0.07133211437056731,0.0713297462652689,0.07133196118058191,0.0713321047090266,2.1468937738688965e-14,-1.5318996393620665e-07
207.66319403205267,0.07404685899829722,0.07404685899829778,0.07404685899831374,0.07404740697879236,0.0740468922415516,0.07404686106075306,1.5959455978986625e-14,3.324325381637294e-08
211.73502136601448,0.08061084200864237,0.080610842008643,0.0806108420086501,0.08061727323316797,0.08061125497014061,0.08061086799405606,7.0915495697931874e-15,4.129614976089435e-07
215.8068486999763,0.08959011795454679,0.08959011795454727,0.08959011795454805,0.0895999037692513,0.0895907454478014,0.08959015742455721,7.771561172376096e-16,6.274932541350253e-07
219.87867603393812,0.09627586864238856,0.096275868642388,0.09627586864237885,0.09628774037254359,0.0962766310966686,0.09627591662022662,-9.159339953157541e-15,7.624542806006218e-07
223.95050336789993,0.09960487332128407,0.09960487332128244,0.09960487332125378,0.0996159399856973,0.09960558617544771,0.09960491820628112,-2.8657631823136853e-14,7.128541652662301e-07
228.02233070186176,0.09799648930605726,0.09799648930605562,0.09799648930601396,0.09799890912942276,0.09799663947373709,0.09799649867195204,-4.1661118999059e-14,1.5016768147024795e-07
232.09415803582357,0.09500467084397496,0.095004670843974,0.09500467084393922,0.09500485887451343,0.09500467524093789,0.09500467100386434,-3.477773624638303e-14,4.396963890207495e-09
236.16598536978537,0.09835867459403702,0.09835867459403662,0.09835867459401905,0.09836292291552245,0.09835894285034029,0.0983586914048537,-1.7569279364693102e-14,2.682563036704444e-07
240.2378127037472,0.11197721298649625,0.11197721298649589,0.11197721298649223,0.11198748419637476,0.11197787158365949,0.1119772544124565,-3.6637359812630166e-15,6.585971635969523e-07
244.30964003770902,0.13681546954469267,0.13681546954469215,0.13681546954469517,0.136830597484439,0.13681644164614332,0.13681553072041602,3.0253577421035516e-15,9.72101451168772e-07
248.38146737167085,0.16141713428749155,0.1614171342874911,0.16141713428749427,0.16142556885361764,0.1614176709333297,0.1614171679751007,3.164135620181696e-15,5.366458386002471e-07
252.45329470563266,0.1580308571919989,0.1580308571919991,0.15803085719199703,0.15802230677393778,0.1580302934379472,0.15803082149433348,-2.0816681711721685e-15,-5.637540519132234e-07
256.52512203959446,0.1312842239617807,0.13128422396178113,0.13128422396177736,0.13127223383887862,0.13128344073355783,0.13128417447906862,-3.774758283725532e-15,-7.832282233055654e-07
260.5969493735563,0.10782804926843502,0.10782804926843587,0.10782804926843736,0.10782097693957252,0.10782758873575633,0.10782802019536235,1.4988010832439613e-15,-4.6053267953316546e-07
264.66877670751813,0.09303022700788384,0.09303022700788502,0.09303022700789315,0.09302532493088284,0.0930299091783141,0.09303020696303459,8.132383655379272e-15,-3.178295709255208e-07
268.7406040414799,0.08207463073716056,0.0820746307371615,0.08207463073717007,0.08206951571502126,0.08207429880769572,0.08207460979818527,8.576472865229334e-15,-3.319294657744276e-07
272.81243137544175,0.0739100963916942,0.07391009639169514,0.07391009639170072,0.07390637642482178,0.07390985423070402,0.0739100811042604,5.578870698741412e-15,-2.421609911207323e-07
276.8842587094036,0.06917949377882819,0.06917949377882941,0.06917949377883088,0.06917756903291195,0.06917936754676528,0.06917948579572253,1.4710455076283324e-15,-1.2623206413486798e-07
280.95608604336536,0.0667753335758749,0.06677533357587598,0.06677533357587195,0.06677450289079728,0.06677527803324021,0.06677533004728443,-4.0245584642661925e-15,-5.5542635768457416e-08
285.0279133773272,0.06489680537368242,0.0648968053736831,0.06489680537367254,0.0648968108113296,0.06489680408861079,0.06489680526791418,-1.0560996521746802e-14,-1.2850723124513408e-09
289.09974071128903,0.06332735660848406,0.06332735660848463,0.06332735660847104,0.0633281217766067,0.06332740463560471,0.06332735961315632,-1.3586354263850353e-14,4.802712008644683e-08
293.1715680452508,0.062033535637593056,0.06203353563759321,0.06203353563758301,0.06203386032469233,0.062033555025169,0.06203353683425773,-1.0200174038743626e-14,1.9387575794782563e-08
297.24339537921264,0.06074664371852153,0.060746643718521065,0.060746643718515424,0.06074699679646433,0.06074666504852807,0.06074664503977311,-5.641320743876577e-15,2.133000700371701e-08
301.3152227131745,0.060223566426973546,0.060223566426973074,0.06022356642696784,0.06022513492435423,0.06022366684498549,0.06022357274088105,-5.23192600354605e-15,1.0041801241922332e-07
305.38705004713626,0.060923266833945514,0.060923266833945985,0.06092326683393924,0.060926519026591866,0.060923476604706484,0.06092328004760907,-6.744604874597826e-15,2.0977076049810695e-07
309.4588773810981,0.06301130431794918,0.0630113043179506,0.06301130431794318,0.06301674843291198,0.06301165621029242,0.0630113264953712,-7.424616477180734e-15,3.5189234182109175e-07
313.5307047150599,0.06686356614760158,0.06686356614760319,0.06686356614759618,0.06687225593807707,0.06686412825973138,0.06686360158050393,-7.008282842946301e-15,5.621121281912389e-07
317.6025320490217,0.07330944685359495,0.07330944685359649,0.0733094468535904,0.07332332837462535,0.07331034505483609,0.07330950347610281,-6.0923488476305465e-15,8.982012396074879e-07
321.67435938298354,0.08370727261508487,0.08370727261508676,0.08370727261508251,0.0837290614975602,0.08370868266881352,0.08370736150749487,-4.246603069191224e-15,1.4100537267663915e-06
325.7461867169454,0.09898492675926708,0.09898492675926969,0.09898492675926811,0.09901486252467769,0.09898686458092365,0.09898504892774909,-1.582067810090848e-15,1.937821653960614e-06
329.81801405090715,0.1167604887893869,0.11676048878938855,0.1167604887893904,0.11679070966040883,0.11676244604295084,0.11676061218973181,1.8457457784393227e-15,1.9572535622930376e-06
333.889841384869,0.13371877038112553,0.13371877038112404,0.13371877038113106,0.13374073696050198,0.13372019464713042,0.13371886019331625,7.022160630754115e-15,1.4242660063834567e-06
337.9616687188308,0.14381615580797555,0.14381615580797213,0.14381615580797005,0.14381633509199981,0.1438161756605341,0.14381615716821686,-2.0816681711721685e-15,1.9852561955469028e-08
342.03349605279266,0.13472572665870414,0.1347257266587018,0.13472572665867427,0.13470447055382476,0.13472436363953122,0.13472564092099498,-2.7533531010703882e-14,-1.3630191705860106e-06
346.10532338675443,0.11773555066405766,0.11773555066405658,0.11773555066401707,0.11771576358022884,0.11773428016450008,0.11773547072753332,-3.951006188884776e-14,-1.2704995565049337e-06
350.17715072071627,0.10839027264463258,0.10839027264463219,0.10839027264459529,0.10837979638117315,0.10838960091140953,0.1083902303963006,-3.690103778097864e-14,-6.717332226569006e-07
354.2489780546781,0.11005432494199383,0.11005432494199371,0.11005432494196542,0.11005233726361338,0.11005419985583699,0.11005431711166737,-2.8296809340133677e-14,-1.2508615672424117e-07
358.3208053886399,0.12355461574796076,0.12355461574796062,0.12355461574794374,0.12356022345962929,0.12355498041939315,0.12355463876330101,-1.687538997430238e-14,3.6467143253726686e-07
362.3926327226017,0.14896228126737376,0.14896228126737326,0.14896228126737468,0.14897235853517943,0.14896293406907316,0.14896232242681404,1.4155343563970746e-15,6.528016998907926e-07
366.46446005656355,0.1735181617529961,0.17351816175299548,0.1735181617530333,0.17351767540243254,0.1735181305715624,0.17351815978549304,3.783084956410221e-14,-3.118143307445642e-08
370.53628739052533,0.16832961633054813,0.16832961633054813,0.16832961633060792,0.1683081632177068,0.1683282279916857,0.16832952880766094,5.978550987606468e-14,-1.3883388624291726e-06
374.60811472448717,0.139416863860272,0.13941686386027202,0.13941686386032,0.13939276670226985,0.13941530398933724,0.13941676552225082,4.798939023942239e-14,-1.559870934780827e-06
378.679942058449,0.11427979590107759,0.11427979590107706,0.11427979590110678,0.11426316342245832,0.11427871890356069,0.11427972800008476,2.971234369653075e-14,-1.0769975163776868e-06
382.7517693924108,0.09988909287856813,0.09988909287856677,0.0998890928785843,0.0998787912408474,0.09988842542676389,0.09988905079171076,1.752764600126966e-14,-6.674518028826348e-07
386.8235967263726,0.09408168233686375,0.09408168233686126,0.094081682336874,0.09407517686608069,0.09408126039626373,0.09408165572348608,1.2739809207573671e-14,-4.2194059753086766e-07
390.89542406033445,0.09445450303144318,0.09445450303143962,0.09445450303145428,0.0944493907789211,0.09445417118667408,0.09445448209558414,1.4654943925052066e-14,-3.318447655414891e-07
394.9672513942962,0.09745578054937969,0.09745578054937547,0.09745578054939444,0.0974487707751723,0.09745532599976488,0.09745575187923618,1.8970935933282362e-14,-4.545496105901048e-07
399.03907872825806,0.09784147779409122,0.09784147779408635,0.09784147779409687,0.09783269987875907,0.09784090820017094,0.09784144186406812,1.0519363158323358e-14,-5.695939154087837e-07
403.1109060622199,0.09695784164637411,0.09695784164636757,0.09695784164636422,0.09695269221287929,0.09695750486046438,0.09695782036325834,-3.3584246494910985e-15,-3.3678590319330404e-07
407.1827333961817,0.09987513218875492,0.0998751321887452,0.0998751321887418,0.09987599466900808,0.09987518147674251,0.09987513519814516,-3.400058012914542e-15,4.928799730852251e-08
411.2545607301435,0.10900699514358238,0.10900699514356722,0.10900699514357194,0.10901456162977165,0.10900747397107612,0.10900702516537573,4.718447854656915e-15,4.788275088929428e-07
415.32638806410534,0.12659833918040486,0.12659833918037988,0.12659833918038732,0.12661451493272766,0.12659936833846208,0.12659840379144488,7.438494264988549e-15,1.0291580821997215e-06
419.3982153980672,0.15672011123352841,0.15672011123348722,0.15672011123348673,0.15674861342589277,0.1567219272768067,0.15672022528540175,-4.996003610813204e-16,1.8160433194747139e-06
423.47004273202896,0.20398298637212875,0.20398298637206858,0.2039829863720515,0.20402619346482653,0.20398574060378713,0.20398315936160114,-1.7069679003611782e-14,2.7542317185547116e-06
427.5418700659908,0.2660421353774901,0.2660421353774342,0.266042135377407,0.26609243461417026,0.2660453442947507,0.26604233696081814,-2.7200464103316335e-14,3.208917316477322e-06
431.6136973999526,0.33112895743859694,0.33112895743859355,0.3311289574385708,0.3311685861752446,0.3311314946145218,0.3311291169560137,-2.275957200481571e-14,2.5371759282410977e-06
435.6855247339144,0.3646581813339133,0.36465818133396627,0.3646581813339558,0.3646505720886401,0.364657703631066,0.36465815143171304,-1.049160758270773e-14,-4.777029002922539e-07
439.75735206787624,0.3181818311559888,0.31818183115605164,0.3181818311560631,0.31812853812884495,0.31817842527730755,0.3181816171052202,1.1435297153639112e-14,-3.4058787440893745e-06
443.8291794018381,0.2375944539306249,0.23759445393067027,0.23759445393069178,0.23754472610855007,0.23759127248289638,0.23759425393914968,2.1510571102112408e-14,-3.1814477738922875e-06
447.90100673579985,0.17615129567466428,0.17615129567469268,0.17615129567470592,0.17611926940529055,0.1761492462567546,0.17615116683865453,1.3239409568654992e-14,-2.0494179380770028e-06
451.9728340697617,0.13825556085907645,0.1382555608590937,0.138255560859094,0.13823655561599432,0.13825434468465708,0.1382554844049859,2.7755575615628914e-16,-1.2161744366301352e-06
456.0446614037235,0.11582710517457695,0.11582710517458761,0.11582710517457968,0.11581604781341953,0.11582639772975444,0.1158270607037228,-7.924216838262055e-15,-7.074448331728656e-07
460.1164887376853,0.10280621754529258,0.10280621754529914,0.10280621754528872,0.10280016819024912,0.10280583077763808,0.10280619323706057,-1.0422218643668657e-14,-3.8676766106471305e-07
464.18831607164714,0.09592993231253334,0.09592993231253712,0.09592993231252464,0.09592749487470129,0.09592977701524505,0.09592992256111878,-1.2476131239225197e-14,-1.5529729206764653e-07
468.26014340560897,0.09378627101785314,0.093786271017855,0.09378627101783713,0.0937870669175183,0.09378632319940403,0.09378627431883373,-1.787459069646502e-14,5.218154902619787e-08
472.33197073957075,0.09614859552377657,0.09614859552377729,0.09614859552375057,0.09615290165376034,0.09614887324553567,0.09614861301802706,-2.671474153004283e-14,2.777217583821434e-07
476.4037980735326,0.10286568822640278,0.10286568822640309,0.10286568822637204,0.10287318258601626,0.10286617095208751,0.10286571862355126,-3.104461132608094e-14,4.827256844253114e-07
480.4756254074944,0.11011320903811236,0.1101132090381128,0.11011320903808243,0.11011964094600056,0.1101136232627095,0.11011323511963617,-3.036459972349803e-14,4.142245967064806e-07
484.5474527414562,0.11004298221638821,0.11004298221638936,0.11004298221636345,0.11004438612665436,0.11004307242946625,0.11004298789339717,-2.590982983718959e-14,9.021307688372726e-08
488.61928007541803,0.10516357064486882,0.10516357064486999,0.10516357064485142,0.10516399090766801,0.10516359699701039,0.10516357229392187,-1.8568480086855743e-14,2.6352140400365265e-08
492.69110740937987,0.10339866765264799,0.10339866765264856,0.10339866765263714,0.10340124995271589,0.10339883264396374,0.10339867802228919,-1.1421419365831298e-14,1.6499131517966337e-07
496.7629347433417,0.10725953169436114,0.10725953169436095,0.10725953169435024,0.10726525076361888,0.10725989798395749,0.10725955472808965,-1.071365218763276e-14,3.6628959654283477e-07
500.8347620773035,0.11756655205956358,0.1175665520595626,0.11756655205954902,0.11757660990092578,0.11756719678302317,0.11756659261025987,-1.3572476476042539e-14,6.447234605772012e-07
504.9065894112653,0.1363665807000959,0.13636658070009428,0.13636658070008903,0.13638330715734184,0.13636765341392543,0.13636664817746316,-5.245803791353865e-15,1.072713831151706e-06
508.97841674522715,0.1673471402809878,0.1673471402809862,0.1673471402810025,0.16737343146638017,0.16734882706032483,0.16734724639434928,1.6292522886374172e-14,1.6867793386221575e-06
513.0502440791889,0.21170843683895033,0.21170843683894947,0.21170843683898544,0.2117409642913038,0.21171052484338193,0.21170856820670575,3.597122599785507e-14,2.0880044324655955e-06
517.1220714131507,0.25382694273510503,0.25382694273510387,0.2538269427351407,0.2538448171386422,0.25382809188281286,0.25382701505562755,3.68594044175552e-14,1.1491477089897728e-06
521.1938987471126,0.2743881249884471,0.27438812498843823,0.2743881249884637,0.274386456325794,0.27438801815153696,0.27438811826961523,2.5479618415147343e-14,-1.0683690127022416e-07
525.2657260810744,0.30081469772239605,0.3008146977223687,0.30081469772237895,0.30081691050348475,0.3008148348158377,0.3008147062748377,1.0269562977782698e-14,1.3709346902146535e-07
529.3375534150363,0.3658815489025684,0.3658815489025149,0.3658815489025056,0.36589634941288923,0.36588248816018204,0.36588160783392726,-9.270362255620057e-15,9.392576671429786e-07
533.409380748998,0.45794327706463267,0.4579432770645565,0.45794327706453547,0.45795796920211607,0.4579442068471364,0.4579433353597492,-2.1038726316646716e-14,9.2978257987264e-07
537.4812080829598,0.5014261117288352,0.501426111728777,0.5014261117287542,0.5014211958784532,0.5014257830721977,0.5014260908528828,-2.2870594307278225e-14,-3.2865657939584736e-07
541.5530354169217,0.4690345980349292,0.46903459803493736,0.46903459803491876,0.4690238832879431,0.4690338882359706,0.46903455304289093,-1.8596235662471372e-14,-7.097989667692595e-07
545.6248627508835,0.4056795570809483,0.40567955708100845,0.40567955708100695,0.40566351736477335,0.4056784985087896,0.4056794900357218,-1.4988010832439613e-15,-1.0585722188261038e-06
549.6966900848453,0.3196771707734271,0.3196771707734882,0.31967717077350066,0.3196553778018068,0.31967574738975185,0.31967708084585134,1.2490009027033011e-14,-1.4233837363208934e-06
553.7685174188072,0.24350348592129797,0.24350348592133972,0.2435034859213491,0.24348790394799888,0.24350246789140956,0.243503421599693,9.381384558082573e-15,-1.0180299301609796e-06
557.8403447527689,0.1961894731590414,0.19618947315906804,0.19618947315907836,0.19618245834784737,0.19618900905727607,0.19618944374891004,1.0325074129013956e-14,-4.64101791969318e-07
561.9121720867307,0.17326853050006466,0.17326853050008276,0.17326853050010863,0.17326789617961985,0.17326847742512785,0.17326852697124848,2.5868196473766147e-14,-5.307495490325387e-08
565.9839994206926,0.1639577883198737,0.16395778831988692,0.16395778831993263,0.16395747571491875,0.1639577562161471,0.16395778611363726,4.571343303894082e-14,-3.2103739805444675e-08
570.0558267546544,0.1528511677576391,0.15285116775764912,0.15285116775770669,0.15284459492617888,0.1528507344830918,0.1528511403221761,5.756506382681437e-14,-4.3327455731545506e-07
574.1276540886162,0.13694401557094213,0.13694401557095004,0.1369440155710076,0.1369360599499184,0.13694349407121217,0.13694398259463578,5.756506382681437e-14,-5.214997378655273e-07
578.1994814225781,0.12633959210037776,0.12633959210038495,0.1263395921004251,0.12633470826447143,0.12633926712584292,0.1263395714785214,4.016231791581504e-14,-3.2497454202640164e-07
582.2713087565398,0.12347574499199752,0.12347574499200524,0.12347574499201426,0.12347207059663749,0.12347549632730341,0.12347572915010385,9.020562075079397e-15,-2.48664701829604e-07
586.3431360905016,0.12194942211870818,0.12194942211871618,0.12194942211869161,0.12194270665757591,0.12194897861388727,0.12194939402449138,-2.456368441983159e-14,-4.435048289036514e-07
590.4149634244635,0.11716160543842032,0.11716160543842757,0.11716160543838564,0.11715481503614472,0.11716115889210643,0.11716157718185329,-4.193867475521529e-14,-4.4654632114227155e-07
594.4867907584253,0.1152719507094719,0.11527195070947821,0.11527195070943955,0.11527037353797101,0.11527183945825911,0.11527194355830174,-3.8663516832571077e-14,-1.1125121909816293e-07
598.5586180923871,0.12093305997039398,0.12093305997039998,0.12093305997037135,0.12093754971352916,0.12093333712170931,0.12093307723902882,-2.8629876247521224e-14,2.7715130933303467e-07
602.630445426349,0.13279327702115948,0.13279327702116422,0.13279327702115298,0.13280265610327305,0.13279386687334693,0.13279331394497992,-1.124100812432971e-14,5.898521827085723e-07
606.7022727603107,0.1450274998365393,0.14502749983654098,0.14502749983654165,0.14503941525489253,0.14502825570929537,0.14502754725411354,6.661338147750939e-16,7.558727543877097e-07
610.7741000942725,0.1483563640976848,0.1483563640976833,0.1483563640976803,0.1483687550367306,0.14835715607413175,0.1483564138730422,-2.9976021664879227e-15,7.919764484498604e-07
614.8459274282344,0.14653539905780757,0.14653539905780352,0.14653539905779597,0.14655487147319474,0.14653664319392934,0.14653547724493876,-7.549516567451064e-15,1.2441361258164196e-06
618.9177547621962,0.15326237785785923,0.15326237785785435,0.15326237785784397,0.15329097535862365,0.1532642015765338,0.15326249241010986,-1.0380585280245214e-14,1.8237186794611837e-06
622.989582096158,0.16495364210123117,0.1649536421012284,0.1649536421012192,0.16496944788687276,0.1649546463287443,0.16495370510554244,-9.18709552877317e-15,1.0042275158939074e-06
627.0614094301199,0.15879475697899306,0.15879475697899367,0.1587947569789846,0.15877196806056035,0.15879329429239333,0.15879466494438801,-9.076073226310655e-15,-1.4626866003397687e-06
631.1332367640816,0.13324717327048552,0.13324717327048807,0.1332471732704749,0.1332120328325988,0.1332449216989621,0.13324703168241922,-1.3183898417423734e-14,-2.2515715259741054e-06
635.2050640980434,0.10938376092163107,0.10938376092163411,0.10938376092162212,0.10935808607947432,0.109382115850265,0.10938365747677574,-1.199040866595169e-14,-1.6450713691135155e-06
639.2768914320053,0.0938457593532419,0.09384575935324435,0.09384575935323979,0.09382975475216968,0.09384473367238015,0.09384569485379511,-4.565792188770956e-15,-1.0256808642000736e-06
643.3487187659671,0.08458545146896954,0.08458545146897128,0.08458545146897437,0.08457549424861492,0.08458481319399885,0.08458541132893611,3.0808688933348094e-15,-6.382749724309633e-07
647.4205460999289,0.07921823977077204,0.07921823977077369,0.07921823977077912,0.07921180287771272,0.07921782709721423,0.07921821381743721,5.4262150328554526e-15,-4.1267355946339457e-07
651.4923734338907,0.07630989006833439,0.07630989006833609,0.07630989006834016,0.07630554247965335,0.07630961137692983,0.07630987254172172,4.066191827689636e-15,-2.786914062580248e-07
655.5642007678525,0.07511079235940585,0.07511079235940772,0.0751107923594095,0.0751077402148177,0.07511059684303126,0.07511078006562844,1.7763568394002505e-15,-1.9551637646386677e-07
659.6360281018143,0.07528773285736712,0.07528773285736938,0.07528773285736537,0.07528552717617787,0.07528759181843646,0.0752877239929825,-4.010680676458378e-15,-1.4103893292150005e-07
663.7078554357762,0.07679643639121612,0.07679643639121858,0.07679643639120844,0.07679481918914059,0.07679633340824676,0.0767964299253073,-1.0144662887512368e-14,-1.0298297181687843e-07
667.779682769738,0.07984340489059258,0.07984340489059513,0.07984340489058253,0.07984222773147438,0.07984333063019847,0.07984340023901965,-1.2601031329495527e-14,-7.426039666524886e-08
671.8515101036998,0.08476911825295468,0.08476911825295771,0.08476911825294679,0.08476827717272681,0.08476906628885351,0.08476911501526839,-1.0921819004749977e-14,-5.196410420016395e-08
675.9233374376616,0.0912354508265903,0.09123545082659468,0.09123545082658764,0.09123479280121624,0.09123541136875817,0.09123544838739683,-7.0360384185619296e-15,-3.945783651204682e-08
679.9951647716234,0.09705773164758844,0.09705773164759417,0.09705773164759163,0.09705726210161937,0.09705770436221052,0.0970577299754223,-2.5396351688300456e-15,-2.7285383646935557e-08
684.0669921055853,0.10201903301092648,0.1020190330109335,0.10201903301093349,0.10201945527352992,0.10201906233291243,0.10201903489045432,-1.3877787807814457e-17,2.9321978928242842e-08
688.1388194395471,0.1098882043593012,0.10988820435930988,0.10988820435931153,0.10989032598189682,0.10988834210193518,0.10988821305001231,1.6514567491299204e-15,1.3774262530574788e-07
692.2106467735089,0.12315674908286663,0.12315674908287756,0.12315674908288365,0.12316107958351065,0.12315702808895904,0.12315676665316799,6.0923488476305465e-15,2.790060814744644e-07
696.2824741074708,0.14157591152526922,0.14157591152528173,0.14157591152528867,0.14158198630171717,0.14157630223595338,0.14157593611923538,6.938893903907228e-15,3.907106716494191e-07
700.3543014414325,0.16480191795991597,0.16480191795992838,0.16480191795992546,0.16480869037076895,0.16480235467702023,0.1648019454666681,-2.914335439641036e-15,4.367170918506691e-07
704.4261287753943,0.20048889213671878,0.20048889213673163,0.20048889213671425,0.20049710357389772,0.20048942467359884,0.20048892572430474,-1.73749903353837e-14,5.325368672148834e-07
708.4979561093562,0.25939265231054126,0.2593926523105566,0.25939265231053216,0.2594017750028906,0.259393248022545,0.25939268994300035,-2.4424906541753444e-14,5.957119884048012e-07
712.569783443318,0.33598051073984386,0.3359805107398658,0.3359805107398488,0.33597545526341477,0.33598019858301953,0.3359804912833635,-1.6986412276764895e-14,-3.12156846260514e-07
716.6416107772798,0.37557409857649404,0.37557409857652646,0.3755740985765266,0.3755254415648273,0.37557098058758204,0.3755739024835117,1.6653345369377348e-16,-3.1179889444232778e-06
720.7134381112417,0.3382455217148562,0.3382455217148976,0.33824552171490757,0.33817683587823816,0.33824111046411465,0.3382452441501547,9.992007221626409e-15,-4.411250782931919e-06
724.7852654452034,0.2845795113483122,0.28457951134836257,0.28457951134837267,0.2845302116937773,0.2845763447206497,0.2845793120954648,1.0103029524088925e-14,-3.1666277128805653e-06
728.8570927791652,0.25891160311600514,0.2589116031160733,0.25891160311608913,0.2588863151288067,0.2589099804783114,0.25891150104311544,1.582067810090848e-14,-1.6226377619332766e-06
732.9289201131271,0.2663403606989283,0.26634036069903094,0.26634036069906397,0.266334498778653,0.26633998772754197,0.26634033728961165,3.302913498259841e-14,-3.7297148897108556e-07
737.0007474470889,0.3083301335755797,0.30833013357574346,0.3083301335757919,0.30834253831475505,0.30833093612281604,0.30833018417055935,4.846123502488808e-14,8.025470725758765e-07
741.0725747810507,0.3906406151528001,0.39064061515304477,0.3906406151530983,0.3906745404826895,0.39064280366767845,0.39064075301827034,5.3512749786932545e-14,2.1885146336830807e-06
745.1444021150126,0.5048897120692768,0.5048897120695214,0.5048897120695697,0.5049472513560918,0.5048934258103664,0.5048899460404158,4.829470157119431e-14,3.7137408450682585e-06
749.2162294489743,0.598960044526943,0.5989600445269351,0.5989600445269407,0.5990181377891297,0.5989638130776648,0.5989602822273339,5.662137425588298e-15,3.7685507296991716e-06
753.2880567829361,0.6267940027437228,0.6267940027434573,0.6267940027434004,0.626788961994559,0.6267937418480785,0.6267939872664345,-5.695444116327053e-14,-2.608953788563184e-07
757.359884116898,0.619378137363174,0.6193781373629088,0.6193781373628123,0.6193004900985389,0.6193732098703224,0.6193778282079955,-9.64783808399261e-14,-4.927492586404014e-06
761.4317114508598,0.6267745756817288,0.6267745756815426,0.6267745756814669,0.626686326981184,0.626768925873156,0.6267742204669996,-7.571721027943568e-14,-5.64980838657636e-06
765.5035387848216,0.6663907199133169,0.6663907199131821,0.6663907199132157,0.6663697015519915,0.6663893462603888,0.6663906331233955,3.3639757646142243e-14,-1.3736527932906029e-06
769.5753661187834,0.690554815272648,0.690554815272559,0.6905548152726142,0.6905728503311214,0.6905559312551065,0.6905548848317458,5.517808432387028e-14,1.1159825474837959e-06
773.6471934527452,0.5966939859851669,0.5966939859851231,0.596693985985089,0.5966922978991507,0.5966938400084304,0.5966939762144976,-3.4083846855992306e-14,-1.4597669273364033e-07
777.719020786707,0.44723166716170487,0.44723166716168034,0.44723166716162577,0.4472237259846024,0.447231130921581,0.44723163301655827,-5.4567461660326444e-14,-5.362400993247363e-07
781.7908481206689,0.334428785742055,0.3344287857420344,0.3344287857420243,0.3344285121249235,0.3344287497934833,0.33442878319968733,-1.0103029524088925e-14,-3.5948551080355884e-08
785.8626754546307,0.26743329718344205,0.2674332971834209,0.2674332971834594,0.26744272867765817,0.26743388832241566,0.2674333341585928,3.8469227803261674e-14,5.91138994754381e-07
789.9345027885925,0.2327588084851382,0.23275880848511424,0.23275880848519867,0.23277906875505586,0.23276009587379656,0.23275888928408883,8.443246102274315e-14,1.2873886823250302e-06
794.0063301225543,0.2212687530132891,0.22126875301325946,0.221268753013381,0.22130340149883912,0.22127096265967747,0.22126889181860462,1.21541665620839e-13,2.209646418005473e-06
798.0781574565161,0.23052484160440515,0.2305248416043648,0.23052484160450568,0.2305815496052854,0.23052846309469655,0.23052506917708376,1.4088730182493236e-13,3.621490331756627e-06
802.1499847904779,0.2641228411630404,0.2641228411629822,0.26412284116311846,0.26421553551221905,0.26412876428744864,0.26412321342349365,1.3627987627273797e-13,5.923124466455931e-06
806.2218121244398,0.3301814803712694,0.3301814803711928,0.3301814803712978,0.33032944229487693,0.3301909367205311,0.33018207471270633,1.0497158697830855e-13,9.456349338299308e-06
810.2936394584016,0.4322690599540779,0.4322690599540189,0.43226905995404846,0.43247530531004386,0.4322822406292039,0.43226988834032065,2.958744360626042e-14,1.318067518502053e-05
814.3654667923633,0.5407811582180555,0.5407811582180653,0.5407811582179686,0.5409544579807316,0.5407922328845178,0.5407818541600091,-9.670042544485113e-14,1.1074666452559612e-05
818.4372941263252,0.5540960150577263,0.5540960150577807,0.5540960150575799,0.554069726977007,0.554094326152775,0.5540959086857108,-2.0083934515469082e-13,-1.6889050057367072e-06
822.509121460287,0.44190656740841733,0.4419065674084647,0.44190656740827455,0.44176795747231257,0.44189769061406103,0.4419060092377398,-1.9012569296705806e-13,-8.876794403644972e-06
826.5809487942488,0.31743821900890773,0.31743821900893693,0.31743821900882097,0.3173253276029191,0.3174309886123561,0.31743776438128063,-1.159627949220976e-13,-7.230396580848453e-06
830.6527761282107,0.23224544103408157,0.23224544103409836,0.23224544103406225,0.23217554929388362,0.23224096405017441,0.2322451595277069,-3.6110003875933216e-14,-4.476983923945577e-06
834.7246034621725,0.1796921900927738,0.1796921900927838,0.1796921900927994,0.17965041626571007,0.17968951382871773,0.1796920218068419,1.559863349598345e-14,-2.6762640660815684e-06
838.7964307961344,0.14708227888772843,0.14708227888773412,0.1470822788877748,0.14705659430479864,0.14708063313999764,0.14708217539737264,4.068967385251199e-14,-1.645747736478409e-06
842.8682581300961,0.12629872581793702,0.12629872581793958,0.12629872581798018,0.12628223230759145,0.1262976688614944,0.12629865935056736,4.06064071256651e-14,-1.0569564451723412e-06
846.9400854640579,0.11287379593389282,0.11287379593389353,0.11287379593391424,0.11286271862756138,0.11287308603642064,0.11287375129094537,2.070565940925917e-14,-7.098974728891871e-07
851.0119127980198,0.10446293757375563,0.1044629375737553,0.10446293757375372,0.10445518038640926,0.10446244050957479,0.10446290631599646,-1.582067810090848e-15,-4.970641805102094e-07
855.0837401319816,0.09999538816173607,0.0999953881617354,0.09999538816171771,0.09998976659638378,0.09999502809090649,0.09999536552100723,-1.7680301667155618e-14,-3.6007082890310294e-07
859.1555674659434,0.099334051221076,0.09933405122107544,0.09933405122104609,0.09932990029445635,0.09933378559246261,0.09933403452253256,-2.9351521213527576e-14,-2.6562861282775074e-07
863.2273947999053,0.10317431095301743,0.10317431095301692,0.10317431095298048,0.10317116296349554,0.1031741099120788,0.10317429832099871,-3.6443070783320763e-14,-2.0104093811923462e-07
867.299222133867,0.11229851114659922,0.11229851114659813,0.11229851114655331,0.11229505727925256,0.1122982912455919,0.11229849733941415,-4.481137683143288e-14,-2.1990100622371056e-07
871.3710494678288,0.12311544523052244,0.12311544523052052,0.12311544523046203,0.12310683206453962,0.12311489670215926,0.1231154107859721,-5.849487560993794e-14,-5.485283612605141e-07
875.4428768017907,0.12324949568730108,0.12324949568729758,0.12324949568724126,0.12323238572395438,0.12324840498940473,0.12324942718308173,-5.6316062924111066e-14,-1.090697892849879e-06
879.5147041357525,0.11120297563157587,0.11120297563157028,0.11120297563153513,0.11118631947010942,0.11120191373464462,0.11120290893624442,-3.515243651719402e-14,-1.0618969256553923e-06
883.5865314697143,0.09966938180612502,0.09966938180611759,0.09966938180609262,0.09965895873167215,0.09966871789910668,0.09966934011788497,-2.4966140266258208e-14,-6.63907010908793e-07
887.6583588036762,0.09365870635796511,0.09365870635795574,0.09365870635792993,0.09365413536931114,0.09365841649436082,0.09365868817767833,-2.581268532253489e-14,-2.8986359491833813e-07
891.7301861376379,0.09291613878960181,0.09291613878959035,0.09291613878956372,0.09291654840155396,0.09291616777930836,0.09291614065683325,-2.6631474803195943e-14,2.8989718015015598e-08
895.8020134715997,0.09675297020902021,0.09675297020900582,0.09675297020898037,0.09675805760596572,0.0967532991919942,0.09675299094625003,-2.5451862839531714e-14,3.2898298837902296e-07
899.8738408055616,0.10285918237119494,0.10285918237117701,0.10285918237115615,0.1028671574258772,0.1028596968851067,0.10285921478329584,-2.085831507514513e-14,5.145139296836021e-07
903.9456681395234,0.10549385733264974,0.10549385733262767,0.10549385733261334,0.10550072922862738,0.10549430121838825,0.10549388530299014,-1.4335754805472334e-14,4.4388576057874385e-07
908.0174954734852,0.1048073602304944,0.10480736023046622,0.1048073602304547,0.10481264343688326,0.10480770198209831,0.10480738177222051,-1.1518563880485999e-14,3.417516320908254e-07
912.089322807447,0.10707103829975692,0.10707103829971958,0.10707103829970728,0.10707574514510809,0.10707134310358073,0.10707105751694343,-1.2295719997723609e-14,3.0480386115083746e-07
916.1611501414088,0.11319585314655689,0.1131958531465053,0.11319585314649064,0.11319750271109434,0.11319596235621078,0.11319586006618475,-1.4654943925052066e-14,1.092097054872232e-07
920.2329774753706,0.11941721688743308,0.11941721688735714,0.11941721688733772,0.11941344695062235,0.11941697855636908,0.11941720194717274,-1.9415025143132425e-14,-2.383309880560347e-07
924.3048048093325,0.12729413244506688,0.12729413244494833,0.12729413244492574,0.1272896722568927,0.12729384911658348,0.12729411466503648,-2.2593038551121936e-14,-2.8332836485289725e-07
928.3766321432943,0.14379121150500587,0.1437912115048146,0.14379121150479862,0.14378929470484553,0.14379109067522114,0.14379120393726388,-1.5987211554602254e-14,-1.2082959346959576e-07
932.448459477256,0.1754218403903943,0.17542184039008044,0.1754218403900856,0.1754229520084519,0.17542191355315517,0.175421845021353,5.162537064506978e-15,7.316307473748118e-08
936.5202868112179,0.2295996046856162,0.2295996046851289,0.22959960468516347,0.22960378863965608,0.2295998752123685,0.22959962173575907,3.4555691641458e-14,2.7052723958198577e-07
940.5921141451797,0.3062185366308191,0.3062185366302802,0.3062185366303426,0.3062236626800622,0.30621886922437114,0.3062185576099536,6.23945339839338e-14,3.325940909348901e-07
944.6639414791415,0.36469033764171577,0.36469033764165776,0.3646903376417401,0.36468810893802006,0.3646902015515416,0.36469032918560507,8.232303727595536e-14,-1.3609011617621292e-07
948.7357688131034,0.3415837743916062,0.341583774392126,0.34158377439219684,0.34156998429418295,0.3415828971550099,0.34158371932140674,7.083222897108499e-14,-8.772371161147596e-07
952.8075961470652,0.26625552058552615,0.2662555205860629,0.26625552058610025,0.26624082601415316,0.2662545827051475,0.2662554616609369,3.735900477863652e-14,-9.378809153748335e-07
956.879423481027,0.20259752690142538,0.20259752690178034,0.20259752690179658,0.2025878712132786,0.20259690944404454,0.20259748809011427,1.6237011735142914e-14,-6.174577358020183e-07
960.9512508149888,0.1640975520664761,0.16409755206669024,0.16409755206669632,0.16409235354369392,0.1640972181958074,0.16409753105840894,6.078471059822732e-15,-3.338708828570791e-07
965.0230781489506,0.14410222488444302,0.14410222488457194,0.14410222488457122,0.14410025898788004,0.1441020961124685,0.1441022167433006,-7.216449660063518e-16,-1.2877210345263457e-07
969.0949054829124,0.13681225951665463,0.1368122595167324,0.136812259516725,0.13681306702312576,0.13681230582798284,0.13681226234581095,-7.41073868937292e-15,4.631125044562978e-08
973.1667328168743,0.1400033265098728,0.14000332650991823,0.14000332650990277,0.14000730938122283,0.14000357228235416,0.14000334182128432,-1.5459855617905305e-14,2.457724359306024e-07
977.2385601508361,0.15450031380420756,0.15450031380422927,0.15450031380420576,0.15450875251610627,0.15450083861119715,0.15450034656404263,-2.350897254643769e-14,5.248069678831513e-07
981.3103874847978,0.18259747367415274,0.1825974736741532,0.1825974736741243,0.1826115572947796,0.1825983512092069,0.18259752847772853,-2.88935542158697e-14,8.775350537060245e-07
985.3822148187597,0.22026438015190902,0.22026438015189007,0.22026438015186742,0.22027839855081055,0.2202652517512553,0.22026443455118833,-2.2648549702353193e-14,8.715993652375076e-07
989.4540421527215,0.2445426725889662,0.24454267258893586,0.24454267258893678,0.2445355903566719,0.24454222108249543,0.24454264422261912,9.159339953157541e-16,-4.5150644042979415e-07
993.5258694866834,0.2386983914706013,0.23869839147056932,0.23869839147060767,0.23867222173411756,0.23869674434734675,0.23869828834602602,3.835820550079916e-14,-1.6471232225645505e-06
997.5976968206452,0.2273419659924471,0.22734196599241158,0.22734196599248338,0.22732243678510633,0.22734073295979818,0.2273418887364057,7.1803674117632e-14,-1.2330326134013525e-06
1001.669524154607,0.2274363391871801,0.22743633918712955,0.22743633918720188,0.2274253273241673,0.22743563212255585,0.22743629470029345,7.233103005432895e-14,-7.070645736961811e-07
1005.7413514885689,0.23770824410928484,0.23770824410920238,0.2377082441092562,0.23770707342833997,0.2377081553412036,0.23770823831756335,5.3818061118704463e-14,-8.876799878487773e-08
1009.8131788225306,0.2693571413082155,0.2693571413080791,0.26935714130809985,0.2693751202243706,0.26935826945497315,0.269357211891007,2.0761170560490427e-14,1.1281468940693706e-06
1013.8850061564924,0.33293221918223614,0.33293221918203003,0.3329322191820079,0.33297022176395774,0.33293461588080137,0.33293236931730347,-2.2148949341271873e-14,2.3966987713341936e-06
1017.9568334904543,0.414236718497011,0.41423671849679194,0.41423671849673294,0.41427694509417023,0.4142392400779935,0.4142368762109744,-5.900835375882707e-14,2.5215812015644268e-06
1022.0286608244161,0.48256634966423584,0.4825663496641676,0.4825663496641073,0.4825908964733581,0.4825678630672775,0.48256644392194326,-6.034062138837726e-14,1.5134031098873457e-06
1026.1004881583779,0.5229441599742108,0.5229441599743683,0.5229441599743496,0.5229460289292776,0.522944267403788,0.5229441665372752,-1.865174681370263e-14,1.0742941969343889e-07
1030.1723154923397,0.4787113443824187,0.4787113443826783,0.4787113443826685,0.4786848051035209,0.4787097069138623,0.47871124237288265,-9.825473767932635e-15,-1.6374688160403217e-06
1034.2441428263014,0.36907250148526755,0.3690725014854876,0.36907250148547577,0.3690414946257367,0.36907058924563707,0.36907238237476775,-1.1823875212257917e-14,-1.9122398505211358e-06
1038.3159701602633,0.2727587572483771,0.27275875724852916,0.2727587572485226,0.27273494015332694,0.27275728326585846,0.2727586653546575,-6.5503158452884236e-15,-1.4739826706966497e-06
1042.3877974942252,0.2075161718842295,0.20751617188432897,0.2075161718843054,0.2074995952826393,0.20751514249593964,0.20751610765312942,-2.3564483697668948e-14,-1.029388389334196e-06
1046.4596248281869,0.16645675462863324,0.16645675462869797,0.1664567546286496,0.16644594348955358,0.16645608251138264,0.16645671267849488,-4.8377968298041196e-14,-6.721173153312332e-07
1050.5314521621488,0.141316552066368,0.14131655206641014,0.14131655206635424,0.14130945239155673,0.14131611058397703,0.1413165245096802,-5.589972928987663e-14,-4.414824331111511e-07
1054.6032794961106,0.12617726942927493,0.12617726942930238,0.1261772694292593,0.12617236957341965,0.1261769646296892,0.12617725040240468,-4.3076653355456074e-14,-3.0479961318774507e-07
1058.6751068300725,0.11762171728553988,0.11762171728555768,0.11762171728552764,0.11761809654507989,0.11762149183238874,0.11762170320831654,-3.0031532816110484e-14,-2.254531689394046e-07
1062.7469341640342,0.11390749257229504,0.11390749257230527,0.11390749257227485,0.1139045805577122,0.11390731089964827,0.11390748122321448,-3.042011087472929e-14,-1.8167265700141932e-07
1066.818761497996,0.11437305186195836,0.11437305186196242,0.11437305186192301,0.11437044476372901,0.1143728887247418,0.11437304166312984,-3.941291737419306e-14,-1.6313722062122338e-07
1070.890588831958,0.11920783620230217,0.11920783620229991,0.11920783620225249,0.11920516954374624,0.11920766870972786,0.11920782572133322,-4.7420400939302e-14,-1.6749257204795587e-07
1074.9624161659196,0.1295123065206951,0.1295123065206843,0.12951230652063633,0.1295091374937489,0.1295121067261909,0.1295122940066869,-4.796163466380676e-14,-1.9979449339402322e-07
1079.0342434998815,0.14749342490864362,0.1474934249086195,0.1474934249085788,0.14748908983090697,0.14749315077888822,0.14749340772584396,-4.068967385251199e-14,-2.741297312758295e-07
1083.1060708338434,0.17592183384616664,0.17592183384612492,0.17592183384609328,0.1759154482018678,0.17592142917354803,0.17592180846712438,-3.164135620181696e-14,-4.0467257689247305e-07
1087.177898167805,0.2155102678260558,0.21551026782600488,0.21551026782597685,0.2155024225507714,0.2155097696122128,0.21551023656467128,-2.8033131371785203e-14,-4.982137920828134e-07
1091.249725501767,0.26924886487401956,0.2692488648739837,0.26924886487396354,0.26924508583109313,0.26924862309587005,0.2692488496761007,-2.015054789694659e-14,-2.417781136410113e-07
1095.3215528357289,0.350978706915165,0.350978706915158,0.3509787069151395,0.35098247477876493,0.3509789428177765,0.35097872166558924,-1.8485213360008856e-14,2.3590261849504301e-07
1099.3933801696905,0.4469707476729185,0.4469707476729369,0.4469707476729102,0.446971503519931,0.44697079545506246,0.4469707506663972,-2.6700863742235015e-14,4.7782125589534985e-08
1103.4652075036524,0.4740661632961343,0.4740661632961668,0.4740661632961369,0.4740507969772652,0.4740651963666676,0.47406610276107763,-2.992051051364797e-14,-9.669294991909716e-07
1107.5370348376143,0.4146837398009883,0.4146837398010294,0.4146837398010072,0.4146732965780675,0.41468308764954387,0.4146836990556788,-2.220446049250313e-14,-6.52151485536212e-07
1111.608862171576,0.3624730003311541,0.36247300033120905,0.36247300033119406,0.3624868072376302,0.3624738822120274,0.36247305575337346,-1.4988010832439613e-14,8.818808183708171e-07
1115.6806895055379,0.3525729164265553,0.35257291642663097,0.3525729164266258,0.3526047073733797,0.352574927813009,0.352573042524167,-5.162537064506978e-15,2.011386378009128e-06
1119.7525168394998,0.35080875960821734,0.3508087596083055,0.35080875960831365,0.3508349181545065,0.3508104030932167,0.350808862456547,8.1601392309949e-15,1.6434849112179073e-06
1123.8243441734614,0.31366265037792596,0.31366265037799823,0.31366265037801655,0.3136692883119062,0.3136630634432588,0.31366267616327,1.8318679906315083e-14,4.1306526055162607e-07
1127.8961715074233,0.25772463234526954,0.2577246323453048,0.2577246323453279,0.2577227179626538,0.2577245090755149,0.2577246245841837,2.3092638912203256e-14,-1.232697898756463e-07
1131.9679988413852,0.2133852423398979,0.2133852423399051,0.21338524233992062,0.2133837514275711,0.21338514600341513,0.21338523627025843,1.5515366769136563e-14,-9.633648997975364e-08
1136.039826175347,0.18334546822261766,0.18334546822261702,0.18334546822263859,0.1833496174887994,0.18334573020209033,0.18334548464021008,2.1566082253343666e-14,2.6197947330941496e-07
1140.1116535093088,0.169304735727478,0.16930473572747756,0.16930473572752816,0.16931954960409726,0.16930567632480253,0.16930479475010715,5.059841434729151e-14,9.405973249720923e-07
1144.1834808432707,0.17264338546448632,0.17264338546448485,0.17264338546456137,0.17267103307233378,0.17264514279751422,0.17264349576300667,7.652212197228891e-14,1.757333029372976e-06
1148.2553081772323,0.18816800752929366,0.18816800752928847,0.18816800752935597,0.18819767269083956,0.18816989366407233,0.18816812591204715,6.750155989720952e-14,1.8861347838572406e-06
1152.3271355111942,0.19298663570157454,0.19298663570156707,0.1929866357015903,0.19298651933369917,0.1929866268475827,0.1929866351099431,2.32314167902814e-14,-8.853984378998092e-09
1156.3989628451561,0.16948373212948406,0.1694837321294813,0.16948373212946052,0.16945792641371502,0.16948208761612146,0.16948362884770782,-2.0788926136106056e-14,-1.6445133598497197e-06
1160.4707901791178,0.13902689546165445,0.13902689546165958,0.1390268954616212,0.13900366284695265,0.13902541487107833,0.13902680247991894,-3.838596107641479e-14,-1.4805905812487197e-06
1164.5426175130797,0.11749913138025458,0.11749913138026678,0.11749913138022548,0.11748475298969167,0.11749821495135407,0.11749907382743383,-4.1300296516055823e-14,-9.164289127144842e-07
1168.6144448470416,0.1048630887565417,0.10486308875656024,0.10486308875652317,0.1048551657853085,0.1048625837461817,0.10486305704122321,-3.7067571234672414e-14,-5.050103785431137e-07
1172.6862721810032,0.09824571269521096,0.09824571269523534,0.0982457126952038,0.09824176322776042,0.09824546105949833,0.0982456968939646,-3.154421168716226e-14,-2.5163573701136865e-07
1176.7580995149651,0.0953835477673675,0.09538354776739788,0.09538354776736505,0.09538139227798825,0.09538341065446,0.09538353916057439,-3.2834845953289005e-14,-1.371129378785474e-07
1180.829926848927,0.09456792226717708,0.09456792226721451,0.09456792226717922,0.09456619401451552,0.09456781222918133,0.09456791535825487,-3.5291214395272164e-14,-1.1003803318532235e-07
1184.9017541828887,0.09570051510079139,0.09570051510083802,0.09570051510080854,0.09569989648453543,0.0957004751936682,0.0957005125875956,-2.9476421303797906e-14,-3.9907169818720334e-08
1188.9735815168506,0.09980830881001647,0.09980830881007452,0.09980830881006068,0.09980955581213236,0.09980838705131069,0.09980831370549362,-1.3836154444391013e-14,7.824123617050649e-08
1193.0454088508125,0.10801485002995423,0.10801485003002684,0.10801485003003122,0.10801859806321863,0.10801508671631066,0.10801486486181343,4.385380947269368e-15,2.3668628382211843e-07
1197.1172361847741,0.12202665862672252,0.12202665862681447,0.12202665862683591,0.12203399761167588,0.1220271228115105,0.12202668772555171,2.1441182163073336e-14,4.641846960279361e-07
1201.189063518736,0.14381983683236388,0.1438198368324905,0.1438198368325341,0.14383162377037206,0.14382058268288625,0.14381988359282846,4.360400929215302e-14,7.458503957502582e-07
1205.260890852698,0.1712128204652396,0.17121282046546468,0.17121282046553468,0.17122550919968574,0.171213622553302,0.171212870737007,6.999956170261612e-14,8.020878373149465e-07
1209.3327181866596,0.19354284313297182,0.1935428431334169,0.19354284313350248,0.19354776868616544,0.1935431511787339,0.1935428623865358,8.557043962298394e-14,3.080453170045683e-07
1213.4045455206215,0.2118856400677619,0.21188564006847857,0.21188564006856075,0.211883572613656,0.21188550317408672,0.2118856313901798,8.218425939787721e-14,-1.3689439185005092e-07
1217.4763728545834,0.2469843050595602,0.24698430506062685,0.246984305060688,0.24698132165873074,0.24698410879548077,0.24698429263937408,6.11455330812305e-14,-1.9626514607962164e-07
1221.548200188545,0.31780134172119034,0.317801341722819,0.31780134172285013,0.31779817716963304,0.31780113166253166,0.3178013284000532,3.114175584073564e-14,-2.1006028733117077e-07
1225.620027522507,0.43084366701312476,0.43084366701529975,0.43084366701531246,0.43083268877554876,0.4308429585238814,0.43084362237917256,1.2712053631958042e-14,-7.084914183663749e-07
1229.6918548564688,0.5397766971593914,0.5397766971607435,0.5397766971607821,0.5397463256386394,0.5397747583934315,0.5397765753487554,3.863576125695545e-14,-1.938767312026357e-06
1233.7636821904305,0.537705062170327,0.537705062169121,0.537705062169196,0.5376742184424395,0.5377030980891749,0.5377049388484979,7.505107646466058e-14,-1.964079946015218e-06
1237.8355095243924,0.42692865846569156,0.42692865846345257,0.4269286584635242,0.4269061214874845,0.4269272274786031,0.4269285686765619,7.16093850883226e-14,-1.430984849448702e-06
1241.9073368583543,0.31204085183831237,0.3120408518366131,0.3120408518366776,0.3120250113935029,0.31203984954537894,0.3120407890018543,6.45039577307216e-14,-1.0022912341756118e-06
1245.979164192316,0.23726132741940145,0.2372613274183426,0.2372613274183957,0.2372511187943957,0.23726068590062083,0.23726128726984283,5.309641615269811e-14,-6.415177217777845e-07
1250.0509915262778,0.19633071113597284,0.19633071113532524,0.19633071113536074,0.19632455934558557,0.19633033068549743,0.19633068742171222,3.549938121238938e-14,-3.804498278081603e-07
1254.1228188602397,0.17521420066779905,0.1752142006673912,0.1752142006674137,0.17521211125166888,0.17521407925472257,0.17521419322444953,2.248201624865942e-14,-1.2141266864107436e-07
1258.1946461942014,0.16322024686569508,0.16322024686541972,0.16322024686544587,0.16322346739478336,0.1632204602071642,0.16322026038978288,2.6145752229922437e-14,2.1334174446496768e-07
1262.2664735281633,0.15865431060696522,0.15865431060676266,0.15865431060678695,0.1586632710221164,0.15865488632156305,0.15865434683623159,2.42861286636753e-14,5.757148003882051e-07
1266.3383008621252,0.15946465846628946,0.15946465846614405,0.1594646584661479,0.159478647461793,0.159465552783658,0.15946471467602788,3.858025010572419e-15,8.943175139608517e-07
1270.4101281960868,0.1639979140809343,0.16399791408085312,0.16399791408083816,0.1640166943077801,0.16399911273042736,0.16399798938701005,-1.4960255256823984e-14,1.198649574235544e-06
1274.4819555300487,0.1720571782696727,0.17205717826965186,0.17205717826962832,0.17207179076536833,0.17205811099515386,0.17205723686542956,-2.353672812205332e-14,9.327255020008529e-07
1278.5537828640106,0.16952072914898333,0.16952072914899524,0.16952072914896466,0.1695162792622679,0.169520446665218,0.16952071142084735,-3.058664432842306e-14,-2.824837772308353e-07
1282.6256101979723,0.1544440184575241,0.1544440184575379,0.15444401845749842,0.15443071019335222,0.15444317051858636,0.15444396520878173,-3.9496184101039944e-14,-8.479389515536617e-07
1286.6974375319342,0.14404757862882456,0.14404757862883288,0.14404757862877388,0.1440369359644622,0.14404689984476424,0.14404753599329653,-5.900835375882707e-14,-6.787840686472979e-07
1290.769264865896,0.14623695173860604,0.14623695173861287,0.14623695173853934,0.14622985643444222,0.1462364982584609,0.14623692324010612,-7.352451980580099e-14,-4.534801519573417e-07
1294.8410921998577,0.16331204658227547,0.16331204658228468,0.16331204658222298,0.16330696275385462,0.16331172020497492,0.1633120260486244,-6.170064459354307e-14,-3.263773097617051e-07
1298.9129195338196,0.19747878419013878,0.19747878419015408,0.19747878419012596,0.19747456350822193,0.19747851160653737,0.1974787670156298,-2.811639809863209e-14,-2.725836167061235e-07
1302.9847468677815,0.24134424486509995,0.2413442448651292,0.24134424486514428,0.24134085724671772,0.24134402570284152,0.2413442310505617,1.50712775592865e-14,-2.1916228767904222e-07
1307.0565742017432,0.26647082175128295,0.26647082175134634,0.26647082175139936,0.26646919870448965,0.26647071746512496,0.26647081518873605,5.3013149425851225e-14,-1.0428622138070054e-07
1311.128401535705,0.26957898706876743,0.269578987068891,0.2695789870689503,0.2695780112853358,0.26957892447840365,0.2695789831314447,5.928590951498336e-14,-6.259048734857942e-08
1315.200228869667,0.27051986892692076,0.27051986892711144,0.27051986892713936,0.2705170486160137,0.2705196888547962,0.27051985761276404,2.7922109069322687e-14,-1.8007231522565448e-07
1319.2720562036286,0.26496729779051986,0.2649672977907449,0.26496729779072714,0.2649681187349799,0.26496734774834824,0.2649673008923728,-1.7763568394002505e-14,4.9957603331929334e-08
1323.3438835375905,0.25823028400399306,0.2582302840042075,0.2582302840041846,0.25823812969531934,0.2582307792535578,0.25823031503368166,-2.2926105458509483e-14,4.952493503074251e-07
1327.4157108715524,0.23970397945045854,0.2397039794505875,0.23970397945061625,0.2397092043325426,0.23970431174980344,0.23970400030920141,2.8754776337791554e-14,3.3229921594934986e-07
1331.487538205514,0.20945041684104204,0.20945041684101476,0.2094504168410835,0.209451600117158,0.20945049423014123,0.20945042173225298,6.875056079991282e-14,7.738912646826357e-08
1335.559365539476,0.1884117071261452,0.18841170712596045,0.18841170712603023,0.18841014461699937,0.18841161044052915,0.18841170109863412,6.977751709769109e-14,-9.668543130003648e-08
1339.6311928734378,0.17359511132472158,0.17359511132446487,0.17359511132450745,0.17358964157042264,0.17359476757061088,0.1735950898105889,4.2577052994374753e-14,-3.4375385399298963e-07
1343.7030202073995,0.15841430554152952,0.1584143055413048,0.15841430554131625,0.15840958374392852,0.15841400806104497,0.15841428691243337,1.1435297153639112e-14,-2.974802598421089e-07
1347.7748475413614,0.14467234062740486,0.14467234062723913,0.14467234062723333,0.1446706572977478,0.1446722343631573,0.1446723339695995,-5.800915303666443e-15,-1.0626408183944669e-07
1351.8466748753233,0.1290400332078766,0.12904003320776214,0.12904003320775065,0.12903938887295663,0.12903999247424577,0.129040030654863,-1.149080830487037e-14,-4.0733516365465405e-08
1355.918502209285,0.11605374638023944,0.11605374638016117,0.11605374638014507,0.11605320889908356,0.11605371197218937,0.11605374421697082,-1.609823385706477e-14,-3.440797179121713e-08
1359.9903295432468,0.11088513543036373,0.11088513543030737,0.1108851354302836,0.11088459821973616,0.11088510034409474,0.11088513321372181,-2.3772650514786164e-14,-3.5086212629709124e-08
1364.0621568772087,0.11466505009372613,0.11466505009368122,0.1146650500936527,0.11466448983560705,0.11466501262893349,0.11466504771359837,-2.851885394505871e-14,-3.746474773469455e-08
1368.1339842111706,0.12755492209688138,0.1275549220968407,0.12755492209681601,0.1275542723337594,0.1275548778104357,0.12755491927100526,-2.4674706722294104e-14,-4.428640498765901e-08
1372.2058115451323,0.14364190731027268,0.1436419073102331,0.14364190731021864,0.14364097829769815,0.14364184457106585,0.14364190331541363,-1.4460654895742664e-14,-6.273916725030304e-08
1376.2776388790942,0.1443562818886685,0.14435628188863253,0.14435628188862265,0.14435497449687756,0.14435619576957284,0.1443562764370755,-9.880984919163893e-15,-8.611905968902711e-08
1380.349466213056,0.12706753867443382,0.12706753867440554,0.12706753867439394,0.1270661905996154,0.12706745089829605,0.12706753313334793,-1.1601830607332886e-14,-8.777610949195491e-08
1384.4212935470177,0.11020491392009653,0.11020491392007539,0.1102049139200644,0.11020368662850862,0.11020483418933877,0.11020490888958917,-1.099120794378905e-14,-7.973073662403962e-08
1388.4931208809796,0.10087632107313527,0.1008763210731192,0.10087632107311122,0.10087510742529646,0.100876242219292,0.10087631609772173,-7.979727989493313e-15,-7.885382719008405e-08
1392.5649482149415,0.0982251645051885,0.09822516450517581,0.09822516450517003,0.09822379655173712,0.09822507561142414,0.098225158895985,-5.773159728050814e-15,-8.889375166520885e-08
1396.6367755489032,0.10114478813953341,0.10114478813952207,0.10114478813951697,0.10114306197431781,0.10114467598381927,0.10114478106266891,-5.10702591327572e-15,-1.1215570280831422e-07
1400.708602882865,0.10988155174583861,0.10988155174582692,0.10988155174582488,0.1098791708347035,0.10988139710419946,0.10988154198897024,-2.040034807748725e-15,-1.5464162746170462e-07
1404.780430216827,0.12637331151847392,0.12637331151845976,0.12637331151846462,0.12636978223003745,0.12637308239610612,0.12637329706396977,4.85722573273506e-15,-2.291223536454723e-07
1408.8522575507886,0.1549268912604215,0.15492689126040193,0.15492689126041623,0.15492136752295763,0.1549265328039961,0.1549268686489258,1.429412144204889e-14,-3.5845640583564986e-07
1412.9240848847505,0.20288433334419786,0.20288433334416817,0.20288433334418848,0.20287560524960424,0.2028837668721723,0.20288429760993482,2.0317081350640365e-14,-5.664719958664577e-07
1416.9959122187124,0.27607997829397285,0.27607997829393555,0.2760799782939521,0.27606797848735726,0.2760791975986148,0.27607992901720924,1.6542323066914832e-14,-7.806953207234457e-07
1421.067739552674,0.35258005772899886,0.35258005772900114,0.352580057729008,0.35257111444474215,0.3525794672989287,0.35258002033045205,6.8833827526759706e-15,-5.904300724446365e-07
1425.139566886636,0.3713632542396334,0.37136325423978006,0.3713632542397841,0.37136508915050453,0.37136335632113504,0.3713632604191274,4.052314039881821e-15,1.0208135498013249e-07
1429.2113942205979,0.3338568617298727,0.33385686173013135,0.33385686173014756,0.33386203862432423,0.3338571939943916,0.33385688263195185,1.6209256159527285e-14,3.322642602721082e-07
1433.2832215545595,0.27503319194973574,0.2750331919498306,0.275033191949863,0.27503413353254347,0.2750332692571905,0.27503319707135065,3.236300116782331e-14,7.730735990252313e-08
1437.3550488885214,0.2104966993795488,0.21049669937943566,0.2104966993794718,0.21049627732209922,0.21049669054330206,0.21049669910322263,3.6137759451548845e-14,-8.836133602585505e-09
1441.4268762224833,0.1600070227591743,0.160007022759042,0.1600070227590719,0.16000820557539897,0.1600071104313235,0.16000702845531267,2.989275493803234e-14,8.76722815179587e-08
1445.498703556445,0.12776956818166746,0.12776956818158067,0.12776956818160137,0.127773323246813,0.127769814872861,0.12776958378962716,2.070565940925917e-14,2.4669128032006604e-07
1449.5705308904069,0.10900258658028605,0.10900258658023697,0.1090025865802506,0.10900965127483678,0.10900304109398029,0.10900261519314867,1.3627987627273797e-14,4.545137433226154e-07
1453.6423582243688,0.09879314516712408,0.09879314516709979,0.09879314516710895,0.09880341385112164,0.09879380213159124,0.09879318646782516,9.159339953157541e-15,6.569644914466988e-07
1457.7141855583304,0.09223781774577511,0.09223781774576449,0.09223781774576997,0.09224792058783166,0.0922384635572869,0.09223785833542411,5.4817261840867104e-15,6.458115224122762e-07
1461.7860128922923,0.08567061509083233,0.08567061509082412,0.085670615090828,0.08567753643521796,0.08567105788313108,0.0856706429251512,3.885780586188048e-15,4.427923069594275e-07
1465.8578402262542,0.07933796456824041,0.07933796456823056,0.0793379645682333,0.07934259027331043,0.07933826059905204,0.07933798317853674,2.7478019859472624e-15,2.9603082148110804e-07
1469.9296675602159,0.07321870376616965,0.07321870376616103,0.07321870376616023,0.07322219614539158,0.0732189272816735,0.07321871781816479,-8.049116928532385e-16,2.2351551245969326e-07
1474.0014948941778,0.06812626071797565,0.06812626071797002,0.06812626071796443,0.06812922902134128,0.06812645084970043,0.06812627267390012,-5.592748486549226e-15,1.9013173040149933e-07
1478.0733222281397,0.06463696381557898,0.06463696381557589,0.064636963815569,0.06463974879605819,0.06463714235707661,0.06463697504533861,-6.8833827526759706e-15,1.7854150072271757e-07
1482.1451495621013,0.0618277507945488,0.06182775079454643,0.06182775079454,0.06183046986238712,0.06182792516566901,0.061827761763132455,-6.432354648922001e-15,1.7437112258267273e-07
1486.2169768960632,0.059090154448003314,0.05909015444800124,0.059090154447994814,0.05909264687978761,0.05909031439393277,0.05909016451085348,-6.4254157550180935e-15,1.5994593153406678e-07
1490.288804230025,0.05666616132260156,0.05666616132260039,0.05666616132259617,0.056668053273292426,0.05666628283855002,0.05666616896918109,-4.218847493575595e-15,1.2151594962900303e-07
1494.3606315639868,0.05480869727026872,0.054808697270268235,0.05480869727026848,0.054810009868115836,0.05480878160461707,0.054808702577555,2.42861286636753e-16,8.433434883770019e-08
1498.4324588979487,0.05350471293648987,0.05350471293648934,0.053504712936494184,0.053505629213995334,0.05350477181196322,0.05350471664167756,4.8433479449272454e-15,5.88754738781172e-08
1502.5042862319106,0.052626387744649956,0.05262638774464932,0.05262638774465811,0.05262704552534153,0.05262643001569787,0.05262639040495971,8.791578576250458e-15,4.227104855036856e-08
1506.5761135658722,0.05207531947354775,0.05207531947354716,0.052075319473558986,0.05207580207925725,0.052075350497422776,0.05207532142618034,1.1823875212257917e-14,3.102387561432218e-08
1510.647940899834,0.05180070270496384,0.05180070270496326,0.05180070270497759,0.051801059106706945,0.05180072563165929,0.05180070414820943,1.4328815911568427e-14,2.2926696034708538e-08
1514.719768233796,0.051789605629176574,0.05178960562917555,0.051789605629192006,0.05178986430395193,0.05178962229239495,0.051789606678495706,1.6459056340067946e-14,1.666321940152482e-08
1518.7915955677577,0.05206254672360216,0.05206254672360031,0.05206254672361733,0.052062722878893346,0.05206255810623063,0.05206254744093959,1.7014167852380524e-14,1.1382630317469111e-08
1522.8634229017196,0.052678683322392846,0.052678683322390396,0.052678683322405426,0.05267878187611922,0.05267868974972556,0.05267868372836515,1.5029644195863057e-14,6.427335164094217e-09
1526.9352502356815,0.05375347691915831,0.05375347691915511,0.05375347691916653,0.0537534923393104,0.05375347805153127,0.053753476992635475,1.1421419365831298e-14,1.1323761650583464e-09
1531.0070775696431,0.05549688600636471,0.055496886006361004,0.05549688600636821,0.05549679872103588,0.055496880613984445,0.05549688567038515,7.202571872255703e-15,-5.39237655916569e-09
1535.078904903605,0.058289218660706174,0.05828921866070272,0.058289218660705855,0.05828898635816934,0.05828920407505598,0.05828921774811444,3.1363800445660672e-15,-1.4585646739007085e-08
1539.150732237567,0.06281895019646612,0.062818950196463,0.06281895019646183,0.06281849222773195,0.0628189213253191,0.06281894838819077,-1.1657341758564144e-15,-2.8871143892272855e-08
1543.2225595715286,0.07024422751181103,0.07024422751180717,0.07024422751180172,0.07024341492973844,0.07024417620687037,0.07024422429718545,-5.4539706084710815e-15,-5.130493679894599e-08
1547.2943869054905,0.0817755644569266,0.081775564456921,0.0817755644569114,0.08177432767435769,0.08177548629156339,0.0817755595580559,-9.58955137519979e-15,-7.816535760318821e-08
1551.3662142394523,0.0950038356426828,0.09500383564267675,0.09500383564266307,0.09500270554985327,0.09500376402426527,0.09500383115103772,-1.3683498778505054e-14,-7.161841147906856e-08
1555.438041573414,0.09867137824528091,0.09867137824527773,0.09867137824526254,0.09867143401833985,0.09867138123955782,0.09867137842467186,-1.519617764955683e-14,2.9942800877647002e-09
1559.509868907376,0.0892666218527426,0.08926662185274253,0.08926662185272824,0.08926739000303834,0.08926666982918777,0.0892666248507552,-1.429412144204889e-14,4.797644523324429e-08
1563.5816962413378,0.07882500158414019,0.07882500158414135,0.07882500158413115,0.07882565037484358,0.07882504221626709,0.07882500412497512,-1.0200174038743626e-14,4.0632125733464086e-08
1567.6535235752995,0.07309264838300561,0.07309264838300716,0.07309264838300218,0.07309306604788214,0.07309267460348708,0.07309265002365081,-4.98212582300539e-15,2.622047991229781e-08
1571.7253509092614,0.07195252541682971,0.07195252541683167,0.07195252541682717,0.07195280274526818,0.07195254293057995,0.07195252651431955,-4.496403249731884e-15,1.7513748284958552e-08
1575.7971782432232,0.0750389405383029,0.0750389405383057,0.07503894053829978,0.07503916396330805,0.07503895481816439,0.07503894143580297,-5.925815393936773e-15,1.4279858684407287e-08
1579.869005577185,0.08311331969783686,0.08311331969784098,0.08311331969783628,0.08311355798534684,0.08311333514756299,0.08311332067224311,-4.704570066849101e-15,1.5449722001736887e-08
1583.9408329111468,0.0977500679219048,0.09775006792191186,0.09775006792190932,0.09775034863449807,0.097750086297155,0.09775006908344944,-2.5396351688300456e-15,1.837524313264005e-08
1588.0126602451087,0.11726702931848187,0.11726702931849363,0.11726702931849206,0.11726715278011735,0.11726703748241886,0.11726702983575488,-1.5681900222830336e-15,8.16392523028675e-09
1592.0844875790704,0.1269029497485335,0.1269029497485484,0.12690294974854543,0.12690241896144275,0.12690291503617954,0.12690294755482057,-2.9698465908722937e-15,-3.4712368868206056e-08
1596.1563149130322,0.11441049545884309,0.11441049545885609,0.1144104954588497,0.11440954638383702,0.11441043332003631,0.1144104915308844,-6.3976601794024646e-15,-6.213881978411884e-08
1600.2281422469941,0.0955019303394541,0.09550193033946293,0.09550193033945271,0.09550114826556778,0.09550187919303506,0.09550192710728168,-1.021405182655144e-14,-5.114642787074075e-08
1604.2999695809558,0.0822841975492814,0.08228419754928697,0.08228419754927395,0.08228366396777399,0.08228416276119327,0.08228419535250756,-1.301736496372996e-14,-3.4788093697391e-08
1608.3717969149177,0.07505087999236021,0.07505087999236411,0.07505087999234893,0.07505050368567988,0.07505085559646689,0.07505087845392663,-1.5182299861749016e-14,-2.439589721903168e-08
1612.4436242488796,0.0719156705492977,0.07191567054929969,0.07191567054928472,0.07191537250420721,0.07191565138803836,0.07191566934341337,-1.49741330446318e-14,-1.9161261327615975e-08
1616.5154515828413,0.07169627965581546,0.07169627965581522,0.07169627965580384,0.07169600592025517,0.07169626223127107,0.07169627856188612,-1.1379786002407855e-14,-1.742454415476491e-08
1620.5872789168031,0.07400760003319447,0.07400760003319284,0.07400760003318606,0.07400730716801461,0.07400758156419221,0.07400759887636205,-6.786238238021269e-15,-1.8469000634402377e-08
1624.659106250765,0.07913288749213879,0.07913288749213623,0.07913288749213238,0.07913252765756969,0.07913286495741446,0.07913288608308901,-3.858025010572419e-15,-2.2534721769162935e-08
1628.7309335847267,0.08810938543576464,0.08810938543576086,0.0881093854357566,0.08810888914731448,0.08810935448410304,0.0881093835024204,-4.260480856999038e-15,-3.095165782007747e-08
1632.8027609186886,0.10311880460571465,0.10311880460570931,0.10311880460570204,0.10311805534310278,0.10311875796570873,0.1031188016937947,-7.271960811294775e-15,-4.664000058385298e-08
1636.8745882526505,0.12819641580011343,0.12819641580010552,0.12819641580009236,0.12819522128837285,0.12819634149170828,0.12819641116144792,-1.3156142841808105e-14,-7.430839724098526e-08
1640.9464155866121,0.16924990989537503,0.16924990989536295,0.16924990989534092,0.1692480709569938,0.16924979556727085,0.1692499027594984,-2.2037927038809357e-14,-1.1432809210454309e-07
1645.018242920574,0.2264177332257585,0.22641773322574427,0.22641773322571881,0.2264157076305318,0.22641760776160297,0.22641772540203312,-2.5451862839531714e-14,-1.2546414129843697e-07
1649.090070254536,0.2664022185060745,0.26640221850606915,0.2664022185060549,0.266402199742068,0.2664022193976677,0.2664022185938505,-1.426636586643326e-14,8.915985727497855e-10
1653.1618975884976,0.24125290374693772,0.2412529037469445,0.24125290374694644,0.24125533110436947,0.24125305791895504,0.24125291342099459,1.942890293094024e-15,1.5417201054690466e-07
1657.2337249224595,0.1834338873221367,0.18343388732214433,0.1834338873221538,0.18343629990685326,0.18343404000923055,0.18343389689478154,9.46465128492946e-15,1.5268708622451221e-07
1661.3055522564214,0.13753079151991415,0.1375307915199184,0.13753079151992567,0.13753236133304284,0.13753089087608053,0.13753079774916674,7.271960811294775e-15,9.93561621309702e-08
1665.3773795903833,0.1088771420985239,0.10887714209852635,0.1088771420985294,0.1088780725444329,0.10887720105949687,0.10887714579629153,3.0531133177191805e-15,5.896097052260352e-08
1669.449206924345,0.09163191143145893,0.09163191143146063,0.0916319114314615,0.09163245624080915,0.0916319460349451,0.09163191360288743,8.743006318923108e-16,3.460348446671091e-08
1673.5210342583068,0.08110453028867287,0.08110453028867362,0.08110453028867329,0.08110484482522161,0.08110455035457431,0.0811045315492177,-3.3306690738754696e-16,2.006590069103531e-08
1677.5928615922687,0.07459490043812751,0.07459490043812803,0.07459490043812579,0.07459507051970875,0.07459491139751787,0.0745949011282878,-2.2343238370581275e-15,1.0959389840081712e-08
1681.6646889262304,0.07062945579282125,0.07062945579282172,0.07062945579281871,0.07062952872079095,0.07062946064842347,0.07062945610099577,-3.011479954295737e-15,4.8556017540057894e-09
1685.7365162601923,0.06840809854453257,0.0684080985445321,0.06840809854453149,0.06840810093951098,0.06840809899851219,0.06840809857770942,-6.106226635438361e-16,4.539800896319335e-10
1689.8083435941542,0.06751032405989744,0.06751032405989642,0.06751032405990114,0.06751027143835718,0.06751032112179664,0.06751032388179957,4.718447854656915e-15,-2.938099777360925e-09
1693.8801709281158,0.06775265095084183,0.06775265095084113,0.06775265095085406,0.06775255332583027,0.06775264529709087,0.06775265060454452,1.2934098236883074e-14,-5.6537502596265554e-09
1697.9519982620777,0.06913131762176959,0.0691313176217696,0.06913131762179307,0.06913118379351037,0.0691313098771997,0.06913131714750428,2.3467339183014246e-14,-7.744569902046194e-09
1702.0238255960396,0.07182375577023041,0.0718237557702311,0.0718237557702628,0.07182359845772367,0.07182374685181253,0.07182375522723042,3.169686735304822e-14,-8.918418573089504e-09
1706.0956529300013,0.07625064778826633,0.07625064778826773,0.0762506477883042,0.07625049237786918,0.07625063949518371,0.07625064729232889,3.647082635893639e-14,-8.29308402505724e-09
1710.1674802639632,0.08322690053011787,0.08322690053011991,0.08322690053016621,0.08322680172120367,0.08322689666590778,0.08322690032502464,4.629630012686903e-14,-3.864212130832989e-09
1714.239307597925,0.09424556007658921,0.09424556007659099,0.09424556007665849,0.09424562868860857,0.09424556825611366,0.09424556064910933,6.750155989720952e-14,8.179522670292982e-09
1718.3111349318867,0.11178868071679082,0.11178868071679164,0.11178868071688945,0.11178908151136535,0.11178871225525877,0.11178868279012451,9.781064846947629e-14,3.153846712955488e-08
1722.3829622658486,0.13828866892350566,0.13828866892350655,0.13828866892363378,0.13828929046574467,0.13828871691776248,0.138288672067072,1.2723155862204294e-13,4.799425593060569e-08
1726.4547895998105,0.16821948239862902,0.16821948239863196,0.1682194823987446,0.16821856903321264,0.16821943091996097,0.16821947926904773,1.1263212584822213e-13,-5.1478670992644027e-08
1730.5266169337722,0.17975549738326574,0.1797554973832702,0.17975549738330956,0.17975008611846433,0.17975515185021343,0.1797554756715529,3.93574062229618e-14,-3.455330567780912e-07
1734.598444267734,0.17091651451411136,0.170916514514115,0.17091651451407663,0.17090678871662468,0.17091589264861326,0.17091647542729554,-3.835820550079916e-14,-6.21865501732044e-07
1738.670271601696,0.16761258830245399,0.16761258830245623,0.1676125883023838,0.16759815018295257,0.16761167158648022,0.16761253078349417,-7.244205235679146e-14,-9.167159760181676e-07
1742.7420989356576,0.18355291901098292,0.18355291901098392,0.18355291901091458,0.18353009703334805,0.18355147633849844,0.18355282859052233,-6.933342788784103e-14,-1.4426724854743611e-06
1746.8139262696195,0.2254415118497427,0.22544151184974412,0.2254415118496906,0.22540393879258425,0.22543914091803882,0.225441363315844,-5.3512749786932545e-14,-2.370931705297785e-06
1750.8857536035814,0.3013771734235901,0.3013771734235941,0.30137717342355574,0.3013211548209193,0.3013736413944255,0.30137695219040783,-3.835820550079916e-14,-3.5320291685847494e-06
1754.957580937543,0.40160750673108175,0.4016075067310869,0.4016075067310578,0.40156217495707386,0.4016046534892491,0.4016073280763103,-2.914335439641036e-14,-2.8532418377968938e-06
1759.029408271505,0.447716571837804,0.4477165718378042,0.4477165718377803,0.4477590701317213,0.44771926386992433,0.4477167406261744,-2.3925306180672123e-14,2.69203212011071e-06
1763.1012356054669,0.3775895343470349,0.37758953434702996,0.3775895343470111,0.37769446736266676,0.3775961627504967,0.3775899497200616,-1.887379141862766e-14,6.6284034667130065e-06
1767.1730629394285,0.27430704891699886,0.27430704891699437,0.2743070489169774,0.2743940079995249,0.27431253954991724,0.2743073929650652,-1.6986412276764895e-14,5.4906329228776585e-06
1771.2448902733904,0.1993958532840402,0.19939585328403658,0.19939585328402054,0.19945116830701412,0.19939934523746466,0.19939607208434837,-1.6042722705833512e-14,3.4919534280808406e-06
1775.3167176073523,0.15331629423819967,0.15331629423819623,0.15331629423818216,0.15335003976911885,0.1533184240141682,0.15331642767837536,-1.4072076837123859e-14,2.1297759719707265e-06
1779.388544941314,0.12535538169527857,0.12535538169527555,0.12535538169526397,0.12537626534647187,0.1253566990855332,0.12535546422575078,-1.1574075031717257e-14,1.3173902576602003e-06
1783.4603722752759,0.10801858311544488,0.10801858311544253,0.10801858311543527,0.1080317075201261,0.10801941025023579,0.10801863492064699,-7.258083023486961e-15,8.271347932548023e-07
1787.5321996092378,0.09707328648046462,0.09707328648046287,0.09707328648045964,0.09708147211963261,0.09707380138905354,0.09707331871514147,-3.2335245592207684e-15,5.149085906680506e-07
1791.6040269431994,0.09019039958054395,0.09019039958054212,0.09019039958053979,0.09019521202898839,0.09019070104438034,0.09019041843342991,-2.3314683517128287e-15,3.014638382259349e-07
1795.6758542771613,0.08607327949145653,0.08607327949145402,0.08607327949144943,0.08607558967220201,0.08607342240851897,0.0860732884011168,-4.593547764386585e-15,1.4291706494640177e-07
1799.7476816111232,0.08399829950569761,0.0839982995056939,0.08399829950568662,0.08399857037276547,0.08399831298062727,0.0839983002939213,-7.28583859910259e-15,1.3474933363566421e-08
1803.8195089450849,0.08358110932505797,0.08358110932505293,0.08358110932504248,0.08357953869894856,0.08358100567330938,0.08358110276085313,-1.0449974219284286e-14,-1.0365174354931561e-07
1807.8913362790468,0.08466061846596189,0.08466061846595577,0.08466061846594125,0.08465720333588958,0.08466039725245388,0.08466060451829728,-1.4516166046973922e-14,-2.212135018914152e-07
1811.9631636130086,0.08724812530004149,0.08724812530003448,0.08724812530001709,0.08724267668213724,0.08724777424397262,0.08724810319403326,-1.7388868123191514e-14,-3.510560618591452e-07
1816.0349909469703,0.09151891316412107,0.09151891316411265,0.09151891316409486,0.09151103011837536,0.0915184064446803,0.09151888127404419,-1.7791323969618134e-14,-5.067194323443713e-07
1820.1068182809322,0.09784100373249616,0.0978410037324853,0.09784100373246926,0.0978299999428858,0.09784029726379785,0.0978409592843413,-1.6042722705833512e-14,-7.064686874530546e-07
1824.178645614894,0.10684975498282083,0.10684975498280586,0.10684975498279149,0.10683451350500105,0.10684877708907295,0.10684969346764317,-1.4363510381087963e-14,-9.778937329063542e-07
1828.2504729488558,0.11959492502918403,0.11959492502916283,0.11959492502914956,0.11957362724584197,0.11959355905745389,0.11959483910942798,-1.326716514427062e-14,-1.365971708938707e-06
1832.3223002828177,0.13781779734070942,0.13781779734067834,0.13781779734066724,0.13778741650099727,0.13781584918019796,0.1378176748072629,-1.1102230246251565e-14,-1.9481604803806007e-06
1836.3941276167795,0.16447269648059454,0.1644726964805477,0.1644726964805415,0.16442804903743566,0.16446983372478782,0.1644725164262948,-6.189493362285248e-15,-2.862755759863722e-06
1840.4659549507412,0.20468651705363183,0.20468651705355873,0.20468651705355909,0.20461859096416887,0.20468216177191265,0.2046862431284971,3.608224830031759e-16,-4.355281646079012e-06
1844.537782284703,0.26725627648371875,0.2672562764836019,0.26725627648360833,0.267150225852873,0.2672494764009355,0.2672558487881537,6.439293542825908e-15,-6.800082666402751e-06
1848.609609618665,0.36528727053356463,0.36528727053338766,0.3652872705333985,0.3651251961981287,0.36527687607085124,0.3652866167290713,1.0824674490095276e-14,-1.0394462536422733e-05
1852.6814369526267,0.5104708255539199,0.5104708255537184,0.5104708255537305,0.5102481463447032,0.5104565370551403,0.5104699266895548,1.2101430968414206e-14,-1.4288498578096664e-05
1856.7532642865885,0.7074528122357945,0.7074528122356926,0.7074528122357036,0.7071747487793418,0.7074349661114706,0.7074516894960058,1.099120794378905e-14,-1.7846124221954085e-05
1860.8250916205504,0.931213675736676,0.9312136757367511,0.9312136757367507,0.9309748320223895,0.9311983689154886,0.9312127130110239,-3.3306690738754696e-16,-1.5306821262495163e-05
1864.896918954512,0.9999999999998106,1.0,0.9999999999999699,1.0000703640985582,1.0000045626688834,1.0000002876338618,-3.008704396734174e-14,4.562668883378862e-06
1868.968746288474,0.804163092494972,0.8041630924951482,0.8041630924951088,0.8044405249008875,0.8041809348899609,0.8041642155623778,-3.941291737419306e-14,1.7842394812728202e-05
1873.0405736224359,0.5563350699930618,0.5563350699931794,0.5563350699931516,0.5565664872612448,0.5563499442798403,0.5563360061506846,-2.7755575615628914e-14,1.4874286660915281e-05
1877.1124009563976,0.38184385727354636,0.38184385727361936,0.38184385727360265,0.3819897190461984,0.38185323229820345,0.3818444473218425,-1.6708856520608606e-14,9.375024584090674e-06
1881.1842282903594,0.27409573358535294,0.2740957335853987,0.2740957335853893,0.2741842652584655,0.27410142457937736,0.27409609177851213,-9.381384558082573e-15,5.690993978679781e-06
1885.2560556243213,0.2073714294472798,0.20737142944730927,0.20737142944730533,0.2074266579008441,0.20737498031058665,0.20737165294934382,-3.941291737419306e-15,3.5508632773850746e-06
1889.327882958283,0.164457104397845,0.16445710439786482,0.16445710439786437,0.16449301201809421,0.16445941352545118,0.16445724974813153,-4.440892098500626e-16,2.309127586364035e-06
1893.399710292245,0.13564789533345664,0.1356478953334709,0.13564789533347235,0.13567220881622175,0.13564945920832788,0.13564799377791537,1.4432899320127035e-15,1.563874856974623e-06
1897.4715376262068,0.11552836619942836,0.11552836619943947,0.11552836619944162,0.11554543477403177,0.11552946431150318,0.11552843532802179,2.1510571102112408e-15,1.0981120637104658e-06
1901.5433649601684,0.10098562622941865,0.10098562622942733,0.10098562622942941,0.10099798843426501,0.10098642172906315,0.1009856763104226,2.0816681711721685e-15,7.954996358167099e-07
1905.6151922941303,0.09015937335429557,0.09015937335430206,0.09015937335430398,0.09016856967041721,0.09015996525948423,0.09015941061981858,1.915134717478395e-15,5.919051821734467e-07
1909.6870196280922,0.08189397904569072,0.08189397904569563,0.08189397904569852,0.08190097932310883,0.08189442970361063,0.08189400741992073,2.886579864025407e-15,4.506579149993195e-07
1913.758846962054,0.07544548402233517,0.07544548402233917,0.07544548402234456,0.07545091953791976,0.07544583402001404,0.07544550605992813,5.398459457239824e-15,3.49997674869984e-07
1917.8306742960158,0.07031938152892411,0.07031938152892757,0.07031938152893505,0.0703236755676172,0.07031965808431159,0.07031939894309912,7.480127628411992e-15,2.765553840239354e-07
1921.9025016299777,0.06617750409933446,0.06617750409933718,0.06617750409934413,0.06618094806239772,0.06617772595241304,0.06617751806970308,6.952771691715043e-15,2.2185307586852776e-07
1925.9743289639393,0.06278269968319317,0.06278269968319526,0.06278269968319994,0.06278549892829727,0.06278288004216576,0.06278271104118652,4.676814491233472e-15,1.8035897049462069e-07
1930.0461562979012,0.05996489650842186,0.05996489650842358,0.05996489650842557,0.059967198801779455,0.05996504487852223,0.059964905852393724,1.9914625504213745e-15,1.4837009865154016e-07
1934.1179836318631,0.05759967491553844,0.05759967491553984,0.05759967491553905,0.057601588580207946,0.05759979826565004,0.057599682684192396,-7.91033905045424e-16,1.2335011019548592e-07
1938.1898109658248,0.05559437640828051,0.05559437640828153,0.05559437640827835,0.0555959821897185,0.05559447993375255,0.05559438292868228,-3.1780134079895106e-15,1.0352547102215892e-07
1942.2616382997867,0.053878882090892505,0.053878882090893,0.053878882090888196,0.053880241090325395,0.05387896972360891,0.05387888761057533,-4.801714581503802e-15,8.763271591022415e-08
1946.3334656337486,0.05239935762529626,0.05239935762529658,0.05239935762529084,0.05240051671278743,0.05239943238173525,0.05239936233416956,-5.738465258531278e-15,7.475643867133064e-08
1950.4052929677102,0.05111392663103369,0.051113926631034354,0.05111392663102831,0.05111492220772031,0.05111399085419997,0.051113930676611435,-6.043776590303196e-15,6.422316561893737e-08
1954.4771203016721,0.0499896242498278,0.04998962424982901,0.04998962424982261,0.04999048490717929,0.04998967978027237,0.04998962774799281,-6.3976601794024646e-15,5.553044336165103e-08
1958.548947635634,0.04900021696085951,0.049000216960860966,0.04900021696085408,0.04900096538949086,0.04900026525944865,0.04900022000359174,-6.8833827526759706e-15,4.8298587684847405e-08
1962.6207749695957,0.04812461894192654,0.04812461894192767,0.04812461894191962,0.04812527332123946,0.04812466117922701,0.04812462160292961,-8.049116928532385e-15,4.223729933860998e-08
1966.6926023035576,0.047345725920781394,0.047345725920781546,0.04734572592077236,0.04734630094388191,0.04734576304299205,0.04734572825963338,-9.18709552877317e-15,3.712221050694575e-08
1970.7644296375195,0.04664954557641762,0.04664954557641691,0.04664954557640718,0.04665005321515983,0.046649578354588175,0.04664954764167013,-9.728329253277934e-15,3.277817126751126e-08
1974.8362569714814,0.046024541492922365,0.04602454149292153,0.046024541492911956,0.04602499157534666,0.046024570560105636,0.046024543324439345,-9.575673587391975e-15,2.9067184104114574e-08
1978.908084305443,0.04546113286228067,0.04546113286228089,0.04546113286227241,0.04546153351296413,0.04546115874186647,0.045461134493022054,-8.479328350574633e-15,2.5879585585641962e-08
1982.979911639405,0.04495130912483649,0.04495130912483778,0.04495130912483101,0.04495166710393385,0.04495133225236792,0.044951310582229835,-6.772360450213455e-15,2.312753014099833e-08
1987.0517389733668,0.0444883303647963,0.0444883303647971,0.044488330364791266,0.04448865133142279,0.04448835110491959,0.0444883316718038,-5.835609773185979e-15,2.0740122487483692e-08
1991.1235663073285,0.04406649234483679,0.044066492344836235,0.04406649234483105,0.04406678106339399,0.04406651100458307,0.04406649352079361,-5.1833537462186996e-15,1.8659746837956792e-08
1995.1953936412904,0.04368094073087832,0.04368094073087715,0.04368094073087359,0.043681201233947885,0.043680957570149226,0.04368094179215337,-3.559652572704408e-15,1.6839272073965184e-08
1999.2672209752523,0.04332752308662998,0.0433275230866293,0.04332752308662739,0.043327758804524025,0.043327538326536276,0.04332752404714988,-1.908195823574488e-15,1.5239906975272888e-08
2003.339048309214,0.04300267011326401,0.043002670113264675,0.04300267011326307,0.04300288397777123,0.043002683942803946,0.04300267098493308,-1.6028844918025698e-15,1.3829539270704405e-08
2007.4108756431758,0.04270329971284243,0.04270329971284327,0.04270329971284108,0.042703494240849994,0.04270331229428402,0.04270330050587982,-2.192690473634684e-15,1.2581440750336625e-08
2011.4827029771377,0.04242673899678475,0.042426738996784154,0.0424267389967806,0.042426916358096964,0.04242675047003397,0.042426739720000974,-3.552713678800501e-15,1.1473249815485698e-08
2015.5545303110994,0.04217066050266571,0.04217066050266421,0.04217066050265899,0.042170822575324694,0.04217067098883139,0.042170661163689616,-5.218048215738236e-15,1.0486167184575734e-08
2019.6263576450613,0.0419330297353843,0.041933029735383126,0.041933029735377735,0.041933178151038523,0.041933039339698275,0.04193303034084544,-5.3915205633359164e-15,9.60431514873683e-09
2023.6981849790232,0.041712061790767065,0.04171206179076624,0.04171206179076284,0.04171219797207438,0.04171207060499161,0.04171206234644568,-3.400058012914542e-15,8.814225370412654e-09
2027.7700123129848,0.041506185306837556,0.041506185306837064,0.04150618530683551,0.041506310498456364,0.04150619341126242,0.04150618581779116,-1.5543122344752192e-15,8.104425353039346e-09
2031.8418396469467,0.04131401236036548,0.04131401236036562,0.04131401236036469,0.04131412765475118,0.04131401982547014,0.041314012831034114,-9.367506770274758e-16,7.465104513715293e-09
2035.9136669809086,0.041134313212938,0.04113431321293912,0.041134313212937625,0.04113441957191091,0.04113432010078066,0.041134313647231385,-1.4988010832439613e-15,6.8878415332429554e-09
2039.9854943148703,0.0409659950329087,0.040965995032910506,0.040965995032908264,0.04096609330576348,0.04096600139829263,0.04096599543427902,-2.2412627309620348e-15,6.365382124173813e-09
2044.0573216488322,0.04080808389278261,0.04080808389278439,0.040808083892782065,0.040808174831556326,0.040808089784239866,0.040808084264286615,-2.3245294578089215e-15,5.89145547624792e-09
2048.129148982794,0.040659709477475596,0.040659709477477046,0.040659709477475284,0.04065979374987029,0.0406597149381006,0.04065970982182795,-1.762479051592436e-15,5.460623550557209e-09
2052.2009763167557,0.04052009204609943,0.040520092046100506,0.040520092046099146,0.04052017024645848,0.04052009711425618,0.040520092365717214,-1.3600232051658168e-15,5.068155672915964e-09
2056.2728036507174,0.04038853127497797,0.04038853127497876,0.040388531274977886,0.04038860393364268,0.04038853598490267,0.040388531572018105,-8.743006318923108e-16,4.7099239092185385e-09
2060.3446309846795,0.04026439667743852,0.040264396677438724,0.04026439667743893,0.04026446426875165,0.04026440105975553,0.040264396953830335,2.0816681711721685e-16,4.382316808049236e-09
2064.416458318641,0.040147119350295524,0.040147119350294996,0.04014711935029623,0.040147182299469265,0.04014712343245993,0.04014711960776882,1.2351231148954867e-15,4.0821649324729314e-09
2068.488285652603,0.04003618484073577,0.04003618484073516,0.0400361848407364,0.04003624352976464,0.04003618864741546,0.04003618508084524,1.2420620087993939e-15,3.8066803043079744e-09
2072.560112986565,0.03993112696274666,0.039931126962746255,0.03993112696274699,0.039931181735510815,0.039931130516150166,0.03993112718689209,7.355227538141662e-16,3.5534039113938043e-09
2076.6319403205266,0.039831522421017965,0.039831522421017306,0.03983152242101767,0.0398315735877018,0.03983152574117911,0.0398315226304612,3.677613769070831e-16,3.3201618052092208e-09
2080.7037676544883,0.03973698612375038,0.039736986123749624,0.03973698612374955,0.039737033964681596,0.03973698922877697,0.0397369863196326,-7.632783294297951e-17,3.105027346350653e-09
2084.7755949884504,0.03964716708506595,0.0396471670850655,0.03964716708506562,0.039647211854055425,0.03964716999135473,0.03964716726842076,1.1796119636642288e-16,2.9062892301090493e-09
2088.847422322412,0.03956174483354582,0.03956174483354588,0.039561744833547595,0.03956178676080271,0.03956174755597015,0.03956174500531064,1.7139067942650854e-15,2.722424272127988e-09
2092.9192496563737,0.03948042625650662,0.03948042625650718,0.03948042625651082,0.03948046555118914,0.0394804288085809,0.039480426417533035,3.635980405647388e-15,2.5520737190198872e-09
2096.991076990336,0.039402942820468564,0.039402942820469966,0.039402942820474414,0.03940297967292206,0.03940294521449338,0.039402942971532136,4.447830992404533e-15,2.3940234170072294e-09
2101.0629043242975,0.039329048117283556,0.03932904811728579,0.03932904811728963,0.039329082701005665,0.039329050364471395,0.039329048259090844,3.837208328860697e-15,2.2471856042649563e-09
2105.134731658259,0.03925851569290843,0.039258515692910695,0.03925851569291313,0.03925854816628185,0.03925851780349524,0.03925851582610386,2.435551760271437e-15,2.110584547410088e-09
2109.2065589922213,0.039191137122113244,0.03919113712211441,0.039191137122115305,0.03919116762993496,0.039191139105457476,0.039191137247285464,8.951173136040325e-16,1.9833430661697626e-09
2113.278386326183,0.03912672029769772,0.0391267202976975,0.039126720297698335,0.03912674897253371,0.039126722162368906,0.0391267204153866,8.326672684688674e-16,1.8646714033954126e-09
2117.350213660145,0.03906508790725004,0.03906508790724922,0.03906508790725137,0.03906511487063488,0.03906508966110638,0.039065088017951576,2.1510571102112408e-15,1.7538571636666056e-09
2121.4220409941067,0.0390060760742371,0.03900607607423664,0.03900607607424009,0.039006101437738236,0.03900607772449307,0.03900607617840683,3.4486302702418925e-15,1.6502564315068469e-09
2125.4938683280684,0.0389495331434068,0.0389495331434064,0.03894953314340996,0.03894955700957129,0.03894953469669329,0.03894953324146245,3.559652572704408e-15,1.5532868880008266e-09
2129.5656956620305,0.03889531859318976,0.03889531859318902,0.038895318593191196,0.03889534105639042,0.038895320055609556,0.03889531868551562,2.1788126858268697e-15,1.4624205388336087e-09
2133.637522995992,0.038843302060099484,0.03884330206009887,0.03884330206009893,0.03884332320729037,0.038843303437276926,0.03884330214705045,6.245004513516506e-17,1.377178059092099e-09
2137.709350329954,0.038793362462097254,0.0387933624620975,0.038793362462095186,0.03879338237348834,0.038793363759221176,0.03879336254400115,-2.310651670001107e-15,1.2971236793002383e-09
2141.781177663916,0.03874538720956806,0.038745387209569,0.03874538720956526,0.03874540595922868,0.03874538843142974,0.038745387286726655,-3.740063814205996e-15,1.2218607375880097e-09
2145.8530049978776,0.038699271494006496,0.038699271494007474,0.038699271494003706,0.03869928915040873,0.038699272645035185,0.038699271566698466,-3.767819389821625e-15,1.1510277106441258e-09
2149.9248323318393,0.03865491764575713,0.03865491764575776,0.03865491764575465,0.038654934272264393,0.0386549187300522,0.03865491771424049,-3.1086244689504383e-15,1.0842944458966386e-09
2153.9966596658014,0.0386122345532253,0.03861223455322544,0.03861223455322324,0.03861225020853158,0.03861223557458458,0.038612234617739424,-2.1996293675385914e-15,1.0213591430940916e-09
2158.068486999763,0.03857113713689867,0.03857113713689857,0.03857113713689619,0.03857115187542442,0.03857113809884406,0.038571137197665716,-2.3800406090401793e-15,9.619454954812312e-10
2162.1403143337247,0.038531545872325594,0.03853154587232511,0.0385315458723222,0.038531559744574694,0.038531546778125585,0.0385315459295515,-2.9073965457371287e-15,9.058004762918515e-10
2166.212141667687,0.038493386356889016,0.03849338635688801,0.03849338635688487,0.0384933994097722,0.03849338720957984,0.038493386410765065,-3.1363800445660672e-15,8.526918268692008e-10
2170.2839690016485,0.03845658891582525,0.038456588915824236,0.038456588915821315,0.03845660119295337,0.03845658971823049,0.038456588966529995,-2.921274333544943e-15,8.024062525535669e-10
2174.35579633561,0.038421088243461785,0.038421088243460993,0.038421088243458544,0.03842109978540983,0.03842108899820841,0.03842108829116098,-2.4494295480792516e-15,7.547474173419388e-10
2178.4276236695723,0.03838682307610395,0.03838682307610336,0.038386823076101674,0.038386833920651994,0.038386823785638104,0.03838682312095188,-1.6861512186494565e-15,7.095347434593613e-10
2182.499451003534,0.03835373589341042,0.0383537358934101,0.03835373589340887,0.03835374607576242,0.03835373656001166,0.038353735935550824,-1.2351231148954867e-15,6.666015586742624e-10
2186.5712783374956,0.03832177264544571,0.03832177264544551,0.03832177264544416,0.03832178219842832,0.03832177327123964,0.038321772685012474,-1.3461454173580023e-15,6.257941317922011e-10
2190.6431056714578,0.038290882502906284,0.038290882502906125,0.03829088250290486,0.03829089145715034,0.0382908830898767,0.03829088254002447,-1.2628786905111156e-15,5.869705763106303e-10
2194.7149330054194,0.03826101762829218,0.038261017628292204,0.03826101762829138,0.03826102601239802,0.03826101817829169,0.03826101766307871,-8.257283745649602e-16,5.499994834567978e-10
2198.786760339381,0.03823213296603236,0.038232132966032624,0.03823213296603213,0.03823214080672041,0.03823213348079193,0.038232132998596416,-4.926614671774132e-16,5.147593046261889e-10
2202.858587673343,0.038204186049783914,0.038204186049784386,0.038204186049783276,0.038204193372032624,0.03820418653092178,0.03820418608022756,-1.1102230246251565e-15,4.811373938151675e-10
2206.930415007305,0.038177136825312825,0.03817713682531336,0.03817713682531065,0.038177143652484535,0.03817713727434252,0.03817713685373131,-2.7131075164277263e-15,4.4902916107592006e-10
2211.0022423412665,0.038150947487527384,0.03815094748752793,0.03815094748752387,0.038150953841484175,0.03815094790586546,0.03815094751401002,-4.0592529337857286e-15,4.18337524343837e-10
2215.0740696752287,0.03812558233038309,0.03812558233038355,0.03812558233037951,0.03812558823159242,0.03812558271935595,0.03812558235501342,-4.045375145977914e-15,3.8897239595936384e-10
2219.1458970091903,0.03810100760850636,0.038101007608507036,0.03810100760850397,0.038101013076138536,0.038101007969356705,0.038101007631363044,-3.066991105526995e-15,3.608496695894914e-10
2223.217724343152,0.03807719140950061,0.038077191409501325,0.038077191409500014,0.038077196461517235,0.03807719174339259,0.038077191430656895,-1.3114509478384662e-15,3.3389126186111895e-10
2227.289551677114,0.038054103535998425,0.03805410353599886,0.038054103536000146,0.03805410818923457,0.038054103844023135,0.03805410355552281,1.2836953722228372e-15,3.080242727548921e-10
2231.3613790110758,0.03803171539661902,0.03803171539661868,0.03803171539662233,0.03803171966685866,0.03803171567979933,0.03803171541457556,3.649858193455202e-15,2.8318064559940126e-10
2235.4332063450374,0.03800999990506733,0.03800999990506645,0.038009999905071166,0.038010003807113495,0.03801000016436336,0.03800999992151683,4.718447854656915e-15,2.5929691033210744e-10
2239.5050336789996,0.03798893138668988,0.037988931386688976,0.03798893138669299,0.037988934934428335,0.03798893162300259,0.03798893140168961,4.010680676458378e-15,2.3631361451004196e-10
2243.576861012961,0.037968485491859515,0.037968485491858925,0.03796848549186171,0.0379684886983171,0.03796848570603421,0.03796848550546313,2.7824964554667986e-15,2.1417528861533697e-10
2247.648688346923,0.03794863911562656,0.03794863911562599,0.03794863911562877,0.03794864199302518,0.03794863930845576,0.03794863912788375,2.7824964554667986e-15,1.928297729825168e-10
2251.720515680885,0.0379293703231208,0.037929370323120264,0.03792937032312435,0.03792937288292875,0.03792937049534852,0.037929370334078526,4.0870085094013575e-15,1.7222825943186137e-10
2255.7923430148467,0.03791065828024384,0.03791065828024366,0.0379106582802484,0.037910660533221896,0.03791065843256859,0.03791065828994644,4.739264536368637e-15,1.523249304469232e-10
2259.8641703488083,0.037892483189224065,0.03789248318922466,0.037892483189228346,0.03789248514546851,0.03789248332230153,0.037892483197713316,3.684552662974738e-15,1.3307686896890658e-10
2263.9359976827704,0.037874826228650856,0.03787482622865216,0.03787482622865326,0.037874827897632406,0.03787482634309561,0.0378748262359655,1.1032841307212493e-15,1.1444344777400417e-10
2268.007825016732,0.0378576694976349,0.03785766949763649,0.03785766949763505,0.03785767088823555,0.03785766959402317,0.03785766950381086,-1.4432899320127035e-15,9.638667641809207e-11
2272.079652350694,0.03784099596377649,0.03784099596377781,0.03784099596377481,0.037840997084323764,0.03784099604264838,0.037840995968847345,-2.9976021664879227e-15,7.88705697973846e-11
2276.151479684656,0.03782478941464858,0.03782478941464987,0.03782478941464567,0.03782479027294817,0.03782478947651124,0.037824789418646546,-4.198030811863873e-15,6.186137019303928e-11
2280.2233070186176,0.03780903441253065,0.037809034412531715,0.03780903441252571,0.03780903501589408,0.03780903445785871,0.03780903441548553,-6.0021432268797525e-15,4.532699215964442e-11
2284.295134352579,0.037793716252143124,0.03779371625214369,0.03779371625213605,0.03779371660741552,0.03779371628138104,0.03779371625408261,-7.639722188201858e-15,2.9237348653232687e-11
2288.3669616865413,0.03777882092116405,0.03777882092116387,0.037778820921155865,0.03777882103474892,0.037778820934727626,0.037778820922114126,-8.007483565108942e-15,1.3563754286405327e-11
2292.438789020503,0.037764335063321317,0.03776433506332051,0.037764335063314,0.037764334941204916,0.03776433506159987,0.037764335063306745,-6.50868248186498e-15,-1.7206444602457793e-12
2296.5106163544647,0.03775024594387443,0.037750245943873155,0.0377502459438694,0.03775024559164635,0.037750245927231335,0.03775024594291832,-3.7539416020138106e-15,-1.6641819866602958e-11
2300.582443688427,0.037736541417311115,0.037736541417309644,0.037736541417308304,0.037736540840184706,0.03773654138608552,0.037736541415435004,-1.339206523454095e-15,-3.122412051137502e-11
2304.6542710223885,0.037723209897103024,0.03772320989710111,0.03772320989710072,0.03772320909993354,0.03772320985161074,0.037723209894326794,-3.885780586188048e-16,-4.5490368416611915e-11
2308.72609835635,0.03771024032737293,0.03771024032737133,0.0377102403273703,0.03771023931467595,0.037710240267908375,0.037710240323715706,-1.033895191682177e-15,-5.946295539294155e-11
2312.7979256903122,0.03769762215634446,0.03769762215634318,0.037697622156341114,0.03769762093231043,0.0376976220831803,0.03769762215182345,-2.067790383364354e-15,-7.316287853331715e-11
2316.869753024274,0.03768534531144443,0.037685345311443554,0.037685345311441215,0.03768534387995467,0.03768534522483349,0.03768534530607586,-2.338407245616736e-15,-8.661006634103074e-11
2320.9415803582356,0.03767340017595181,0.0376734001759512,0.037673400175949515,0.037673398540591235,0.03767340007612754,0.03767340016975017,-1.6861512186494565e-15,-9.98236632243632e-11
2325.0134076921977,0.037661777567083166,0.03766177756708307,0.037661777567081625,0.03766177573115445,0.03766177745426095,0.037661777560062254,-1.4432899320127035e-15,-1.1282211970220501e-10
2329.0852350261594,0.03765046871542312,0.03765046871542404,0.03765046871542247,0.0376504666819579,0.03765046858980101,0.03765046870759602,-1.5681900222830336e-15,-1.256230258706026e-10
2333.157062360121,0.03763946524560926,0.03763946524561111,0.03763946524561012,0.03763946301737851,0.037639465107368035,0.03763946523698722,-9.922618282587337e-16,-1.3824307670828873e-10
2337.228889694083,0.03762875915818753,0.037628759158189626,0.037628759158190694,0.037628756737711676,0.03762875900749102,0.03762875914878025,1.0685896612017132e-15,-1.5069860637151322e-10
2341.300717028045,0.03761834281256434,0.037618342812566354,0.03761834281257032,0.037618340202123665,0.037618342649561244,0.03761834280238099,3.969047313034935e-15,-1.630051094103635e-10
2345.3725443620065,0.03760820891098856,0.037608208910989704,0.03760820891099637,0.03760820611263076,0.03760820873581203,0.03760820890003679,6.6682770416548465e-15,-1.7517767098018666e-10
2349.4443716959686,0.03759835048349142,0.037598350483492034,0.03759835048350102,0.03759834749904139,0.03759835029626124,0.03759835047177913,8.98586760555986e-15,-1.8723079336924187e-10
2353.5161990299302,0.0375887608737344,0.03758876087373456,0.03758876087374376,0.0375887577048,0.037588760674556035,0.037588760861268215,9.194034422677078e-15,-1.9917852783768453e-10
2357.588026363892,0.037579433725699926,0.03757943372569967,0.0375794337257066,0.03757943037367921,0.03757943351466521,0.03757943371248581,6.931955010003321e-15,-2.110344607397785e-10
2361.659853697854,0.03757036297117997,0.037570362971179584,0.037570362971182665,0.03757035943726726,0.03757036274836771,0.037570362957223144,3.0808688933348094e-15,-2.2281187311845585e-10
2365.7316810318157,0.037561542818013646,0.03756154281801332,0.037561542818012626,0.03756153910320501,0.03756154258348992,0.037561542803318505,-6.938893903907228e-16,-2.345234006995156e-10
2369.8035083657774,0.03755296773903,0.03755296773902954,0.03755296773902615,0.03755296384412791,0.037552967492847755,0.037552967723599756,-3.3861802251067274e-15,-2.4618178329216533e-10
2373.8753356997395,0.03754463246165361,0.03754463246165298,0.03754463246164895,0.037544628387272044,0.03754463220385393,0.037544632445490785,-4.0314973581701e-15,-2.577990529384344e-10
2377.947163033701,0.03753653195813887,0.03753653195813832,0.03753653195813559,0.03753652770470754,0.037536531688750964,0.03753653194124553,-2.7269853042355408e-15,-2.693873527026547e-10
2382.018990367663,0.037528661436395806,0.03752866143639566,0.03752866143639444,0.03752865700416382,0.03752866115543739,0.03752866141877346,-1.2212453270876722e-15,-2.8095827053764566e-10
2386.090817701625,0.03752101633137661,0.03752101633137667,0.037521016331375744,0.03752101172041478,0.03752101603885336,0.0375210163130254,-9.298117831235686e-16,-2.9252331112950003e-10
2390.1626450355866,0.037513592296989764,0.03751359229698974,0.03751359229698905,0.03751358750719397,0.0375135919928958,0.03751359227790906,-6.869504964868156e-16,-3.0409393753094704e-10
2394.2344723695483,0.03750638519851848,0.037506385198518365,0.03750638519851777,0.03750638022961253,0.03750638488283729,0.037506385178707274,-5.967448757360216e-16,-3.1568107156099146e-10
2398.3062997035104,0.037499391105516915,0.037499391105516616,0.03749939110551605,0.03749938595705393,0.037499390778220565,0.037499391084973306,-5.689893001203927e-16,-3.2729605137227225e-10
2402.378127037472,0.037492606285158256,0.03749260628515726,0.03749260628515766,0.037492600956522244,0.037492605946207715,0.03749260626387941,4.0245584642661925e-16,-3.389495420447197e-10
2406.4499543714337,0.03748602719601412,0.03748602719601268,0.03748602719601402,0.03748602168642238,0.03748602684536017,0.037486027173997245,1.339206523454095e-15,-3.5065251396959596e-10
2410.521781705396,0.03747965048224769,0.0374796504822468,0.03747965048224781,0.03747964479075129,0.03747965011983096,0.03747965045948988,1.0061396160665481e-15,-3.624158403936484e-10
2414.5936090393575,0.03747347296820072,0.03747347296820043,0.03747347296820089,0.03747346709368395,0.037473472593950306,0.037473472944697585,4.579669976578771e-16,-3.7425012394676216e-10
2418.665436373319,0.037467491653352974,0.037467491653353203,0.037467491653353696,0.03746748559453398,0.037467491267187084,0.03746749162909937,4.926614671774132e-16,-3.8616611991448835e-10
2422.7372637072813,0.0374617037076458,0.037461703707646364,0.03746170370764693,0.03746169746307638,0.03746170330947165,0.037461703682635614,5.689893001203927e-16,-3.981747154213622e-10
2426.809091041243,0.037456106467151085,0.03745610646715186,0.037456106467152334,0.037456100035216676,0.037456106056865196,0.03745610644137779,4.718447854656915e-16,-4.102866657529347e-10
2430.8809183752046,0.03745069743007521,0.03745069743007593,0.037450697430076604,0.037450690808993665,0.037450697007563274,0.03745069740353133,6.730727086790012e-16,-4.2251265680581795e-10
2434.9527457091667,0.03744547425308388,0.03744547425308445,0.037445474253085996,0.03744546744090452,0.037445473818220616,0.03744547422576145,1.547373340571312e-15,-4.348638324436216e-10
2439.0245730431284,0.03744043474793949,0.03744043474793996,0.037440434747942127,0.03744042774254169,0.037440434300588965,0.037440434719830024,2.1649348980190553e-15,-4.47350996524154e-10
2443.09640037709,0.03743557687844107,0.037435576878441124,0.0374355768784434,0.03743556967753181,0.037435576418455824,0.037435576849535,2.275957200481571e-15,-4.5998529984991876e-10
2447.168227711052,0.03743089875765661,0.03743089875765622,0.03743089875765893,0.03743089135876888,0.037430898284878035,0.03743089872794391,2.7131075164277263e-15,-4.727781846569634e-10
2451.240055045014,0.03742639864544313,0.03742639864544279,0.03742639864544681,0.037426391045933594,0.03742639815970184,0.03742639861491359,4.017619570362285e-15,-4.857409474645635e-10
2455.3118823789755,0.03742207494624829,0.037422074946248156,0.037422074946254026,0.03742206714329366,0.03742207444736292,0.03742207491489065,5.870304242705515e-15,-4.988852386755838e-10
2459.3837097129376,0.03741792620718523,0.03741792620718488,0.03741792620719285,0.03741791819777843,0.03741792569496192,0.037417926174986856,7.972789095589405e-15,-5.122229584930693e-10
2463.4555370468993,0.037413951116377485,0.03741395111637655,0.03741395111638614,0.03741394289732478,0.03741395059061042,0.03741395108332509,9.58955137519979e-15,-5.257661250812617e-10
2467.527364380861,0.03741014850157236,0.037410148501571254,0.03741014850158122,0.03741014006949002,0.03741014796204412,0.03741014846765267,9.96425164601078e-15,-5.395271313046734e-10
2471.599191714823,0.03740651732902046,0.037406517329019805,0.03740651732902902,0.03740650868032961,0.03740651677550122,0.03740651729421956,9.2148511043888e-15,-5.535185851335278e-10
2475.6710190487847,0.037403056702616864,0.03740305670261702,0.03740305670262443,0.03740304783353815,0.037403056134863596,0.03740305666691978,7.41073868937292e-15,-5.677534206660617e-10
2479.7428463827464,0.03739976586330512,0.037399765863305866,0.03739976586331202,0.03739975676985306,0.03739976528106089,0.03739976582669549,6.1547988927657116e-15,-5.822449744563585e-10
2483.8146737167085,0.03739664418874375,0.0373966441887447,0.03739664418875069,0.03739663486672141,0.03739664359173792,0.03739664415120422,5.988265439071938e-15,-5.970067773475307e-10
2487.88650105067,0.037393691193238474,0.03739369119323908,0.037393691193244594,0.037393681638231216,0.03739369058118605,0.03739369115475056,5.5164206536062466e-15,-6.120530263165058e-10
2491.958328384632,0.03739090652793985,0.03739090652793966,0.0373909065279439,0.03739089673530882,0.037390905900541456,0.03739090648848424,4.2396641752873165e-15,-6.273982028348613e-10
2496.030155718594,0.03738828998131182,0.037388289981311135,0.03738828998131295,0.03738827994618731,0.03738828933825381,0.037388289940869054,1.817990202823694e-15,-6.430573226690051e-10
2500.1019830525556,0.0373858414798752,0.037385841479874685,0.03738584147987454,0.03738583119714861,0.037385840820828964,0.03738584143842518,-1.457167719820518e-16,-6.590457207744649e-10
2504.1738103865173,0.037383561089231236,0.03738356108923102,0.03738356108922999,0.03738355055354571,0.0373835604138516,0.03738356104675239,-1.033895191682177e-15,-6.753794190572648e-10
2508.2456377204794,0.037381449015370063,0.03738144901536991,0.03738144901536807,0.03738143822111163,0.037381448323294784,0.03738144897183933,-1.8388068845354155e-15,-6.920751263739255e-10
2512.317465054441,0.037379505606273705,0.03737950560627364,0.037379505606272144,0.03737949454756249,0.037379504897123626,0.037379505561667234,-1.4988010832439613e-15,-7.091500164868592e-10
2516.3892923884027,0.037377731353824106,0.037377731353824634,0.037377731353824994,0.03737772002450404,0.037377730627202774,0.03737773130811741,3.608224830031759e-16,-7.266218599033536e-10
2520.461119722365,0.03737612689602561,0.03737612689602653,0.037376126896028344,0.03737611528965246,0.03737612615151726,0.03737612684919231,1.8110513089197866e-15,-7.44509273675753e-10
2524.5329470563265,0.03737469301955062,0.037374693019551375,0.03737469301955269,0.037374681129380444,0.03737469225671968,0.03737469297156274,1.3183898417423734e-15,-7.628316936458823e-10
2528.604774390288,0.03737343066262563,0.03737343066262587,0.03737343066262601,0.037373418481602895,0.03737342988101677,0.03737343061345414,1.3877787807814457e-16,-7.816090968892908e-10
2532.6766017242503,0.03737234091827249,0.03737234091827235,0.03737234091827261,0.0373723284390168,0.037372340117409746,0.037372340867887585,2.5673907444456745e-16,-8.00862605399022e-10
2536.748429058212,0.03737142503792124,0.03737142503792044,0.03737142503792253,0.03737141225271216,0.03737142421730631,0.03737142498629127,2.095545958979983e-15,-8.206141252631305e-10
2540.8202563921736,0.03737068443541039,0.037370684435409314,0.03737068443541417,0.037370671336173146,0.037370683594522724,0.037370684382502885,4.85722573273506e-15,-8.408865895259687e-10
2544.8920837261358,0.03737012069140083,0.03737012069140037,0.03737012069140805,0.03737010726968988,0.03737011982969648,0.03737012063718239,7.681355551625302e-15,-8.617038887992479e-10
2548.9639110600974,0.037369735558224794,0.03736973555822462,0.03736973555823497,0.03736972180520435,0.03736973467513337,0.03736973550265914,1.0352829704629585e-14,-8.830912529012025e-10
2553.035738394059,0.037369530965189704,0.037369530965189406,0.037369530965201986,0.03736951687161632,0.037369530060114536,0.037369530908238885,1.2580214647783805e-14,-9.05074869217426e-10
2557.107565728021,0.03736950902437405,0.03736950902437397,0.037369509024387654,0.03736949458057723,0.03736950809669148,0.03736950896599909,1.3683498778505054e-14,-9.276824933235339e-10
2561.179393061983,0.03736967203694423,0.03736967203694432,0.0373696720369588,0.037369657232803874,0.03736967108600137,0.037369671977104,1.4474532683550478e-14,-9.509429493848032e-10
2565.2512203959445,0.03737002250002335,0.037370022500023505,0.03737002250003794,0.037370007324947,0.037370021525136646,0.03737002243867461,1.4432899320127035e-14,-9.748868587400317e-10
2569.3230477299066,0.037370563114153675,0.0373705631141539,0.03737056311416638,0.037370547557052144,0.03737056211460782,0.03737056305125146,1.2483070133129104e-14,-9.995460778511323e-10
2573.3948750638683,0.03737129679139613,0.03737129679139655,0.03737129679140673,0.037371280840656856,0.037371295766442145,0.03737129672689337,1.0179357357031904e-14,-1.0249544060703109e-09
2577.46670239783,0.03737222666411179,0.03737222666411253,0.03737222666412098,0.03737221030757026,0.0373722256129649,0.03737222659795915,8.451572774959004e-15,-1.05114762727343e-09
2581.538529731792,0.03737335609447874,0.03737335609447939,0.03737335609448542,0.03737333931938759,0.03737335501631625,0.03737335602662397,6.0298988024953815e-15,-1.0781631420986315e-09
2585.6103570657538,0.037374688684800254,0.03737468868480066,0.037374688684802974,0.037374671477797196,0.03737468757876013,0.03737468861518897,2.3175905639050143e-15,-1.1060405299967435e-09
2589.6821843997154,0.03737622828867194,0.03737622828867231,0.03737622828867134,0.03737621063574432,0.03737622715385049,0.03737622821724743,-9.71445146547012e-16,-1.134821819848142e-09
2593.7540117336775,0.03737797902307615,0.03737797902307697,0.03737797902307462,0.03737796090952297,0.03737797785852556,0.037377978949779116,-2.3522850334245504e-15,-1.1645514066960239e-09
2597.825839067639,0.03737994528148425,0.037379945281485354,0.03737994528148348,0.03737992669187396,0.03737994408620901,0.03737994520625183,-1.8735013540549517e-15,-1.1952763431799518e-09
2601.897666401601,0.037382131748051925,0.03738213174805286,0.037382131748051495,0.0373821126661786,0.037382130521006536,0.03738213167081784,-1.366962099069724e-15,-1.2270463256580655e-09
2605.969493735563,0.037384543413009036,0.03738454341300942,0.03738454341300667,0.0373845238218446,0.03738454215309498,0.0373845433337037,-2.7478019859472624e-15,-1.2599144366687298e-09
2610.0413210695247,0.03738718558935179,0.0373871855893518,0.03738718558934686,0.037387165470994604,0.03738718429541494,0.037387185507902786,-4.9404924595819466e-15,-1.2939368604358847e-09
2614.1131484034863,0.03739006393096154,0.037390063930961406,0.0373900639309555,0.0373900432665795,0.037390062601787816,0.03739006384729251,-5.904998712225051e-15,-1.3291735906362234e-09
2618.1849757374484,0.037393184452283686,0.03739318445228375,0.037393184452279175,0.0373931632220534,0.03739318308659564,0.03739318436631453,-4.5727310826748635e-15,-1.3656881112100727e-09
2622.25680307141,0.03739655354972503,0.03739655354972533,0.03739655354972341,0.03739653173276455,0.037396552146176466,0.03739655346137104,-1.915134717478395e-15,-1.4035488604680069e-09
2626.3286304053718,0.03740017802493845,0.03740017802493878,0.03740017802493951,0.03740015559923529,0.03740017658211042,0.03740017793411005,7.28583859910259e-16,-1.4428283567902156e-09
2630.400457739334,0.037404065110193584,0.0374040651101937,0.037404065110196276,0.03740404205252579,0.037404063626589386,0.037404065016796245,2.5743296383495817e-15,-1.4836043157884227e-09
2634.4722850732956,0.03740822249605259,0.0374082224960524,0.037408222496056,0.03740819878190276,0.03740822097009242,0.037408222399986805,3.6012859361278515e-15,-1.5259599764338994e-09
2638.544112407257,0.03741265836160187,0.03741265836160119,0.037412658361604824,0.037412633965062586,0.03741265679161658,0.037412658262762334,3.635980405647388e-15,-1.5699846075967194e-09
2642.6159397412193,0.037417381407521114,0.037417381407520475,0.0374173814075231,0.0374173563011919,0.0374173797917462,0.037417381305797186,2.6229018956769323e-15,-1.6157742782629825e-09
2646.687767075181,0.03742240089231725,0.03742240089231678,0.03742240089231829,0.03742237504719007,0.037422399228884864,0.03742240078759147,1.5126788710517758e-15,-1.6634319130459652e-09
2650.7595944091427,0.037427726672086804,0.03742772667208619,0.037427726672087366,0.037427700057420556,0.03742772495901736,0.03742772656423425,1.1796119636642288e-15,-1.713068825681674e-09
2654.831421743105,0.03743336924423111,0.03743336924423042,0.03743336924423192,0.037433341827414125,0.03743336747942551,0.0374333691331197,1.4988010832439613e-15,-1.7648049133178745e-09
2658.9032490770664,0.03743933979561217,0.03743933979561196,0.03743933979561403,0.03743931154200946,0.03743933797684204,0.03743933968110212,2.067790383364354e-15,-1.818769919392782e-09
2662.975076411028,0.03744565025570591,0.03744565025570628,0.037445650255707334,0.03744562112848846,0.037445648380601854,0.03744565013764817,1.0547118733938987e-15,-1.8751044258968896e-09
2667.0469037449902,0.037452313355398247,0.0374523133553989,0.037452313355397,0.03745228331535452,0.03745231142143795,0.037452313233633745,-1.9012569296705806e-15,-1.9339609497182053e-09
2671.118731078952,0.03745934269217616,0.037459342692176656,0.037459342692172375,0.03745931169750207,0.037459340696671284,0.03745934256653527,-4.28129753871076e-15,-1.995505372054396e-09
2675.1905584129136,0.03746675280258785,0.0374667528025884,0.03746675280258466,0.03746672080865246,0.037466750742669835,0.037466752672890256,-3.740063814205996e-15,-2.0599185621139604e-09
2679.2623857468757,0.03747455924299608,0.03747455924299672,0.037474559242995795,0.03747452620207686,0.0374745571155985,0.03747455910904885,-9.228728892196614e-16,-2.1273982159231153e-09
2683.3342130808373,0.03748277867982165,0.03748277867982206,0.03748277867982307,0.037482744540807585,0.03748277648166132,0.03748277854141788,1.0061396160665481e-15,-2.1981607437049355e-09
2687.406040414799,0.037491428990695054,0.0374914289906951,0.03749142899069703,0.03749139369875229,0.03749142671825119,0.037491428847613105,1.9290125052862095e-15,-2.2724439135979324e-09
2691.477867748761,0.0375005293781965,0.03750052937819662,0.03750052937819764,0.03750049287438885,0.037500527027687115,0.03750052923019885,1.0200174038743626e-15,-2.3505095023135247e-09
2695.549695082723,0.03751010049818204,0.037510100498182354,0.03751010049818106,0.03751006271903845,0.03751009806553567,0.03751010034501268,-1.2906342661267445e-15,-2.432646681316264e-09
2699.6215224166845,0.037520164605085296,0.037520164605085456,0.037520164605082715,0.03752012548210646,0.0375201620859097,0.03752016444646764,-2.7408630920433552e-15,-2.5191757568876483e-09
2703.6933497506466,0.03753074571707439,0.037530745717074286,0.03753074571707247,0.03753070517616792,0.03753074310662133,0.037530745552709674,-1.817990202823694e-15,-2.6104529579629165e-09
2707.7651770846082,0.03754186980454781,0.03754186980454772,0.03754186980454762,0.037541827765376776,0.03754186709767202,0.03754186963411282,-9.71445146547012e-17,-2.7068756958126272e-09
2711.83700441857,0.03755356500620683,0.03755356500620694,0.037553565006206616,0.037553521381435154,0.03755356219731814,0.03755356482935027,-3.2612801348363973e-16,-2.808888802108278e-09
2715.908831752532,0.03756586187789653,0.03756586187789675,0.03756586187789422,0.03756581657231107,0.03756585896090401,0.03756586169423544,-2.525757381022231e-15,-2.9169927376337945e-09
2719.9806590864937,0.037578793680617825,0.037578793680617846,0.03757879368061297,0.037578746590102,0.03757879064886522,0.03757879348973351,-4.8780424144467815e-15,-3.0317526267253925e-09
2724.052486420456,0.037592396715661336,0.03759239671566122,0.037592396715655486,0.03759234772598775,0.03759239356185148,0.03759239651709536,-5.731526364627371e-15,-3.1538097411409893e-09
2728.1243137544175,0.03760671071680985,0.03760671071680963,0.03760671071680489,0.03760665970221029,0.03760670743291417,0.03760671051005775,-4.739264536368637e-15,-3.2838954541758447e-09
2732.196141088379,0.037621779312145304,0.03762177931214515,0.037621779312142827,0.037621726133607696,0.03762177588929696,0.037621779096650314,-2.3245294578089215e-15,-3.4228481923803677e-09
2736.2679684223413,0.03763765057140349,0.03763765057140377,0.03763765057140296,0.03763759507462806,0.03763764699976864,0.03763765034654825,-8.118505867571457e-16,-3.5716351334813545e-09
2740.339795756303,0.0376543776593197,0.03765437765932019,0.037654377659317985,0.03765431967224868,0.03765437392794154,0.03765437742441604,-2.2065682614424986e-15,-3.731378650506656e-09
2744.4116230902646,0.03767201962142783,0.037672019621428,0.03767201962142431,0.037671958951236956,0.03767201571803784,0.037672019375705065,-3.6914915568786455e-15,-3.903390159709641e-09
2748.4834504242267,0.03769064233691368,0.03769064233691346,0.03769064233691024,0.03769057876631713,0.03769063824770043,0.03769064207950497,-3.219646771412954e-15,-4.089213030689098e-09
2752.5552777581884,0.03771031968423481,0.037710319684233974,0.03771031968423183,0.03771025296690342,0.03771031539355541,0.037710319414158325,-2.1441182163073336e-15,-4.2906785624463595e-09
2756.62710509215,0.037731134980572144,0.03773113498057124,0.03773113498056978,0.03773106483540068,0.037731130470593774,0.0377311346967098,-1.4641066137244252e-15,-4.509977467870296e-09
2760.698932426112,0.03775318277768756,0.037753182777687244,0.0377531827776844,0.03775310888154382,0.0377531780279318,0.03775318247875552,-2.8449465006019636e-15,-4.7497554431230604e-09
2764.770759760074,0.0377765711272405,0.03777657112724057,0.03777657112723512,0.03777649310569374,0.0377765661140012,0.03777657081175227,-5.447031714567174e-15,-5.013239365303512e-09
2768.8425870940355,0.03780142447248375,0.037801424472483705,0.037801424472476475,0.03780134188780928,0.03780141916807536,0.037801424138703354,-7.230327447871332e-15,-5.304408343120848e-09
2772.9144144279976,0.03782788738731881,0.03782788738731864,0.0378278873873115,0.037827799722775064,0.037827881759091374,0.03782788703320017,-7.140121827120538e-15,-5.628227266185615e-09
2776.9862417619593,0.0378561294787671,0.037856129478766855,0.0378561294787618,0.0378560361176983,0.03785612348779613,0.037856129101871513,-5.051514762044462e-15,-5.990970726454936e-09
2781.058069095921,0.037886351912494606,0.03788635191249433,0.03788635191248997,0.03788625211013793,0.03788634551181344,0.037886351509880206,-4.3576253716537394e-15,-6.4006808880856525e-09
2785.129896429883,0.037918796241933984,0.03791879624193341,0.03791879624192637,0.03791868908676024,0.037918789374109696,0.03791879581000385,-7.0360384185619296e-15,-6.867823712508603e-09
2789.2017237638447,0.03795375656826906,0.03795375656826828,0.037953756568258015,0.03795364092802773,0.03795374916201951,0.03795375610256032,-1.026262408387879e-14,-7.406248767050094e-09
2793.2735510978064,0.03799159661459594,0.037991596614595884,0.03799159661458486,0.037991471059546277,0.03799158857997435,0.037991596109478804,-1.1025902413308586e-14,-8.034621530594865e-09
2797.3453784317685,0.038032774210278016,0.03803277421027887,0.03803277421026807,0.03803263690163806,0.038032765431671396,0.03803277365851651,-1.0796918914479647e-14,-8.778607472892386e-09
2801.41720576573,0.03807787721765293,0.03807787721765428,0.038077877217643295,0.0380777257417371,0.038077867543368664,0.03807787660975357,-1.0984269049885143e-14,-9.674285615657308e-09
2805.489033099692,0.03812767758952878,0.038127677589529826,0.03812767758952024,0.038127508704818174,0.038127666815906444,0.03812767691274632,-9.58955137519979e-15,-1.0773623382309694e-08
2809.560860433654,0.03818321497434138,0.03818321497434235,0.03818321497433769,0.03818302421492848,0.03818320282082864,0.038183214211120795,-4.6629367034256575e-15,-1.2153513709312058e-08
2813.6326877676156,0.03824592996733975,0.03824592996734055,0.03824592996734301,0.03824571100196043,0.038245916036176816,0.038245929092791425,2.456368441983159e-15,-1.3931163736491392e-08
2817.7045151015773,0.038317883569371054,0.038317883569371304,0.03831788356937805,0.03831762713034786,0.03831786727817793,0.038317882547050965,6.744604874597826e-15,-1.6291193373485502e-08
2821.7763424355394,0.0384021316655465,0.0384021316655462,0.038402131665553174,0.03840182369372624,0.03840211213048101,0.03840213044014133,6.9735883734267645e-15,-1.9535065190479095e-08
2825.848169769501,0.038503388402219486,0.03850338840221897,0.038503388402223324,0.038503006711519606,0.03850336422773904,0.03850338688638157,4.350686477749832e-15,-2.4174479931748927e-08
2829.9199971034627,0.038629246060901685,0.03862924606090171,0.03862924606090224,0.03862875412181115,0.03862921494766584,0.038629244110692317,5.273559366969494e-16,-3.111323587656756e-08
2833.991824437425,0.03879248977358074,0.03879248977358203,0.03879248977357985,0.03879182482486821,0.03879244776823098,0.03879248714147784,-2.1788126858268697e-15,-4.2005351051643824e-08
2838.0636517713865,0.03901552621903687,0.039015526219038886,0.03901552621903553,0.039014576774478706,0.03901546629467177,0.03901552246501684,-3.3584246494910985e-15,-5.99243671142724e-08
2842.135479105348,0.03933825299976234,0.039338252999763866,0.039338252999757926,0.03933682222262461,0.039338162748594904,0.03933824734681946,-5.9396931817445875e-15,-9.025116896183016e-08
2846.2073064393103,0.03982646954837727,0.039826469548377944,0.03982646954836626,0.039824262782532725,0.03982633043593066,0.039826460836318585,-1.1685097334179773e-14,-1.3911244728381789e-07
2850.279133773272,0.040542520796582826,0.040542520796583416,0.0405425207965667,0.04053946258480999,0.0405423284133495,0.0405425087537404,-1.6715795414512513e-14,-1.9238323391290724e-07
2854.3509611072336,0.041322242423282994,0.04132224242328406,0.04132224242326842,0.041319840878028154,0.04132209310539909,0.041322233100240725,-1.5640266859406893e-14,-1.4931788497318799e-07
2858.4227884411957,0.041525623419512485,0.04152562341951375,0.041525623419502014,0.04152627723790092,0.04152566878393279,0.04152562632126688,-1.1733669591507123e-14,4.5364419040683224e-08
2862.4946157751574,0.041041552712783015,0.04104155271278405,0.041041552712773335,0.041043560268475145,0.04104168299312244,0.04104156093010873,-1.071365218763276e-14,1.302803383923523e-07
2866.566443109119,0.04053621262905756,0.04053621262905817,0.04053621262904482,0.04053758003344856,0.0405363010341009,0.04053621820113959,-1.3350431871117507e-14,8.840504273077698e-08
2870.638270443081,0.04027858665016303,0.040278586650163234,0.04027858665014398,0.040279121027931714,0.040278621316975814,0.04027858883734029,-1.925543058334256e-14,3.466681258029736e-08
2874.710097777043,0.04023806049687565,0.0402380604968759,0.04023806049685131,0.04023794952869152,0.04023805361257659,0.04023806006798022,-2.4591439995447217e-14,-6.884299311171738e-09
2878.7819251110045,0.04036713272907777,0.04036713272907892,0.04036713272905208,0.04036644976182907,0.04036708907548748,0.04036712998626214,-2.683964162031316e-14,-4.365359144303804e-08
2882.8537524449666,0.04065749335196592,0.040657493351968284,0.04065749335194227,0.04065615895943305,0.040657407917122516,0.04065748798140327,-2.60139132457482e-14,-8.54348457673959e-08
2886.9255797789283,0.04112887760511028,0.04112887760511384,0.04112887760508992,0.04112680382433473,0.041128744869304165,0.04112886926111967,-2.3925306180672123e-14,-1.3273580967698706e-07
2890.99740711289,0.04174633876059007,0.04174633876059472,0.041746338760571655,0.041744147776870105,0.041746198724205534,0.04174632995847733,-2.3064883336587627e-14,-1.4003638918597128e-07
2895.069234446852,0.042259294303372885,0.042259294303378325,0.0422592943033566,0.04225864982017656,0.04225925319955934,0.04225929171801626,-2.1725676813133532e-14,-4.1103818987364704e-08
2899.1410617808137,0.04252956377359399,0.04252956377360044,0.04252956377358498,0.04253003200717769,0.042529593243003656,0.04252956561769231,-1.5459855617905305e-14,2.9469403216297874e-08
2903.2128891147754,0.04289503789857186,0.042895037898580624,0.04289503789857508,0.04289510760851432,0.04289504135595847,0.042895038101025705,-5.5441762292218755e-15,3.4573778492918983e-09
2907.2847164487375,0.043612366771965706,0.04361236677197819,0.04361236677198264,0.043611714165312475,0.04361232363316091,0.043612364039431355,4.447830992404533e-15,-4.3138817282240005e-08
2911.356543782699,0.04477790573738638,0.04477790573740372,0.044777905737415274,0.04477660716435492,0.04477782080847856,0.044777900370691945,1.1553258350005535e-14,-8.492892516337447e-08
2915.428371116661,0.04658066091911008,0.04658066091913503,0.04658066091914821,0.04657851763420683,0.04658052125983951,0.04658065210160001,1.3183898417423734e-14,-1.3965929551718048e-07
2919.500198450623,0.04947996994781945,0.049479969947857395,0.0494799699478668,0.04947650403646842,0.04947974470118074,0.04947995573551918,9.402201239794294e-15,-2.2524667665779763e-07
2923.5720257845846,0.05419034981846431,0.05419034981852459,0.054190349818528126,0.05418497979310011,0.05419000137842507,0.05419032784127557,3.5388358909926865e-15,-3.4844009951656707e-07
2927.6438531185463,0.06118533368997605,0.061185333690069184,0.06118533369006888,0.06117814905125883,0.06118486726097027,0.061185304266886696,-3.0531133177191805e-16,-4.66429098913701e-07
2931.7156804525084,0.06803062317751357,0.06803062317763325,0.06803062317763674,0.06802481358099516,0.06803024253194384,0.06803059911334915,3.4833247397614286e-15,-3.806456894128729e-07
2935.78750778647,0.06839620796897024,0.0683962079690683,0.06839620796907696,0.06839369349413586,0.06839603585526038,0.06839619698170721,8.659739592076221e-15,-1.7211380791415376e-07
2939.8593351204318,0.06353153078608173,0.0635315307861127,0.06353153078611415,0.0635255236024771,0.06353113199857324,0.06353150550636366,1.4432899320127035e-15,-3.987875394628748e-07
2943.931162454394,0.060099424583694654,0.06009942458364567,0.060099424583637144,0.060084445551177854,0.06009844652515263,0.06009936281379265,-8.527900607901984e-15,-9.78058493042444e-07
2948.0029897883555,0.06004099007455468,0.06004099007441856,0.060040990074405415,0.06001765889750179,0.06003947176653637,0.06004089424194658,-1.314226505400029e-14,-1.518307882183989e-06
2952.074817122317,0.061732689869457895,0.06173268986924707,0.061732689869234206,0.06171511957567945,0.06173153866407337,0.06173261705214714,-1.2864709297844001e-14,-1.1512051737022633e-06
2956.1466444562793,0.06200785711836633,0.06200785711814547,0.0620078571181374,0.06200497833149197,0.062007639268941026,0.062007842896184516,-8.069933610244107e-15,-2.1784920444661848e-07
2960.218471790241,0.06163357269898028,0.06163357269879338,0.061633572698793285,0.06162408725558332,0.06163291413521273,0.06163353053456336,-9.71445146547012e-17,-6.585635806549694e-07
2964.2902991242026,0.06309743493629365,0.0630974349361367,0.06309743493614606,0.06307756037417105,0.0630961050032391,0.06309735041908875,9.353628982466944e-15,-1.3299328976007496e-06
2968.3621264581648,0.06480013357660945,0.06480013357653444,0.06480013357655198,0.06479889591604848,0.06480003445850849,0.06480012693517292,1.7541523789077473e-14,-9.911802595352626e-08
2972.4339537921264,0.06285663140346448,0.06285663140353343,0.06285663140354575,0.06289076702232484,0.06285884669393256,0.0628567710958538,1.2323475573339238e-14,2.2152903991351502e-06
2976.505781126088,0.05775850559398482,0.05775850559409885,0.0577585055940863,0.057798971275184845,0.05776113283196617,0.0577586713760516,-1.2545520178264269e-14,2.627237867321164e-06
2980.57760846005,0.05317558046414407,0.05317558046423091,0.053175580464191095,0.053203737916202566,0.05317740694525393,0.053175695710051075,-3.9815373220619676e-14,1.8264810230164685e-06
2984.649435794012,0.0501630640558891,0.05016306405594465,0.05016306405588785,0.050180552811680754,0.050164197298400534,0.050163135542899334,-5.680178549738457e-14,1.1332424558821441e-06
2988.7212631279735,0.048246798824063866,0.04824679882409663,0.04824679882403408,0.04825777276478417,0.04824750928547359,0.048246843630974,-6.255412854372366e-14,7.1046137695846e-07
2992.7930904619357,0.047080476593768725,0.047080476593787945,0.047080476593729034,0.04708732886838104,0.047080919977627214,0.04708050455306141,-5.891120924417237e-14,4.43383839268674e-07
2996.8649177958973,0.046442047687300564,0.04644204768731357,0.04644204768726329,0.04644627345534225,0.04644232103598859,0.046442064923237054,-5.0279225227711777e-14,2.7334867502143423e-07
3000.936745129859,0.04616053429682516,0.04616053429683489,0.0461605342967945,0.04616304713186544,0.0461606968237367,0.046160544545021595,-4.0391301414643976e-14,1.625269018049047e-07
3005.008572463821,0.046128153119296536,0.046128153119303676,0.04612815311927825,0.046129486833092745,0.046128239407745,0.04612815856126084,-2.5424107263916085e-14,8.628844132274605e-08
3009.080399797783,0.046283582374526386,0.04628358237453146,0.04628358237452702,0.0462840475810748,0.04628361254528852,0.046283584279427456,-4.440892098500626e-15,3.017075705935568e-08
3013.1522271317444,0.04659388767937276,0.046593887679375855,0.04659388767938901,0.04659366431403341,0.0465938733888876,0.04659388678248748,1.3156142841808105e-14,-1.4290488258017486e-08
3017.2240544657066,0.04704355317721093,0.04704355317721319,0.0470435531772308,0.04704274094098259,0.04704350088674747,0.047043549886168594,1.7610912728116546e-14,-5.2290465721305246e-08
3021.295881799668,0.04762864265658534,0.04762864265658788,0.04762864265660256,0.04762728810863302,0.04762855538808778,0.04762863716213931,1.4682699500667695e-14,-8.726850009993514e-08
3025.36770913363,0.04835391657087782,0.048353916570880985,0.04835391657089357,0.048352027309676575,0.04835379482634444,0.04835390890491278,1.2587153541687712e-14,-1.2174453654228978e-07
3029.439536467592,0.04923168253386674,0.04923168253386997,0.04923168253388264,0.04922923376990701,0.04923152472197448,0.04923167259632775,1.2670420268534599e-14,-1.5781189548896846e-07
3033.5113638015537,0.050281795210193665,0.05028179521019657,0.050281795210213524,0.05027873127549849,0.050281597745193474,0.05028178277535003,1.695171780724536e-14,-1.974650030989178e-07
3037.5831911355153,0.05153258790207948,0.051532587902082046,0.05153258790210274,0.05152881970189415,0.05153234504025228,0.051532572608244405,2.0691781621451355e-14,-2.4286182976479553e-07
3041.6550184694775,0.05302275395499685,0.05302275395499932,0.05302275395501581,0.05301815235403199,0.053022457368394914,0.053022735277690664,1.6486811915683575e-14,-2.9658660440773366e-07
3045.726845803439,0.05480439640469925,0.0548043964047018,0.05480439640470358,0.05479878065079463,0.054804034434377466,0.054804373609619365,1.7832957333041577e-15,-3.6197032433210596e-07
3049.798673137401,0.05694769841255972,0.056947698412562184,0.056947698412539445,0.0569408176277319,0.05694725487417333,0.05694767048035126,-2.2738755323103987e-14,-4.4353838885707875e-07
3053.870500471363,0.0595480087931632,0.05954800879316576,0.05954800879312116,0.05953951294960402,0.059547461103656475,0.05954797430142386,-4.4603210014315664e-14,-5.476895092865197e-07
3057.9423278053246,0.06273669729288897,0.06273669729289205,0.06273669729284244,0.0627260913691093,0.06273601351115247,0.06273665422976128,-4.961309141293668e-14,-6.837817395771717e-07
3062.0141551392862,0.06669811201337084,0.06669811201337515,0.06669811201333425,0.06668468212849092,0.06669724607141664,0.06669805747715078,-4.0897840669629204e-14,-8.659419585138606e-07
3066.0859824732484,0.07169675122492532,0.07169675122493126,0.07169675122489379,0.07167944234884323,0.07169563503177497,0.07169668092667335,-3.7470027081099033e-14,-1.116193156291967e-06
3070.15780980721,0.0781221212903353,0.07812212129034282,0.07812212129027825,0.07809932820412364,0.0781206512328217,0.07812202870352834,-6.457334666976067e-14,-1.4700575211162858e-06
3074.2296371411717,0.08656531034064802,0.0865653103406573,0.08656531034053905,0.08653450748699604,0.08656332337697653,0.08656518519523505,-1.1825262991038699e-13,-1.98696368076956e-06
3078.301464475134,0.09795448697590621,0.09795448697591813,0.09795448697575843,0.09791154880577058,0.09795171673394286,0.09795431249275957,-1.5970558209232877e-13,-2.770241975272314e-06
3082.3732918090955,0.11380343921988116,0.11380343921989734,0.11380343921972542,0.11374135144264931,0.11379943274303435,0.11380318686622644,-1.719180353632055e-13,-4.006476862994379e-06
3086.445119143057,0.13668081732061543,0.13668081732063828,0.13668081732046036,0.13658719915014234,0.1366747750045647,0.13668043672687963,-1.7791323969618134e-13,-6.042316073567866e-06
3090.5169464770192,0.17109686242516958,0.17109686242520267,0.17109686242502148,0.1709494399743372,0.17108734571447695,0.17109626297196306,-1.8118839761882555e-13,-9.516710725715471e-06
3094.588773810981,0.22501484860310247,0.22501484860315252,0.22501484860299453,0.2247756471535656,0.22499940598465637,0.22501387586673585,-1.5798473640415978e-13,-1.5442618496147587e-05
3098.6606011449426,0.31105932165673145,0.31105932165680955,0.3110593216567024,0.31068497086612606,0.31103516206023535,0.31105779986992366,-1.071365218763276e-13,-2.4159596574202524e-05
3102.7324284789047,0.43891411622902377,0.4389141162291426,0.4389141162291678,0.4384729564915444,0.43888569821851675,0.43891232649441014,2.5202062658991053e-14,-2.8418010625863577e-05
3106.8042558128664,0.5774839153752505,0.577483915375406,0.5774839153757475,0.577378146223981,0.577477228315697,0.5774834949954577,3.4150460237469815e-13,-6.687059708965215e-06
3110.876083146828,0.6434916157344247,0.6434916157345953,0.6434916157353783,0.6438638345503992,0.643515685150594,0.6434931323347661,7.829292769656604e-13,2.4069415998639876e-05
3114.94791048079,0.5980754738434588,0.5980754738436178,0.5980754738446212,0.5984893182858704,0.5981021446480269,0.5980771538932963,1.0034195696562165e-12,2.66708044091013e-05
3119.019737814752,0.4968529775342061,0.49685297753429775,0.4968529775349847,0.49704748285603473,0.4968654728436249,0.49685376436370554,6.869504964868156e-13,1.249530932717624e-05
3123.0915651487135,0.4362851731877554,0.4362851731877534,0.43628517318804355,0.4361914643806457,0.43627903994754924,0.4362847860038622,2.9015678748578466e-13,-6.133240204153623e-06
3127.1633924826756,0.44663480457067034,0.4466348045705715,0.4466348045707127,0.4462794116096712,0.4466117636360052,0.4466333517959009,1.412203687323199e-13,-2.304093456628742e-05
3131.2352198166373,0.494625814764795,0.4946258147646173,0.49462581476489803,0.4942852922222853,0.49460381871700604,0.4946244284165397,2.8071989177647083e-13,-2.1996047611272385e-05
3135.307047150599,0.480260841942927,0.4802608419427425,0.48026084194307966,0.4803853273037372,0.4802689939372073,0.4802613566306853,3.3717473257866004e-13,8.151994464800083e-06
3139.378874484561,0.37639167336640167,0.3763916733662685,0.37639167336630214,0.3767624315570419,0.37641571134580815,0.3763931893331479,3.3639757646142243e-14,2.403797953964837e-05
3143.4507018185227,0.2704496189919809,0.27044961899189596,0.27044961899171543,0.27074478120149914,0.27046873467670085,0.2704508244082787,-1.8052226380405045e-13,1.911568480489345e-05
3147.5225291524844,0.19825030301241406,0.1982503030123599,0.19825030301215762,0.19843644068177552,0.19826235601185171,0.19825106305676574,-2.0228263508670352e-13,1.205299949180727e-05
3151.5943564864465,0.15283507716122452,0.15283507716118905,0.15283507716104153,0.15295005908830575,0.15284252328605052,0.1528355467109565,-1.4752088439706768e-13,7.446124861476555e-06
3155.666183820408,0.12373164025118419,0.12373164025116018,0.12373164025104627,0.12380512776213273,0.12373639998168819,0.12373194040539237,-1.1390888232654106e-13,4.759730528006156e-06
3159.73801115437,0.10428815511754465,0.10428815511752783,0.10428815511740745,0.10433724437031955,0.10429133512800189,0.1042883556582204,-1.203759314449826e-13,3.180010474057582e-06
3163.809838488332,0.09073675535625485,0.0907367553562428,0.09073675535610286,0.09077094594751005,0.09073897059676117,0.09073689505967873,-1.3994361225400098e-13,2.215240518368966e-06
3167.8816658222936,0.08093240660146594,0.08093240660145695,0.08093240660130334,0.08095710389405993,0.08093400701902419,0.08093250753417049,-1.5361323324469822e-13,1.6004175672351684e-06
3171.9534931562553,0.07361060799904369,0.07361060799903671,0.0736106079988853,0.07362900936996294,0.07361180061754488,0.07361068321547798,-1.5140666498325572e-13,1.1926185081723162e-06
3176.0253204902174,0.06799504893469212,0.06799504893468639,0.06799504893455358,0.0680091236971386,0.0679959612775336,0.06799510647630415,-1.3281042932078435e-13,9.123428472146422e-07
3180.097147824179,0.06359019890806769,0.06359019890806279,0.06359019890795634,0.06360120670871372,0.06359091255256395,0.06359024391908225,-1.064565102737447e-13,7.136445011601822e-07
3184.1689751581407,0.06006841797046936,0.060068417970465124,0.0600684179703827,0.06007719240434217,0.06006898690721759,0.06006845385555325,-8.242712068451397e-14,5.689367524666644e-07
3188.240802492103,0.057206220068434545,0.05720622006843107,0.05720622006837361,0.05721332968357402,0.05720668112471106,0.057206249149960545,-5.746098041825576e-14,4.6105627999476484e-07
3192.3126298260645,0.054846933705193134,0.054846933705190434,0.05484693370515815,0.054852776750989526,0.0548473126795011,0.05484695761006727,-3.2286673334880334e-14,3.7897431066913345e-07
3196.384457160026,0.05287805401829016,0.05287805401828826,0.05287805401827462,0.052882916102777254,0.05287836941374187,0.05287807391337134,-1.3641865415081611e-14,3.153954536080916e-07
3200.4562844939883,0.051217062462101226,0.05121706246209958,0.0512170624620923,0.05122115272889596,0.051217327829105756,0.05121707920192732,-7.278899705198683e-15,2.6536700617474374e-07
3204.52811182795,0.04980228953511269,0.04980228953511067,0.049802289535101685,0.04980576400130038,0.04980251498276377,0.04980230375720779,-8.98586760555986e-15,2.2544765310161807e-07
3208.5999391619116,0.048586872816599194,0.04858687281659684,0.04858687281658554,0.0485898498105866,0.04858706601251555,0.04858688500452398,-1.1303458169464875e-14,1.931959187073673e-07
3212.6717664958737,0.04753466767923179,0.047534667679229384,0.04753466767922239,0.04753723828704927,0.04753483452615909,0.04753467820524974,-6.994405055138486e-15,1.66846929702813e-07
3216.7435938298354,0.046617420924350304,0.04661742092434814,0.046617420924348694,0.04661965620498487,0.0466175660275222,0.046617430078899715,5.551115123125783e-16,1.4510317405957984e-07
3220.815421163797,0.045812779917895625,0.04581277991789403,0.04581277991789694,0.04581473598070129,0.045812906913932784,0.04581278793033047,2.9073965457371287e-15,1.2699603875454546e-07
3224.887248497759,0.04510286594290907,0.045102865942908556,0.045102865942906044,0.04510458758164963,0.04510297773523391,0.04510287299634487,-2.5118795932144167e-15,1.1179232535518668e-07
3228.959075831721,0.04447323577153224,0.044473235771532664,0.04447323577152506,0.04447475910590424,0.04447333470149527,0.04447324201363666,-7.605027718682322e-15,9.892996260391085e-08
3233.0309031656825,0.04391211496489826,0.043912114964898545,0.04391211496489216,0.04391346938797326,0.04391220293794678,0.04391212051584766,-6.38378239159465e-15,8.797304823504604e-08
3237.1027304996446,0.0434098243650093,0.04340982436500828,0.043409824365006004,0.04341103399773658,0.04340990294492496,0.04340982932343244,-2.275957200481571e-15,7.857991667775677e-08
3241.1745578336063,0.04295834592954662,0.04295834592954461,0.04295834592954311,0.042959430720149155,0.042958416409679866,0.04295835037701824,-1.4988010832439613e-15,7.048013525579044e-08
3245.246385167568,0.042550990408521415,0.042550990408520256,0.04255099040851793,0.04255196697269366,0.04255105386623283,0.04255099441299587,-2.3245294578089215e-15,6.345771257076915e-08
3249.31821250153,0.04218214036883999,0.04218214036884085,0.042182140368837655,0.04218302263843984,0.042182197707532516,0.04218214398729967,-3.191891195797325e-15,5.733869166968386e-08
3253.3900398354917,0.041847049598869784,0.04184704959887151,0.04184704959886541,0.04184784932751774,0.04184710158075095,0.041847052879389945,-6.099287741534454e-15,5.19818794397775e-08
3257.4618671694534,0.04154168514483603,0.04154168514483628,0.041541685144828804,0.04154241230547069,0.04154173241668231,0.04154168812821056,-7.473188734508085e-15,4.727184603481316e-08
3261.5336945034155,0.041262601899383675,0.04126260189938227,0.041262601899374966,0.04126326499943574,0.04126264501296905,0.041262604620416664,-7.306655280814311e-15,4.31135867770549e-08
3265.605521837377,0.04100684227295002,0.04100684227294822,0.04100684227293714,0.04100744860612129,0.04100688170136335,0.041006844761484126,-1.1081413564539844e-14,3.9428415130049466e-08
3269.677349171339,0.040771855357455505,0.04077185535745464,0.04077185535743617,0.04077241120630297,0.04077189150822903,0.04077185763919866,-1.8471335572201042e-14,3.61507743948386e-08
3273.749176505301,0.04055543135888382,0.04055543135888414,0.04055543135885957,0.040555942158921145,0.04055546458462875,0.040555433456078975,-2.4570623313735496e-14,3.3225744607012775e-08
3277.8210038392626,0.040355648080068404,0.04035564808006927,0.04035564808004087,0.04035611855353712,0.04035567868714561,0.04035565001204052,-2.8400892748692286e-14,3.0607076338673433e-08
3281.8928311732243,0.04017082698049389,0.04017082698049451,0.04017082698046512,0.040171261246061477,0.04017085523612578,0.040170828764099144,-2.939315457695102e-14,2.8255631265294845e-08
3285.9646585071864,0.03999949689800859,0.039999496898008795,0.039999496897981796,0.0399998985612293,0.03999952303614351,0.03999949854800502,-2.6999236180103026e-14,2.6138134712194727e-08
3290.036485841148,0.03984036393865163,0.039840363938651334,0.03984036393862489,0.03984073616695909,0.03984038816482518,0.039840365468005165,-2.6444124667790447e-14,2.422617384478798e-08
3294.1083131751097,0.039692286361382736,0.03969228636138209,0.03969228636135042,0.039692631946572646,0.03969230885676857,0.039692287781522895,-3.166911177743259e-14,2.2495386477194845e-08
3298.180140509072,0.03955425353028107,0.03955425353028055,0.03955425353024243,0.03955457494081782,0.03955427445508211,0.03955425485131485,-3.812228310806631e-14,2.0924801558130923e-08
3302.2519678430335,0.03942536819653395,0.03942536819653385,0.03942536819649513,0.03942566762153532,0.039425387692833824,0.03942536942742531,-3.8719027983802334e-14,1.9496299977217468e-08
3306.323795176995,0.03930483152003378,0.03930483152003371,0.03930483152000024,0.03930511090641658,0.039304849714204816,0.03930483266875498,-3.346628529854456e-14,1.8194171107210888e-08
3310.3956225109573,0.039191930355778816,0.03919193035577849,0.03919193035575266,0.03919219143975754,0.03919194736052508,0.039191931429439955,-2.5826563110342704e-14,1.7004746589999176e-08
3314.467449844919,0.039086026421081325,0.03908602642108083,0.03908602642106245,0.039086270754981216,0.03908604233717762,0.0390860274260404,-1.8381129951450248e-14,1.591609678774919e-08
3318.5392771788806,0.03898654703145688,0.03898654703145677,0.038986547031444316,0.0389867760066223,0.038986561949234555,0.03898654797341357,-1.2455314557513475e-14,1.4917777783896025e-08
3322.6111045128428,0.03889297715027454,0.03889297715027485,0.038892977150268154,0.03889319201670965,0.03889299115089402,0.038892978034349525,-6.696032617270475e-15,1.4000619170950745e-08
3326.6829318468044,0.038804852543012885,0.03880485254301276,0.03880485254301143,0.038805054426278685,0.0388048656995593,0.038804853373816506,-1.3322676295501878e-15,1.315654653971654e-08
3330.7547591807665,0.03872175386376928,0.038721753863768374,0.03872175386377093,0.03872194377956907,0.038721766242199786,0.03872175464546279,2.55351295663786e-15,1.237843141183026e-08
3334.826586514728,0.038643301531405425,0.038643301531405314,0.03864330153140866,0.038643480398211597,0.03864331319136928,0.038643302267753914,3.344546861683284e-15,1.165996396657043e-08
3338.89841384869,0.03856915127683978,0.038569151276841004,0.03856915127684327,0.03856931992685384,0.03856916227238671,0.038569151971254066,2.2690183065776637e-15,1.0995545703107457e-08
3342.970241182652,0.03849899026265739,0.038498990262658524,0.03849899026266069,0.038499149451354533,0.03849900064285569,0.03849899091823233,2.1649348980190553e-15,1.0380197167092486e-08
3347.0420685166137,0.03843253369232406,0.03843253369232414,0.03843253369233041,0.03843268410679058,0.03843254350180378,0.03843253431187479,6.2727600891321345e-15,9.809479638300811e-09
3351.1138958505753,0.03836952183952648,0.03836952183952602,0.038369521839539,0.038369664105757026,0.03836953111895379,0.038369522425619584,1.2975731600306517e-14,9.279427767849846e-09
3355.1857231845374,0.038309717439070586,0.03830971743907042,0.03830971743908887,0.03830985212837003,0.0383097262255619,0.03830971799404888,1.845051889048932e-14,8.786491478840475e-09
3359.257550518499,0.03825290338981123,0.038252903389811084,0.03825290338983206,0.038253031024426884,0.03825291171729729,0.03825290391581552,2.097627627151155e-14,8.327486207548862e-09
3363.3293778524608,0.038198880727606174,0.038198880727605765,0.03819888072762426,0.03819900178569597,0.03819888862715562,0.038198881226596815,1.8492152253912764e-14,7.899549854528676e-09
3367.401205186423,0.03814746683255883,0.038147466832558444,0.03814746683256925,0.038147581752581795,0.03814747433266349,0.038147467306334074,1.0803857808383555e-14,7.500105043967142e-09
3371.4730325203845,0.03809849384004996,0.03809849384004956,0.03809849384005145,0.03809860302465346,0.03809850096687609,0.038098494290260985,1.887379141862766e-15,7.126826524761487e-09
3375.544859854346,0.03805180722945975,0.038051807229459396,0.03805180722945406,0.038051911048930714,0.03805181400707249,0.03805180765762521,-5.336009412104659e-15,6.777613095754198e-09
3379.6166871883083,0.03800726456819457,0.038007264568193935,0.03800726456818232,0.03800736336352785,0.03800727101875677,0.03800726497571281,-1.16157083951407e-14,6.45056283388179e-09
3383.68851452227,0.0379647343917536,0.03796473439175301,0.037964734391737365,0.03796482847738755,0.037964740535704054,0.03796473477991488,-1.56472057533108e-14,6.143951042369977e-09
3387.7603418562317,0.037924095203229716,0.037924095203229424,0.037924095203213576,0.03792418486948683,0.03792410105944112,0.037924095573225264,-1.584843367652411e-14,5.856211696131375e-09
3391.832169190194,0.037885234577879234,0.03788523457787967,0.037885234577865384,0.03788532009314966,0.03788524016379998,0.03788523493081063,-1.4287182548144983e-14,5.58592030963645e-09
3395.9039965241554,0.037848048360321546,0.03784804836032232,0.03784804836030958,0.03784812997301815,0.037848053692101716,0.03784804869720769,-1.2739809207573671e-14,5.331779392991898e-09
3399.975823858117,0.037812439943555966,0.03781243994355632,0.037812439943544406,0.03781251788387059,0.03781244503616188,0.03781244026534075,-1.1914080833008711e-14,5.092605559475771e-09
3404.0476511920792,0.0377783196203919,0.037778319620391895,0.03777831962038,0.03777839410187468,0.03777832448770945,0.0377783199279518,-1.189326415129699e-14,4.867317555945494e-09
3408.119478526041,0.03774560399908757,0.03774560399908737,0.03774560399907465,0.03774567522006719,0.037745608654014176,0.03774560429323671,-1.271899252586195e-14,4.65492680512547e-09
3412.1913058600026,0.037714215476019226,0.03771421547601904,0.03771421547600427,0.03771428362088475,0.03771421993054665,0.03771421575751481,-1.4765966227514582e-14,4.454527607888892e-09
3416.2631331939647,0.03768408175910097,0.03768408175910106,0.037684081759084324,0.03768414699945852,0.037684086024390454,0.037684082028647536,-1.6736612096224235e-14,4.2652893925132496e-09
3420.3349605279263,0.03765513543644005,0.037655135436440466,0.037655135436424396,0.03765519793216024,0.03765513952289031,0.03765513569469411,-1.607047828144914e-14,4.086449845175366e-09
3424.406787861888,0.03762731358538037,0.03762731358538115,0.037627313585367896,0.0376273734855461,0.03762731750268892,0.037627313832953944,-1.3253287356462806e-14,3.91730776982957e-09
3428.47861519585,0.03760055741766306,0.03760055741766372,0.03760055741765176,0.03760061486142941,0.03760056117488199,0.03760055765512715,-1.1962653090336062e-14,3.757218265676432e-09
3432.550442529812,0.03757481195693508,0.03757481195693494,0.03757481195692012,0.037574867074310965,0.03757481556252185,0.03757481218482296,-1.482147737874584e-14,3.6055869123696738e-09
3436.6222698637735,0.03755002574527456,0.037550025745273566,0.03755002574525494,0.03755007865783362,0.03755002920713916,0.037550025964085444,-1.8623991238087e-14,3.461865592802038e-09
3440.6940971977356,0.037526150575784976,0.0375261505757837,0.03752615057576299,0.03752620139731267,0.037526153901331676,0.037526150785986756,-2.0712598303163077e-14,3.3255479758853568e-09
3444.7659245316972,0.03750314124863991,0.03750314124863891,0.03750314124861757,0.03750319008572267,0.037503144444805014,0.037503141450671,-2.1344037648418634e-14,3.1961661026147503e-09
3448.837751865659,0.03748095534825335,0.03748095534825277,0.037480955348232634,0.037481002300816676,0.037480958421539985,0.03748095554252444,-2.0136670109138777e-14,3.0732872149941137e-09
3452.909579199621,0.03745955303950862,0.03745955303950825,0.037459553039491174,0.03745959820130889,0.037459555996018405,0.03745955322640457,-1.707661789751569e-14,2.9565101547501804e-09
3456.9814065335827,0.03743889688120293,0.03743889688120246,0.03743889688118837,0.037438940340278254,0.03743889972666572,0.03743889706108523,-1.4085954624931674e-14,2.8454632608476693e-09
3461.0532338675443,0.037418951655063516,0.03741895165506316,0.037418951655051866,0.037418993494146464,0.0374189543948647,0.037418951828272366,-1.1296519275560968e-14,2.739801538420572e-09
3465.1250612015065,0.03739968420886655,0.037399684208866454,0.037399684208858475,0.03739972450576163,0.03739968684807118,0.037399684375721796,-7.979727989493313e-15,2.639204722820754e-09
3469.196888535468,0.03738106331234103,0.037381063312341194,0.03738106331233713,0.037381102140271835,0.03738106585571597,0.03738106347314368,-4.066191827689636e-15,2.543374774677254e-09
3473.26871586943,0.03736305952468029,0.03736305952468071,0.03736305952467978,0.037363096952608456,0.03736306197671541,0.03736305967971379,-9.298117831235686e-16,2.4520347002843224e-09
3477.340543203392,0.03734564507260401,0.03734564507260458,0.03734564507260725,0.03734568116552254,0.037345647437531,0.03734564522213543,2.671474153004283e-15,2.364926421360991e-09
3481.4123705373536,0.03732879373801923,0.0373287937380199,0.037328793738026986,0.037328828557222686,0.037328796019829316,0.0373287938823005,7.08461067588928e-15,2.281809415027869e-09
3485.4841978713152,0.03731248075442595,0.03731248075442693,0.0373124807544367,0.037312514357759605,0.03731248295688629,0.03731248089369508,9.769962616701378e-15,2.2024593607228304e-09
3489.5560252052774,0.0372966827112975,0.03729668271129891,0.03729668271130839,0.03729671515338649,0.03729668483796563,0.03729668284577925,9.478529072737274e-15,2.1266667177277654e-09
3493.627852539239,0.03728137746574023,0.037281377465741214,0.03728137746574901,0.037281408798200834,0.037281379519977176,0.03728137759564601,7.799316747991725e-15,2.0542359618902495e-09
3497.6996798732007,0.037266544060803194,0.03726654406080323,0.037266544060809044,0.03726657433243989,0.03726654604578735,0.03726654418633315,5.814793091474257e-15,1.9849841215169306e-09
3501.771507207163,0.037252162649875506,0.03725216264987475,0.03725216264987981,0.03725219190686271,0.037252164568614805,0.03725216277121968,5.0584536559483695e-15,1.9187400557285628e-09
3505.8433345411245,0.0372382144266556,0.03723821442665512,0.03723821442666172,0.03723824271270547,0.03723821628199867,0.03723821454399491,6.598888102615774e-15,1.8553435524037987e-09
3509.915161875086,0.03722468156022848,0.03722468156022872,0.03722468156023625,0.03722470891674502,0.037224683354873174,0.037224681673733724,7.528699885739343e-15,1.7946444538785578e-09
3513.9869892090483,0.037211547134825745,0.03721154713482658,0.03721154713483203,0.037211573601048674,0.037211548871328604,0.03721154724465819,5.4539706084710815e-15,1.736502025506681e-09
3518.05881654301,0.037198795093889035,0.037198795093889535,0.03719879509389184,0.037198820707027576,0.03719879677467374,0.03719879520020087,2.3037127760972e-15,1.6807842062593892e-09
3522.1306438769716,0.037186410188086584,0.03718641018808664,0.03718641018808682,0.03718643498344511,0.03718641181545357,0.03718641029102298,1.8041124150158794e-16,1.6273669287136805e-09
3526.2024712109337,0.037174377926970884,0.03717437792697063,0.03717437792696972,0.03717440193806395,0.037174379503104385,0.03717437802666987,-9.08995101411847e-16,1.5761337582298474e-09
3530.2742985448954,0.037162684533983685,0.03716268453398343,0.03716268453398389,0.037162707792643156,0.037162686060958586,0.03716268463057654,4.649058915617843e-16,1.5269751574287227e-09
3534.346125878857,0.03715131690454739,0.037151316904547364,0.037151316904551264,0.03715133944102245,0.03715131838433559,0.03715131699815892,3.899658373995862e-15,1.4797882225137116e-09
3538.417953212819,0.03714026256700399,0.03714026256700401,0.03714026256700916,0.03714028441005361,0.03714026400147985,0.03714026265775244,5.1486592766991635e-15,1.4344758367257349e-09
3542.489780546781,0.03712950964617991,0.03712950964617963,0.03712950964618376,0.037129530823159985,0.03712951103712639,0.03712950973417745,4.128641872824801e-15,1.3909467605488501e-09
3546.5616078807425,0.03711904682937891,0.03711904682937822,0.03711904682938142,0.03711906736632381,0.03711904817849316,0.03711904691473266,3.1988300897012323e-15,1.3491149378208611e-09
3550.6334352147046,0.03710886333461989,0.03710886333461881,0.03710886333462104,0.037108883256317636,0.03710886464351813,0.03710886341743194,2.2273849431542203e-15,1.3088993222609702e-09
3554.7052625486663,0.03709894888094947,0.037098948880948515,0.03709894888094985,0.03709896821101285,0.03709895015117169,0.03709894896131754,1.3322676295501878e-15,1.270223176641494e-09
3558.777089882628,0.037089293660678715,0.03708929366067805,0.03708929366068043,0.037089312421610524,0.037089294893692476,0.037089293738695676,2.3800406090401793e-15,1.2330144266714527e-09
3562.84891721659,0.03707988831339907,0.037079888313398764,0.03707988831340304,0.0370799065266538,0.0370798895106035,0.037079888389153354,4.274358644806853e-15,1.1972047381236806e-09
3566.9207445505517,0.03707072390165068,0.03707072390165078,0.03707072390165589,0.0370707415876927,0.037070725064380486,0.03707072397522657,5.10702591327572e-15,1.1627297041849616e-09
3570.9925718845134,0.037061791888123904,0.03706179188812446,0.0370617918881298,0.03706180906648126,0.03706179301765284,0.037061791959601985,5.342948306008566e-15,1.1295283805501377e-09
3575.0643992184755,0.037053084114283916,0.037053084114284686,0.037053084114289224,0.03705310080359882,0.037053085211827645,0.037053084183740696,4.538036613155327e-15,1.0975429592940955e-09
3579.136226552437,0.037044592780316535,0.03704459278031738,0.03704459278032064,0.03704460899839331,0.03704459384703634,0.0370445928478252,3.2612801348363973e-15,1.0667189562219015e-09
3583.208053886399,0.03703631042630524,0.03703631042630626,0.03703631042630876,0.03703632619015499,0.037036311463310975,0.03703631049193602,2.5049406993105094e-15,1.037004718207335e-09
3587.279881220361,0.03702822991455186,0.03702822991455314,0.03702822991455564,0.03702824524043413,0.037028230922904394,0.03702822997837182,2.5049406993105094e-15,1.0083512566594344e-09
3591.3517085543226,0.03702034441296276,0.0370203444129641,0.03702034441296663,0.037020359316424466,0.037020345393676324,0.03702034447503583,2.5326962749261384e-15,9.807122267058155e-10
3595.4235358882843,0.037012647379426694,0.037012647379427624,0.03701264737943065,0.037012661875338984,0.037012648333471176,0.037012647439813647,3.0253577421035516e-15,9.540435524924007e-10
3599.4953632222464,0.03700513254711789,0.03700513254711812,0.03700513254712231,0.03700514664971161,0.037005133475421635,0.03700513260587712,4.191091917959966e-15,9.283035173890397e-10
3603.567190556208,0.03699779391066261,0.0369977939106627,0.036997793910666134,0.03699780763356128,0.03699779481411524,0.03699779396785085,3.434752482434078e-15,9.034525419449047e-10
3607.6390178901697,0.03699062571311305,0.03699062571311312,0.036990625713113255,0.03699063906936254,0.03699062659256611,0.036990625768784154,1.3183898417423734e-16,8.794529895994607e-10
3611.710845224132,0.03698362243367057,0.03698362243367039,0.036983622433668054,0.03698363543576808,0.036983623289939566,0.036983622487875886,-2.338407245616736e-15,8.562691736213601e-10
3615.7826725580935,0.036976778776112794,0.03697677877611233,0.036976778776110816,0.03697679143603462,0.03697677960997946,0.03697677882890167,-1.5126788710517758e-15,8.338671281249432e-10
3619.854499892055,0.03697008965787883,0.03697008965787834,0.036970089657879075,0.03697010198710606,0.03697009047009273,0.036970089709298826,7.355227538141662e-16,8.122143929645276e-10
3623.9263272260173,0.036963550199769546,0.036963550199769005,0.0369635501997707,0.0369635622093121,0.0369635509910496,0.03696355024986605,1.6930901125533637e-15,7.912805966014957e-10
3627.998154559979,0.03695715571622236,0.03695715571622206,0.03695715571622298,0.03695716741664206,0.03695715648725841,0.036957155765039267,9.228728892196614e-16,7.710363528201647e-10
3632.0699818939406,0.03695090170612703,0.03695090170612658,0.03695090170612567,0.03695091310755854,0.03695090245758046,0.03695090175370573,-9.08995101411847e-16,7.514538782893432e-10
3636.1418092279027,0.03694478384414429,0.03694478384414307,0.03694478384414069,0.036944794956315426,0.03694478457664966,0.03694478389052428,-2.3800406090401793e-15,7.325065901064853e-10
3640.2136365618644,0.03693879797249853,0.03693879797249662,0.036938797972494476,0.03693880880475117,0.03693879868666596,0.03693879801771848,-2.1441182163073336e-15,7.141693417200834e-10
3644.285463895826,0.0369329400932167,0.03693294009321504,0.036932940093214364,0.0369329506545246,0.0369329407896332,0.03693294013731455,-6.730727086790012e-16,6.964181592516994e-10
3648.357291229788,0.0369272063607846,0.03692720636078349,0.03692720636078404,0.03692721665976939,0.03692720704001358,0.03692720640379622,5.48172618408671e-16,6.792300888402991e-10
3652.42911856375,0.03692159307519133,0.03692159307519096,0.03692159307519178,0.03692160312013922,0.036921593737774115,0.0369215931171511,8.187894806610529e-16,6.62583155008889e-10
3656.5009458977115,0.03691609667534443,0.036916096675344415,0.03691609667534495,0.03691610647422118,0.036916097321801095,0.036916096716284846,5.342948306008566e-16,6.464566798536353e-10
3660.5727732316736,0.036910713732828775,0.036910713732829004,0.03691071373282928,0.03691072329329527,0.036910714363659725,0.0369107137727814,2.7755575615628914e-16,6.308307209934583e-10
3664.6446005656353,0.0369054409459931,0.036905440945993205,0.0369054409459939,0.03690545027541851,0.036905441561679346,0.03690544098498792,6.938893903907228e-16,6.156861409589709e-10
3668.716427899597,0.036900275134339626,0.036900275134339924,0.036900275134341125,0.03690028423981543,0.036900275735344844,0.03690027517240628,1.2004286453759505e-15,6.010049194427047e-10
3672.788255233559,0.036895213233204785,0.036895213233205555,0.03689521323320752,0.03689522212155666,0.036895213819975264,0.03689521327037171,1.9637069748057456e-15,5.867697092099e-10
3676.8600825675207,0.03689025228870948,0.03689025228871032,0.0368902522887134,0.03689026096650834,0.036890252861674175,0.036890252325003425,3.0808688933348094e-15,5.729638569151874e-10
3680.9319099014824,0.036885389452963414,0.036885389452963914,0.036885389452968535,0.0368853979265373,0.03688539001253555,0.03688538948841006,4.621303340002214e-15,5.595716390249805e-10
3685.0037372354445,0.03688062197951126,0.036880621979511995,0.036880621979518635,0.03688063025495686,0.0368806225260898,0.036880622014136416,6.6405214660392176e-15,5.465778038504787e-10
3689.075564569406,0.036875947219009,0.03687594721900978,0.03687594721901832,0.036875955302200066,0.036875947752977686,0.036875947252836695,8.534839501805891e-15,5.33967904614574e-10
3693.147391903368,0.03687136261510929,0.036871362615109614,0.03687136261511887,0.03687137051170674,0.036871363136837754,0.03687136264816249,9.256484467812243e-15,5.217281398572915e-10
3697.21921923733,0.03686686570055095,0.03686686570055116,0.03686686570055948,0.03686687341601291,0.03686686621039632,0.036866865732852444,8.319733790784767e-15,5.098451591467601e-10
3701.2910465712916,0.0368624540934412,0.036862454093441785,0.03686245409344828,0.03686246163303119,0.03686245459174797,0.036862454125013266,6.494804694057166e-15,4.983061879793027e-10
3705.3628739052533,0.03685812549371689,0.03685812549371769,0.03685812549372171,0.03685813286251114,0.036858125980816885,0.03685812552458036,4.017619570362285e-15,4.8709919431289e-10
3709.4347012392154,0.036853877679774945,0.03685387767977539,0.03685387767977681,0.0368538848826704,0.03685387815598777,0.03685387770994945,1.4224732503009818e-15,4.762123820278852e-10
3713.506528573177,0.03684970850526379,0.03684970850526377,0.03684970850526347,0.03684971554698656,0.036849708970898475,0.03684970853476875,-2.983724378680108e-16,4.656347044051934e-10
3717.5783559071388,0.03684561589602917,0.036845615896029076,0.03684561589602808,0.036845622781141604,0.03684561635138433,0.036845615924883834,-9.922618282587337e-16,4.553552535035976e-10
3721.650183241101,0.036841597847203186,0.03684159784720327,0.03684159784720317,0.036841604580109974,0.03684159829256719,0.03684159787542601,-9.71445146547012e-17,4.453639193546799e-10
3725.7220105750625,0.03683765242042906,0.036837652420429315,0.03683765242043079,0.036837659005383445,0.03683765285608009,0.03683765244803757,1.4779844015322396e-15,4.356507724012637e-10
3729.793837909024,0.03683377774121501,0.03683377774121516,0.03683377774121742,0.036833784182325205,0.03683377816742154,0.036833777768226,2.2620794126737565e-15,4.2620638268653366e-10
3733.8656652429863,0.036829971996410256,0.03682997199641032,0.03682997199641264,0.03682997829764546,0.03682997241343188,0.03682997202284017,2.3245294578089215e-15,4.1702156311496097e-10
3737.937492576948,0.03682623343179813,0.036826233431797854,0.036826233431800484,0.03682623959699386,0.036826233839885654,0.0368262334576625,2.6298407895808396e-15,4.0808779966372555e-10
3742.0093199109097,0.03682256034979724,0.03682256034979656,0.03682256034979901,0.03682256638266093,0.03682256074919303,0.03682256037511132,2.456368441983159e-15,3.9939647422659874e-10
3746.0811472448718,0.036818951107267656,0.03681895110726695,0.03681895110726812,0.03681895701138406,0.036818951498206756,0.03681895113204675,1.1726730697603216e-15,3.9093980830351427e-10
3750.1529745788334,0.036815404113416786,0.03681540411341646,0.03681540411341584,0.036815409892252196,0.03681540449612628,0.036815404137675575,-6.175615574477433e-16,3.8270982216648264e-10
3754.224801912795,0.036811917827797795,0.036811917827797545,0.03681191782779579,0.036811923484704225,0.03681191820249678,0.036811917851549844,-1.7555401576885288e-15,3.7469923691579865e-10
3758.296629246757,0.036808490758395526,0.0368084907583954,0.03680849075839394,0.03680849629661602,0.03680849112529634,0.03680849078165432,-1.4641066137244252e-15,3.669009401852108e-10
3762.368456580719,0.03680512145979977,0.03680512145979998,0.0368051214597991,0.036805126882472436,0.03680512181910798,0.036805121482578446,-8.81239525796218e-16,3.593080000197091e-10
3766.4402839146805,0.036801808531457265,0.03680180853145788,0.03680180853145639,0.03680181384161897,0.03680180888337173,0.03680180855376852,-1.4918621893400541e-15,3.519138452867665e-10
3770.5121112486427,0.03679855061600022,0.036798550616000784,0.036798550615997856,0.03679855581659013,0.03679855096071286,0.036798550637855754,-2.9282132274488504e-15,3.4471207832620365e-10
3774.5839385826043,0.03679534639764614,0.036795346397646186,0.03679534639764221,0.03679535149150988,0.03679534673534287,0.03679534641905724,-3.975986206938842e-15,3.3769668311700585e-10
3778.655765916566,0.036792194600667356,0.03679219460066691,0.036792194600663165,0.036792199590560994,0.03679219493152867,0.03679219462164546,-3.747002708109903e-15,3.3086175466046086e-10
3782.727593250528,0.03678909398792666,0.036789093987926236,0.036789093987924223,0.03678909887652006,0.03678909431212776,0.036789094008483327,-2.0122792321330962e-15,3.2420152673573455e-10
3786.79942058449,0.03678604335947533,0.03678604335947512,0.03678604335947536,0.03678604814935468,0.03678604367718581,0.03678604337962149,2.3592239273284576e-16,3.177106910889904e-10
3790.8712479184514,0.03678304155120892,0.03678304155120902,0.03678304155121096,0.03678304624487985,0.0367830418625929,0.036783041570955,1.942890293094024e-15,3.1138388395524075e-10
3794.9430752524136,0.03678008743358031,0.0367800874335807,0.036780087433583866,0.036780092033471094,0.036780087738796804,0.03678008745293634,3.164135620181696e-15,3.052161023919808e-10
3799.0149025863752,0.03677717991036665,0.03677717991036726,0.03677717991037161,0.03677718441883075,0.036777180209569736,0.03677717992934236,4.350686477749832e-15,2.992024752956901e-10
3803.086729920337,0.03677431791748731,0.03677431791748798,0.036774317917493284,0.036774322336806345,0.03677431821082628,0.036774317936091934,5.3013149425851225e-15,2.9333829809630174e-10
3807.158557254299,0.036771500421870676,0.03677150042187107,0.036771500421876276,0.03677150475425679,0.036771500709490125,0.03677150044011304,5.204170427930421e-15,2.876190535738843e-10
3811.2303845882607,0.036768726420366854,0.036768726420366854,0.036768726420371024,0.036768730667965634,0.03676872670240731,0.03676872643825581,4.170275236248244e-15,2.8204045349200513e-10
3815.3022119222223,0.03676599493870612,0.03676599493870554,0.036765994938708094,0.036765999103598554,0.03676599521530361,0.03676599495624999,2.55351295663786e-15,2.7659807083635357e-10
3819.3740392561845,0.036763305030497295,0.036763305030496525,0.0367633050304979,0.0367633091147029,0.03676330530178456,0.03676330504770489,1.3739009929736312e-15,2.7128803370413124e-10
3823.445866590146,0.036760655776269135,0.036760655776268886,0.03676065577627039,0.03676065978174784,0.036760656042375287,0.03676065579314931,1.5057399771478686e-15,2.661064008036007e-10
3827.517693924108,0.036758046282549674,0.0367580462825498,0.0367580462825523,0.03675805021120263,0.03675804654359918,0.03675804629911013,2.4980018054066022e-15,2.6104938349869045e-10
3831.58952125807,0.03675547568097934,0.03675547568097968,0.03675547568098273,0.03675547953465196,0.036755475937092934,0.03675547569722753,3.0531133177191805e-15,2.5611325560337406e-10
3835.6613485920316,0.03675294312746259,0.036752943127462516,0.03675294312746521,0.036752946907945866,0.03675294337875709,0.03675294314340533,2.6922908347160046e-15,2.512945754262752e-10
3839.7331759259932,0.036750447801350374,0.03675044780134969,0.03675044780135192,0.0367504515103838,0.03675044804793964,0.036750447816994734,2.2343238370581275e-15,2.4658995678716877e-10
3843.8050032599554,0.03674798890465666,0.036747988904655665,0.036747988904658614,0.03674799254392978,0.03674798914665169,0.0367479889200099,2.949029909160572e-15,2.4199602738361747e-10
3847.876830593917,0.03674556566130501,0.036745565661304026,0.03674556566130832,0.03674556923245909,0.03674556589881372,0.036745565676374256,4.295175326518574e-15,2.3750969246894016e-10
3851.9486579278787,0.03674317731640361,0.03674317731640313,0.0367431773164079,0.03674318082103307,0.03674317754953094,0.03674317733119594,4.773959005888173e-15,2.3312781566309226e-10
3856.020485261841,0.03674082313554909,0.03674082313554927,0.036740823135552776,0.03674082657520272,0.03674082336439679,0.03674082315007108,3.5041414214731503e-15,2.2884751732510367e-10
3860.0923125958025,0.03673850240415642,0.03673850240415685,0.03673850240415845,0.03673850578033867,0.0367385026288227,0.03673850241841392,1.5959455978986625e-15,2.246658484250652e-10
3864.164139929764,0.03673621442681303,0.036736214426813546,0.0367362144268133,0.03673621774098635,0.036736214647393656,0.03673621444081195,-2.42861286636753e-16,2.2058010973324826e-10
3868.2359672637263,0.03673395852666015,0.036733958526660664,0.03673395852665907,0.03673396178024607,0.036733958743248266,0.03673395854040629,-1.5959455978986625e-15,2.1658760201992422e-10
3872.307794597688,0.03673173404479579,0.03673173404479599,0.036731734044794725,0.0367317372391761,0.036731734257481746,0.03673173405829455,-1.2628786905111156e-15,2.1268575789434863e-10
3876.3796219316496,0.036729540339700044,0.03672954033969966,0.03672954033970011,0.036729543476218325,0.03672954054857175,0.036729540352956815,4.510281037539698e-16,2.0887208629360998e-10
3880.4514492656117,0.0367273767866817,0.03672737678668111,0.03672737678668333,0.036727379866645087,0.03672737699182523,0.036727376799702206,2.220446049250313e-15,2.051441239103724e-10
3884.5232765995734,0.03672524277734684,0.03672524277734657,0.03672524277734989,0.036725245802026865,0.03672524297884606,0.03672524279013693,3.3237301799715624e-15,2.0149949070402684e-10
3888.595103933535,0.036723137719085884,0.03672313771908616,0.03672313771908969,0.036723140689719005,0.036723137917022156,0.036723137731650785,3.524958103184872e-15,1.9793599398409967e-10
3892.666931267497,0.03672106103457947,0.03672106103457981,0.03672106103458236,0.03672106395236811,0.0367210612290312,0.0367210610469238,2.546574062733953e-15,1.9445139248785992e-10
3896.738758601459,0.036719012161321195,0.0367190121613213,0.03671901216132207,0.03671901502743537,0.03671901235236493,0.036719012173449445,7.7021722333370235e-16,1.9104363230271204e-10
3900.8105859354205,0.03671699055115961,0.03671699055115945,0.03671699055115915,0.03671699336673821,0.03671699073887005,0.03671699056307657,-2.983724378680108e-16,1.8771060400490924e-10
3904.8824132693826,0.03671499566985622,0.03671499566985595,0.03671499566985516,0.03671499843600784,0.036714995854306175,0.03671499568156663,-7.91033905045424e-16,1.8445022592628035e-10
3908.9542406033443,0.03671302699665937,0.03671302699665882,0.036713026996657565,0.036713029714462844,0.03671302717791963,0.03671302700816747,-1.2559397966072083e-15,1.8126081191560672e-10
3913.026067937306,0.036711084023892074,0.03671108402389153,0.036711084023890415,0.03671108669439813,0.03671108420203173,0.036711084035202596,-1.1171619185290638e-15,1.7814019703799033e-10
3917.097895271268,0.036709166256556756,0.03670916625655633,0.036709166256556,0.036709168880788276,0.03670916643164313,0.03670916626767396,-3.3306690738754696e-16,1.750867992256211e-10
3921.1697226052297,0.03670727321195205,0.03670727321195181,0.03670727321195206,0.036707275790905096,0.03670727338405059,0.0367072732228802,2.498001805406602e-16,1.7209877967161447e-10
3925.2415499391914,0.036705404419303846,0.03670540441930382,0.036705404419304415,0.03670540695394849,0.0367054045884783,0.03670540443004702,5.967448757360216e-16,1.6917447998032742e-10
3929.3133772731535,0.03670355941940937,0.03670355941940951,0.036703559419410385,0.03670356191069036,0.03670355958572164,0.036703559429971375,8.743006318923108e-16,1.6631213073381446e-10
3933.385204607115,0.036701737764293,0.03670173776429322,0.036701737764293675,0.03670174021313076,0.03670173792780355,0.036701737774677674,4.579669976578771e-16,1.63510330275507e-10
3937.4570319410773,0.03669993901687441,0.036699939016875106,0.03669993901687492,0.03669994142416599,0.0366999391776424,0.03669993902708582,-1.8735013540549517e-16,1.607672953096717e-10
3941.528859275039,0.036698162750649785,0.036698162750650416,0.036698162750650035,0.03669816511726857,0.03669816290873219,0.036698162760691,-3.8163916471489756e-16,1.5808177683540592e-10
3945.6006866090006,0.03669640854937929,0.03669640854938027,0.03669640854938023,0.03669641087617725,0.03669640870483237,0.03669640855925426,-4.163336342344337e-17,1.5545210257927877e-10
3949.6725139429627,0.03669467600679107,0.036694676006792555,0.03669467600679299,0.03669467829459845,0.03669467615966956,0.03669467601650347,4.371503159461554e-16,1.5287700272370586e-10
3953.7443412769244,0.036692964726292396,0.03669296472629373,0.036692964726294346,0.03669296697591745,0.03669296487664868,0.03669296473584484,6.175615574477433e-16,1.503549507120283e-10
3957.816168610886,0.036691274320688985,0.036691274320689256,0.03669127432068992,0.03669127653291974,0.036691274468574106,0.03669127433008394,6.661338147750939e-16,1.4788485019900932e-10
3961.887995944848,0.036689604411915426,0.03668960441191462,0.03668960441191507,0.036689606587520754,0.03668960455737977,0.03668960442115596,4.510281037539698e-16,1.454651468724144e-10
3965.95982327881,0.03668795463077537,0.03668795463077432,0.03668795463077418,0.03668795677050602,0.036687954773869026,0.03668795463986547,-1.457167719820518e-16,1.4309470275364333e-10
3970.0316506127715,0.03668632461669054,0.036686324616690164,0.03668632461668931,0.03668632672127884,0.03668632475746256,0.0366863246256342,-8.534839501805891e-16,1.4077239374188366e-10
3974.1034779467336,0.036684714017457744,0.03668471401745795,0.036684714017455836,0.03668471608761686,0.036684714155954916,0.036684714026257836,-2.1163626406917047e-15,1.384969638973388e-10
3978.1753052806953,0.03668312248901131,0.03668312248901163,0.03668312248900805,0.03668312452543658,0.03668312262527888,0.03668312249767024,-3.58046925441613e-15,1.3626725442472676e-10
3982.247132614657,0.036681549695195485,0.03668154969519583,0.03668154969519146,0.03668155169856563,0.036681549829277973,0.03668154970371598,-4.371503159461554e-15,1.3408214122323514e-10
3986.318959948619,0.03667999530754526,0.03667999530754537,0.036679995307540875,0.03667999727852229,0.036679995439485934,0.036679995315929824,-4.496403249731884e-15,1.3194056264209664e-10
3990.3907872825807,0.03667845900507264,0.036678459005072064,0.03667845900506813,0.03667846094430241,0.036678459134913556,0.03667845901332355,-3.9343528435153985e-15,1.2984149172501347e-10
3994.4626146165424,0.03667694047405981,0.03667694047405869,0.036676940474055376,0.03667694238217308,0.03667694060184255,0.036676940482179766,-3.316791286067655e-15,1.2778385988232444e-10
3998.5344419505045,0.036675439407860055,0.03667543940785914,0.03667543940785587,0.03667544128547308,0.036675439533625794,0.03667543941585239,-3.2682190287403046e-15,1.2576665403551957e-10
