wavenumber_cm-1,NMA_reference,Dense_exact,Sparse_Krylov,Suzuki4_r1,Suzuki4_r2,Suzuki4_r4,Krylov_minus_exact,Suzuki4_r2_minus_exact
0.0,0.023301570463111113,0.023301570463111706,0.02330157046311367,0.023305495365698436,0.023301820786075726,0.023301586211901298,1.9637069748057456e-15,2.503229640203608e-07
4.071827333961817,0.023411231671029296,0.023411231671029927,0.023411231671031568,0.023415318792371607,0.023411492813685066,0.023411248103538382,1.6410484082740595e-15,2.611426551391016e-07
8.143654667923634,0.02375731918189648,0.023757319181897153,0.023757319181898235,0.023761935818648567,0.023757615200842234,0.023757337816734437,1.0824674490095276e-15,2.960189450819384e-07
12.215482001885452,0.024396452481302257,0.02439645248130278,0.024396452481304037,0.024402096249814608,0.02439681556273366,0.02439647534900878,1.2559397966072083e-15,3.63081430879153e-07
16.28730933584727,0.025443197528700785,0.025443197528700973,0.02544319752870255,0.025450628823071614,0.025443676946916443,0.0254432277387477,1.5785983631388945e-15,4.794182154703452e-07
20.359136669809086,0.027110357066860158,0.027110357066860144,0.027110357066861827,0.027120846087567946,0.027111035352816917,0.027110399829060584,1.6826817716975029e-15,6.78285956772634e-07
24.430964003770903,0.02978872964183251,0.0297887296418324,0.02978872964183463,0.029804510519903068,0.029789752161752336,0.029788794134361595,2.230854390106174e-15,1.022519919936793e-06
28.50279133773272,0.03418420624965393,0.0341842062496536,0.034184206249656214,0.03420914940845805,0.03418582498233889,0.03418430838308228,2.615963001773025e-15,1.6187326852892814e-06
32.57461867169454,0.04141353526816133,0.041413535268160974,0.04141353526816245,0.041452877671127104,0.041416090944577426,0.04141369654992922,1.4779844015322396e-15,2.5556764164519352e-06
36.64644600565635,0.05214542626373893,0.05214542626373895,0.05214542626373661,0.052197122894112824,0.05214878271958037,0.05214563802906391,-2.338407245616736e-15,3.356455841423134e-06
40.71827333961817,0.06206126152878535,0.06206126152878597,0.06206126152877806,0.06209033320872826,0.062063126594183574,0.062061378800345915,-7.91033905045424e-15,1.8650653976007292e-06
44.790100673579985,0.060719926672861045,0.060719926672862204,0.06071992667285464,0.06069611174574327,0.060718318111290775,0.06071982420999332,-7.563394355258879e-15,-1.608561571428413e-06
48.861928007541806,0.05048702208775493,0.050487022087756094,0.050487022087752825,0.050451181097824205,0.050484630029077424,0.05048687021391125,-3.2682190287403046e-15,-2.3920586786699283e-06
52.93375534150362,0.041668763760639285,0.04166876376064013,0.04166876376063831,0.04164729970486019,0.041667325493996196,0.04166867237798156,-1.824929096727601e-15,-1.4382666439355374e-06
57.00558267546544,0.03677137937862868,0.03677137937862912,0.036771379378627914,0.03676270776677509,0.0367707869597175,0.03677134157954312,-1.2073675392798577e-15,-5.924189116213174e-07
61.077410009427254,0.033964061872900256,0.033964061872900346,0.03396406187290186,0.033957045588471235,0.03396357799188726,0.03396403091654261,1.5126788710517758e-15,-4.838810130844418e-07
65.14923734338907,0.03089801721810493,0.030898017218104517,0.030898017218108944,0.030886900241469284,0.03089726271558105,0.030897969120406453,4.427014310692812e-15,-7.545025234659275e-07
69.2210646773509,0.02773952717684638,0.027739527176845715,0.027739527176850104,0.027729656728819326,0.02773885903588578,0.027739484615622978,4.388850394221322e-15,-6.681409599335053e-07
73.2928920113127,0.025385036205151097,0.025385036205150407,0.02538503620515453,0.025378432464664195,0.025384588433788317,0.025385007672234474,4.121702978920894e-15,-4.4777136208942747e-07
77.36471934527452,0.02381645119542493,0.02381645119542459,0.02381645119542931,0.02381227174989532,0.023816166795349182,0.023816433058663457,4.721917301608869e-15,-2.8440007540653234e-07
81.43654667923634,0.02276770580051885,0.022767705800518928,0.02276770580052377,0.02276502707393428,0.02276752260208958,0.022767694104588666,4.8433479449272454e-15,-1.8319842934669262e-07
85.50837401319816,0.022042725061941427,0.02204272506194192,0.022042725061946128,0.02204097191143439,0.02204260434690003,0.022042717343646705,4.208439152719734e-15,-1.207150418895686e-07
89.58020134715997,0.021524403652344405,0.021524403652344627,0.021524403652348208,0.02152324643010931,0.021524323203990624,0.02152439849795086,3.58046925441613e-15,-8.044835400275452e-08
93.65202868112179,0.02114405993860883,0.021144059938608416,0.021144059938611588,0.0211433096482731,0.021144006992491977,0.021144056535482285,3.1710745140856034e-15,-5.2946116439051005e-08
97.72385601508361,0.020860508896948068,0.02086050889694775,0.020860508896949757,0.020860057098379695,0.020860476099365134,0.020860506776504705,2.0088097851811426e-15,-3.279758261504062e-08
101.79568334904542,0.020648580577295555,0.020648580577295177,0.020648580577295943,0.02064836845472642,0.02064856390096904,0.020648579482376656,7.667477763817487e-16,-1.6676326135972586e-08
105.86751068300724,0.0204931052722467,0.020493105272246098,0.02049310527224651,0.02049310925736356,0.02049310304060531,0.020493105094940765,4.128641872824801e-16,-2.2316407888300915e-09
109.93933801696906,0.020385965368304157,0.0203859653683038,0.020385965368304945,0.020386193424693194,0.02038597798947022,0.020385966132809092,1.1449174941446927e-15,1.2621166421006302e-08
114.01116535093088,0.020325140145145235,0.02032514014514542,0.020325140145147344,0.020325637684951596,0.02032517048036056,0.02032514203080172,1.925543058334256e-15,3.03352151419245e-08
118.08299268489269,0.020315556323141158,0.02031555632314174,0.020315556323143885,0.0203164250804282,0.020315610900840966,0.02031555974090556,2.1441182163073336e-15,5.457769922459499e-08
122.15482001885451,0.02037228607948986,0.02037228607949036,0.020372286079492284,0.02037372379308983,0.020372377661845232,0.02037229183378947,1.925543058334256e-15,9.158235487333188e-08
126.22664735281633,0.02052682912675505,0.02052682912675561,0.020526829126756862,0.02052919303854409,0.020526980820458958,0.02052683867473105,1.2524703496552547e-15,1.5169370334855437e-07
130.29847468677815,0.02083183468558813,0.02083183468558874,0.02083183468558967,0.02083563878537665,0.02083207973764202,0.020831850123390293,9.298117831235686e-16,2.4505205328123614e-07
134.37030202073996,0.021320739250016305,0.021320739250016346,0.021320739250017408,0.021325971293928738,0.021321076579455353,0.02132076050227794,1.061650767297806e-15,3.373294390068837e-07
138.4421293547018,0.02178689468875132,0.021786894688750405,0.021786894688751796,0.02179076405215176,0.021787142049941494,0.02178691023307435,1.3912482277333993e-15,2.473611910892848e-07
142.5139566886636,0.021705263250150313,0.021705263250149445,0.021705263250150354,0.021704748164623377,0.021705223359672666,0.021705260630901595,9.08995101411847e-16,-3.989047677940838e-08
146.5857840226254,0.02116433131020373,0.0211643313102035,0.021164331310203142,0.021162251678068508,0.021164189901970443,0.02116432229332195,-3.5735303605122226e-16,-1.4140823305711092e-07
150.65761135658724,0.02067590603129061,0.020675906031291054,0.020675906031289583,0.020674447539322117,0.020675806853883105,0.02067589970873936,-1.4710455076283324e-15,-9.917740794937457e-08
154.72943869054905,0.020375381631327752,0.020375381631328043,0.020375381631326527,0.020374672607437395,0.02037533272442974,0.020375378504116484,-1.5161483180037294e-15,-4.8906898302003565e-08
158.80126602451085,0.02021924815494738,0.02021924815494742,0.020219248154946568,0.020219066514222856,0.020219234526894617,0.020219247268669794,-8.534839501805891e-16,-1.3628052804304236e-08
162.8730933584727,0.020164437141368664,0.020164437141368768,0.020164437141368688,0.020164663133245008,0.020164450634489,0.02016443797584414,-7.979727989493313e-17,1.3493120232244138e-08
166.9449206924345,0.020192161178556996,0.02019216117855783,0.020192161178558227,0.02019277983837328,0.020192200596891578,0.02019216365510054,3.9898639947466563e-16,3.941833374987436e-08
171.01674802639633,0.020287545160107126,0.020287545160107834,0.020287545160108562,0.020288485386578216,0.020287605779813263,0.02028754897882252,7.28583859910259e-16,6.061970542897699e-08
175.08857536035813,0.02038168301163293,0.020381683011632713,0.02038168301163339,0.020382502599165832,0.020381736114304855,0.020381686359999394,6.765421556309548e-16,5.310267214148068e-08
179.16040269431994,0.02037951893470799,0.020379518934707835,0.020379518934708015,0.02037990991846423,0.02037954452705981,0.020379520552107983,1.8041124150158794e-16,2.5592351973746652e-08
183.23223002828178,0.020340259064028365,0.020340259064029052,0.02034025906402869,0.02034052592974491,0.020340276977304464,0.020340260202961986,-3.608224830031759e-16,1.7913275411618468e-08
187.30405736224358,0.02035348385447058,0.020353483854471183,0.020353483854471492,0.02035382061502075,0.020353506744735066,0.020353485314090244,3.0878077872387166e-16,2.2890263882274775e-08
191.3758846962054,0.020437508983004206,0.02043750898300404,0.020437508983005982,0.020437961916818296,0.020437539909819592,0.02043751095708562,1.942890293094024e-15,3.0926815552945186e-08
195.44771203016722,0.020593398116773447,0.020593398116773066,0.02059339811677534,0.02059400062396074,0.020593439348379528,0.02059340074991711,2.2724877535296173e-15,4.123160646241075e-08
199.51953936412903,0.020831764065086418,0.02083176406508622,0.02083176406508752,0.02083257584994132,0.02083181965142934,0.020831767615432834,1.3010426069826053e-15,5.558634311869648e-08
203.59136669809084,0.021179627881355235,0.021179627881354905,0.021179627881355332,0.02118075480636197,0.02117970498287162,0.021179632805013428,4.2674197509029455e-16,7.710151671627696e-08
207.66319403205267,0.021688683663266147,0.02168868366326537,0.021688683663263878,0.02169031122964368,0.021688794800488694,0.0216886907573991,-1.4918621893400541e-15,1.1113722332353748e-07
211.73502136601448,0.02245279322808999,0.022452793228088918,0.022452793228084432,0.022455251719403175,0.022452960656336753,0.02245280390913016,-4.485994908876023e-15,1.6742824783533283e-07
215.8068486999763,0.023640732227011654,0.023640732227010828,0.02364073222700527,0.023644607454954007,0.023640995389839152,0.02364074900488825,-5.55805401702969e-15,2.631628283240872e-07
219.87867603393812,0.02553541358215199,0.025535413582151792,0.02553541358214718,0.025541618486719632,0.025535834112392915,0.02553544038092477,-4.610894999146353e-15,4.2053024112281845e-07
223.95050336789993,0.02844002318343255,0.028440023183432916,0.028440023183428045,0.02844906973007424,0.02844063726380953,0.028440062328705735,-4.871103520542874e-15,6.140803766145619e-07
228.02233070186176,0.03183579843580694,0.03183579843580769,0.03183579843579971,0.03184416349736311,0.031836376237916575,0.03183583540553921,-7.979727989493313e-15,5.778021088878593e-07
232.09415803582357,0.03322240081934242,0.0332224008193432,0.033222400819335696,0.03322306440341789,0.03322247535180889,0.03322240598425518,-7.500944310123714e-15,7.453246569227856e-08
236.16598536978537,0.03200420787308143,0.03200420787308211,0.03200420787307989,0.03200073430145887,0.03200400425005131,0.032004195350875925,-2.220446049250313e-15,-2.0362303080473376e-07
240.2378127037472,0.031226809719575265,0.031226809719575678,0.031226809719576348,0.03122515467182552,0.03122671855661165,0.031226804211072406,6.696032617270475e-16,-9.116296402836288e-08
244.30964003770902,0.03252135593767867,0.03252135593767906,0.03252135593767894,0.032522386443419926,0.03252143737105068,0.03252136129150683,-1.1796119636642288e-16,8.143337161536923e-08
248.38146737167085,0.03538667268076238,0.03538667268076265,0.03538667268076014,0.03538709030948163,0.03538671341506019,0.03538667545000707,-2.5118795932144167e-15,4.073429753920221e-08
252.45329470563266,0.03648660886404814,0.03648660886404797,0.036486608864043285,0.03647965188160013,0.03648616625338492,0.03648658106957363,-4.683753385137379e-15,-4.4261066305117946e-07
256.52512203959446,0.0333679670135031,0.03336796701350275,0.033367967013497896,0.03335655880543487,0.03336723010588151,0.03336792057816347,-4.85722573273506e-15,-7.369076212432324e-07
260.5969493735563,0.029204244364365188,0.02920424436436507,0.02920424436436178,0.029195316027199658,0.029203666823964178,0.029204207961202395,-3.2890357104520263e-15,-5.775404008923068e-07
264.66877670751813,0.026253124509882646,0.026253124509882566,0.026253124509881293,0.026247545390726455,0.026252764280234906,0.026253101814336783,-1.2732870313669764e-15,-3.602296476598599e-07
268.7406040414799,0.024488369687215236,0.02448836968721521,0.024488369687215506,0.024485095673345957,0.02448815919344719,0.024488356439059805,2.949029909160572e-16,-2.1049376802001474e-07
272.81243137544175,0.023498671245772887,0.023498671245772974,0.023498671245774518,0.023496908738847133,0.02349855904321476,0.023498664200847487,1.5439038936193583e-15,-1.1220255821328684e-07
276.8842587094036,0.023019867737848327,0.023019867737848382,0.023019867737851245,0.023019252055323524,0.023019830337649726,0.023019865417310024,2.8622937353617317e-15,-3.7400198656806216e-08
280.95608604336536,0.022939491560799354,0.022939491560799465,0.02293949156080363,0.022939980202999533,0.022939526571316583,0.022939493819421335,4.163336342344337e-15,3.5010517117350926e-08
285.0279133773272,0.023241751186643202,0.0232417511866437,0.023241751186648618,0.023243411214480796,0.023241863535946854,0.023241758343545128,4.919675777870225e-15,1.123493031558731e-07
289.09974071128903,0.023871568362582807,0.023871568362583737,0.023871568362588316,0.023873635074862145,0.023871708709601782,0.02387157730696324,4.579669976578771e-15,1.403470180454114e-07
293.1715680452508,0.024404761958863257,0.024404761958864284,0.024404761958867045,0.024404639448528092,0.024404759927872333,0.024404761913509623,2.761679773755077e-15,-2.0309919510075325e-09
297.24339537921264,0.02440518790982843,0.024405187909829026,0.024405187909830074,0.02440312089984498,0.02440505653833037,0.024405179662075,1.0477729794899915e-15,-1.313714986551917e-07
301.3152227131745,0.024404815004639667,0.024404815004639667,0.02440481500463966,0.024403945261901587,0.024404758351175337,0.024404811428999456,-6.938893903907228e-18,-5.6653464329536884e-08
305.38705004713626,0.025020079409118576,0.025020079409117997,0.025020079409117074,0.02502173423763381,0.025020183977202282,0.02502008596552961,-9.228728892196614e-16,1.0456808428524478e-07
309.4588773810981,0.026566090459740406,0.026566090459739407,0.026566090459737707,0.02657083361618316,0.026566392210666243,0.026566109406810322,-1.700029006457271e-15,3.017509268357643e-07
313.5307047150599,0.029200154736327994,0.029200154736326825,0.02920015473632465,0.02920730094909049,0.029200608012250204,0.02920018317281938,-2.175343238874916e-15,4.532759233788486e-07
317.6025320490217,0.031953474395190425,0.03195347439518962,0.031953474395188156,0.03195630824032526,0.031953643013792284,0.03195348479248606,-1.4641066137244252e-15,1.6861860266392803e-07
321.67435938298354,0.032041131433725514,0.032041131433725265,0.03204113143372373,0.032032941068039285,0.032040582684222704,0.03204109655065062,-1.5334955527634975e-15,-5.487495025602307e-07
325.7461867169454,0.029593778957737515,0.029593778957737574,0.029593778957730972,0.02958326906333661,0.029593083886041004,0.02959373491865561,-6.602357549567728e-15,-6.950716965707648e-07
329.81801405090715,0.027453080041895738,0.027453080041895953,0.0274530800418849,0.027446781237972815,0.02745266500337152,0.027453053771296497,-1.1053657988924215e-14,-4.1503852443378064e-07
333.889841384869,0.026615657697850636,0.026615657697850986,0.026615657697840585,0.026613959297176325,0.0266155474598999,0.026615650747807057,-1.0401401961956935e-14,-1.1023795108699996e-07
337.9616687188308,0.027069652529123526,0.027069652529123685,0.02706965252911761,0.027072030731294047,0.027069813065118756,0.02706966275245964,-6.0750016128707784e-15,1.6053599507029337e-07
342.03349605279266,0.02856915586405599,0.028569155864055853,0.028569155864057637,0.02857372418111801,0.02856946515180632,0.02856917556586845,1.7832957333041577e-15,3.0928775046623613e-07
346.10532338675443,0.02977487356648597,0.02977487356648559,0.02977487356649649,0.029774864615139056,0.029774889206086595,0.02977487478689716,1.0897532876086302e-14,1.5639601003147874e-08
350.17715072071627,0.028722567527788297,0.028722567527788012,0.028722567527800853,0.028715545371291028,0.0287221241579431,0.028722539739137774,1.2840423169180326e-14,-4.43369844910918e-07
354.2489780546781,0.026444017211638592,0.026444017211638474,0.02644401721164686,0.02643683103081707,0.026443558233052784,0.02644398837006715,8.385653282871885e-15,-4.589785856899675e-07
358.3208053886399,0.02465952349831877,0.024659523498318802,0.024659523498322733,0.024654836614900307,0.02465922379584548,0.024659504661091992,3.930883396563445e-15,-2.997024733213116e-07
362.3926327226017,0.023611080435729088,0.02361108043572932,0.023611080435730375,0.02360841707667516,0.02361091036673897,0.02361106975022919,1.0547118733938987e-15,-1.7006899034888168e-07
366.46446005656355,0.023090561689777734,0.023090561689778025,0.023090561689777495,0.023089258764260018,0.02309047880384199,0.023090556487043237,-5.30825383648903e-16,-8.288593603480998e-08
370.53628739052533,0.02294365097356738,0.022943650973567504,0.022943650973566026,0.022943369937470186,0.02294363355071666,0.022943649887479812,-1.4779844015322396e-15,-1.742285084260775e-08
374.60811472448717,0.023119881107244805,0.02311988110724482,0.02311988110724301,0.02312057724287156,0.023119926280828457,0.023119883957740048,-1.807581861967833e-15,4.5173583637647674e-08
378.679942058449,0.02366510900436682,0.023665109004366587,0.023665109004365897,0.023667019425498797,0.023665231993804436,0.02366511674926721,-6.904199434387692e-16,1.2298943784933014e-07
382.7517693924108,0.024733232884134152,0.024733232884133493,0.02473323288413537,0.024736922515811284,0.02473346992846722,0.024733247803467657,1.8769708010069053e-15,2.3704433372781497e-07
386.8235967263726,0.026569550601174833,0.02656955060117415,0.02656955060117942,0.02657571205023575,0.026569945998253647,0.026569575479488298,5.27008992001754e-15,3.9539707949801106e-07
390.89542406033445,0.02912739721943506,0.029127397219434515,0.02912739721944465,0.02913496853432337,0.029127881940680656,0.029127427697885407,1.0134254546656507e-14,4.847212461411843e-07
394.9672513942962,0.03081838178492382,0.030818381784923493,0.03081838178493686,0.03082153362765257,0.030818579550961147,0.030818394154627348,1.3367779105877275e-14,1.9776603765384038e-07
399.03907872825806,0.029642140281018664,0.029642140281018407,0.02964214028103028,0.029639219576313536,0.029641946033535264,0.029642127955084512,1.1872447469585268e-14,-1.942474831435892e-07
403.1109060622199,0.027219310216250736,0.02721931021625057,0.02721931021625897,0.027215693264192767,0.02721907320305233,0.027219295231504535,8.3995310706797e-15,-2.3701319824126488e-07
407.1827333961817,0.02542774563876453,0.02542774563876433,0.02542774563876759,0.02542542231069077,0.0254275945584693,0.025427736104579386,3.2578106878844437e-15,-1.5108029503135834e-07
411.2545607301435,0.0244596818601091,0.0244596818601089,0.024459681860105977,0.02445846231888397,0.024459604009422493,0.024459676968906233,-2.9247437804968968e-15,-7.785068640783765e-08
415.32638806410534,0.02408708016168761,0.02408708016168752,0.024087080161679306,0.0240866372637877,0.02408705422561937,0.024087078567714762,-8.215650382226158e-15,-2.5936068150794744e-08
419.3982153980672,0.024166446917366375,0.024166446917366396,0.024166446917353857,0.024166675629574308,0.02416646631659201,0.024166448209261327,-1.2538581284360362e-14,1.9399225614780136e-08
423.47004273202896,0.024686249374982067,0.02468624937498227,0.02468624937496708,0.024687288422265134,0.02468632374266665,0.024686254169961012,-1.5192708202604877e-14,7.436768437868446e-08
427.5418700659908,0.025768673994006088,0.025768673994006397,0.025768673993991378,0.02577093589431038,0.025768831331538275,0.025768684076898668,-1.5019235855007196e-14,1.5733753187807675e-07
431.6136973999526,0.02767149869705107,0.027671498697051544,0.02767149869703825,0.027675514144675548,0.02767177559040289,0.027671516407277514,-1.329492071988625e-14,2.7689335134473136e-07
435.6855247339144,0.03055840819406724,0.03055840819406796,0.030558408194056585,0.030563129188609116,0.030558739365950893,0.030558429450929434,-1.1372847108503947e-14,3.3117188293421695e-07
439.75735206787624,0.033332087918574435,0.0333320879185756,0.033332087918567094,0.03333048816779772,0.033332016261669886,0.03333208386527503,-8.507083926190262e-15,-7.165690571464545e-08
443.8291794018381,0.03331746734624262,0.03331746734624391,0.03331746734623748,0.033305232927735386,0.03331670252518506,0.033317419528946284,-6.432354648922001e-15,-7.648210588531712e-07
447.90100673579985,0.031127716672637227,0.031127716672638132,0.031127716672630697,0.031114798442219455,0.031126898795449626,0.031127665389881223,-7.435024818036595e-15,-8.178771885060387e-07
451.9728340697617,0.029490555336063685,0.029490555336064123,0.029490555336054606,0.029482258107158387,0.029490031250740862,0.029490522495803622,-9.516692989208764e-15,-5.240853232606202e-07
456.0446614037235,0.02925656086411317,0.02925656086411359,0.0292565608641021,0.02925246658082341,0.029256306483577556,0.029256544989910364,-1.149080830487037e-14,-2.543805360348539e-07
460.1164887376853,0.03051161824674379,0.0305116182467445,0.030511618246731667,0.030510844689573397,0.030511578555129606,0.030511615901950964,-1.2833484275276419e-14,-3.969161489411621e-08
464.18831607164714,0.03334945756417779,0.03334945756417877,0.03334945756416652,0.03335114374660848,0.033349578656141084,0.03334946537761911,-1.2254086634300165e-14,1.2109196231152586e-07
468.26014340560897,0.036902317952321066,0.03690231795232192,0.03690231795231493,0.036902838336140366,0.03690236605689959,0.03690232119823407,-6.987466161234579e-15,4.810457766846188e-08
472.33197073957075,0.03772685059583102,0.03772685059583131,0.0377268505958338,0.03772080273389921,0.0377264733583683,0.037726827023772246,2.491062911502695e-15,-3.772374630103825e-07
476.4037980735326,0.03465555195234999,0.03465555195234977,0.03465555195235648,0.03464685777904948,0.03465499970853057,0.03465551729562331,6.70991040507829e-15,-5.522438191948864e-07
480.4756254074944,0.03119676373109336,0.031196763731092828,0.0311967637310974,0.031190303968170238,0.031196352530811024,0.031196737913341835,4.5727310826748635e-15,-4.1120028180380297e-07
484.5474527414562,0.02899538382370106,0.02899538382370013,0.028995383823701773,0.028991392985574703,0.02899513002956686,0.028995367892778234,1.6445178552260131e-15,-2.537941332682314e-07
488.61928007541803,0.02787837888851532,0.027878378888513994,0.027878378888514698,0.027876039663452177,0.027878230416701448,0.027878369573215378,7.042977312465837e-16,-1.4847181254579178e-07
492.69110740937987,0.027483011768519458,0.027483011768518112,0.02748301176851965,0.0274817402225686,0.02748293127229533,0.027483006721337848,1.536964999715451e-15,-8.04962227811401e-08
496.7629347433417,0.02759759950258659,0.027597599502585664,0.0275975995025882,0.027597089543241447,0.02759756738444092,0.02759759749139842,2.536165721878092e-15,-3.2118144744491817e-08
500.8347620773035,0.0281420740079842,0.028142074007983922,0.028142074007986725,0.02814220563049908,0.028142082556224222,0.02814207454754514,2.8033131371785203e-15,8.54824029963841e-09
504.9065894112653,0.029134747319822123,0.029134747319822418,0.029134747319825488,0.029135539937504517,0.029134797708759964,0.02913475048299686,3.0704605524789486e-15,5.0388937546802515e-08
508.97841674522715,0.03069135046438096,0.03069135046438158,0.030691350464384717,0.03069297018060137,0.030691453199063353,0.030691356909817898,3.1363800445660672e-15,1.0273468177210421e-07
513.0502440791889,0.03306277171783599,0.033062771717836684,0.03306277171783881,0.03306559742368089,0.03306295082842707,0.03306278295316326,2.123301534595612e-15,1.791105903869994e-07
517.1220714131507,0.03672343860608131,0.03672343860608196,0.03672343860608252,0.036728194453833865,0.03672374004978413,0.03672345751501616,5.620504062164855e-16,3.0144370217338734e-07
521.1938987471126,0.04249446591434442,0.04249446591434503,0.042494465914343915,0.04250228437163637,0.04249496138732409,0.042494496992804456,-1.1171619185290638e-15,4.954729790548895e-07
525.2657260810744,0.05136695411142065,0.05136695411142113,0.05136695411141664,0.051378206184618025,0.05136766532258983,0.051366998692128865,-4.489464355827977e-15,7.112111687010425e-07
529.3375534150363,0.06231748880084491,0.06231748880084521,0.06231748880083564,0.0623257429843362,0.062317998498767714,0.062317520559875224,-9.568734693488068e-15,5.096979225072129e-07
533.409380748998,0.06794745473773582,0.06794745473773575,0.06794745473772765,0.06793938662916313,0.0679469055145837,0.06794741970215015,-8.104628079763643e-15,-5.492231520548563e-07
537.4812080829598,0.06406815819517625,0.06406815819517608,0.06406815819517651,0.06405266898718436,0.06406713487680743,0.06406809337601976,4.3021142204224816e-16,-1.0233183686536584e-06
541.5530354169217,0.05924595660605121,0.059245956606051274,0.05924595660605555,0.05923875677790973,0.05924547945577202,0.059245926365865544,4.274358644806853e-15,-4.771502792530469e-07
545.6248627508835,0.05919412829826214,0.05919412829826249,0.059194128298263524,0.059198960227846924,0.059194438313897015,0.05919414780750484,1.033895191682177e-15,3.100156345248184e-07
549.6966900848453,0.0651615078405344,0.06516150784053512,0.065161507840534,0.06518022877065693,0.06516272421771108,0.06516158459934503,-1.124100812432971e-15,1.2163771759554631e-06
553.7685174188072,0.0787258617605851,0.07872586176058634,0.07872586176059171,0.07876365354459262,0.07872832070639811,0.07872601697769609,5.370703881624195e-15,2.4589458117729723e-06
557.8403447527689,0.1029525621009244,0.10295256210092625,0.10295256210094925,0.10301608637305285,0.10295669824470854,0.10295282322333954,2.2995494397548555e-14,4.136143782293433e-06
561.9121720867307,0.1379348491160621,0.13793484911606393,0.13793484911610357,0.13800964161876514,0.137939732972332,0.13793515761608535,3.963496197911809e-14,4.883856268067532e-06
565.9839994206926,0.16377424055649276,0.16377424055649162,0.1637742405565176,0.16378412572546153,0.16377494008851473,0.16377428546652203,2.5979218776228663e-14,6.995320231129032e-07
570.0558267546544,0.14989737658619312,0.14989737658618893,0.14989737658618218,0.1498197172056098,0.14989239968419169,0.14989706355246518,-6.744604874597826e-15,-4.976901997244543e-06
574.1276540886162,0.11496283107065175,0.11496283107064809,0.11496283107063089,0.11488202813515394,0.11495763127555897,0.1149625037472439,-1.7194579093882112e-14,-5.199795089116943e-06
578.1994814225781,0.08750545131753039,0.08750545131752824,0.08750545131751877,0.08745301537801212,0.08750207539688477,0.08750523879042463,-9.46465128492946e-15,-3.3759206434641476e-06
582.2713087565398,0.07159996666250458,0.07159996666250354,0.07159996666250827,0.07157018713631372,0.07159804998683827,0.07159984601093348,4.73232564246473e-15,-1.9166756652644334e-06
586.3431360905016,0.06411110090845379,0.06411110090845323,0.06411110090846771,0.06409615716896014,0.06411013961127733,0.06411104040594658,1.4474532683550478e-14,-9.612971759026534e-07
590.4149634244635,0.06291876197232257,0.06291876197232243,0.06291876197233864,0.06291466957391366,0.062918499008416,0.06291874543014758,1.6209256159527285e-14,-2.629639064277711e-07
594.4867907584253,0.06778287776132275,0.0677828777613229,0.06778287776133639,0.06778890217590365,0.06778326545171116,0.06778290217352485,1.3489209749195652e-14,3.876903882649163e-07
598.5586180923871,0.07974078498148118,0.07974078498148181,0.07974078498148886,0.0797575407836332,0.0797418627736219,0.0797408528301233,7.049916206369744e-15,1.0777921400917378e-06
602.630445426349,0.09741139614014,0.09741139614014141,0.09741139614014006,0.09743305286249074,0.09741278989033443,0.09741148388329807,-1.3461454173580023e-15,1.393750193021126e-06
606.7022727603107,0.10738533080174607,0.10738533080174847,0.10738533080174201,0.107391071755361,0.10738570288704183,0.10738535425923569,-6.467049118441537e-15,3.7208529335419627e-07
610.7741000942725,0.09640770298252939,0.09640770298253187,0.09640770298252244,0.09639607327524,0.0964069579863591,0.09640765613282277,-9.43689570931383e-15,-7.449961727801213e-07
614.8459274282344,0.07856554843680288,0.07856554843680456,0.07856554843679399,0.07855543930798849,0.07856489990584528,0.07856550764350895,-1.0574874309554616e-14,-6.485309592824118e-07
618.9177547621962,0.066789843991706,0.06678984399170698,0.06678984399169768,0.06678740462688044,0.0667896875835887,0.06678983415830908,-9.298117831235686e-15,-1.5640811827644097e-07
622.989582096158,0.062353159304671446,0.06235315930467216,0.06235315930466557,0.06235864752363062,0.06235351190434231,0.062353181498533555,-6.591949208711867e-15,3.5259967014894533e-07
627.0614094301199,0.06421893474060966,0.06421893474061065,0.06421893474060511,0.06423262850520943,0.06421981421225104,0.06421899008630812,-5.537237335317968e-15,8.794716403887071e-07
631.1332367640816,0.0706758127414263,0.07067581274142822,0.0706758127414197,0.07069487763107166,0.0706770356163725,0.07067588966998398,-8.520961713998076e-15,1.2228749442788622e-06
635.2050640980434,0.07510029777535505,0.07510029777535852,0.07510029777534555,0.0751129356777137,0.07510110233725598,0.07510034829313865,-1.2975731600306517e-14,8.045618974522606e-07
639.2768914320053,0.07097938897986188,0.0709793889798659,0.07097938897985476,0.07098282163156099,0.07097959789687346,0.07097940195193699,-1.1143863609675009e-14,2.0891700755476528e-07
643.3487187659671,0.06468313422905227,0.06468313422905551,0.06468313422905039,0.06468749354932939,0.0646834036203954,0.06468315102343766,-5.1209037010835345e-15,2.693913398882364e-07
647.4205460999289,0.0626624078592346,0.06266240785923684,0.06266240785923614,0.06267269873186393,0.06266305999578567,0.06266244876556097,-6.938893903907228e-16,6.521365488315611e-07
651.4923734338907,0.06634707762150466,0.06634707762150611,0.06634707762150595,0.06636607274448607,0.0663482892713075,0.06634715374359049,-1.6653345369377348e-16,1.2116498013803323e-06
655.5642007678525,0.07688666847201416,0.076886668472015,0.0768866684720115,0.0769191357258251,0.07688874432654336,0.0768867989608316,-3.497202527569243e-15,2.0758545283550145e-06
659.6360281018143,0.09706653960673285,0.09706653960673337,0.09706653960672489,0.09712003476270932,0.09706996327614863,0.09706675486840963,-8.479328350574633e-15,3.423669415261732e-06
663.7078554357762,0.1296615402744882,0.12966154027448887,0.12966154027447624,0.12973736429435437,0.129666393677717,0.1296618454271279,-1.2628786905111156e-14,4.853403228144426e-06
667.779682769738,0.16503818852684143,0.16503818852684266,0.16503818852682905,0.1650941089956823,0.1650417580340392,0.165038412763261,-1.3600232051658168e-14,3.5695071965435865e-06
671.8515101036998,0.16855291529419353,0.16855291529419517,0.1685529152941895,0.16852577218738696,0.1685511423040444,0.16855280323650895,-5.662137425588298e-15,-1.77299015077792e-06
675.9233374376616,0.13559483873638614,0.13559483873638806,0.1355948387363942,0.13553191568796416,0.1355907676242147,0.1355945821167049,6.13398221105399e-15,-4.0711121733483235e-06
679.9951647716234,0.10160819967469126,0.10160819967469296,0.10160819967470541,0.10156070772548986,0.10160512763839594,0.10160800605365121,1.2448375663609568e-14,-3.0720362970276804e-06
684.0669921055853,0.08014207337838102,0.08014207337838243,0.08014207337839457,0.08011371841288581,0.08014023748281977,0.08014195764296683,1.214306433183765e-14,-1.835895562657397e-06
688.1388194395471,0.06928627600684263,0.0692862760068435,0.06928627600685246,0.06927070303417814,0.06928526528068449,0.06928621225430696,8.951173136040325e-15,-1.0107261590175387e-06
692.2106467735089,0.06630763185062236,0.0663076318506228,0.06630763185063018,0.06630039222199545,0.06630715848823117,0.06630760194104214,7.382983113757291e-15,-4.733623916314267e-07
696.2824741074708,0.06964519447268402,0.06964519447268402,0.0696451944726948,0.06964313129282641,0.06964505458557,0.06964518556008947,1.0769163338864018e-14,-1.398871140312341e-07
700.3543014414325,0.07500457958072425,0.07500457958072412,0.07500457958074172,0.07500154973962839,0.07500437912754546,0.07500456687843737,1.759703494030873e-14,-2.0045317866701495e-07
704.4261287753943,0.07245851456052506,0.0724585145605249,0.07245851456054286,0.07244899447055074,0.07245789982615296,0.07245847583020616,1.7957857423311907e-14,-6.147343719481446e-07
708.4979561093562,0.06176694679999081,0.06176694679999087,0.061766946800003025,0.061756659671132745,0.061766284133825275,0.06176690507560673,1.2156942119645464e-14,-6.626661655934063e-07
712.569783443318,0.051937948616000165,0.05193794861600044,0.05193794861600893,0.05193120081833686,0.05193751352393744,0.051937921215025454,8.48626724447854e-15,-4.35092063003073e-07
716.6416107772798,0.045814193230839045,0.045814193230839406,0.04581419323084718,0.04581086931931168,0.04581397802428999,0.0458141796650001,7.771561172376096e-15,-2.1520654941431516e-07
720.7134381112417,0.04270612564533066,0.04270612564533128,0.04270612564533882,0.04270561920717639,0.042706091245273164,0.04270612345395762,7.542577673547157e-15,-3.440005811455871e-08
724.7852654452034,0.04184600456278948,0.04184600456279002,0.04184600456279796,0.04184814175677601,0.041846139642169586,0.04184601303088275,7.93809462606987e-15,1.350793795637517e-07
728.8570927791652,0.042583916100972945,0.042583916100972855,0.042583916100982964,0.04258802661168642,0.04258417761966471,0.04258393251992172,1.0109968417992832e-14,2.615186918547563e-07
732.9289201131271,0.04327685929381237,0.0432768592938122,0.04327685929382384,0.043280105272155124,0.043277065565163544,0.0432768722392283,1.164346397075633e-14,2.062713513467651e-07
737.0007474470889,0.04231408839329965,0.04231408839329986,0.04231408839330942,0.04231510027213529,0.04231415190407069,0.042314092366819316,9.56179579958416e-15,6.351077082994427e-08
741.0725747810507,0.04112266212649383,0.041122662126494194,0.04112266212650031,0.04112320958223505,0.04112269643446272,0.04112266427246924,6.113165529342268e-15,3.430796852860185e-08
745.1444021150126,0.04127002270906138,0.04127002270906181,0.041270022709064186,0.04127109581779277,0.04127009127362859,0.04127002701827567,2.373101715136272e-15,6.856456677417633e-08
749.2162294489743,0.04321549594247381,0.043215495942474744,0.04321549594247551,0.043217482466383524,0.043215623636879245,0.0432155039794925,7.632783294297951e-16,1.2769440450172143e-07
753.2880567829361,0.04745638972905875,0.047456389729060106,0.04745638972906151,0.04745980862097575,0.04745660995667713,0.04745640359689388,1.4016565685892601e-15,2.2022761702461535e-07
757.359884116898,0.05507226202444875,0.055072262024449925,0.055072262024451674,0.055077954920685304,0.055072629047074266,0.0550722851406173,1.7486012637846216e-15,3.6702262434101796e-07
761.4317114508598,0.06741638130140518,0.06741638130140577,0.06741638130140731,0.06742472175106962,0.06741691950553867,0.06741641520603994,1.5404344466674047e-15,5.382041328994003e-07
765.5035387848216,0.08249236711327533,0.08249236711327512,0.08249236711327529,0.0824990333977771,0.08249279934459586,0.08249239437177004,1.6653345369377348e-16,4.3223132073499926e-07
769.5753661187834,0.08816380180553567,0.08816380180553435,0.08816380180553443,0.08815944894315488,0.08816352706364793,0.08816378458985735,8.326672684688674e-17,-2.747418864218476e-07
773.6471934527452,0.07795247648601716,0.07795247648601547,0.07795247648601551,0.07794181337323437,0.07795179536825261,0.0779524336859675,4.163336342344337e-17,-6.811177628573972e-07
777.719020786707,0.0648688459168994,0.06486884591689805,0.06486884591689739,0.06486089344847001,0.06486833751209535,0.06486881396418469,-6.661338147750939e-16,-5.084048027015342e-07
781.7908481206689,0.05643868936528534,0.05643868936528425,0.05643868936528177,0.05643470269626209,0.05643843472637006,0.05643867336557106,-2.4771851236948805e-15,-2.546389141905303e-07
785.8626754546307,0.052407486684784794,0.05240748668478394,0.05240748668477703,0.05240652926024425,0.05240742598783019,0.05240748287882564,-6.9111383282915995e-15,-6.069695374782968e-08
789.9345027885925,0.05147821227430656,0.05147821227430594,0.05147821227429236,0.0514797255694424,0.05147830979705763,0.05147821841688103,-1.3579415369946446e-14,9.75227516866739e-08
794.0063301225543,0.052981464619021985,0.05298146461902164,0.052981464619001294,0.052985557437426195,0.05298172735515468,0.052981481150551735,-2.0344836926255994e-14,2.6273613304428345e-07
798.0781574565161,0.05691797266113003,0.0569179726611301,0.05691797266110634,0.05692549616534406,0.05691845513334764,0.056918003010514175,-2.375877272697835e-14,4.824722175389429e-07
802.1499847904779,0.06395122344185836,0.063951223441859,0.06395122344183705,0.06396403009114125,0.06395204428968455,0.06395127506962607,-2.1940782524154656e-14,8.208478255583573e-07
806.2218121244398,0.07549998257586682,0.07549998257586832,0.07549998257585061,0.0755210077212801,0.0755013298861786,0.07550006731040419,-1.7708057242771247e-14,1.3473103102762396e-06
810.2936394584016,0.09315748103251727,0.09315748103251965,0.09315748103250353,0.09318768237724409,0.09315941700300412,0.0931576027938768,-1.61259894326804e-14,1.9359704844651437e-06
814.3654667923633,0.11433237378873508,0.11433237378873794,0.11433237378871708,0.11435796220926381,0.11433401810079735,0.11433247725371805,-2.085831507514513e-14,1.644312059415065e-06
818.4372941263252,0.1276623017957958,0.12766230179579852,0.12766230179577373,0.12766369559511762,0.12766239969588067,0.1276623080717286,-2.478572902475662e-14,9.790008215215806e-08
822.509121460287,0.1336397158353533,0.13363971583535755,0.13363971583533835,0.13364007351875523,0.13363974433002468,0.13363971772220173,-1.9206858326015208e-14,2.8494667125844586e-08
826.5809487942488,0.14962497246765552,0.14962497246766457,0.14962497246765447,0.1496500963037512,0.14962658263217712,0.14962507374758569,-1.0103029524088925e-14,1.6101645125554676e-06
830.6527761282107,0.18453189131143372,0.18453189131145034,0.1845318913114487,0.18457903665696931,0.18453491114448442,0.18453208120357542,-1.6375789613221059e-15,3.0198330340791557e-06
834.7246034621725,0.22653115742554858,0.22653115742556806,0.22653115742557353,0.22654113761458242,0.22653180900716036,0.22653119853229012,5.467848396278896e-15,6.51581592292505e-07
838.7964307961344,0.23604515016481423,0.23604515016481836,0.23604515016483194,0.23595456067446646,0.2360393738715823,0.23604478731350717,1.3572476476042539e-14,-5.776293236059438e-06
842.8682581300961,0.21144438818690936,0.21144438818688308,0.2114443881869045,0.211334675085821,0.2114373819767873,0.21144394799546,2.142730437526552e-14,-7.006210095777954e-06
846.9400854640579,0.19554572642801138,0.19554572642794532,0.19554572642797144,0.1954834569166121,0.19554175037928825,0.19554547665111255,2.6117996654306808e-14,-3.976048657067244e-06
851.0119127980198,0.20798927355348681,0.20798927355336352,0.207989273553392,0.20797925997979277,0.2079886386676992,0.2079892337698374,2.8477220581635265e-14,-6.348856643190182e-07
855.0837401319816,0.2533979372302758,0.25339793723006554,0.25339793723009846,0.25343221227202123,0.25340013552524354,0.2533980755329861,3.291811268013589e-14,2.1982951780019633e-06
859.1555674659434,0.3233249854679056,0.3233249854675919,0.32332498546763166,0.32336864566230356,0.32332778292897923,0.3233251613881212,3.9745984281580604e-14,2.797461387316069e-06
863.2273947999053,0.3678864866235207,0.367886486623193,0.3678864866232193,0.36786954315749326,0.36788539575856244,0.3678864179195628,2.631228568361621e-14,-1.0908646305707315e-06
867.299222133867,0.35533879234837834,0.3553387923482185,0.3553387923482073,0.3552992420604017,0.35533623739867193,0.3553386313607621,-1.1213252548714081e-14,-2.5549495465959637e-06
871.3710494678288,0.3411630954253967,0.3411630954254853,0.3411630954254493,0.3411740978111891,0.34116376605873583,0.3411631370744169,-3.597122599785507e-14,6.706332505435064e-07
875.4428768017907,0.3349377044347804,0.3349377044350594,0.33493770443502796,0.3349660904456526,0.334939497288473,0.3349378167641177,-3.141931159689193e-14,1.7928534136180119e-06
879.5147041357525,0.28914915096770044,0.2891491509680024,0.28914915096798444,0.28914573394956106,0.2891489280666195,0.289149136877511,-1.7985612998927536e-14,-2.2290138290692596e-07
883.5865314697143,0.2214231409470165,0.22142314094723642,0.2214231409472235,0.22141015959772314,0.22142231105100696,0.22142308878661382,-1.2906342661267445e-14,-8.298962294595036e-07
887.6583588036762,0.1722299020209769,0.17222990202112104,0.1722299020211157,0.17222555048779614,0.17222962149766444,0.17222988435543654,-5.329070518200751e-15,-2.805234566027881e-07
891.7301861376379,0.14763086696949332,0.14763086696959143,0.14763086696959626,0.14763785857867093,0.14763130795842372,0.14763089459492154,4.829470157119431e-15,4.4098883228427255e-07
895.8020134715997,0.14169275342095553,0.141692753421029,0.1416927534210395,0.14170947699395708,0.14169381291873706,0.1416928198621976,1.0519363158323358e-14,1.0594977080669032e-06
899.8738408055616,0.14203278377258688,0.14203278377264464,0.1420327837726513,0.14204922304978923,0.14203382467279888,0.1420328490347496,6.661338147750939e-15,1.0409001542366347e-06
903.9456681395234,0.13108744656880156,0.13108744656884452,0.1310874465688441,0.13109479351753928,0.13108791097302486,0.13108747567185494,-4.163336342344337e-16,4.6440418033366626e-07
908.0174954734852,0.11307831599063964,0.11307831599067139,0.11307831599066759,0.11308544983352883,0.11307877280434077,0.11307834471313533,-3.802513859341161e-15,4.568136693777758e-07
912.089322807447,0.10198471267308272,0.10198471267310728,0.1019847126731008,0.10199804727805463,0.10198557199315844,0.1019847667864934,-6.480926906249351e-15,8.593200511580745e-07
916.1611501414088,0.09928638154933232,0.09928638154935332,0.09928638154934223,0.09929819861860684,0.0992871485191319,0.09928642991545676,-1.1088352458443751e-14,7.669697785761542e-07
920.2329774753706,0.0961807170283943,0.09618071702841689,0.09618071702840378,0.09616901366559541,0.09617997641628057,0.09618067056891193,-1.3114509478384662e-14,-7.406121363268126e-07
924.3048048093325,0.08567504111405327,0.08567504111408268,0.08567504111407497,0.08564651303654586,0.0856732162926671,0.08567492640006018,-7.716050021144838e-15,-1.82482141558582e-06
928.3766321432943,0.07430418385939905,0.07430418385943734,0.07430418385943567,0.0742807145012448,0.07430267995338971,0.0743040892878057,-1.6653345369377348e-15,-1.503906047625736e-06
932.448459477256,0.06703741959705108,0.06703741959709958,0.06703741959710094,0.06702269413962851,0.06703647493391629,0.06703736017734162,1.3600232051658168e-15,-9.446631832887853e-07
936.5202868112179,0.06375793542177027,0.06375793542183206,0.06375793542183585,0.06374924321058693,0.06375737665839877,0.06375790025702723,3.788636071533347e-15,-5.587634332865354e-07
940.5921141451797,0.06361558266627601,0.06361558266635739,0.0636155826663627,0.06361062937535615,0.06361526264444606,0.06361556250060123,5.315192730392937e-15,-3.20021911331958e-07
944.6639414791415,0.06630141242324916,0.06630141242336204,0.06630141242336518,0.06629893634805246,0.06630124996297346,0.0663014021467468,3.1363800445660672e-15,-1.624603885863607e-07
948.7357688131034,0.07215056063970467,0.072150560639868,0.0721505606398667,0.07215000814142258,0.07215051968924652,0.07215055797630171,-1.2906342661267445e-15,-4.095062147713158e-08
952.8075961470652,0.08225492777173339,0.08225492777197835,0.08225492777197337,0.08225624497520985,0.08225500386752652,0.08225493242470897,-4.98212582300539e-15,7.609554816823128e-08
956.879423481027,0.09885311559234383,0.0988531155927259,0.09885311559271892,0.09885672929960769,0.0988533342653257,0.09885312913824619,-6.980527267330672e-15,2.186725998054584e-07
960.9512508149888,0.12613246756465613,0.12613246756527355,0.1261324675652641,0.12613941365663886,0.12613289196854388,0.12613249392345458,-9.43689570931383e-15,4.244032703326628e-07
965.0230781489506,0.17115212332549065,0.17115212332649152,0.17115212332647856,0.17116400613597169,0.17115285144045508,0.17115216858165008,-1.2961853812498703e-14,7.281139635662015e-07
969.0949054829124,0.2411734290868865,0.24117342908830988,0.24117342908829692,0.2411903067521981,0.24117446323450423,0.24117349336411006,-1.2961853812498703e-14,1.0341461943452757e-06
973.1667328168743,0.32341661619502915,0.32341661619613116,0.3234166161961285,0.3234303380867024,0.3234174560456486,0.3234166683826173,-2.6645352591003757e-15,8.398495174311016e-07
977.2385601508361,0.3603309432894227,0.36033094328894083,0.36033094328895415,0.3603355345402554,0.3603312420338828,0.3603309621619644,1.3322676295501878e-14,2.9874494195114565e-07
981.3103874847978,0.3240625229854158,0.3240625229840295,0.3240625229840454,0.32407801067111436,0.3240635469209716,0.3240625878986728,1.5931700403370996e-14,1.023936942123882e-06
985.3822148187597,0.2637316454331544,0.2637316454319402,0.2637316454319487,0.26374180622013865,0.2637323302187769,0.2637316890223401,8.493206138382448e-15,6.847868366799403e-07
989.4540421527215,0.20191083478850497,0.20191083478767657,0.2019108347876824,0.2018879087394605,0.20190939358489837,0.20191074458897978,5.828670879282072e-15,-1.441202778201811e-06
993.5258694866834,0.14841014746819223,0.14841014746767056,0.14841014746767997,0.14838188704027097,0.1484083544363148,0.14841003500106545,9.409140133698202e-15,-1.7930313557512623e-06
997.5976968206452,0.1119300810055665,0.11193008100523825,0.11193008100524955,0.1119111229208918,0.11192887644150279,0.11193000542586651,1.1296519275560968e-14,-1.2045637354657357e-06
1001.669524154607,0.08964345287216446,0.0896434528719502,0.08964345287196085,0.08963266127218647,0.08964276659818604,0.08964340980463029,1.0644263248593688e-14,-6.862737641638583e-07
1005.7413514885689,0.07672172073946215,0.07672172073931642,0.0767217207393263,0.07671637265081392,0.07672137977743912,0.07672169933090828,9.880984919163893e-15,-3.409618773014822e-07
1009.8131788225306,0.06963038709652446,0.06963038709642244,0.06963038709643245,0.06962894528887906,0.06963029423681312,0.0696303812551504,1.0005885009434223e-14,-9.285960932137183e-08
1013.8850061564924,0.06529944806584256,0.06529944806577023,0.06529944806577816,0.06530028553342221,0.06529950038219715,0.06529945133907403,7.924216838262055e-15,5.231642691283511e-08
1017.9568334904543,0.06010383686941553,0.060103836869362944,0.06010383686936667,0.060103580532069496,0.06010381882200962,0.06010383571153157,3.726186026398182e-15,-1.804735332011642e-08
1022.0286608244161,0.05333200625098283,0.05333200625094251,0.053332006250943746,0.05333081008189251,0.05333192830944636,0.05333200133127153,1.2351231148954867e-15,-7.794149615297785e-08
1026.1004881583779,0.0476344430896958,0.04763444308966404,0.04763444308966502,0.04763385388291576,0.04763440465613542,0.047634440664040927,9.783840404509192e-16,-3.843352861659932e-08
1030.1723154923397,0.04389687378459574,0.04389687378457087,0.043896873784571945,0.04389733666920712,0.04389690326789824,0.04389687563793104,1.0755285551056204e-15,2.9483327369794754e-08
1034.2441428263014,0.041828724199231095,0.04182872419921133,0.041828724199211804,0.041830481693555556,0.04182883703170008,0.04182873130067223,4.718447854656915e-16,1.128324887481047e-07
1038.3159701602633,0.04116865503836822,0.04116865503835145,0.04116865503835169,0.04117200191504481,0.04116887009003835,0.04116866857432816,2.3592239273284576e-16,2.150516868956731e-07
1042.3877974942252,0.04165929844875614,0.04165929844874072,0.04165929844874057,0.041663521373794976,0.04165956990003034,0.041659315534278235,-1.5265566588595902e-16,2.7145128961986176e-07
1046.4596248281869,0.04231856152869349,0.042318561528679306,0.042318561528678814,0.042320397666891656,0.04231867959986257,0.042318568958381944,-4.926614671774132e-16,1.1807118326101484e-07
1050.5314521621488,0.04218292549240278,0.04218292549239125,0.04218292549239088,0.04218188773196498,0.04218285864237842,0.042182921281870546,-3.677613769070831e-16,-6.685001283091019e-08
1054.6032794961106,0.042533951438022376,0.04253395143801439,0.04253395143801384,0.04253332695405469,0.042533911288543155,0.04253394891154609,-5.48172618408671e-16,-4.0149471233763556e-08
1058.6751068300725,0.04499870773655871,0.044998707736553144,0.044998707736552235,0.04499989852527788,0.04499878466431595,0.04499871258478108,-9.08995101411847e-16,7.69277628057119e-08
1062.7469341640342,0.050510905977025594,0.05051090597702071,0.05051090597701991,0.050514157887403065,0.05051111590360812,0.050510919203483,-7.979727989493313e-16,2.0992658741197934e-07
1066.818761497996,0.05848298407188745,0.058482984071882654,0.05848298407188437,0.058487192130553325,0.05848325606524547,0.05848300121338342,1.7139067942650854e-15,2.719933628186899e-07
1070.890588831958,0.06282172864063858,0.06282172864063383,0.06282172864063926,0.06282310450217359,0.0628218189156846,0.06282173434959644,5.4262150328554526e-15,9.027505076808495e-08
1074.9624161659196,0.05762554442362917,0.05762554442362408,0.05762554442363061,0.05762367500812406,0.0576254257495268,0.057625536976837664,6.529499163576702e-15,-1.1867409727833733e-07
1079.0342434998815,0.04924933750624526,0.04924933750624064,0.049249337506245175,0.04924738249959177,0.04924921279100075,0.04924932967135588,4.538036613155327e-15,-1.2471523988533129e-07
1083.1060708338434,0.04333048009009966,0.04333048009009679,0.04333048009009747,0.04332938579423275,0.043330410305575794,0.04333047570646834,6.800116025829084e-16,-6.978452099515309e-08
1087.177898167805,0.04019346898336733,0.0401934689833657,0.0401934689833639,0.04019307633352797,0.04019344403330815,0.04019346741744005,-1.797173521111972e-15,-2.4950057547767912e-08
1091.249725501767,0.039095329851328214,0.03909532985132613,0.03909532985132486,0.03909545151761567,0.03909533775535877,0.03909533035000059,-1.2698175844150228e-15,7.904032636729674e-09
1095.3215528357289,0.03965133542048071,0.03965133542047723,0.039651335420477565,0.039651921189722994,0.03965137295444958,0.03965133778087151,3.3306690738754696e-16,3.753397234684819e-08
1099.3933801696905,0.041965163108776314,0.04196516310877218,0.04196516310877359,0.04196630490536841,0.04196523612639627,0.04196516769844209,1.4085954624931674e-15,7.301762409289703e-08
1103.4652075036524,0.04666520252646364,0.046665202526459365,0.04666520252646032,0.04666714494349286,0.04666532662811004,0.04666521032535499,9.575673587391975e-16,1.2410165067811008e-07
1107.5370348376143,0.05483678613898347,0.05483678613897883,0.05483678613897784,0.05483980896985185,0.05483697920891021,0.054836798271081094,-9.853229343548264e-16,1.9306993138262785e-07
1111.608862171576,0.066465339757716,0.06646533975770999,0.06646533975770733,0.06646878559511286,0.0664655601041925,0.06646535360761012,-2.6645352591003757e-15,2.2034648250457423e-07
1115.6806895055379,0.07496673368231009,0.07496673368230307,0.07496673368230053,0.07496746316131925,0.07496678159547829,0.0749667367130253,-2.5396351688300456e-15,4.79131752190165e-08
1119.7525168394998,0.07103790724931719,0.07103790724931007,0.07103790724930802,0.07103536966702181,0.07103774730828592,0.07103789723193456,-2.0539125955565396e-15,-1.5994102414707e-07
1123.8243441734614,0.06130173748108714,0.06130173748107999,0.06130173748107643,0.061299551854540384,0.06130159967859368,0.06130172884989727,-3.559652572704408e-15,-1.3780248631078962e-07
1127.8961715074233,0.05472139775949603,0.054721397759488324,0.054721397759482,0.05472088503468086,0.054721366247786146,0.05472139579880116,-6.321332346459485e-15,-3.151170217818855e-08
1131.9679988413852,0.052740919131505144,0.05274091913149593,0.05274091913148756,0.05274203499558662,0.05274099129820021,0.0527409236805173,-8.368306048112117e-15,7.216670427911964e-08
1136.039826175347,0.05497333946801329,0.0549733394680013,0.054973339467993355,0.05497615147113122,0.05497351985783724,0.05497335081596988,-7.945033519973776e-15,1.8038983593676727e-07
1140.1116535093088,0.06184573222221301,0.06184573222219605,0.0618457322221911,0.06185074796940598,0.06184605347793342,0.06184575242389084,-4.947431353485854e-15,3.212557373732938e-07
1144.1834808432707,0.07486001870503799,0.07486001870501204,0.07486001870501226,0.07486810713097385,0.07486053657967971,0.07486005126791605,2.220446049250313e-16,5.17874667677054e-07
1148.2553081772323,0.09451636563842605,0.0945163656383867,0.09451636563839208,0.09452739144465365,0.09451707162533857,0.09451641002988251,5.384581669432009e-15,7.059869518710737e-07
1152.3271355111942,0.1122582992364855,0.11225829923643704,0.11225829923644558,0.11226805500576038,0.11225892377594258,0.11225833850438226,8.534839501805891e-15,6.245395055420877e-07
1156.3989628451561,0.11402509963156304,0.1140250996315261,0.11402509963153294,0.11403185024650936,0.11402552964343292,0.11402512663544644,6.841749389252527e-15,4.300119068184616e-07
1160.4707901791178,0.110124860486328,0.11012486048631824,0.11012486048631796,0.11013488090903846,0.1101254949964295,0.11012490027288431,-2.7755575615628914e-16,6.345101112581464e-07
1164.5426175130797,0.1163183227160063,0.11631832271602632,0.11631832271602259,0.11633399308579542,0.11631931379989599,0.11631838484083576,-3.733124920302089e-15,9.910838696669533e-07
1168.6144448470416,0.12714537748439217,0.12714537748443447,0.1271453774844324,0.1271574599839855,0.1271461404418625,0.12714542528629605,-2.0816681711721685e-15,7.629574280410001e-07
1172.6862721810032,0.12005489747500718,0.12005489747505026,0.1200548974750492,0.12005223668919221,0.12005472631943978,0.12005488669576525,-1.0547118733938987e-15,-1.711556104760925e-07
1176.7580995149651,0.09589416082370705,0.09589416082373733,0.09589416082373482,0.09588596117268841,0.09589363942420498,0.09589412809354032,-2.5118795932144167e-15,-5.213995323549714e-07
1180.829926848927,0.07428598634826643,0.07428598634828504,0.07428598634828183,0.07428000396371953,0.07428560629014781,0.07428596249662615,-3.2057689836051395e-15,-3.8005813722541415e-07
1184.9017541828887,0.060550392326993746,0.06055039232700497,0.06055039232700192,0.060547042999002834,0.06055017979337165,0.06055037899240146,-3.0531133177191805e-15,-2.1253363332446318e-07
1188.9735815168506,0.05269273403527363,0.052692734035280984,0.0526927340352773,0.052691091742469796,0.05269263026101497,0.05269272753067022,-3.684552662974738e-15,-1.0377426601371198e-07
1193.0454088508125,0.04863369740971651,0.048633697409721795,0.048633697409717104,0.04863305137704178,0.048633657370593664,0.048633694911460745,-4.690692279041286e-15,-4.003912813105304e-08
1197.1172361847741,0.0469492199967855,0.04694921999678918,0.046949219996783635,0.04694879562088904,0.04694919442466502,0.04694921841193629,-5.5441762292218755e-15,-2.5572124161266085e-08
1201.189063518736,0.04614167502006178,0.046141675020064034,0.04614167502005837,0.04614066979386111,0.04614161232100125,0.046141671101710795,-5.662137425588298e-15,-6.26990627819457e-08
1205.260890852698,0.045500844699331786,0.04550084469933295,0.04550084469932864,0.04549991632312211,0.04550078621585626,0.04550084103573403,-4.309053114326389e-15,-5.8483476693405034e-08
1209.3327181866596,0.045911174277324475,0.04591117427732554,0.045911174277322914,0.0459112136887497,0.04591117671817119,0.04591117442868056,-2.6229018956769323e-15,2.440845650597545e-09
1213.4045455206215,0.04812950958039288,0.048129509580393755,0.04812950958039281,0.04813072427579736,0.04812958619428877,0.04812951437889806,-9.43689570931383e-16,7.661389501284477e-08
1217.4763728545834,0.0527362742962699,0.05273627429626956,0.05273627429626987,0.05273886173704771,0.05273643752924176,0.05273628452130659,3.122502256758253e-16,1.6323297220149913e-07
1221.548200188545,0.06077858264850301,0.06077858264849996,0.06077858264850165,0.06078305589702217,0.06077886480632526,0.06077860032279785,1.6930901125533637e-15,2.8215782529872335e-07
1225.620027522507,0.07392312668674005,0.07392312668673273,0.0739231266867357,0.07393027340116813,0.07392357723251523,0.07392315490520524,2.9698465908722937e-15,4.5054578250158794e-07
1229.6918548564688,0.09293833847603289,0.09293833847602485,0.09293833847602694,0.09294836573540004,0.09293896974936795,0.09293837800030907,2.0816681711721685e-15,6.312733430990924e-07
1233.7636821904305,0.1136321169391997,0.11363211693921302,0.11363211693921327,0.11364439499313067,0.11363288957765089,0.11363216531004237,2.498001805406602e-16,7.726384378681228e-07
1237.8355095243924,0.13074853831945946,0.13074853831952218,0.13074853831952182,0.1307626308982968,0.1307494292859625,0.1307485941633038,-3.608224830031759e-16,8.909664403200512e-07
1241.9073368583543,0.14071118555719936,0.14071118555728876,0.14071118555728665,0.14071972040105643,0.14071172995325096,0.14071121975164225,-2.1094237467877974e-15,5.443959621986849e-07
1245.979164192316,0.1457354115643532,0.14573541156441505,0.14573541156441355,0.14573794465716364,0.14573557875070547,0.1457354221513371,-1.4988010832439613e-15,1.671862904228938e-07
1250.0509915262778,0.15955947141426863,0.15955947141428528,0.15955947141429444,0.15955979587096156,0.15955949959696414,0.15955947329903802,9.159339953157541e-15,2.818267885729142e-08
1254.1228188602397,0.17162365011211358,0.17162365011210107,0.1716236501121249,0.17161700362059215,0.17162323361572596,0.17162362406289036,2.3842039453825237e-14,-4.164963751107642e-07
1258.1946461942014,0.15406510344965565,0.1540651034496389,0.15406510344966537,0.1540515435560399,0.1540642438313918,0.15406504953264305,2.6478819137309983e-14,-8.596182470843594e-07
1262.2664735281633,0.12089687370055631,0.1208968737005435,0.12089687370056229,0.12088564260625008,0.12089616036700007,0.12089682893847731,1.8790524691780774e-14,-7.133335434283961e-07
1266.3383008621252,0.09677186922851111,0.09677186922849952,0.09677186922850761,0.09676575077928086,0.09677148050316049,0.09677184483392634,8.090750291955828e-15,-3.887253390288947e-07
1270.4101281960868,0.0848998844893927,0.08489988448937871,0.08489988448937777,0.08489638426087938,0.0848996619129654,0.08489987051734926,-9.43689570931383e-16,-2.22576413314024e-07
1274.4819555300487,0.07894687919837193,0.07894687919835529,0.07894687919835397,0.07893943727697658,0.07894640506996753,0.07894684942103518,-1.3183898417423734e-15,-4.741283877590652e-07
1278.5537828640106,0.07093050189444346,0.07093050189442837,0.07093050189443159,0.07091739113074988,0.07092966603430767,0.07093044939474365,3.219646771412954e-15,-8.358601207014704e-07
1282.6256101979723,0.06179224532189842,0.06179224532188735,0.06179224532189239,0.06178039690952783,0.06179148946773654,0.061792197842096136,5.037636974236648e-15,-7.558541508106975e-07
1286.6974375319342,0.05522537261553092,0.055225372615523315,0.0552253726155287,0.05521713532446198,0.05522484665342412,0.0552253395696486,5.384581669432009e-15,-5.259620991932001e-07
1290.769264865896,0.05077364128044451,0.05077364128043947,0.0507736412804437,0.050768437372628726,0.05077330865933114,0.05077362037672937,4.225786387479502e-15,-3.3262110833015557e-07
1294.8410921998577,0.04808582551149028,0.048085825511487164,0.04808582551148862,0.04808313508792899,0.04808565323808763,0.048085814680131865,1.457167719820518e-15,-1.722733995318526e-07
1298.9129195338196,0.04773681456474177,0.0477368145647391,0.04773681456473696,0.04773632464629001,0.0477367825879983,0.047736812544963626,-2.1371793224034263e-15,-3.197674079691293e-08
1302.9847468677815,0.04993235510783315,0.04993235510782961,0.049932355107826364,0.049933843665830674,0.0499324491618404,0.04993236100187307,-3.247402347028583e-15,9.405401078799169e-08
1307.0565742017432,0.053649895020178716,0.05364989502017459,0.053649895020173664,0.05365212511583155,0.05365003645299252,0.05364990389098984,-9.228728892196614e-16,1.414328179294433e-07
1311.128401535705,0.05532471752314525,0.05532471752314262,0.05532471752314344,0.055325301742960555,0.055324754510549065,0.055324719841148035,8.187894806610529e-16,3.6987406443200754e-08
1315.200228869667,0.054285776924716235,0.05428577692471641,0.05428577692471622,0.054285193480443014,0.054285739507655306,0.05428577457056495,-1.8735013540549517e-16,-3.741706110227394e-08
1319.2720562036286,0.05489945336369544,0.054899453363697906,0.05489945336369724,0.05489916052066417,0.05489943394652727,0.05489945213229127,-6.661338147750939e-16,-1.9417170635249725e-08
1323.3438835375905,0.05955146151360487,0.059551461513609724,0.059551461513610245,0.059551547602684274,0.05955146555322698,0.059551461744768976,5.204170427930421e-16,4.039617258755346e-09
1327.4157108715524,0.06680459306699728,0.06680459306700516,0.06680459306700749,0.06680339215150141,0.0668045149140719,0.06680458813349407,2.3314683517128287e-15,-7.815293326385309e-08
1331.487538205514,0.06966740824489472,0.06966740824490382,0.0696674082449094,0.06966272637123253,0.06966710940327463,0.06966738946957468,5.578870698741412e-15,-2.988416291926921e-07
1335.559365539476,0.06483692839786606,0.06483692839787332,0.06483692839788179,0.06483153559453501,0.06483658533801143,0.0648369068628779,8.465450562766819e-15,-3.4305986189309134e-07
1339.6311928734378,0.05907855804170262,0.059078558041707425,0.059078558041715856,0.05907565560335003,0.059078373735495966,0.05907854647741615,8.430756093247282e-15,-1.8430621145926196e-07
1343.7030202073995,0.05691918258620018,0.05691918258620259,0.056919182586211835,0.05691925839696499,0.05691918768178159,0.05691918291026884,9.242606680004428e-15,5.095579000413686e-09
1347.7748475413614,0.0591083103839513,0.0591083103839515,0.059108310383965565,0.05911146458820611,0.05910851113590648,0.05910832298723901,1.4065137943219952e-14,2.0075195498320264e-07
1351.8466748753233,0.06624992563927808,0.06624992563927697,0.06624992563929377,0.06625699138244821,0.06625037492235031,0.06624995383903981,1.6806001035263307e-14,4.492830733421327e-07
1355.918502209285,0.08006358810401162,0.08006358810400978,0.08006358810402099,0.08007615946846483,0.08006438722315237,0.0800636382577769,1.1213252548714081e-14,7.9911914259434e-07
1359.9903295432468,0.10186695132757762,0.10186695132757385,0.10186695132757043,0.10188482438783382,0.10186808812484824,0.1018670226833499,-3.427813588530171e-15,1.1367972743842047e-06
1364.0621568772087,0.12350113986475875,0.1235011398647488,0.12350113986472691,0.12351366805983431,0.12350194095125264,0.12350119020885386,-2.1885271372923398e-14,8.010865038404757e-07
1368.1339842111706,0.12258573063759538,0.12258573063757991,0.12258573063755812,0.12258074268895552,0.12258542353536439,0.1225857115110086,-2.1788126858268697e-14,-3.0710221551877304e-07
1372.2058115451323,0.10115181388154652,0.1011518138815356,0.10115181388152705,0.10114071401865248,0.10115111783132415,0.1011517703411676,-8.548717289613705e-15,-6.960502114544687e-07
1376.2776388790942,0.08119439875293515,0.0811943987529318,0.08119439875292846,0.08118643883195645,0.08119389938315322,0.08119436751300518,-3.344546861683284e-15,-4.993697785837803e-07
1380.349466213056,0.06908150684070709,0.06908150684070923,0.06908150684070409,0.06907705891684383,0.06908122847281926,0.06908148943686973,-5.134781488891349e-15,-2.7836788996093986e-07
1384.4212935470177,0.06298314982491468,0.06298314982492051,0.06298314982490978,0.06298101003363586,0.06298301682927973,0.06298314152416527,-1.0727529975440575e-14,-1.3299564077806636e-07
1388.4931208809796,0.06086752912028754,0.06086752912029641,0.06086752912027754,0.06086688953729025,0.06086749071113942,0.0608675267440318,-1.8866852524723754e-14,-3.840915698688496e-08
1392.5649482149415,0.06168851520831667,0.06168851520832905,0.06168851520830013,0.061689003502097974,0.06168854805027083,0.061688517297127744,-2.891437089758142e-14,3.2841941784156337e-08
1396.6367755489032,0.06519887731854326,0.06519887731855976,0.0651988773185225,0.06520042140222913,0.0651989770291828,0.06519888360047252,-3.7261860263981816e-14,9.971062303604228e-08
1400.708602882865,0.07180559590885513,0.0718055959088757,0.07180559590883709,0.0718083473013635,0.07180577225490141,0.07180560699897942,-3.860800568133982e-14,1.7634602571259261e-07
1404.780430216827,0.08242858463884443,0.08242858463886914,0.082428584638833,0.08243277169418936,0.0824288522801387,0.08242860145944865,-3.6137759451548845e-14,2.676412695634678e-07
1408.8522575507886,0.09744861442410778,0.09744861442413567,0.09744861442410667,0.09745396769001416,0.09744895653716035,0.09744863592396405,-2.9004576518332215e-14,3.421130246733517e-07
1412.9240848847505,0.11465725001251117,0.11465725001253967,0.11465725001252393,0.1146635155228109,0.11465765077090738,0.11465727520380486,-1.5737411374061594e-14,4.0075836771347184e-07
1416.9959122187124,0.1340778520395942,0.13407785203962547,0.1340778520396211,0.1340882759326707,0.13407851788348377,0.1340778938816522,-4.3576253716537394e-15,6.658438582995974e-07
1421.067739552674,0.1606394594650673,0.16063945946511068,0.16063945946511368,0.16065724403624235,0.1606405958780764,0.16063953088491942,2.9976021664879227e-15,1.136412965702105e-06
1425.139566886636,0.19206281419447072,0.19206281419452162,0.19206281419453117,0.1920860007630566,0.1920642987922012,0.19206290754373742,9.547918011776346e-15,1.4845976795685445e-06
1429.2113942205979,0.22108028237634875,0.2210802823764138,0.221080282376426,0.22110788125524491,0.22108204666129622,0.22108039326762566,1.2184697695261093e-14,1.7642848824106494e-06
1433.2832215545595,0.25876321395005986,0.2587632139502099,0.2587632139502171,0.258800500713825,0.25876558460644017,0.25876336274772166,7.216449660063518e-15,2.3706562302661105e-06
1437.3550488885214,0.3103201503439438,0.3103201503442293,0.3103201503442274,0.31035981593076767,0.31032266393908076,0.31032030797453164,-1.887379141862766e-15,2.5135948514831696e-06
1441.4268762224833,0.34199991642109345,0.3419999164215092,0.34199991642149147,0.34202163016784576,0.3420012874171495,0.34200000230809774,-1.7708057242771247e-14,1.3709956403484824e-06
1445.498703556445,0.3479317046926561,0.3479317046932013,0.347931704693171,0.3479407062116356,0.3479322665301918,0.3479317397788723,-3.0309088572266774e-14,5.618369905424636e-07
1449.5705308904069,0.36802145440141437,0.3680214544021684,0.36802145440213413,0.36802662275563497,0.3680217765219967,0.36802147450669653,-3.425038030968608e-14,3.2211982831098496e-07
1453.6423582243688,0.4209886137456192,0.42098861374674046,0.4209886137466987,0.4209841860340658,0.42098833774306077,0.4209885964972568,-4.1744385725905886e-14,-2.760036796889409e-07
1457.7141855583304,0.5214243944953407,0.5214243944969763,0.5214243944969228,0.5214074767245438,0.5214233395971378,0.5214243285948313,-5.3512749786932545e-14,-1.0548998384818375e-06
1461.7860128922923,0.660723243636865,0.6607232436387535,0.6607232436386834,0.6606932804171465,0.6607213804186243,0.6607231273168707,-7.005507285384738e-14,-1.863220129183496e-06
1465.8578402262542,0.7522768305523312,0.7522768305532685,0.7522768305532056,0.7521990836109531,0.7522719303982306,0.7522765236081022,-6.294964549624638e-14,-4.9001550379568215e-06
1469.9296675602159,0.6839695211681585,0.6839695211669822,0.683969521166983,0.6838752263769563,0.6839635406589282,0.6839691460148274,7.771561172376096e-16,-5.9805080540042965e-06
1474.0014948941778,0.5108447187333758,0.5108447187312963,0.510844718731363,0.5107994803876816,0.5108418447139844,0.5108445383989161,6.661338147750939e-14,-2.874017311915722e-06
1478.0733222281397,0.35623346818796636,0.3562334681863521,0.35623346818645224,0.35621312741398975,0.35623217595192425,0.3562333871144874,1.0014211682118912e-13,-1.2922344278520903e-06
1482.1451495621013,0.25559613163462086,0.25559613163359257,0.2555961316336957,0.2555825240080369,0.2555952675112643,0.2555960774252041,1.0313971898767704e-13,-8.641223282479515e-07
1486.2169768960632,0.19491367996470135,0.19491367996404985,0.19491367996414355,0.19490192604389012,0.19491293385356961,0.19491363316025692,9.370282327836321e-14,-7.461104802319873e-07
1490.288804230025,0.15489488873518575,0.1548948887347572,0.1548948887348406,0.15488404123684776,0.15489420086427558,0.15489484559347094,8.340550472496489e-14,-6.878704816304371e-07
1494.3606315639868,0.1253471919331304,0.12534719193283841,0.12534719193291127,0.12533796552580156,0.12534660765507524,0.1253471553005874,7.28583859910259e-14,-5.842777631714924e-07
1498.4324588979487,0.10337190350034628,0.10337190350014047,0.10337190350019923,0.10336449931377133,0.10337143514686725,0.10337187414422658,5.875855357828641e-14,-4.6835327321970155e-07
1502.5042862319106,0.08629736845499311,0.08629736845484537,0.08629736845488842,0.08629165931831627,0.08629700748721382,0.08629734583220466,4.3048897779840445e-14,-3.6096763154913614e-07
1506.5761135658722,0.07326944076645407,0.07326944076634652,0.07326944076637358,0.07326512625163724,0.07326916798547865,0.07326942367051772,2.706168622523819e-14,-2.727808678659738e-07
1510.647940899834,0.0636528190727311,0.0636528190726512,0.06365281907266414,0.06364950305457621,0.06365260941287787,0.06365280593247659,1.2934098236883074e-14,-2.0965977333420316e-07
1514.719768233796,0.05648424170414062,0.05648424170407998,0.05648424170408355,0.056481620192524576,0.05648407595487708,0.05648423131581404,3.573530360512223e-15,-1.6574920289752493e-07
1518.7915955677577,0.05100040316692631,0.05100040316687889,0.05100040316687895,0.050998276744391585,0.051000268725383685,0.05100039474079989,5.551115123125783e-17,-1.3444149520730475e-07
1522.8634229017196,0.04669811240923563,0.046698112409197814,0.04669811240919445,0.046696350979405866,0.04669800105102543,0.04669810542990395,-3.3653635433950058e-15,-1.1135817238466794e-07
1526.9352502356815,0.0432504648856793,0.043250464885648834,0.04325046488563978,0.043248980708197535,0.043250371062442,0.04325045900540891,-9.055256544598933e-15,-9.38232068356526e-08
1531.0070775696431,0.04043912466274922,0.04043912466272428,0.0404391246627111,0.04043785630789382,0.04043904448904524,0.0404391196380108,-1.3176959523519827e-14,-8.017367903595529e-08
1535.078904903605,0.03811331742460956,0.03811331742458862,0.03811331742457527,0.03811222043404283,0.038113248088015875,0.03811331307911907,-1.3350431871117507e-14,-6.933657274721394e-08
1539.150732237567,0.03616572901460371,0.03616572901458578,0.036165729014573676,0.03616477030410078,0.03616566842202119,0.03616572521716032,-1.2101430968414206e-14,-6.059256459078899e-08
1543.2225595715286,0.03451798810874627,0.034517988108730864,0.0345179881087193,0.034517142478036424,0.034517934665772486,0.034517984759406845,-1.156713613781335e-14,-5.344295837816926e-08
1547.2943869054905,0.03311160681206661,0.03311160681205308,0.033111606812042574,0.03311085468338859,0.03311155927999488,0.03311160383318291,-1.0505485370515544e-14,-4.753205819912898e-08
1551.3662142394523,0.0319021288485289,0.03190212884851676,0.03190212884850489,0.03190145475043118,0.03190208624844901,0.03190212617873733,-1.186550857568136e-14,-4.260006775114178e-08
1555.438041573414,0.030855232011066592,0.030855232011055816,0.03085523201104075,0.030854623531283952,0.0308551935576215,0.030855229601136472,-1.5064338665382593e-14,-3.845343431521653e-08
1559.509868907376,0.02994406252142211,0.029944062521412376,0.02994406252139695,0.02994350956487623,0.029944027575859292,0.02994406033131207,-1.542516114838577e-14,-3.49455530831988e-08
1563.5816962413378,0.029147369993438258,0.029147369993429414,0.029147369993417858,0.029146864244447946,0.029147338029578876,0.02914736799016359,-1.1556727796957489e-14,-3.196385053860773e-08
1567.6535235752995,0.028448176909018883,0.02844817690901135,0.02844817690900532,0.028447711433535347,0.028448147488084656,0.028448175065073723,-6.0298988024953815e-15,-2.9420926694889715e-08
1571.7253509092614,0.02783281360679671,0.02783281360679069,0.027832813606788073,0.0278323825526212,0.027832786358434895,0.027832811898963836,-2.615963001773025e-15,-2.724835579392959e-08
1575.7971782432232,0.02729020870249349,0.02729020870248884,0.027290208702487172,0.02728980706918995,0.02729018331021159,0.027290207110931018,-1.6688039838896884e-15,-2.539227724959736e-08
1579.869005577185,0.026811361678743553,0.0268113616787402,0.02681136167873913,0.02681098513772291,0.02681133786851884,0.026811360186271352,-1.0685896612017132e-15,-2.3810221357056793e-08
1583.9408329111468,0.026388948022424304,0.026388948022421654,0.026388948022421123,0.02638859277337739,0.02638892555361109,0.02638894661395323,-5.30825383648903e-16,-2.2468810562115138e-08
1588.0126602451087,0.026017022867236977,0.026017022867234046,0.026017022867233792,0.02601668552085731,0.026017001525137154,0.026017021529303245,-2.5326962749261384e-16,-2.1342096891835416e-08
1592.0844875790704,0.025690799649236335,0.025690799649232775,0.025690799649232515,0.025690477128659264,0.02569077923885286,0.025690798369610513,-2.6020852139652106e-16,-2.0410379913959886e-08
1596.1563149130322,0.025406487657677383,0.025406487657673577,0.025406487657673574,0.02540617711267548,0.025406467998272064,0.025406486425023304,-3.469446951953614e-18,-1.9659401512966967e-08
1600.2281422469941,0.025161177741951236,0.02516117774194769,0.025161177741947392,0.02516087647090599,0.025161158662090042,0.025161176545514502,-2.983724378680108e-16,-1.9079857648679477e-08
1604.2999695809558,0.024952769608481015,0.024952769608478146,0.02495276960847556,0.024952474983625492,0.024952750941282506,0.024952768437790616,-2.5847379792054426e-15,-1.8667195639948675e-08
1608.3717969149177,0.024779937687601006,0.024779937687598844,0.024779937687593765,0.024779647079037615,0.024779919265900837,0.024779936532165477,-5.079270337660091e-15,-1.8421698007309306e-08
1612.4436242488796,0.024642135954929038,0.024642135954926585,0.02464213595492011,0.024641846648451884,0.02464211760604377,0.02464213480390701,-6.473988012345444e-15,-1.8348882815932832e-08
1616.5154515828413,0.02453964584553982,0.024539645845536667,0.024539645845529715,0.024539354948214298,0.024539627385246423,0.024539644687363426,-6.952771691715043e-15,-1.846029024435425e-08
1620.5872789168031,0.024473676105139636,0.024473676105136625,0.024473676105128753,0.024473380430678236,0.024473657330359663,0.024473674927055385,-7.87217513398275e-15,-1.8774776962271478e-08
1624.659106250765,0.02444652994083081,0.024446529940828823,0.024446529940818973,0.02444622586365104,0.0244465106203076,0.02444652872831275,-9.84975989659631e-15,-1.932052122108341e-08
1628.7309335847267,0.02446186451782091,0.024461864517819887,0.024461864517808917,0.02446154777956064,0.02446184437975591,0.024461863253792675,-1.0970391262077328e-14,-2.013806397679896e-08
1632.8027609186886,0.024525082955150768,0.024525082955149848,0.02452508295514012,0.024524748399085645,0.02452506167022923,0.024525081618918924,-9.728329253277934e-15,-2.1284920617703484e-08
1636.8745882526505,0.024643923426209937,0.024643923426208903,0.024643923426202075,0.024643564621264224,0.024643900583568513,0.024643921991954875,-6.827871601444713e-15,-2.2842640390319247e-08
1640.9464155866121,0.024829350811560496,0.024829350811559063,0.02482935081155493,0.0248289595043961,0.024829325883760706,0.02482934924613431,-4.1321113197767545e-15,-2.4927798356749742e-08
1645.018242920574,0.025096926613191076,0.025096926613189532,0.025096926613186944,0.025096491906747592,0.025096898903707095,0.025096924872817727,-2.588207426157396e-15,-2.7709482437743294e-08
1649.090070254536,0.025468957361455765,0.025468957361453916,0.025468957361452042,0.025468464446943166,0.025468925923616128,0.025468955386635538,-1.8735013540549517e-15,-3.143783778788989e-08
1653.1618975884976,0.025977949339064693,0.02597794933906303,0.02597794933906162,0.025977377477539584,0.02597791284703192,0.025977947046466377,-1.412064909445121e-15,-3.649203111216748e-08
1657.2337249224595,0.026672326952702472,0.026672326952701497,0.0266723269526997,0.02667164615443832,0.02667228348922332,0.02667232422182307,-1.797173521111972e-15,-4.3463478177629966e-08
1661.3055522564214,0.027626209284914296,0.027626209284913657,0.027626209284910084,0.027625374649677643,0.02762615597958214,0.027626205935343626,-3.573530360512223e-15,-5.3305331516873e-08
1665.3773795903833,0.02895672125484083,0.028956721254839907,0.02895672125483436,0.028955662958868995,0.028956653644164214,0.028956717006044633,-5.547645676173829e-15,-6.761067569346912e-08
1669.449206924345,0.030855768115195196,0.03085576811519383,0.030855768115187546,0.030854373027872535,0.030855678967795924,0.030855762512684376,-6.283168429987995e-15,-8.914739790463755e-08
1673.5210342583068,0.03365025260491351,0.03365025260491173,0.03365025260490642,0.033648329496042136,0.03365012969818893,0.03365024488051862,-5.30825383648903e-15,-1.2290672279924308e-07
1677.5928615922687,0.037917836243953444,0.03791783624395065,0.03791783624394631,0.03791504962195042,0.03791765813631334,0.03791782505013262,-4.336808689942018e-15,-1.7810763730530255e-07
1681.6646889262304,0.044698963400167345,0.04469896340016225,0.044698963400157526,0.044694718382073326,0.0446986920738673,0.04469894634764175,-4.7253867485608225e-15,-2.713262949524675e-07
1685.7365162601923,0.055774776097146275,0.05577477609713813,0.05577477609713319,0.05576811239775024,0.055774350179256284,0.05577474932877471,-4.9404924595819466e-15,-4.2591788184526136e-07
1689.8083435941542,0.0732467407040725,0.07324674070406136,0.07324674070405818,0.07323687793513302,0.07324611027376203,0.07324670108156543,-3.1780134079895106e-15,-6.304302993254129e-07
1693.8801709281158,0.09452157290148594,0.09452157290147653,0.09452157290147889,0.09451136743351071,0.094520920226959,0.09452153187482724,2.3592239273284576e-15,-6.526745175289284e-07
1697.9519982620777,0.10237693950327281,0.10237693950327569,0.10237693950328633,0.10237449549996952,0.1023767820288382,0.10237692958512973,1.0644263248593688e-14,-1.5747443748992396e-07
1702.0238255960396,0.08678298544537855,0.08678298544538927,0.08678298544540308,0.0867868130883911,0.08678322844862596,0.08678300069194901,1.3808398868775384e-14,2.4300323668569046e-07
1706.0956529300013,0.06620203200802899,0.06620203200803802,0.06620203200804868,0.06620565943597247,0.06620226262463264,0.06620204648298943,1.0658141036401503e-14,2.306165946125427e-07
1710.1674802639632,0.051750182850813446,0.05175018285081919,0.05175018285082652,0.05175222781620464,0.051750312784842836,0.05175019100516243,7.327471962526033e-15,1.2993402364464002e-07
1714.239307597925,0.04300273314340509,0.04300273314340839,0.04300273314341479,0.04300364113108844,0.0430027907109537,0.04300273675427071,6.3976601794024646e-15,5.756754530711339e-08
1718.3111349318867,0.03780325650487099,0.03780325650487287,0.03780325650487935,0.037803470611904866,0.03780326990806505,0.037803257342902775,6.473988012345444e-15,1.3403192174188394e-08
1722.3829622658486,0.03470797991334978,0.03470797991335107,0.03470797991335722,0.03470774513996334,0.03470796474310722,0.034707978957376706,6.1547988927657116e-15,-1.5170243845841203e-08
1726.4547895998105,0.032917787110195815,0.03291778711019668,0.03291778711020276,0.032917215223741,0.03291775047265578,0.03291778480626036,6.078471059822732e-15,-3.663754090388327e-08
1730.5266169337722,0.03200811359818597,0.03200811359818598,0.03200811359819222,0.032007236715778466,0.03200805752612084,0.03200811007374359,6.2450045135165055e-15,-5.607206513685847e-08
1734.598444267734,0.031764006033692976,0.03176400603369224,0.03176400603369855,0.03176280171687337,0.031763929083459735,0.03176400119787455,6.3074545586516706e-15,-7.695023250542388e-08
1738.670271601696,0.0320977013867076,0.03209770138670704,0.032097701386712675,0.032096098258002734,0.03209759899400544,0.032097694952631414,5.6343818499726694e-15,-1.0239270160222746e-07
1742.7420989356576,0.03301360207595484,0.033013602075954954,0.03301360207595899,0.033011470544147895,0.033013465962050285,0.03301359352339585,4.038436252074007e-15,-1.3611390466822249e-07
1746.8139262696195,0.03460304289620884,0.03460304289620938,0.0346030428962115,0.03460016923959692,0.03460285941220349,0.03460303136755535,2.123301534595612e-15,-1.8348400588480418e-07
1750.8857536035814,0.03706499110915813,0.0370649911091585,0.03706499110915874,0.03706102576860088,0.03706473793380549,0.0370649752019268,2.42861286636753e-16,-2.531753530085612e-07
1754.957580937543,0.04076076797924862,0.040760767979248186,0.04076076797924563,0.040755126827064725,0.040760407814212835,0.040760745349949876,-2.55351295663786e-15,-3.6016503535130084e-07
1759.029408271505,0.046327050500698796,0.0463270505006969,0.04632705050069098,0.04631872473800535,0.046326518931281396,0.046327017102116515,-5.918876500032866e-15,-5.315694155058615e-07
1763.1012356054669,0.05489909382404991,0.05489909382404622,0.0548990938240375,0.054886282690257755,0.054898275865746034,0.05489904243164696,-8.722189637211386e-15,-8.179583001893809e-07
1767.1730629394285,0.06853408515909903,0.06853408515909298,0.06853408515908244,0.06851353087562069,0.06853277279391944,0.06853400270301506,-1.0547118733938987e-14,-1.3123651735474917e-06
1771.2448902733904,0.09086826387977709,0.09086826387976785,0.09086826387975629,0.09083446430999564,0.09086610581499124,0.0908681282882886,-1.1560197243909442e-14,-2.1580647766028527e-06
1775.3167176073523,0.12706787849832257,0.1270678784983092,0.12706787849829712,0.12701511696066053,0.1270645099953653,0.12706766685597598,-1.2073675392798577e-14,-3.368502943884577e-06
1779.388544941314,0.17670358525343313,0.17670358525341898,0.17670358525340651,0.1766448145490787,0.17669983453456975,0.1767033496026829,-1.2462253451417382e-14,-3.7507188492269528e-06
1783.4603722752759,0.20947798365854164,0.20947798365854076,0.20947798365852935,0.20947324044178875,0.20947768400781358,0.20947796484577533,-1.1407541578023483e-14,-2.996507271757487e-07
1787.5321996092378,0.18543515003672048,0.185435150036735,0.18543515003672756,0.18549444063593787,0.18543893591758767,0.18543538790710848,-7.438494264988549e-15,3.785880852674728e-06
1791.6040269431994,0.13508924136132447,0.1350892413613391,0.13508924136133496,0.13514880463595913,0.13509304286247,0.1350894802054972,-4.135580766728708e-15,3.801501130912266e-06
1795.6758542771613,0.095650694587195,0.09565069458720483,0.09565069458720259,0.09568997154897792,0.09565320110498388,0.09565085206794198,-2.248201624865942e-15,2.5065177790412063e-06
1799.7476816111232,0.07088399619046704,0.0708839961904734,0.07088399619047259,0.07090801468800034,0.07088552896553038,0.07088409249245498,-8.187894806610529e-16,1.5327750569754661e-06
1803.8195089450849,0.055680879421922895,0.0556808794219274,0.05568087942192757,0.05569584571560183,0.055681834542820705,0.055680939430899884,1.734723475976807e-16,9.551208933061828e-07
1807.8913362790468,0.046043234052768715,0.04604323405277213,0.046043234052772816,0.04605294923421689,0.04604385407768289,0.0460432730082312,6.869504964868156e-16,6.200249107607414e-07
1811.9631636130086,0.039664726455851146,0.03966472645585374,0.03966472645585433,0.03967130455028069,0.03966514628500396,0.039664752833331186,5.898059818321144e-16,4.1982915022220624e-07
1816.0349909469703,0.035265106569261254,0.03526510656926298,0.035265106569263356,0.03526973246953057,0.035265401814309524,0.03526512511930465,3.7470027081099033e-16,2.952450465429357e-07
1820.1068182809322,0.03211766582352338,0.03211766582352426,0.03211766582352448,0.032121026818981865,0.03211788034354292,0.032117679301722074,2.220446049250313e-16,2.145200186584595e-07
1824.178645614894,0.029794124736465453,0.029794124736465585,0.029794124736465383,0.029796635567107595,0.02979428499854423,0.02979413480570479,-2.0122792321330962e-16,1.6026207864602848e-07
1828.2504729488558,0.0280319670348666,0.028031967034866535,0.028031967034865362,0.028033887708904373,0.028032089632083944,0.02803197473766554,-1.1726730697603216e-15,1.2259721740917606e-07
1832.3223002828177,0.02666424456647955,0.026664244566479398,0.02666424456647759,0.026665743861266425,0.02666434027000394,0.02666425057957558,-1.807581861967833e-15,9.570352454274511e-08
1836.3941276167795,0.02558119656215678,0.025581196562156707,0.025581196562155233,0.025582387494623576,0.025581272584722682,0.025581201338716573,-1.474514954580286e-15,7.602256597502577e-08
1840.4659549507412,0.024708491757659785,0.024708491757660007,0.024708491757659184,0.0247094521226416,0.024708553064208712,0.02470849560962457,-8.222589276130066e-16,6.13065487056752e-08
1844.537782284703,0.023994452280761875,0.023994452280762222,0.02399445228076157,0.023995236953373206,0.023994502373526128,0.023994455428172495,-6.522560269672795e-16,5.0092763905634774e-08
1848.609609618665,0.023402301822366047,0.023402301822366165,0.02340230182236532,0.02340295036031516,0.023402343226024223,0.02340230442384478,-8.465450562766819e-16,4.140365805760382e-08
1852.6814369526267,0.022905319350478934,0.022905319350478744,0.022905319350477946,0.022905860826946865,0.02290535392058062,0.02290532152260785,-7.979727989493313e-16,3.457010187488119e-08
1856.7532642865885,0.022483725903387514,0.022483725903387097,0.022483725903386268,0.022484182059187466,0.022483755027520015,0.02248372773334732,-8.291978215169138e-16,2.912413291783489e-08
1860.8250916205504,0.022122634916145703,0.022122634916145367,0.022122634916143934,0.022123022263969377,0.02212265964822648,0.0221226364701532,-1.4328815911568427e-15,2.4732081112255333e-08
1864.896918954512,0.02181067236565941,0.021810672365659464,0.0218106723656579,0.021811003624666054,0.021810693517492107,0.021810673694719784,-1.56472057533108e-15,2.1151832643034885e-08
1868.968746288474,0.02153902887740337,0.021539028877403728,0.02153902887740305,0.02153931397014828,0.021539047082302365,0.021539030021307026,-6.765421556309548e-16,1.820489863718633e-08
1873.0405736224359,0.02130079648482789,0.02130079648482775,0.021300796484828265,0.021301043242226068,0.021300812242610295,0.021300797474977137,5.134781488891349e-16,1.5757782544090215e-08
1877.1124009563976,0.021090496708662917,0.021090496708661827,0.021090496708663215,0.02109071137649282,0.02109051041797585,0.021090497570104002,1.3877787807814457e-15,1.370931402427944e-08
1881.1842282903594,0.02090373957212489,0.020903739572123627,0.02090373957212571,0.020903927180287427,0.02090375155401325,0.02090374032502954,2.0816681711721685e-15,1.1981889622841857e-08
1885.2560556243213,0.020736973726614052,0.020736973726613223,0.020736973726615537,0.02073713836196542,0.020736984241932634,0.02073697438737208,2.3141211169530607e-15,1.0515319410348e-08
1889.327882958283,0.020587300952216277,0.020587300952215722,0.020587300952217946,0.020587445962661644,0.02058731021465511,0.020587301534253533,2.2239154962022667e-15,9.26243938839666e-09
1893.399710292245,0.020452336788868798,0.020452336788868326,0.020452336788870384,0.02045246493778883,0.020452344974809952,0.02045233730326709,2.0573820425084932e-15,8.185941625937776e-09
1897.4715376262068,0.020330104658814723,0.020330104658814272,0.020330104658816232,0.02033021824315242,0.02033011191486948,0.02033010511478543,1.960237527853792e-15,7.256055208071377e-09
1901.5433649601684,0.020218954600193313,0.020218954600192955,0.020218954600194544,0.02021905554164374,0.02021896104902226,0.02021895500544318,1.5890067039947553e-15,6.448829303895565e-09
1905.6151922941303,0.02011750029089317,0.020117500290892723,0.02011750029089366,0.020117590206969068,0.020117506035741656,0.020117500651908902,9.367506770274758e-16,5.744848933370017e-09
1909.6870196280922,0.02002456980851353,0.02002456980851272,0.020024569808512596,0.02002465006840322,0.02002457493677692,0.020024570130785874,-1.249000902703301e-16,5.128264198711596e-09
1913.758846962054,0.01993916680778969,0.019939166807788882,0.019939166807788077,0.019939238576613175,0.019939171393838842,0.019939167095991646,-8.049116928532385e-16,4.586049959925953e-09
1917.8306742960158,0.019860439671390995,0.019860439671390562,0.019860439671389712,0.019860503945525416,0.019860443778826266,0.01986043992951895,-8.500145032286355e-16,4.107435704059359e-09
1921.9025016299777,0.01978765681610567,0.019787656816106048,0.019787656816104955,0.019787714451582193,0.019787660499569523,0.01978765704759322,-1.0928757898653885e-15,3.683463475206983e-09
1925.9743289639393,0.01972018678948121,0.01972018678948198,0.019720186789480364,0.01972023852496183,0.019720190096123733,0.019720186997290327,-1.6167622796103842e-15,3.3066417520766223e-09
1930.0461562979012,0.019657482123097706,0.01965748212309842,0.019657482123096547,0.01965752859858482,0.01965748509377179,0.019657482309794822,-1.8735013540549517e-15,2.970673370489285e-09
1934.1179836318631,0.019599066152953627,0.01959906615295436,0.019599066152952024,0.019599107925112744,0.019599068823193202,0.01959906632077135,-2.3349377986647823e-15,2.670238842539252e-09
1938.1898109658248,0.01954452219928115,0.01954452219928187,0.01954452219927888,0.019544559754058846,0.01954452460010634,0.019544522350168524,-2.9906632725840154e-15,2.4008244697837355e-09
1942.2616382997867,0.019493484634610966,0.01949348463461147,0.019493484634607584,0.019493518397681032,0.01949348679319436,0.019493484770275037,-3.885780586188048e-15,2.1585828922920935e-09
1946.3334656337486,0.019445631472188425,0.019445631472188685,0.019445631472184213,0.019445661817643605,0.01944563341241048,0.019445631594129587,-4.472117121068209e-15,1.9402217957265044e-09
1950.4052929677102,0.019400678185581846,0.019400678185582186,0.0194006781855777,0.019400705443198805,0.019400679928494577,0.019400678295123094,-4.485994908876023e-15,1.7429123908008215e-09
1954.4771203016721,0.01935837253077413,0.019358372530774794,0.01935837253077102,0.0193583969921135,0.01935837409499021,0.019358372629085113,-3.774758283725532e-15,1.5642154169159816e-09
1958.548947635634,0.01931849018876335,0.0193184901887641,0.01931849018876178,0.019318512112312843,0.01931849159078386,0.019318490276880665,-2.3175905639050143e-15,1.4020197607045315e-09
1962.6207749695957,0.019280831083056615,0.019280831083056737,0.0192808310830558,0.019280850698586354,0.019280832337549188,0.01928083116190116,-9.367506770274758e-16,1.2544924508917088e-09
1966.6926023035576,0.019245216254906387,0.019245216254905672,0.01924521625490529,0.019245233767171136,0.01924521737494233,0.019245216325299297,-3.8163916471489756e-16,1.1200366571706422e-09
1970.7644296375195,0.019211485201550395,0.019211485201549625,0.019211485201549243,0.019211500793447932,0.01921148619880673,0.019211485264226055,-3.8163916471489756e-16,9.97257106755134e-10
1974.8362569714814,0.019179493600462144,0.01917949360046186,0.01917949360046155,0.01917950743573496,0.019179494485392957,0.019179493656077934,-3.0878077872387166e-16,8.849310971503765e-10
1978.908084305443,0.019149111356741882,0.01914911135674189,0.019149111356741855,0.019149123582298762,0.019149112138726023,0.01914911140588688,-3.469446951953614e-17,7.819841336964561e-10
1982.979911639405,0.019120220922086806,0.019120220922086987,0.019120220922087636,0.01912023167000439,0.01912022160955641,0.019120220965290705,6.487865800153259e-16,6.874694216674193e-10
1987.0517389733668,0.01909271584286888,0.019092715842869135,0.019092715842870357,0.019092725232121154,0.019092716443419696,0.019092715880608856,1.2212453270876722e-15,6.005505606698769e-10
1991.1235663073285,0.019066499502184482,0.019066499502184798,0.01906649950218591,0.01906650764014206,0.019066500022671646,0.019066499534891278,1.1136924715771102e-15,5.204868480657154e-10
1995.1953936412904,0.01904148402670122,0.019041484026701378,0.01904148402670193,0.019041491010434633,0.019041484473322195,0.019041484054763982,5.516420653606247e-16,4.4662081671864584e-10
1999.2672209752523,0.019017589333980466,0.01901758933398042,0.019017589333980206,0.019017595251396967,0.019017589712347824,0.019017589357751854,-2.1510571102112408e-16,3.783674033808193e-10
2003.339048309214,0.018994742299929254,0.01899474229992908,0.01899474229992792,0.01899474723076589,0.018994742615134213,0.018994742319729172,-1.1587952819525071e-15,3.1520513282812246e-10
2007.4108756431758,0.018972876029296246,0.01897287602929616,0.018972876029294032,0.018972880045990213,0.018972876285964092,0.01897287604541559,-2.1267709815475655e-15,2.5666793343481764e-10
2011.4827029771377,0.018951929214820147,0.01895192921482023,0.018951929214817385,0.018951932383273012,0.018951929417158887,0.018951929227523395,-2.8449465006019636e-15,2.0233865624663672e-10
2015.5545303110994,0.01893184557286548,0.01893184557286573,0.01893184557286264,0.018931847953116032,0.01893184572470865,0.018931845582393476,-3.0912772341906702e-15,1.5184292018188827e-10
2019.6263576450613,0.018912573345233056,0.018912573345233465,0.018912573345231033,0.018912574992051494,0.018912573450077907,0.01891257335180553,-2.4320823133194835e-15,1.0484444215586031e-10
2023.6981849790232,0.018894064858375016,0.018894064858375647,0.01889406485837437,0.0188940658217878,0.018894064919415948,0.01889406486219272,-1.27675647831893e-15,6.104030128573079e-11
2027.7700123129848,0.018876276132533305,0.01887627613253369,0.018876276132533395,0.01887627645828821,0.018876276152691208,0.018876276133779433,-2.949029909160572e-16,2.0157518015873066e-11
2031.8418396469467,0.018859166534402488,0.01885916653440238,0.01885916653440225,0.0188591662643821,0.018859166516351507,0.018859166533244768,-1.3183898417423734e-16,-1.8050873296093783e-11
2035.9136669809086,0.018842698467831806,0.01884269846783148,0.018842698467831185,0.01884269764042159,0.01884269841402339,0.018842698464424504,-2.949029909160572e-16,-5.380808992816455e-11
2039.9854943148703,0.01882683709784784,0.018826837097847392,0.01882683709784685,0.01882683574826301,0.018826837010530825,0.01882683709233243,-5.412337245047638e-16,-8.731656717109182e-11
2044.0573216488322,0.018811550103927453,0.018811550103926863,0.01881155010392605,0.018811548264505342,0.018811549985166806,0.018811550096433604,-8.118505867571457e-16,-1.1876005734379191e-10
2048.129148982794,0.018796807459007664,0.01879680745900662,0.01879680745900526,0.018796805159469167,0.01879680731070101,0.018796807449654326,-1.3600232051658168e-15,-1.4830561084755445e-10
2052.2009763167557,0.01878258123118582,0.018782581231184637,0.018782581231183156,0.018782578498870755,0.018782581055079385,0.018782581220083014,-1.4814538484841933e-15,-1.7610525190892012e-10
2056.2728036507174,0.018768845405468398,0.01876884540546765,0.01876884540546694,0.01876884226554536,0.018768845203169925,0.018768845392717698,-7.077671781985373e-16,-2.0229772371149757e-10
2060.3446309846795,0.01875557572326471,0.018755575723264386,0.018755575723264563,0.0187555721989193,0.018755575496254832,0.018755575708959155,1.7694179454963432e-16,-2.2700955351617758e-10
2064.416458318641,0.018742749537617877,0.01874274953761758,0.018742749537617565,0.018742745650222912,0.018742749287261055,0.018742749521842805,-1.3877787807814457e-17,-2.5035652370664074e-10
2068.488285652603,0.018730345682420848,0.01873034568242019,0.01873034568241965,0.018730341451690412,0.018730345409975667,0.018730345665254992,-5.377642775528102e-16,-2.724445218038607e-10
2072.560112986565,0.018718344354081422,0.01871834435408073,0.018718344354080565,0.018718339798209742,0.018718344060710056,0.0187183443355981,-1.6653345369377348e-16,-2.9337067497525737e-10
2076.6319403205266,0.018706727004288916,0.01870672700428862,0.01870672700428965,0.018706722140075138,0.01870672669106451,0.018706726984556023,1.0304257447302234e-15,-3.132241098435795e-10
2080.7037676544883,0.01869547624269568,0.018695476242695606,0.018695476242697597,0.018695471085656303,0.01869547591060889,0.018695476221775222,1.9914625504213745e-15,-3.320867157652341e-10
2084.7755949884504,0.018684575748468667,0.018684575748468372,0.0186845757484703,0.01868457031294071,0.018684575398434555,0.018684575726417737,1.9290125052862095e-15,-3.5003381790299493e-10
2088.847422322412,0.018674010189792083,0.018674010189791923,0.01867401018979347,0.018674004489027275,0.018674009822657166,0.01867401016666422,1.547373340571312e-15,-3.671347566236438e-10
2092.9192496563737,0.018663765150508552,0.01866376515050887,0.01866376515050986,0.018663759196757265,0.018663764767055373,0.018663765126353263,9.8879238130678e-16,-3.834534981206339e-10
2096.991076990336,0.01865382706317298,0.01865382706317376,0.01865382706317383,0.018653820867760833,0.018653826664124632,0.01865382703803565,6.938893903907228e-17,-3.9904912707555695e-10
2101.0629043242975,0.018644183147881976,0.01864418314788263,0.018644183147881157,0.018644176721279798,0.018644182733906424,0.018644183121804058,-1.474514954580286e-15,-4.1397620748062636e-10
2105.134731658259,0.018634821356309325,0.018634821356309363,0.018634821356306154,0.018634814708197705,0.01863482092802412,0.018634821329329154,-3.209238430557093e-15,-4.282852440751217e-10
2109.2065589922213,0.018625730320443734,0.01862573032044316,0.018625730320438794,0.01862572345977192,0.018625729878420195,0.018625730292597245,-4.3680337125096e-15,-4.4202296684003883e-10
2113.278386326183,0.01861689930557732,0.018616899305576477,0.01861689930557219,0.018616892240616145,0.018616898850343667,0.018616899276897983,-4.288236432614667e-15,-4.552328097817693e-10
2117.350213660145,0.018608318167141126,0.01860831816714034,0.018608318167137185,0.018608310905531566,0.01860831769918536,0.01860831813765991,-3.1537272793258353e-15,-4.679549768515923e-10
2121.4220409941067,0.0185999773110286,0.018599977311028276,0.01859997731102633,0.01859996985982644,0.018599976830801373,0.018599977280774182,-1.9463597400459776e-15,-4.802269033821194e-10
2125.4938683280684,0.018591867657085762,0.018591867657085988,0.01859186765708462,0.018591860022802015,0.018591867165002617,0.018591867626084353,-1.366962099069724e-15,-4.920833705790439e-10
2129.5656956620305,0.01858398060547779,0.018583980605478348,0.018583980605477193,0.018583972794116166,0.01858398010192148,0.01858398057375319,-1.1553258350005535e-15,-5.035568663436241e-10
2133.637522995992,0.018576308005674204,0.018576308005674547,0.01857630800567445,0.018576300022765634,0.018576307490997115,0.018576307973248083,-9.71445146547012e-17,-5.146774326170167e-10
2137.709350329954,0.01856884212781806,0.01856884212781842,0.01856884212782051,0.018568833978453117,0.018568841602344986,0.018568842094711012,2.0886070650760757e-15,-5.25473435597501e-10
2141.781177663916,0.018561575636272823,0.018561575636273916,0.018561575636278308,0.018561567325130545,0.018561575100302794,0.018561575602504286,4.3923198411732756e-15,-5.359711216512686e-10
2145.8530049978776,0.018554501565155576,0.01855450156515692,0.018554501565162584,0.018554493096528492,0.018554501018961743,0.01855450153074224,5.665606872540252e-15,-5.461951758933825e-10
2149.9248323318393,0.01854761329568246,0.018547613295682937,0.018547613295688287,0.01854760467350173,0.01854761273951427,0.018547613260639015,5.349887199912473e-15,-5.561686666766263e-10
2153.9966596658014,0.018540904535176914,0.018540904535176483,0.018540904535180414,0.018540895763036403,0.018540903969263278,0.018540904499517622,3.930883396563445e-15,-5.659132051860638e-10
2158.068486999763,0.018534369297602552,0.01853436929760221,0.018534369297604228,0.01853436037877993,0.01853436872215305,0.018534369261341558,2.0192181260370035e-15,-5.754491570753029e-10
2162.1403143337247,0.018528001885492213,0.01852800188549265,0.018528001885492706,0.018527992822966514,0.018528001300697036,0.018528001848642048,5.551115123125783e-17,-5.847956147109201e-10
2166.212141667687,0.01852179687315664,0.018521796873156856,0.018521796873155732,0.01852178766962493,0.018521796279186476,0.018521796835727144,-1.124100812432971e-15,-5.93970379825226e-10
2170.2839690016485,0.01851574909106817,0.018515749091067388,0.018515749091065133,0.018515739748963318,0.01851574848807682,0.018515749053068242,-2.2551405187698492e-15,-6.029905672000346e-10
2174.35579633561,0.018509853611330847,0.018509853611329594,0.01850985361132604,0.018509844132838092,0.018509852999457645,0.01850985357276978,-3.552713678800501e-15,-6.118719489411895e-10
2178.4276236695723,0.018504105734149567,0.018504105734149214,0.018504105734144426,0.01850409612121971,0.018504105113519506,0.018504105695036396,-4.7878367936959876e-15,-6.206297073485523e-10
2182.499451003534,0.018498500975217602,0.01849850097521836,0.01849850097521286,0.018498491229577956,0.018498500345940323,0.018498500935559437,-5.4990734188464785e-15,-6.292780359296035e-10
2186.5712783374956,0.018493035053949797,0.018493035053949985,0.018493035053944378,0.018493025177115253,0.018493034416119502,0.01849303501375094,-5.6066262743570405e-15,-6.378304828746906e-10
2190.6431056714578,0.01848770388249593,0.018487703882494846,0.018487703882489468,0.018487693875782883,0.0184877032361951,0.018487703841760943,-5.377642775528102e-15,-6.462997463596576e-10
2194.7149330054194,0.018482503555482952,0.018482503555482373,0.018482503555477516,0.018482493420020812,0.018482502900784376,0.01848250351421798,-4.85722573273506e-15,-6.54697997204412e-10
2198.786760339381,0.01847743034042965,0.018477430340430395,0.018477430340427096,0.018477420077166875,0.018477429677393617,0.018477430298639307,-3.299444051307887e-15,-6.63036778258963e-10
2202.858587673343,0.01847248066877418,0.018472480668774896,0.01847248066877346,0.01847247027848551,0.018472479997447826,0.018472480626460105,-1.4363510381087963e-15,-6.713270703229135e-10
2206.930415007305,0.018467651127473696,0.018467651127473415,0.018467651127473065,0.018467640610770872,0.018467650447894023,0.018467651084637313,-3.5041414214731503e-16,-6.795793927594218e-10
2211.0022423412665,0.018462938451141747,0.018462938451141286,0.018462938451140942,0.018462927808482115,0.018462937763337562,0.018462938407785595,-3.434752482434078e-16,-6.878037236979218e-10
2215.0740696752287,0.018458339514681666,0.01845833951468175,0.018458339514680903,0.018458328746373164,0.018458338818672045,0.018458339470807605,-8.465450562766819e-16,-6.960097047314928e-10
2219.1458970091903,0.01845385132637481,0.01845385132637544,0.018453851326375007,0.018453840432581574,0.018453850622169015,0.01845385128198342,-4.3368086899420177e-16,-7.042064258111491e-10
2223.217724343152,0.018449471021396206,0.018449471021396432,0.018449471021396945,0.01844946000214407,0.018449470308993618,0.018449470976486526,5.134781488891349e-16,-7.12402813823898e-10
2227.289551677114,0.018445195855726064,0.018445195855725544,0.018445195855726043,0.01844518471090944,0.018445195135118275,0.018445195810297254,4.996003610813204e-16,-7.206072683008102e-10
2231.3613790110758,0.018441023200433976,0.018441023200433573,0.018441023200433927,0.018441011929821328,0.01844102247160557,0.018441023154485793,3.5388358909926865e-16,-7.28828004892268e-10
2235.4332063450374,0.01843695053630868,0.01843695053630901,0.018436950536310705,0.01843693913954549,0.018436949799236144,0.018436950489840256,1.6930901125533637e-15,-7.370728680178296e-10
2239.5050336789996,0.018432975448806652,0.01843297544880741,0.01843297544881143,0.018432963925418915,0.018432974703457883,0.018432975401815644,4.021089017314239e-15,-7.453495251552589e-10
2243.576861012961,0.01842909562330045,0.01842909562330091,0.018429095623307367,0.01842908397269882,0.018429094869635558,0.01842909557578362,6.456640777585676e-15,-7.536653523487757e-10
2247.648688346923,0.01842530884060802,0.01842530884060796,0.01842530884061618,0.018425297062092217,0.01842530807858044,0.018425308792562232,8.219119829178112e-15,-7.620275209452299e-10
2251.720515680885,0.018421612972785772,0.018421612972785446,0.018421612972793933,0.018421601065547633,0.018421612202342473,0.018421612924207905,8.48626724447854e-15,-7.704429733079721e-10
2255.7923430148467,0.01841800597916629,0.018418005979166,0.018418005979172522,0.018417993942292113,0.018418005200247434,0.018418005930052838,6.522560269672795e-15,-7.789185650641794e-10
2259.8641703488083,0.01841448590262508,0.018414485902624962,0.018414485902627974,0.0184144737350979,0.01841448511516408,0.018414485852971944,3.011479954295737e-15,-7.874608812241668e-10
2263.9359976827704,0.01841105086606276,0.018411050866062918,0.01841105086606237,0.018411038566764907,0.0184110500699865,0.018411050815865415,-5.48172618408671e-16,-7.960764165926282e-10
2268.007825016732,0.018407699069089394,0.018407699069089983,0.01840769906908674,0.018407686636804456,0.018407698264318408,0.01840769901834298,-3.2439329000766293e-15,-8.047715757686369e-10
2272.079652350694,0.018404428784898837,0.018404428784899795,0.018404428784894403,0.0184044162183133,0.01840442797134726,0.018404428733597853,-5.3915205633359164e-15,-8.135525343677674e-10
2276.151479684656,0.018401238357321027,0.01840123835732176,0.01840123835731496,0.018401225655025277,0.018401237534896243,0.018401238305459096,-6.800116025829084e-15,-8.224255165778516e-10
2280.2233070186176,0.0183981261980408,0.018398126198040633,0.01839812619803439,0.01839811335853124,0.018398125366644102,0.018398126145610996,-6.241535066564552e-15,-8.313965314810101e-10
2284.295134352579,0.018395090783975006,0.018395090783974086,0.01839509078396997,0.018395077805655885,0.018395089943502432,0.018395090730970932,-4.1147640850169864e-15,-8.404716540788559e-10
2288.3669616865413,0.0183921306547994,0.0183921306547985,0.018392130654796467,0.018392117535983684,0.018392129805141776,0.018392130601214904,-2.033095913844818e-15,-8.496567234506092e-10
2292.438789020503,0.018389244410615596,0.018389244410615162,0.018389244410614233,0.01838923114952463,0.018389243551657504,0.01838924435644378,-9.298117831235686e-16,-8.589576584727698e-10
2296.5106163544647,0.01838643070974884,0.018386430709748387,0.01838643070974781,0.018386417304512622,0.018386429841368037,0.018386430654981592,-5.759281940243e-16,-8.683803502662624e-10
2300.582443688427,0.01838368826666955,0.01838368826666891,0.018383688266667912,0.018383674715328063,0.018383687388738322,0.018383688211298616,-9.992007221626409e-16,-8.779305893380496e-10
2304.6542710223885,0.0183810158500352,0.018381015850034862,0.018381015850033215,0.01838100215053919,0.018381014962420658,0.018381015794052595,-1.6479873021779667e-15,-8.876142043590107e-10
2308.72609835635,0.018378412280844813,0.0183784122808449,0.0183784122808424,0.018378398431054856,0.01837841138340794,0.018378412224241938,-2.4980018054066022e-15,-8.97436958080533e-10
2312.7979256903122,0.018375876430697685,0.018375876430697356,0.01837587643069406,0.018375862428383433,0.018375875523292676,0.018375876373464557,-3.2959746043559335e-15,-9.074046791734958e-10
2316.869753024274,0.018373407220150826,0.0183734072201497,0.018373407220146243,0.018373393062992245,0.018373406302626457,0.018373407162277502,-3.4555691641457997e-15,-9.175232414115886e-10
2320.9415803582356,0.01837100361717468,0.018371003617173344,0.018371003617169798,0.018370989302762188,0.018371002689374877,0.018371003558651917,-3.5457747848965937e-15,-9.277984665267969e-10
2325.0134076921977,0.018368664635700492,0.018368664635699587,0.018368664635695392,0.01836865016153348,0.018368663697463344,0.018368664576518635,-4.1945613649119196e-15,-9.38236242170598e-10
2329.0852350261594,0.018366389334252206,0.018366389334251748,0.018366389334246835,0.01836637469773772,0.01836638838540923,0.018366389274400624,-4.912736883966318e-15,-9.488425184445148e-10
2333.157062360121,0.01836417681465986,0.018364176814659634,0.018364176814654257,0.018364162013112157,0.01836417585503638,0.01836417675412736,-5.377642775528102e-15,-9.596232558584106e-10
2337.228889694083,0.018362026220853332,0.018362026220852992,0.018362026220847445,0.018362011251493,0.018362025250268435,0.018362026159628148,-5.547645676173829e-15,-9.705845571694738e-10
2341.300717028045,0.018359936737730117,0.01835993673772972,0.01835993673772536,0.018359921597683578,0.018359935755997207,0.018359936675800517,-4.361094818605693e-15,-9.81732514726552e-10
2345.3725443620065,0.01835790759009655,0.01835790759009653,0.018357907590094164,0.018357892276394734,0.01835790659702325,0.018357907527450867,-2.366162821232365e-15,-9.930732798590913e-10
2349.4443716959686,0.018355938041678083,0.018355938041678448,0.018355938041677202,0.01835592255125416,0.018355937037065215,0.018355937978303705,-1.2455314557513475e-15,-1.0046132328800361e-09
2353.5161990299302,0.01835402739419427,0.018354027394194682,0.018354027394193013,0.01835401172388236,0.01835402637783597,0.018354027330077936,-1.6688039838896884e-15,-1.0163587124689677e-09
2357.588026363892,0.018352174986498014,0.018352174986498458,0.01835217498649612,0.01835215913303197,0.018352173958182148,0.018352174921626264,-2.338407245616736e-15,-1.0283163105750948e-09
2361.659853697854,0.0183503801937777,0.0183503801937783,0.01835038019377643,0.01835036415378933,0.018350379153285756,0.0183503801281369,-1.870031907102998e-15,-1.040492542819793e-09
2365.7316810318157,0.018348642426818093,0.018348642426818954,0.018348642426818607,0.018348626196834812,0.018348641373924703,0.01834864236039413,-3.469446951953614e-16,-1.052894250952452e-09
2369.8035083657774,0.018346961131318753,0.018346961131319763,0.01834696113132062,0.018346944707761458,0.018346960065791524,0.018346961064096858,8.569533971325427e-16,-1.065528238558544e-09
2373.8753356997395,0.0183453357872681,0.01834533578726905,0.01834533578727008,0.018345319166448847,0.018345334708867404,0.018345335719232927,1.0304257447302234e-15,-1.0784016457598966e-09
2377.947163033701,0.018343765908371768,0.018343765908372587,0.018343765908373333,0.01834374908649168,0.018343764816850988,0.018343765839507732,7.4593109467002705e-16,-1.0915215988005489e-09
2382.018990367663,0.01834225104153471,0.01834225104153533,0.01834225104153636,0.018342234014681255,0.018342249936639837,0.01834225097182568,1.0304257447302234e-15,-1.1048954945414025e-09
2386.090817701625,0.01834079076639422,0.018340790766394627,0.018340790766396123,0.01834077353053848,0.0183407896478638,0.018340790695823717,1.4953316362920077e-15,-1.1185308269878735e-09
2390.1626450355866,0.018339384694903923,0.018339384694904034,0.0183393846949056,0.018339367245897582,0.018339383562468656,0.01833938462345495,1.56472057533108e-15,-1.1324353781094754e-09
2394.2344723695483,0.01833803247096785,0.018338032470967405,0.018338032470968726,0.018338014804539903,0.018338031324350305,0.018338032398622566,1.321859288694327e-15,-1.1466170998786218e-09
2398.3062997035104,0.018336733770121866,0.018336733770120815,0.018336733770121832,0.018336715881875878,0.01833673260903675,0.01833673369686221,1.016547956922409e-15,-1.16108406569837e-09
2402.378127037472,0.01833548829926502,0.018335488299264124,0.01833548829926449,0.01833547018467617,0.018335487123419397,0.018335488225073308,3.642919299551295e-16,-1.1758447271414951e-09
2406.4499543714337,0.018334295796439762,0.018334295796439713,0.01833429579643892,0.018334277450850357,0.01833429460553212,0.018334295721297616,-7.945033519973776e-16,-1.19090759476137e-09
2410.521781705396,0.018333156030657875,0.018333156030658646,0.01833315603065708,0.018333137449272854,0.018333154824377064,0.01833315595454563,-1.56472057533108e-15,-1.2062815815672145e-09
2414.5936090393575,0.01833206880177304,0.018332068801774473,0.018332068801773398,0.018332049979656567,0.01833206757979863,0.018332068724670338,-1.0755285551056204e-15,-1.2219758434295347e-09
2418.665436373319,0.018331033940402426,0.018331033940404137,0.01833103394040364,0.0183310148724735,0.018331032702404458,0.018331033862288064,-4.961309141293668e-16,-1.2379996784661618e-09
2422.7372637072813,0.018330051307894647,0.018330051307896254,0.01833005130789519,0.01833003198892282,0.018330050053533435,0.01833005122874682,-1.0651202142497596e-15,-1.254362818475796e-09
2426.809091041243,0.01832912079634561,0.01832912079634691,0.018329120796344845,0.01832910122094658,0.018329119525271723,0.018329120716142167,-2.0643209364124004e-15,-1.27107518607672e-09
2430.8809183752046,0.01832824232866245,0.01832824232866358,0.018328242328660604,0.01832822249129312,0.018328241040516363,0.018328242247380805,-2.976785484776201e-15,-1.2881472173653652e-09
2434.9527457091667,0.018327415858676116,0.01832741585867709,0.018327415858672487,0.018327395753629034,0.01832741455308768,0.018327415776292915,-4.603956105242446e-15,-1.3055894108882082e-09
2439.0245730431284,0.01832664137130258,0.018326641371303104,0.01832664137129706,0.018326620992700236,0.018326640047890246,0.018326641287793467,-6.043776590303196e-15,-1.3234128584671545e-09
2443.09640037709,0.01832591888275336,0.018325918882753332,0.018325918882746938,0.01832589822454301,0.018325917541124465,0.018325918798093525,-6.394190732450511e-15,-1.3416288670298204e-09
2447.168227711052,0.018325248440797772,0.018325248440797585,0.018325248440791416,0.01832522749674571,0.018325247080548362,0.01832524835496208,-6.168676680573526e-15,-1.3602492222875018e-09
2451.240055045014,0.01832463012507819,0.018324630125078088,0.01832463012507253,0.018324608888762674,0.018324628745792017,0.018324630038040635,-5.55805401702969e-15,-1.3792860707739774e-09
2455.3118823789755,0.018324064047477086,0.018324064047476826,0.018324064047472666,0.018324042512281508,0.01832406264872482,0.01832406395921039,-4.1598668953923834e-15,-1.3987520065816827e-09
2459.3837097129376,0.018323550352539363,0.018323550352538177,0.01832355035253592,0.018323528511645017,0.018323548933878032,0.01832355026301478,-2.2551405187698492e-15,-1.4186601442200963e-09
2463.4555370468993,0.018323089217949267,0.01832308921794756,0.01832308921794746,0.018323067064329974,0.018323087778923657,0.01832308912713854,-1.0061396160665481e-16,-1.4390239035100283e-09
2467.527364380861,0.01832268085506974,0.018322680855069114,0.018322680855071712,0.018322658381483954,0.018322679395211722,0.018322680762944802,2.598615767013257e-15,-1.4598573912227852e-09
2471.599191714823,0.018322325509543054,0.01832232550954323,0.01832232550954928,0.018322302708522777,0.018322324028368097,0.018322325416073107,6.050715484207103e-15,-1.481175133932755e-09
2475.6710190487847,0.018322023461947435,0.018322023461947386,0.018322023461957233,0.01832200032579084,0.018322021958955218,0.018322023367099954,9.846290449644357e-15,-1.5029921682230274e-09
2479.7428463827464,0.01832177502852267,0.0183217750285223,0.018321775028535218,0.018321751549286783,0.018321773503198063,0.01832177493226506,1.2916751002123306e-14,-1.5253242384438703e-09
2483.8146737167085,0.01832158056196656,0.018321580561965978,0.018321580561980015,0.018321556731457214,0.01832157901377843,0.018321580464265463,1.4037382367604323e-14,-1.5481875469125495e-09
2487.88650105067,0.01832144045230011,0.018321440452299474,0.018321440452312536,0.01832141626206173,0.018321438880700352,0.01832144035312108,1.3062467774105357e-14,-1.571599121674705e-09
2491.958328384632,0.01832135512780731,0.018321355127806766,0.018321355127818132,0.018321330569112625,0.018321353532230283,0.018321355027114815,1.136590821460004e-14,-1.5955764834374442e-09
2496.030155718594,0.018321325056053724,0.018321325056053214,0.01832132505606224,0.01832130011989242,0.018321323435915235,0.018321324953810864,9.027500968983304e-15,-1.620137978636249e-09
2500.1019830525556,0.018321350744986736,0.018321350744986285,0.018321350744992693,0.018321325422054415,0.018321349099683675,0.018321350641155497,6.4080685202583254e-15,-1.6453026094320755e-09
2504.1738103865173,0.018321432744123088,0.01832143274412278,0.01832143274412726,0.018321407024808885,0.018321431073032534,0.018321432638664266,4.479056014972116e-15,-1.6710902453476173e-09
2508.2456377204794,0.018321571645827647,0.018321571645827563,0.01832157164583044,0.018321545520201567,0.018321569948306003,0.018321571538700742,2.876171523169546e-15,-1.6975215608172611e-09
2512.317465054441,0.018321768086688648,0.018321768086688665,0.018321768086689966,0.018321741544487593,0.018321766362070557,0.018321767977851525,1.3010426069826053e-15,-1.7246181080454726e-09
2516.3892923884027,0.018322022748994676,0.01832202274899451,0.01832202274899568,0.01832199577960858,0.018322020996592227,0.018322022638403775,1.169203622808368e-15,-1.7524022823123264e-09
2520.461119722365,0.018322336362320047,0.018322336362319672,0.018322336362323416,0.01832230895477699,0.018322334581422146,0.01832233624993047,3.74353326115795e-15,-1.780897526670877e-09
2524.5329470563265,0.01832270970522545,0.018322709705224965,0.018322709705232778,0.018322681848175863,0.018322707895096647,0.018322709590990947,7.813194535799539e-15,-1.8101283180693706e-09
2528.604774390288,0.01832314360708045,0.01832314360707996,0.018323143607091197,0.018323115288780036,0.018323141766959736,0.018323143490953098,1.1237538677377756e-14,-1.8401202228623958e-09
2532.6766017242503,0.018323638950015375,0.01832363895001505,0.01832363895002825,0.018323610158307798,0.018323637079115218,0.018323638831945696,1.3201245652183502e-14,-1.8708998308913927e-09
2536.748429058212,0.018324196671012375,0.01832419667101224,0.01832419667102428,0.018324167393309953,0.018324194768517092,0.018324196550948933,1.2038980923279041e-14,-1.902495147532157e-09
2540.8202563921736,0.01832481776414363,0.01832481776414308,0.018324817764151485,0.01832478798740743,0.01832481582920784,0.018324817642032535,8.406469964583607e-15,-1.934935239811253e-09
2544.8920837261358,0.01832550328296522,0.018325503282964572,0.018325503282969457,0.018325472993685386,0.018325501314713843,0.018325503158751602,4.884981308350689e-15,-1.9682507290674778e-09
2548.9639110600974,0.01832625434308361,0.018326254343083586,0.018326254343086806,0.018326223527256907,0.018326252340610156,0.018326254216710997,3.219646771412954e-15,-2.002473430129381e-09
2553.035738394059,0.018327072124901225,0.018327072124901856,0.018327072124905155,0.018327040768006248,0.018327070087264887,0.018327071996310337,3.299444051307887e-15,-2.0376369688768214e-09
2557.107565728021,0.018327957876554064,0.018327957876554567,0.018327957876558016,0.018327925963526344,0.01832795580277827,0.018327957745682563,3.4486302702418925e-15,-2.0737762965183926e-09
2561.179393061983,0.018328912917056295,0.01832891291705644,0.018328912917059837,0.018328880432263123,0.01832891080612818,0.018328912783840075,3.3965885659625883e-15,-2.1109282620501713e-09
2565.2512203959445,0.01832993863967118,0.01832993863967146,0.018329938639674713,0.01832990556688391,0.018329936490540003,0.018329938504044484,3.25434124093249e-15,-2.149131456130604e-09
2569.3230477299066,0.018331036515521953,0.018331036515522346,0.01833103651552482,0.01833100283788471,0.018331034327095933,0.018331036377415923,2.473715676742927e-15,-2.1884264123084307e-09
2573.3948750638683,0.018332208097458547,0.01833220809745886,0.018332208097459377,0.018332173797457083,0.01833220586860321,0.018332207956801513,5.169475958410885e-16,-2.2288556486560474e-09
2577.46670239783,0.01833345502420485,0.018333455024205098,0.018333455024202864,0.018333420083633086,0.018333452753741104,0.018333454880922438,-2.2343238370581275e-15,-2.27046399389752e-09
2581.538529731792,0.0183347790248072,0.018334779024807422,0.018334779024803145,0.018334743424731268,0.01833477671150893,0.01833477887882216,-4.277828091758806e-15,-2.3132984937335177e-09
2585.6103570657538,0.018336181923407815,0.01833618192340818,0.01833618192340313,0.018336145644127833,0.01833617956599957,0.01833618177463993,-5.051514762044462e-15,-2.357408608599787e-09
2589.6821843997154,0.018337665644370553,0.0183376656443713,0.018337665644367108,0.01833762866537978,0.01833766324152462,0.018337665492736244,-4.191091917959966e-15,-2.402846678573045e-09
2593.7540117336775,0.018339232217788062,0.018339232217789058,0.018339232217786335,0.018339194517729057,0.018339229768121523,0.01833923206320009,-2.723515857283587e-15,-2.449667534792921e-09
2597.825839067639,0.018340883785402197,0.01834088378540289,0.018340883785400962,0.01834084534202023,0.01834088128747365,0.01834088362776916,-1.9290125052862095e-15,-2.497929241923602e-09
2601.897666401601,0.018342622606972815,0.018342622606972937,0.018342622606971313,0.01834258339706683,0.018342620059279995,0.01834262244619973,-1.6237011735142914e-15,-2.547692942028723e-09
2605.969493735563,0.018344451067136534,0.018344451067136263,0.01834445106713604,0.018344411066506368,0.018344448468113006,0.018344450903124792,-2.220446049250313e-16,-2.599023257027211e-09
2610.0413210695247,0.018346371682796632,0.018346371682796615,0.018346371682798457,0.01834633086618584,0.01834636903080808,0.01834637151544388,1.842276331487369e-15,-2.651988535024019e-09
2614.1131484034863,0.01834838711109326,0.01834838711109369,0.018348387111096914,0.018348345452127473,0.018348384404432767,0.01834838694029205,3.2231162183649076e-15,-2.7066609231685135e-09
2618.1849757374484,0.018350500158004664,0.018350500158005125,0.01835050015800904,0.018350457629125683,0.018350497394888147,0.0183504999836421,3.913536161803677e-15,-2.763116978277136e-09
2622.25680307141,0.01835271378763955,0.018352713787639745,0.018352713787644616,0.018352670360035996,0.018352710966202057,0.018352713609597827,4.871103520542874e-15,-2.8214376876500857e-09
2626.3286304053718,0.018355031132287692,0.01835503113228761,0.01835503113229409,0.01835498677581949,0.018355028250578744,0.01835503095044387,6.480926906249351e-15,-2.8817088645882727e-09
2630.400457739334,0.018357455503299935,0.018357455503299737,0.01835745550330898,0.01835741018641676,0.01835745255927794,0.01835745531752542,9.242606680004428e-15,-2.9440217971798965e-09
2634.4722850732956,0.018359990402878543,0.01835999040287789,0.018359990402890727,0.01835994409253164,0.01835998739440476,0.01835999021303823,1.2836953722228372e-14,-3.008473130339251e-09
2638.544112407257,0.01836263953686707,0.018362639536866125,0.018362639536880956,0.01836259219841554,0.018362636461700266,0.018362639342819818,1.48318857196017e-14,-3.0751658580685515e-09
2642.6159397412193,0.018365406828644626,0.018365406828644043,0.018365406828657678,0.018365358425753278,0.01836540368443464,0.018365406630242876,1.3634926521177704e-14,-3.144209403255216e-09
2646.687767075181,0.01836829643423605,0.01836829643423616,0.018368296434247314,0.018368246928764195,0.018368293218515745,0.018368296231324695,1.115427195053087e-14,-3.215720415644663e-09
2650.7595944091427,0.018371312758764184,0.01837131275876485,0.018371312758773864,0.018371262110645662,0.01837130946894158,0.018371312551179665,9.01362318117549e-15,-3.2898232714406728e-09
2654.831421743105,0.018374460474388895,0.0183744604743895,0.018374460474397197,0.018374408641502485,0.018374457107738773,0.018374460261958856,7.69870278638507e-15,-3.3666507255614153e-09
2658.9032490770664,0.01837774453989443,0.018377744539894734,0.018377744539901427,0.018377691477923824,0.018377741093550195,0.018377744322437998,6.692563170318522e-15,-3.4463445396093473e-09
2662.975076411028,0.01838117022210953,0.018381170222110124,0.01838117022211539,0.0183811158843905,0.018381166693053733,0.01838116999943705,5.266620473065586e-15,-3.529056390866314e-09
2667.0469037449902,0.018384743119367764,0.018384743119368538,0.018384743119372004,0.018384687456719805,0.018384739504419764,0.018384742891278654,3.4659775050016606e-15,-3.6149487743497577e-09
2671.118731078952,0.018388469187239305,0.018388469187239388,0.0183884691872416,0.018388412147783566,0.01838846548304345,0.018388468953521288,2.213507155346406e-15,-3.7041959395633928e-09
2675.1905584129136,0.01839235476680483,0.018392354766804068,0.01839235476680592,0.018392296295766615,0.01839235096981923,0.018392354527234547,1.85268467234323e-15,-3.796984837656225e-09
2679.2623857468757,0.018396406615782197,0.018396406615780878,0.01839640661578247,0.018396346655272865,0.018396402722264185,0.01839640637012405,1.592476150946709e-15,-3.893516693082022e-09
2683.3342130808373,0.018400631942851138,0.018400631942849795,0.018400631942851305,0.018400570431629105,0.01840062794884185,0.01840063169085607,1.5092094240998222e-15,-3.994007943819433e-09
2687.406040414799,0.018405038445581886,0.01840503844558101,0.018405038445583468,0.018404975318789894,0.018405034346888942,0.018405038186986133,2.456368441983159e-15,-4.0986920697705376e-09
2691.477867748761,0.018409634352432046,0.018409634352431585,0.018409634352436286,0.018409569541307593,0.01840963014461052,0.01840963408695552,4.701100619897147e-15,-4.2078210638063496e-09
2695.549695082723,0.018414428469348692,0.0184144284693485,0.018414428469354982,0.018414361900905226,0.018414424147680887,0.018414428196693935,6.480926906249351e-15,-4.321667614048952e-09
2699.6215224166845,0.018419430231600996,0.018419430231601457,0.018419430231607952,0.018419361828275936,0.018419425791074175,0.018419429951452432,6.494804694057166e-15,-4.440527282684181e-09
2703.6933497506466,0.018424649761571963,0.018424649761572848,0.01842464976157894,0.018424579440834067,0.018424645196852326,0.01842464947359335,6.0923488476305465e-15,-4.564720521710308e-09
2707.7651770846082,0.01843009793335524,0.018430097933356034,0.01843009793336087,0.018430025607269945,0.018430093238759892,0.018430097637187982,4.836409051023338e-15,-4.694596142384988e-09
2711.83700441857,0.018435786445158663,0.018435786445159082,0.018435786445159946,0.01843571201990305,0.018435781614624943,0.01843578614042042,8.638922910364499e-16,-4.8305341393550805e-09
2715.908831752532,0.01844172790069367,0.018441727900693792,0.018441727900689018,0.01844165127601498,0.018441722927744302,0.018441727586976337,-4.773959005888173e-15,-4.972949489701062e-09
2719.9806590864937,0.01844793590094618,0.018447935900946268,0.018447935900935627,0.018447856969552628,0.018447930778650094,0.018447935577813403,-1.0640793801641735e-14,-5.122296174026042e-09
2724.052486420456,0.018454425147992014,0.0184544251479922,0.01845442514797629,0.01845434379486766,0.018454419868919436,0.01845442481497571,-1.590741427470732e-14,-5.279072762265358e-09
2728.1243137544175,0.018461211562849057,0.018461211562849064,0.01846121156282973,0.018461127664480263,0.018461206119021786,0.018461211219446227,-1.9335227863237492e-14,-5.443827277851199e-09
2732.196141088379,0.018468312419763887,0.018468312419763714,0.01846831241974359,0.018468225843262732,0.018468306802599293,0.018468312065433833,-2.0122792321330962e-14,-5.617164421101162e-09
2736.2679684223413,0.01847574649984173,0.018475746499841364,0.018475746499823094,0.018475657101946687,0.018475740700088072,0.01847574613400155,-1.8270107648987732e-14,-5.799753292207166e-09
2740.339795756303,0.018483534267556334,0.018483534267555713,0.018483534267542373,0.018483441893489935,0.01848352827521928,0.018483533889576288,-1.3340023530261647e-14,-5.992336432614209e-09
2744.4116230902646,0.018491698074488545,0.01849169807448729,0.018491698074481065,0.018491602556643626,0.018491691878746115,0.018491697683686487,-6.224187831804784e-15,-6.195741173581348e-09
2748.4834504242267,0.01850026239566127,0.01850026239565988,0.018500262395660393,0.018500163552084614,0.018500255984767486,0.01850026199129771,5.134781488891349e-16,-6.410892393338141e-09
2752.5552777581884,0.018509254105164664,0.018509254105163887,0.01850925410516814,0.018509151737792776,0.018509247466335133,0.0185092536864349,4.253541963095131e-15,-6.638828754096382e-09
2756.62710509215,0.018518702799464184,0.01851870279946408,0.018518702799469468,0.018518596692060057,0.018518695918742584,0.018518702365489078,5.388051116383963e-15,-6.88072149604424e-09
2760.698932426112,0.0185286411790272,0.018528641179027586,0.018528641179033398,0.01852853109475299,0.01852863404112936,0.018528640728843818,5.811323644522304e-15,-7.137898227344008e-09
2764.770759760074,0.018539105501866295,0.018539105501866965,0.018539105501873838,0.018538991180403884,0.018539098089995137,0.018539105034416383,6.87297441182011e-15,-7.411871828094663e-09
2768.8425870940355,0.018550136126549443,0.01855013612655027,0.018550136126558144,0.018550017280658453,0.01855012842217346,0.01855013564066562,7.875644580934704e-15,-7.704376810135916e-09
2772.9144144279976,0.018561778167579975,0.01856177816758044,0.018561778167588083,0.01856165447894568,0.018561770150165708,0.018561777661968443,7.643191635153812e-15,-8.017414732108818e-09
2776.9862417619593,0.018574082293370642,0.0185740822933705,0.018574082293378386,0.01857395340754992,0.01857407394005831,0.018574081766591442,7.886052921790565e-15,-8.353312191261564e-09
2781.058069095921,0.018587105707197873,0.018587105707197755,0.01858710570720656,0.018586971227400224,0.018587096992401755,0.018587105157640196,8.805456364058273e-15,-8.71479599942604e-09
2785.129896429883,0.01860091336580355,0.018600913365804,0.01860091336581411,0.01860077284514957,0.01860090426071343,0.018600912791653507,1.0109968417992832e-14,-9.105090566924323e-09
2789.2017237638447,0.01861557951069664,0.01861557951069741,0.018615579510710568,0.01861543244246191,0.018615569982649818,0.018615578909897165,1.3156142841808105e-14,-9.528047593965194e-09
2793.2735510978064,0.01863118961678447,0.01863118961678501,0.01863118961680158,0.01863103542193491,0.018631179628464927,0.018631188986985247,1.657007864253046e-14,-9.988320084225455e-09
2797.3453784317685,0.01864784290660511,0.01864784290660472,0.018647842906622195,0.01864768091762843,0.018647832415004468,0.018647842245097416,1.7475604296990355e-14,-1.049160025176632e-08
2801.41720576573,0.018665655644028892,0.018665655644027883,0.018665655644043717,0.018665485083612203,0.018665644599077134,0.018665654947660506,1.5834555888716295e-14,-1.104495074913392e-08
2805.489033099692,0.018684765521910767,0.018684765521910108,0.018684765521922872,0.018684585474304086,0.018684753864635723,0.018684764786969878,1.2764095336237347e-14,-1.1657274385373784e-08
2809.560860433654,0.018705337615827666,0.018705337615827572,0.01870533761583788,0.018705146987611224,0.01870532527583296,0.018705336837882756,1.0307726894254188e-14,-1.2339994612947658e-08
2813.6326877676156,0.018727572628941667,0.018727572628941622,0.01872757262894986,0.018727370094089195,0.018727559520876878,0.018727571802619594,8.23646706393788e-15,-1.3108064744749015e-08
2817.7045151015773,0.018751718569124255,0.018751718569124325,0.018751718569128623,0.018751502490196633,0.018751704587623052,0.01875171768779281,4.298644773470528e-15,-1.3981501272714025e-08
2821.7763424355394,0.018778087703051904,0.01877808770305238,0.018778087703051765,0.018777856015108386,0.01877807271527324,0.01877808675835052,-6.140921104957897e-16,-1.4987779139302715e-08
2825.848169769501,0.01880708185735733,0.018807081857358392,0.018807081857354725,0.01880683189188129,0.018807065691672013,0.018807080838484702,-3.66720542821497e-15,-1.616568637979876e-08
2829.9199971034627,0.01883923133969002,0.018839231339691096,0.01883923133968676,0.018838959548820484,0.018839213767960637,0.01883923023228879,-4.336808689942018e-15,-1.757173045957572e-08
2833.991824437425,0.01887525684608908,0.018875256846089736,0.018875256846085747,0.01887495835527778,0.018875237554923464,0.018875255630438143,-3.989863994746656e-15,-1.9291166272056293e-08
2838.0636517713865,0.018916171587132977,0.01891617158713349,0.01891617158713038,0.018915839441435166,0.01891615012944336,0.018916170235100126,-3.1086244689504383e-15,-2.1457690131676532e-08
2842.135479105348,0.018963456441652808,0.01896345644165333,0.018963456441650817,0.01896308028453594,0.018963432151728805,0.018963454911350996,-2.5118795932144167e-15,-2.4289924523135387e-08
2846.2073064393103,0.019019372324575175,0.019019372324575484,0.019019372324572098,0.019018935992666415,0.01901934416345123,0.01901937055063289,-3.3861802251067274e-15,-2.816112425543804e-08
2850.279133773272,0.01908753566464139,0.019087535664641338,0.01908753566463684,0.019087012693798443,0.01908750193116226,0.019087533540023866,-4.496403249731884e-15,-3.373347907606461e-08
2854.3509611072336,0.019173984246386954,0.01917398424638669,0.019173984246383842,0.019173329625128074,0.01917394204708763,0.019173981589042717,-2.8484159475539172e-15,-4.2199299062073425e-08
2858.4227884411957,0.019288968804053043,0.01928896880405249,0.01928896880405321,0.019288106532231755,0.019288913254436324,0.01928896530666614,7.181755190543981e-16,-5.554961616735521e-08
2862.4946157751574,0.019448421257246083,0.01944842125724483,0.01944842125724904,0.019447245325525095,0.019448345553145154,0.019448416491779166,4.208439152719734e-15,-7.570409967655456e-08
2866.566443109119,0.019666062964954954,0.019666062964953424,0.019666062964960197,0.01966455301940893,0.019665965847567298,0.019666056852523255,6.772360450213455e-15,-9.711738612611098e-08
2870.638270443081,0.01991959136709678,0.019919591367095563,0.019919591367103615,0.019918082114103546,0.01991949440407155,0.019919585265042564,8.052586375484339e-15,-9.69630240127417e-08
2874.710097777043,0.02017154558894157,0.020171545588941506,0.0201715455889481,0.02017030765718778,0.020171466080118442,0.02017154058525534,6.5954186556638206e-15,-7.950882306359541e-08
2878.7819251110045,0.020435370949869757,0.02043537094987048,0.02043537094987271,0.020434417324061056,0.02043530979234008,0.020435367102320485,2.230854390106174e-15,-6.115753039756533e-08
2882.8537524449666,0.020566317830660673,0.02056631783066034,0.020566317830658966,0.02056601851937148,0.02056629893110676,0.02056631664592119,-1.3739009929736312e-15,-1.8899553578394235e-08
2886.9255797789283,0.020460019568985896,0.020460019568984265,0.02046001956898083,0.02045997565093549,0.02046001703459982,0.02046001941426986,-3.434752482434078e-15,-2.534384445362914e-09
2890.99740711289,0.020332637317911264,0.020332637317909772,0.020332637317905418,0.020332254814888522,0.02033261279467332,0.020332635776093542,-4.354155924701786e-15,-2.4523236451939878e-08
2895.069234446852,0.020306897019341855,0.020306897019341474,0.020306897019336866,0.020306167208265426,0.020306849969833354,0.020306894056514792,-4.6074255521944e-15,-4.704950811937336e-08
2899.1410617808137,0.020380367120921165,0.0203803671209215,0.020380367120916787,0.020379370666608238,0.02038030274070623,0.020380363064390606,-4.711508960753008e-15,-6.438021526999904e-08
2903.2128891147754,0.02055542881475563,0.020555428814756388,0.020555428814752225,0.020554120656207653,0.02055534419402748,0.020555423481356735,-4.163336342344337e-15,-8.462072890666472e-08
2907.2847164487375,0.020849246312046703,0.020849246312047386,0.02084924631204453,0.02084750915302145,0.020849133874314554,0.020849239224486137,-2.8553548414578245e-15,-1.1243773283264868e-07
2911.356543782699,0.021300100712696446,0.021300100712696484,0.02130010071269601,0.021297718235653507,0.021299946466549056,0.021300090989245096,-4.753142324176451e-16,-1.5424614742756693e-07
2915.428371116661,0.0219873810332706,0.021987381033269745,0.021987381033271903,0.021983957732190185,0.0219871593869033,0.02198736706098964,2.157996004115148e-15,-2.2164636644464442e-07
2919.500198450623,0.023059885872800768,0.023059885872798853,0.02305988587280282,0.023054727980447682,0.023059551933832412,0.02305986482223568,3.965577866082981e-15,-3.3393896644098864e-07
2923.5720257845846,0.024756448174131047,0.02475644817412928,0.024756448174134048,0.02474859345349232,0.024755939685685003,0.02475641612092179,4.767020111984266e-15,-5.084884442778381e-07
2927.6438531185463,0.027257320338382456,0.027257320338381,0.027257320338385033,0.027246820963765964,0.027256640652577692,0.027257277490063167,4.034966805122053e-15,-6.796858033064623e-07
2931.7156804525084,0.029998967475978435,0.029998967475976298,0.029998967475979653,0.029990371419575234,0.02999841030357815,0.029998932330223438,3.354955202539145e-15,-5.571723981495635e-07
2935.78750778647,0.03133221421181271,0.03133221421181096,0.03133221421181545,0.0313324537033246,0.031332226171625524,0.03133221489730979,4.489464355827977e-15,1.1959814562312321e-08
2939.8593351204318,0.030148990313187442,0.030148990313189655,0.030148990313196514,0.03015693533008377,0.03014949884875779,0.030149022282376727,6.859096624012295e-15,5.085355681347381e-07
2943.931162454394,0.027672947622519276,0.027672947622524112,0.027672947622533983,0.027681260509490588,0.027673482538150433,0.027672981301801857,9.870576578308032e-15,5.349156263212418e-07
2948.0029897883555,0.02559698216669278,0.025596982166696886,0.025596982166710674,0.025602188409623805,0.025597317992836176,0.02559700332665466,1.3787582187063663e-14,3.3582613928953564e-07
2952.074817122317,0.02434971923909281,0.024349719239095433,0.02434971923911224,0.024351897604092662,0.024349859753637123,0.024349728094948325,1.6806001035263307e-14,1.405145416896736e-07
2956.1466444562793,0.02373453768300086,0.023734537683002405,0.023734537683018645,0.023734609842494484,0.023734542316961725,0.023734537978267196,1.6240481182094868e-14,4.633959320432535e-09
2960.218471790241,0.023530802845938534,0.023530802845939138,0.023530802845951233,0.023529329048276974,0.02353070788432693,0.02353079686913394,1.2094492074510299e-14,-9.496161220909349e-08
2964.2902991242026,0.02360731022298885,0.023607310222988526,0.02360731022299568,0.023604684397743096,0.023607141203141568,0.023607299584201838,7.153999614928352e-15,-1.6901984695866235e-07
2968.3621264581648,0.023868906859834997,0.023868906859834314,0.023868906859837228,0.023865433605894534,0.02386868325946241,0.02386889278453021,2.914335439641036e-15,-2.2360037190208293e-07
2972.4339537921264,0.024291597897778648,0.024291597897778176,0.024291597897778468,0.02428687400123322,0.02429129330555937,0.02429157871749773,2.914335439641036e-16,-3.045922188048278e-07
2976.505781126088,0.024921418424451915,0.024921418424451915,0.024921418424450437,0.024915068745952364,0.024921008791504544,0.02492139262508629,-1.4779844015322396e-15,-4.096329473714244e-07
2980.57760846005,0.025777187263672917,0.02577718726367314,0.025777187263669912,0.02576923303126713,0.0257766742457726,0.025777154953768748,-3.226585665316861e-15,-5.130179005392865e-07
2984.649435794012,0.02689410990084653,0.026894109900846737,0.026894109900843365,0.026883950244501787,0.02689345431877867,0.026894068609131096,-3.372302437298913e-15,-6.555820680660684e-07
2988.7212631279735,0.028402115878372235,0.02840211587837256,0.028402115878369424,0.028388460367754484,0.028401234113526384,0.02840206033269983,-3.1363800445660672e-15,-8.817648461771632e-07
2992.7930904619357,0.03048471335586798,0.03048471335586853,0.030484713355863852,0.030465967979633277,0.030483502414716816,0.030484637067196098,-4.676814491233472e-15,-1.210941151713607e-06
2996.8649177958973,0.03340350125762575,0.03340350125762634,0.03340350125761974,0.033377219711138294,0.0334018030214252,0.033403394264238676,-6.598888102615774e-15,-1.698236201136405e-06
3000.936745129859,0.03759190135257064,0.03759190135257057,0.03759190135256121,0.03755393086174494,0.037589447280304056,0.03759174673464237,-9.353628982466944e-15,-2.454072266511176e-06
3005.008572463821,0.04380365849813612,0.043803658498135,0.04380365849812019,0.04374669150063115,0.04379997592288292,0.04380342647331267,-1.4807599590938025e-14,-3.6825752520799893e-06
3009.080399797783,0.05338765280350496,0.053387652803502876,0.053387652803483406,0.05329851262583371,0.053381889343079636,0.05338728966295416,-1.9470536294363683e-14,-5.763460423240108e-06
3013.1522271317444,0.06877228949714097,0.06877228949713807,0.0687722894971198,0.068627600559951,0.06876293331089534,0.06877169998026335,-1.8263168755083825e-14,-9.356186242731601e-06
3017.2240544657066,0.09394520574499028,0.0939452057449865,0.09394520574497238,0.09371078497073941,0.0939300492341147,0.0939442507656094,-1.4127587988355117e-14,-1.5156510871805473e-05
3021.295881799668,0.13236720624944967,0.132367206249446,0.13236720624944043,0.132041157050034,0.13234614850332252,0.13236587954592258,-5.578870698741412e-15,-2.105774612348732e-05
3025.36770913363,0.1725594804562631,0.1725594804562641,0.17255948045629318,0.17234133162420018,0.17254546721422168,0.1725585979340389,2.90878432451791e-14,-1.4013242042421048e-05
3029.439536467592,0.17502085473268686,0.1750208547326939,0.1750208547327624,0.17518465025815655,0.175031513932783,0.17502152674833818,6.850076061937216e-14,1.065920008908039e-05
3033.5113638015537,0.13647172286965298,0.13647172286965886,0.13647172286971618,0.13678406132003287,0.13649189462573172,0.13647299388285225,5.731526364627371e-14,2.0171756072856484e-05
3037.5831911355153,0.0969415156200609,0.09694151562006335,0.09694151562009111,0.09717516432226547,0.0969565852181058,0.09694246506044138,2.7755575615628914e-14,1.5069598042441457e-05
3041.6550184694775,0.07060511965373135,0.07060511965373241,0.07060511965374017,0.07074955816671238,0.07061443354044207,0.07060570645640363,7.757683384568281e-15,9.313886709660935e-06
3045.726845803439,0.054486630856611706,0.05448663085661274,0.05448663085661324,0.05457478080700716,0.05449231561690031,0.05448698901726473,4.996003610813204e-16,5.684760287567869e-06
3049.798673137401,0.04446791623916542,0.04446791623916632,0.04446791623916872,0.044523548427496465,0.04447150453325039,0.04446814231820476,2.400857290751901e-15,3.5882940840684108e-06
3053.870500471363,0.037986531813262864,0.03798653181326372,0.03798653181326959,0.038023140877721705,0.037988893493644385,0.037986680612077474,5.870304242705515e-15,2.3616803806678077e-06
3057.9423278053246,0.033613783021926434,0.03361378302192672,0.0336137830219301,0.03363883945642633,0.03361539965613416,0.03361388487984151,3.3792413312028202e-15,1.6166342074394602e-06
3062.0141551392862,0.030549748423537054,0.030549748423536742,0.030549748423533175,0.030567494825902795,0.030550893538926625,0.030549820573321514,-3.566591466608315e-15,1.1451153898826838e-06
3066.0859824732484,0.028331415826781205,0.028331415826781357,0.02833141582677083,0.028344354933246697,0.0283322508044989,0.028331468435916447,-1.0526302052227265e-14,8.349777175439832e-07
3070.15780980721,0.02668005623323622,0.026680056233237253,0.026680056233222563,0.02668972302724047,0.026680680067178705,0.026680095538714692,-1.4689638394571602e-14,6.238339414522953e-07
3074.2296371411717,0.025421362391351593,0.02542136239135298,0.025421362391340234,0.0254287330629648,0.025421838046819936,0.025421392360280525,-1.2746748101477579e-14,4.7565546695479965e-07
3078.301464475134,0.024442468478281167,0.024442468478282207,0.024442468478276656,0.024448184433908414,0.02444283733206451,0.024442491717624026,-5.551115123125783e-15,3.6885378230239185e-07
3082.3732918090955,0.023667984330068875,0.023667984330069204,0.02366798433006931,0.02367247940304702,0.023668274371816997,0.02366800260334717,1.0755285551056204e-16,2.900417477927353e-07
3086.445119143057,0.023046143951477884,0.02304614395147761,0.0230461439514763,0.02304971920500299,0.02304637460694728,0.023046158482648297,-1.3114509478384662e-15,2.3065546966849482e-07
3090.5169464770192,0.02254052360544441,0.0225405236054435,0.022540523605435528,0.02254339276523545,0.022540708666330123,0.022540535263487028,-7.972789095589405e-15,1.8506088662190168e-07
3094.588773810981,0.022124933122179873,0.022124933122178378,0.022124933122164753,0.02212725099814852,0.02212508257916386,0.02212494253658778,-1.3624518180321843e-14,1.494569854820771e-07
3098.6606011449426,0.02178017396370461,0.02178017396370315,0.021780173963686734,0.021782054712780594,0.021780295184436714,0.0217801815987024,-1.641395352969255e-14,1.2122073356560237e-07
3102.7324284789047,0.02149192840550908,0.02149192840550835,0.021491928405490027,0.021493457554799783,0.021492026910194403,0.021491934608918423,-1.8322149353267037e-14,9.850468605382412e-08
3106.8042558128664,0.02124935287601219,0.021249352876012338,0.021249352875994623,0.021250595413853702,0.021249432859393347,0.02124935791213907,-1.7714996136675154e-14,7.998338100861924e-08
3110.876083146828,0.021044120604725155,0.021044120604725634,0.02104412060471237,0.02104512653508175,0.021044185294446165,0.021044124676939092,-1.3263695697318667e-14,6.468972053169653e-08
3114.94791048079,0.020869757488146137,0.020869757488146488,0.02086975748814123,0.02087056571321328,0.020869809395273355,0.02086976075466521,-5.2562121322097255e-15,5.190712686758969e-08
3119.019737814752,0.020721173280803744,0.020721173280803855,0.020721173280806846,0.020721814360034955,0.020721214377861282,0.02072117586591245,2.9906632725840154e-15,4.109705742730285e-08
3123.0915651487135,0.020594325370282242,0.020594325370282312,0.020594325370287825,0.020594823510615173,0.020594357219685718,0.020594327372423733,5.512951206654293e-15,3.184940340628106e-08
3127.1633924826756,0.020485974114121747,0.02048597411412237,0.020485974114124752,0.020486348625401912,0.020485997962105377,0.020485975611816122,2.383510055992133e-15,2.384798300850144e-08
3131.2352198166373,0.020393502420345346,0.02039350242034672,0.020393502420342793,0.020393768793009144,0.020393519266513376,0.02039350347657114,-3.927413949611491e-15,1.684616665609262e-08
3135.307047150599,0.020314781068980343,0.020314781068982213,0.02031478106897062,0.020314951781139148,0.020314791718397104,0.020314781734456642,-1.1591422266477025e-14,1.0649414891594766e-08
3139.378874484561,0.020248067045471763,0.02024806704547358,0.020248067045453715,0.020248152173578896,0.020248072148075696,0.020248067361141674,-1.9866053246886395e-14,5.102602115142352e-09
3143.4507018185227,0.02019192600137093,0.020191926001372085,0.020191926001342557,0.020191933686548064,0.02019192608207287,0.020191926000298302,-2.952846300807721e-14,8.070078633126698e-11
3147.5225291524844,0.020145172557434393,0.020145172557434032,0.020145172557395046,0.020145109364483316,0.020145168039288754,0.020145172266263625,-3.898617539910276e-14,-4.518145278048502e-09
3151.5943564864465,0.02010682394770995,0.02010682394770772,0.020106823947663194,0.0201066951434486,0.02010681516987887,0.02010682338779846,-4.4526882181372684e-14,-8.777828849199087e-09
3155.666183820408,0.02007606374314353,0.02007606374314026,0.02007606374309682,0.020075873513437682,0.020076050974903423,0.020076062931444955,-4.3440945285411203e-14,-1.2768236835880575e-08
3159.73801115437,0.020052213266211517,0.02005221326620835,0.02005221326617103,0.02005196488592833,0.020052196717918372,0.020052212215965745,-3.732084086216503e-14,-1.6548289977907915e-08
3163.809838488332,0.020034708929962817,0.020034708929961002,0.02003470892992834,0.020034404896393493,0.020034688761659463,0.020034707651238028,-3.2661373605691324e-14,-2.0168301539252864e-08
3167.8816658222936,0.020023084182835087,0.020023084182835667,0.020023084182803397,0.020022726320460954,0.02002306051100708,0.02002308268295305,-3.2269326100120566e-14,-2.3671828587590316e-08
3171.9534931562553,0.020016955066720597,0.020016955066722884,0.020016955066688057,0.02001654460924446,0.020016927969582744,0.02001695335058819,-3.482630850371038e-14,-2.7097140139348275e-08
3176.0253204902174,0.0200160086355667,0.02001600863556847,0.020016008635531615,0.020015546289688758,0.020015978157171117,0.020016006705934897,-3.6855934970603244e-14,-3.047839735453861e-08
3180.097147824179,0.02001999365987808,0.020019993659878676,0.020019993659846108,0.02001947965421277,0.020019959813264817,0.020019991517543103,-3.2567698537988576e-14,-3.384661385885668e-08
3184.1689751581407,0.02002871317599726,0.0200287131759986,0.020028713175973635,0.020028147297703334,0.02002867594554795,0.02002871081994978,-2.4966140266258208e-14,-3.7230450649489155e-08
3188.240802492103,0.020042018540085752,0.020042018540087997,0.020042018540068873,0.02004140016115652,0.020041977883203315,0.02004201596761246,-1.912359159916832e-14,-4.065688468182782e-08
3192.3126298260645,0.02005980472396287,0.0200598047239641,0.020059804723947153,0.020059132818649805,0.020059760572180885,0.020059801930715847,-1.6948248360293405e-14,-4.4151783215595763e-08
3196.384457160026,0.02008200664965868,0.02008200664965794,0.020082006649641534,0.02008127980410625,0.020081958909248607,0.020082003629696202,-1.640701463578864e-14,-4.7740409334084966e-08
3200.4562844939883,0.02010859640616482,0.020108596406162575,0.020108596406151744,0.020107812821021462,0.02010854495828556,0.02010859315196104,-1.0831613383999183e-14,-5.1447877014165755e-08
3204.52811182795,0.02013958122879752,0.020139581228794664,0.02013958122879243,0.0201387387153165,0.020139525929220328,0.02013957773122371,-2.2343238370581275e-15,-5.52995743363649e-08
3208.5999391619116,0.020175002151317036,0.020175002151314507,0.020175002151317963,0.020174098121247735,0.020174942829747446,0.02017499839959839,3.4555691641457997e-15,-5.9321567061343394e-08
3212.6717664958737,0.02021493326534582,0.020214933265344303,0.020214933265350794,0.02021396471471964,0.0202148697243481,0.020214929246992867,6.491335247105212e-15,-6.354099620423104e-08
3216.7435938298354,0.020259481542121913,0.02025948154212196,0.020259481542127814,0.02025844502886398,0.020259413555641297,0.020259477242837044,5.852957007945747e-15,-6.798648066394519e-08
3220.815421163797,0.020308787189361147,0.020308787189362576,0.02030878718936468,0.020307678804489863,0.02030871450082728,0.020308782592918125,2.1024848528838902e-15,-7.268853529501795e-08
3224.887248497759,0.020363024531880505,0.020363024531882393,0.020363024531883767,0.02036183986389085,0.020362946851866036,0.02036301961997624,1.3739009929736312e-15,-7.76800163568292e-08
3228.959075831721,0.02042240341942763,0.020422403419429185,0.020422403419436165,0.020421137511279448,0.0204223204228248,0.02042239817150454,6.980527267330672e-15,-8.299660438429446e-08
3233.0309031656825,0.020487171179529758,0.020487171179530816,0.02048717117954576,0.020485818477471485,0.02048708250219232,0.020487165572563824,1.4942908022064216e-14,-8.867733849657333e-08
3237.1027304996446,0.02055761514772993,0.020557615147730527,0.020557615147752846,0.020556169440979027,0.02055752038251635,0.020557609155980126,2.23189522419176e-14,-9.476521417584038e-08
3241.1745578336063,0.020634065822933704,0.020634065822933773,0.020634065822958413,0.020632520172996324,0.020633964515072344,0.020634059417648634,2.4640012252774568e-14,-1.0130786142967252e-07
3245.246385167568,0.020716900712370694,0.020716900712370364,0.02071690071238899,0.020715247370503967,0.020716792354049537,0.02071689386144697,1.8627460685038955e-14,-1.0835832082653485e-07
3249.31821250153,0.020806548949572887,0.02080654894957279,0.02080654894958064,0.020804779260560378,0.02080643297363283,0.02080654161715657,7.851358452271029e-15,-1.1597593995923972e-07
3253.3900398354917,0.020903496790572195,0.02090349679057288,0.02090349679057442,0.02090160108058849,0.020903372563157836,0.02090348893659372,1.5404344466674047e-15,-1.242274150423106e-07
3257.4618671694534,0.021008294119169768,0.02100829411917082,0.021008294119172773,0.02100626156503331,0.02100816093116069,0.02100828569880147,1.9532986339498848e-15,-1.3318801012768278e-07
3261.5336945034155,0.02112156212277513,0.021121562122775463,0.02112156212277896,0.021119380599306986,0.021121419179784384,0.02112155308579933,3.497202527569243e-15,-1.429429910791702e-07
3265.605521837377,0.02124400233738126,0.02124400233738064,0.02124400233738823,0.02124165823887125,0.02124384874805863,0.021243992627452222,7.591149930874508e-15,-1.5358932200712494e-07
3269.677349171339,0.021376407305529754,0.021376407305528984,0.021376407305542713,0.021373885336426736,0.02137624206784776,0.02137639685930705,1.3728601588880451e-14,-1.6523768122528315e-07
3273.749176505301,0.021519673146921083,0.021519673146920843,0.02151967314693634,0.021516956075769672,0.02151949513205148,0.021519661893049272,1.5498019534376795e-14,-1.780148693626693e-07
3277.8210038392626,0.021674814410611868,0.02167481441061182,0.021674814410622602,0.021671882779889795,0.021674622343913375,0.02167480226851789,1.0783041126671833e-14,-1.9206669844493152e-07
3281.8928311732243,0.021842981664361164,0.021842981664361567,0.021842981664367038,0.02183981344714966,0.02184277410288547,0.02184296854283403,5.4713178432308496e-15,-2.0756147609685138e-07
3285.9646585071864,0.022025482385686433,0.022025482385688053,0.022025482385689243,0.022022052577923612,0.022025257691461894,0.02202546818118848,1.1900203045200897e-15,-2.246942261592555e-07
3290.036485841148,0.022223805857202867,0.022223805857204352,0.02222380585720103,0.022220085991504736,0.02222356216537611,0.02222379045185335,-3.3202607330196088e-15,-2.436918282409939e-07
3294.1083131751097,0.02243965294470364,0.022439652944702442,0.022439652944694174,0.022435610508205694,0.02243938812539465,0.02243963620386849,-8.267692086505463e-15,-2.648193077915695e-07
3298.180140509072,0.02267497186205101,0.02267497186204735,0.022674971862036968,0.02267056959615784,0.02267468347447218,0.02267495363144657,-1.0380585280245214e-14,-2.8838757516747027e-07
3302.2519678430335,0.022932001318206496,0.022932001318204037,0.022932001318196907,0.022927196372227805,0.022931686555202578,0.02293198142039427,-7.129713486264677e-15,-3.147630014584124e-07
3306.323795176995,0.02321332282034248,0.023213322820343572,0.023213322820340204,0.02320806572329264,0.0232129784410076,0.023213301050465526,-3.3688329903469594e-15,-3.4437933597170067e-07
3310.3956225109573,0.02352192440267478,0.023521924402677735,0.023521924402674234,0.023516157807400535,0.0235215466500492,0.023521900523252773,-3.5006719745211967e-15,-3.777526285352051e-07
3314.467449844919,0.02386127870452182,0.023861278704524622,0.02386127870452287,0.023854935844913883,0.02386086320448811,0.023861252439063865,-1.7520707107365752e-15,-4.15500036512334e-07
3318.5392771788806,0.024235439190358088,0.024235439190358178,0.02423543919035749,0.024228441974495085,0.02423498082666878,0.024235410215462636,-6.869504964868156e-16,-4.583636893998322e-07
3322.6111045128428,0.02464915946979813,0.02464915946979536,0.024649159469784944,0.024641416107807228,0.024648652228605183,0.02464912740532873,-1.041527974976475e-14,-5.072411901757556e-07
3326.6829318468044,0.02510804225110445,0.025108042251102067,0.025108042251066637,0.02509944428379619,0.025107479026202705,0.025108006647879842,-3.542999227335031e-14,-5.632248993615863e-07
3330.7547591807665,0.025618726612213424,0.025618726612213153,0.02561872661215127,0.025609145161702197,0.02561809895927041,0.02561868693646771,-6.188452528199662e-14,-6.276529427445832e-07
3334.826586514728,0.026189125237120883,0.026189125237121573,0.026189125237047618,0.02617840623853229,0.026188423061102924,0.02618908085074421,-7.395473122784324e-14,-7.021760186493031e-07
3338.89841384869,0.02682872739333951,0.02682872739333996,0.026828727393262395,0.02681668547973356,0.02682793854763118,0.026828677528540627,-7.756642550482695e-14,-7.888457087823486e-07
3342.970241182652,0.027548989239388984,0.027548989239389088,0.0275489892393108,0.027535399828866998,0.027548099007016158,0.027548932965904008,-7.82880704708333e-14,-8.902323729298445e-07
3347.0420685166137,0.028363841335750078,0.02836384133575035,0.028363841335672102,0.028348430293187055,0.028362831751539568,0.028363777517994692,-7.824643710740986e-14,-1.009584210780179e-06
3351.1138958505753,0.02929035518966303,0.02929035518966326,0.02929035518958433,0.02927278517911822,0.02928920414534887,0.02929028243016355,-7.892991815694472e-14,-1.1510443143902815e-06
3355.1857231845374,0.030349628157608666,0.030349628157608444,0.030349628157528733,0.030329480423854204,0.030348308207113216,0.030349544721482272,-7.971054372113429e-14,-1.31995049522729e-06
3359.257550518499,0.03156797199891247,0.0315679719989125,0.03156797199883868,0.03154472175191858,0.031566448743969626,0.031567875711819855,-7.3822892243669e-14,-1.5232549428756403e-06
3363.3293778524608,0.03297852953616239,0.03297852953616319,0.032978529536105215,0.032951512254420126,0.03297675941612568,0.0329784176445947,-5.797445856714489e-14,-1.7701200375128123e-06
3367.401205186423,0.034623503941881205,0.03462350394188219,0.03462350394184641,0.03459186858373162,0.03462143116445981,0.034623372919141984,-3.577693696854567e-14,-2.0727774223822104e-06
3371.4730325203845,0.03655727898880391,0.036557278988804585,0.03655727898878766,0.03651992201024348,0.036554831201179874,0.0365571242613666,-1.692396223162973e-14,-2.4477876247111507e-06
3375.544859854346,0.038850858064430255,0.03885085806443081,0.03885085806442736,0.03880632877925458,0.03884794014335898,0.03885067361938673,-3.4486302702418925e-15,-2.9179210718280335e-06
3379.6166871883083,0.04159829301143263,0.04159829301143285,0.04159829301143199,0.04154465530026136,0.04159477798770897,0.04159807082278698,-8.604228440844963e-16,-3.5150237238795734e-06
3383.68851452227,0.044926179064446,0.04492617906444551,0.044926179064418745,0.0448608051262944,0.044921894585234996,0.04492590823732951,-2.676331378737018e-14,-4.284479210511782e-06
3387.7603418562317,0.049007984298948384,0.049007984298947586,0.04900798429887704,0.048927240040915636,0.04900269197354297,0.049007649763945414,-7.054773432102479e-14,-5.292325404616938e-06
3391.832169190194,0.05408619683406621,0.05408619683406572,0.05408619683394997,0.05398494987703719,0.05407955992748759,0.054085777304912264,-1.1575462810498038e-13,-6.636906578129376e-06
3395.9039965241554,0.06050746845397787,0.06050746845397782,0.06050746845381969,0.06037829730887955,0.06049899994598055,0.06050693314397803,-1.5813045317614183e-13,-8.468507997273778e-06
3399.975823858117,0.06878002592385828,0.06878002592385817,0.06878002592367376,0.06861190977738274,0.06876900243227697,0.06877932910424896,-1.844080443902385e-13,-1.1023491581191314e-05
3404.0476511920792,0.07967049968815708,0.07967049968815654,0.0796704996879875,0.07944657471877246,0.07965581402491972,0.07966957136675613,-1.6903145549918008e-13,-1.4685663236813085e-05
3408.119478526041,0.09437296946710237,0.09437296946710103,0.09437296946696458,0.09406654824333208,0.09435286897475713,0.09437169884574353,-1.3644640972643174e-13,-2.010049234389688e-05
3412.1913058600026,0.11481493569912725,0.11481493569912493,0.11481493569899873,0.11438218575331772,0.11478654083997006,0.11481314073795001,-1.2620460232426467e-13,-2.8394859154873275e-05
3416.2631331939647,0.14423057699384167,0.1442305769938375,0.14423057699372063,0.14359661684417646,0.1441889669116432,0.14422794659798985,-1.1687872891741335e-13,-4.16100821943044e-05
3420.3349605279263,0.1882608867240736,0.1882608867240665,0.18826088672397628,0.18729299809555558,0.18819733753167217,0.18825686936376898,-9.020562075079397e-14,-6.354919239431878e-05
3424.406787861888,0.25703600017536615,0.257036000175354,0.2570360001752718,0.25549441342947454,0.2569347514880379,0.2570295994711341,-8.221201497349284e-14,-0.00010124868731609116
3428.47861519585,0.3685339596065221,0.3685339596065005,0.3685339596064122,0.36600682772112736,0.36836796964289714,0.3685234660867845,-8.826273045769994e-14,-0.00016598996360334128
3432.550442529812,0.5494658927194385,0.5494658927194006,0.5494658927193451,0.5454672011501696,0.5492034833444861,0.5494493047862022,-5.551115123125783e-14,-0.00026240937491450733
3436.6222698637735,0.8053633656522237,0.8053633656521723,0.8053633656523733,0.800557040514057,0.8050493702731496,0.8053435225677938,2.0106138975961585e-13,-0.00031399537902265795
3440.6940971977356,1.0000000000000207,1.0,1.0000000000007647,0.9987225865579106,0.9999197328597903,0.9999949402262868,7.647216193618078e-13,-8.026714020969994e-05
3444.7659245316972,0.9057504703182598,0.9057504703182987,0.905750470319029,0.909833343679743,0.9060191287324252,0.905767455296918,7.30304705598428e-13,0.00026865841412648805
3448.837751865659,0.6451998830176744,0.6451998830177247,0.6451998830179401,0.6498158729162464,0.6455010964413318,0.6452189160773996,2.1538326677728037e-13,0.0003012134236071162
3452.909579199621,0.430864660313979,0.4308646603140155,0.430864660314129,0.43398134188476706,0.4310676625178559,0.4308774860793733,1.1352030426792226e-13,0.0002030022038403967
3456.9814065335827,0.2950488640365391,0.295048864036563,0.2950488640367799,0.29695410599381467,0.29517293792720006,0.2950567029725935,2.1688206786052433e-13,0.00012407389063706642
3461.0532338675443,0.21193564389490954,0.21193564389492558,0.21193564389516653,0.21311486176739255,0.21201245740759173,0.21194049700958653,2.409461519192746e-13,7.681351266614067e-05
3465.1250612015065,0.15959184105550384,0.15959184105551483,0.15959184105569038,0.1603513026449857,0.15964132892853408,0.15959496778323887,1.7555401576885288e-13,4.9487873019254947e-05
3469.196888535468,0.12520554427872874,0.12520554427873665,0.12520554427883138,0.125715957789007,0.12523881457528158,0.12520764638986115,9.472977957614148e-14,3.327029654492941e-05
3473.26871586943,0.10166739997005177,0.10166739997005751,0.1016673999701172,0.10202400072744992,0.10169065087812798,0.10166886904980643,5.968836536140998e-14,2.325090807046848e-05
3477.340543203392,0.0849570767060169,0.08495707670602123,0.084957076706087,0.08521474680064338,0.08497388121853043,0.08495813849092917,6.576683642123271e-14,1.680451250919701e-05
3481.4123705373536,0.07271601713126653,0.07271601713126973,0.07271601713134045,0.07290765007250874,0.07272851740788264,0.07271680696251656,7.072120666862247e-14,1.2500276612911754e-05
3485.4841978713152,0.06350511197387149,0.06350511197387385,0.06350511197394569,0.06365119388723485,0.06351464255619771,0.0635057141690139,7.184530748105544e-14,9.53058232386339e-06
3489.5560252052774,0.056413103344372925,0.05641310334437496,0.05641310334445926,0.05652684992355903,0.05642052538385123,0.0564135723126003,8.430062203856892e-14,7.42203947626946e-06
3493.627852539239,0.05084329787716837,0.0508432978771702,0.05084329787726648,0.050933507446163206,0.05084918482079228,0.0508436698504539,9.62771529167128e-14,5.8869436220798654e-06
3497.6996798732007,0.04639313456393047,0.04639313456393173,0.046393134564017016,0.04646583075310609,0.04639787909554145,0.046393434353422726,8.528594497292374e-14,4.744531609722491e-06
3501.771507207163,0.04278373583866068,0.04278373583866128,0.04278373583870765,0.042843146220858344,0.04278761360718279,0.04278398086100724,4.63656890659081e-14,3.8777685215096724e-06
3505.8433345411245,0.03981731438279281,0.03981731438279327,0.03981731438278777,0.03986647213365391,0.03982052319164567,0.03981751713614753,-5.495603971894525e-15,3.2088088523993252e-06
3509.915161875086,0.03735063191086538,0.03735063191086626,0.037350631910816307,0.03739175644919764,0.03735331651665051,0.03735080154170241,-4.995309721422814e-14,2.6846057842519477e-06
3513.9869892090483,0.03527800098663471,0.03527800098663559,0.03527800098655509,0.03531274511461891,0.035280269203522716,0.03527814430725649,-8.049810817922776e-14,2.268216887126029e-06
3518.05881654301,0.03352012521582052,0.03352012521582136,0.033520125215724256,0.03354973939376805,0.033522058622115165,0.03352024738082925,-9.710288129127775e-14,1.9334062938067276e-06
3522.1306438769716,0.03201660609836703,0.032016606098368344,0.03201660609826757,0.032042049987787376,0.03201826730748037,0.03201671106406948,-1.0077355616644468e-13,1.6612091120263295e-06
3526.2024712109337,0.030720808293618895,0.030720808293620398,0.030720808293524773,0.030742827973993525,0.030722245988216042,0.030720899136101917,-9.562489688974551e-14,1.4376945956448561e-06
3530.2742985448954,0.02959627523357191,0.029596275233572913,0.02959627523347977,0.029615457606137725,0.029597527712899623,0.029596354372838335,-9.314424231909868e-14,1.252479326710465e-06
3534.346125878857,0.028614184370834395,0.028614184370834832,0.02861418437074727,0.028630996110870263,0.02861528209086478,0.02861425373130236,-8.756190217340531e-14,1.0977200299473744e-06
3538.417953212819,0.027751512402993957,0.02775151240299406,0.027751512402922358,0.027766328263146924,0.027752479822335967,0.027751573530130948,-7.170306015602534e-14,9.67419341905973e-07
3542.489780546781,0.02698969352015865,0.026989693520158457,0.026989693520095073,0.027002817176472342,0.026990550459750413,0.026989747666393664,-6.338332636524058e-14,8.569395919567901e-07
3546.5616078807425,0.026313625325000815,0.026313625325000353,0.026313625324936564,0.02632530492327805,0.02631438798222367,0.02631367351380227,-6.378925165861915e-14,7.626572233153384e-07
3550.6334352147046,0.025710923429212554,0.0257109234292124,0.02571092342915354,0.02572136331350546,0.025711605143025094,0.025710966503434542,-5.885916753989306e-14,6.817138126953559e-07
3554.7052625486663,0.02517135626723915,0.02517135626724066,0.0251713562671981,0.025180725923092437,0.025171968101655076,0.025171394925989382,-4.2559705759614985e-14,6.118344144170895e-07
3558.777089882628,0.024686412112672324,0.02468641211267534,0.024686412112648992,0.024694853054551536,0.024686963306142697,0.024686446939704947,-2.6346980153135746e-14,5.511934673581298e-07
3562.84891721659,0.02424896417730188,0.024248964177303416,0.02424896417728394,0.024256595302013764,0.02424946249203222,0.02424899566308845,-1.947747518826759e-14,4.983147288036005e-07
3566.9207445505517,0.02385300924884948,0.02385300924884786,0.02385300924882404,0.02385993103264517,0.023853461244687665,0.02385303780788885,-2.3821222772113515e-14,4.5199583980498614e-07
3570.9925718845134,0.02349346200967541,0.02349346200967259,0.023493462009643612,0.023499759825424037,0.023493873260590006,0.023493487994174674,-2.8976820942716586e-14,4.112509174175605e-07
3575.0643992184755,0.02316599190447451,0.023165991904472383,0.023165991904447847,0.023171738663257425,0.023166367170949116,0.023166015615238646,-2.453592884421596e-14,3.7526647673341573e-07
3579.136226552437,0.02286689280334273,0.022866892803343305,0.022866892803332668,0.02287215107303532,0.022867236170647485,0.022866914498511588,-1.0637324354689781e-14,3.4336730417999783e-07
3583.208053886399,0.022592978147763773,0.022592978147766635,0.022592978147774664,0.022597801863521665,0.022593293137594835,0.022592998049864043,8.028300246820663e-15,3.149898281998298e-07
3587.279881220361,0.022341496048756515,0.02234149604875825,0.022341496048784097,0.02234593190272453,0.02234178570994439,0.022341514350432762,2.5847379792054426e-14,2.8966118614109915e-07
3591.3517085543226,0.02211006011922983,0.02211006011922869,0.022110060119266188,0.022114148696351033,0.022110327101883206,0.022110076987933915,3.749778265671466e-14,2.669826545155518e-07
3595.4235358882843,0.021896592798545958,0.021896592798543547,0.02189659279858309,0.021900369510068584,0.021896839414989735,0.021896608380389048,3.9544756358367295e-14,2.466164461881193e-07
3599.4953632222464,0.021699278658938028,0.021699278658936703,0.021699278658970714,0.0217027745137332,0.02169950693406204,0.0216992930818696,3.401098847000128e-14,2.2827512533712957e-07
3603.567190556208,0.0215165257363426,0.021516525736342076,0.021516525736366813,0.021519767981426668,0.021516737449412626,0.021516539112789324,2.473715676742927e-14,2.1171307055048438e-07
3607.6390178901697,0.02134693334920411,0.021346933349203703,0.021346933349219485,0.021349946004196423,0.02134713006875533,0.021346945778276605,1.578251418443699e-14,1.967195516275333e-07
3611.710845224132,0.021189265191673714,0.021189265191674023,0.021189265191684993,0.02119206949677736,0.021189448304758888,0.021189276761016444,1.0970391262077328e-14,1.8311308486521072e-07
3615.7826725580935,0.021042426736884712,0.021042426736885788,0.021042426736896137,0.021045041530003267,0.021042597473693306,0.021042437524229678,1.0349360257677631e-14,1.7073680751850118e-07
3619.854499892055,0.020905446179691495,0.02090544617969205,0.0209054461797012,0.020907888215204177,0.020905605634361422,0.02090545625417269,9.14893161230168e-15,1.5945466937117292e-07
3623.9263272260173,0.020777458299733428,0.020777458299732425,0.020777458299739444,0.020779742519014762,0.020777607448015042,0.02077746772300444,7.0186911838021615e-15,1.4914828261672342e-07
3627.998154559979,0.020657690744806556,0.020657690744804686,0.020657690744811365,0.02065983050665501,0.020657830459109017,0.020657699571992788,6.678685382510707e-15,1.39714304330657e-07
3632.0699818939406,0.02054545232873417,0.020545452328733255,0.020545452328741765,0.020547459606353517,0.020545583390986607,0.020545460609244778,8.510553373142216e-15,1.3106225335221544e-07
3636.1418092279027,0.020440123012836195,0.020440123012836677,0.020440123012843307,0.02044200856280157,0.020440246125517814,0.020440130791058865,6.630113125183357e-15,1.231126811364336e-07
3640.2136365618644,0.02034114529996283,0.020341145299963347,0.020341145299963958,0.02034291880763563,0.020341261095597623,0.020341152615863212,6.106226635438361e-16,1.1579563427566164e-07
3644.285463895826,0.020248016818143328,0.020248016818143425,0.020248016818139276,0.02024968702321314,0.020248125867500088,0.020248023707785806,-4.1494585545365226e-15,1.0904935666272708e-07
3648.357291229788,0.020160283909698047,0.020160283909697978,0.02016028390969093,0.02016185871488958,0.020160386728888573,0.02016029040569402,-7.0464467594177904e-15,1.0281919059565436e-07
3652.42911856375,0.02007753607308704,0.020077536073086683,0.02007753607307488,0.02007902263856391,0.020077633129729565,0.020077542204983423,-1.1803058530546195e-14,9.705664288234273e-08
3656.5009458977115,0.019999401130368404,0.01999940113036756,0.019999401130351594,0.02000080595594604,0.019999492848956437,0.019999406924987063,-1.5966394872890532e-14,9.171858887657702e-08
3660.5727732316736,0.019925541014059796,0.01992554101405897,0.01992554101404205,0.019926870010992952,0.01992562778065068,0.0199255464957946,-1.6920492784677776e-14,8.676659171008572e-08
3664.6446005656353,0.0198556480843579,0.019855648084358322,0.01985564808433944,0.019856906638185193,0.01985573025067665,0.019855653275434017,-1.8880730312531568e-14,8.21663183291077e-08
3668.716427899597,0.01978944190180835,0.019789441901810204,0.019789441901785696,0.019790634927503457,0.019789519788847566,0.019789446822508067,-2.450817326860033e-14,7.788703736133495e-08
3672.788255233559,0.019726666392203142,0.0197266663922057,0.019726666392174897,0.019727798382693097,0.01972674029339156,0.019726671061066254,-3.0801750039444187e-14,7.390118586178551e-08
3676.8600825675207,0.01966708735018937,0.0196670873501924,0.019667087350155005,0.019668162419136187,0.019667157534186967,0.019667091784191053,-3.7393699248156054e-14,7.018399456742985e-08
3680.9319099014824,0.01961049023614529,0.019610490236148026,0.01961049023610553,0.019611512155749668,0.0196105569493111,0.019610494450851074,-4.249725571447982e-14,6.671316307368946e-08
3685.0037372354445,0.019556678227613176,0.019556678227614414,0.019556678227572347,0.019557650462094157,0.0195567416961918,0.019556682237317227,-4.206704429243757e-14,6.346857738676048e-08
3689.075564569406,0.019505470492239194,0.01950547049223814,0.019505470492198806,0.01950639622754604,0.019505530924302013,0.0195054743100878,-3.9333120094298124e-14,6.043206387390532e-08
3693.147391903368,0.01945670065391655,0.019456700653913937,0.019456700653879777,0.01945758282414896,0.019456758241088133,0.01945670429201819,-3.4160174688935285e-14,5.758717419590553e-08
3697.21921923733,0.01941021542783006,0.019410215427828555,0.019410215427804276,0.019411056738776553,0.019410270346825746,0.019410218897352952,-2.4279189769771392e-14,5.4918997190178676e-08
3701.2910465712916,0.019365873403488856,0.019365873403488207,0.01936587340347475,0.01936667635363215,0.0193659258174821,0.019365876714742856,-1.345798472662807e-14,5.241399389163681e-08
3705.3628739052533,0.019323543957683063,0.01932354395768066,0.019323543957671722,0.01932431085698839,0.01932359401753292,0.019323547120197623,-8.93729534823251e-15,5.0059852260003757e-08
3709.4347012392154,0.019283106281763777,0.01928310628176099,0.019283106281749795,0.019283839268515717,0.019283154127120464,0.01928310930436393,-1.1195905313954313e-14,4.784535947294222e-08
3713.506528573177,0.019244448509729672,0.01924444850972845,0.01924444850971481,0.01924514956563122,0.019244494270017558,0.019244451400594807,-1.3641865415081611e-14,4.576028910657781e-08
3717.5783559071388,0.01920746693533746,0.01920746693533762,0.01920746693532466,0.01920813789908152,0.019207510730638658,0.019207469702054693,-1.2958384365546749e-14,4.379530103848506e-08
3721.650183241101,0.019172065308003222,0.01917206530800474,0.019172065307995013,0.019172707887495626,0.01917210724985829,0.019172067957620113,-9.72485980632598e-15,4.194185355271829e-08
3725.7220105750625,0.019138154198575796,0.019138154198578877,0.019138154198574262,0.019138769981953935,0.019138194390703266,0.019138156737645864,-4.614364446098307e-15,4.019212438907682e-08
3729.793837909024,0.019105650427164233,0.019105650427166956,0.019105650427167654,0.01910624089274503,0.01910568896610816,0.019105652861785692,6.973588373426765e-16,3.853894120497969e-08
3733.8656652429863,0.0190744765461703,0.019074476546171993,0.019074476546172524,0.019075043071452146,0.019074513521891334,0.019074478882026593,5.30825383648903e-16,3.6975719340526236e-08
3737.937492576948,0.019044560372538863,0.019044560372539963,0.01904456037253531,0.019045104242350834,0.01904459586894632,0.019044562614932016,-4.652528362569797e-15,3.549640635591711e-08
3742.0093199109097,0.019015834563934835,0.01901583456393477,0.019015834563926363,0.019016356977825638,0.019015868659367358,0.019015836717814028,-8.406469964583607e-15,3.409543258836578e-08
3746.0811472448718,0.018988236234192196,0.01898823623419086,0.018988236234180444,0.018988738313143152,0.01898826900185755,0.018988238304182843,-1.041527974976475e-14,3.2767666691135844e-08
3750.1529745788334,0.018961706603939907,0.01896170660393812,0.01896170660392439,0.018962189396468487,0.01896173811231392,0.018961708594369218,-1.3728601588880451e-14,3.1508375800820554e-08
3754.224801912795,0.01893619068277164,0.0189361906827704,0.018936190682754518,0.018936655170487694,0.018936220995960575,0.01893619259769099,-1.5883128146043646e-14,3.0313190173270055e-08
3758.296629246757,0.018911636979746536,0.01891163697974612,0.018911636979732173,0.018912084082416958,0.018911666157817007,0.018911638822951413,-1.3947176746853529e-14,2.91780708865097e-08
3762.368456580719,0.01888799723937085,0.018887997239370288,0.018887997239362242,0.018888427819542405,0.0188880253386511,0.018887999014419284,-8.045647481580431e-15,2.8099280811877403e-08
3766.4402839146805,0.018865226200528076,0.01886522620052732,0.01886522620052424,0.018865641067754495,0.01886525327388623,0.018865227910760344,-3.0808688933348094e-15,2.7073358912360623e-08
3770.5121112486427,0.018843281376113324,0.01884328137611288,0.018843281376111562,0.018843681290820227,0.018843307473209493,0.018843283024667545,-1.3183898417423734e-15,2.609709661219317e-08
3774.5839385826043,0.018822122851358116,0.018822122851358803,0.018822122851359886,0.018822508528382537,0.018822148018875166,0.018822124441184564,1.0824674490095276e-15,2.516751636261194e-08
3778.655765916566,0.018801713099057604,0.01880171309905989,0.01880171309906502,0.018802085210893233,0.018801737380912738,0.01880171463293154,5.131312041939395e-15,2.4281852847862773e-08
3782.727593250528,0.0187820168101013,0.018782016810104354,0.018782016810111223,0.018782375989876362,0.0187820402476394,0.01878201829063415,6.869504964868156e-15,2.343753504469026e-08
3786.79942058449,0.018763000737872567,0.01876300073787497,0.01876300073788305,0.01876334758208804,0.018763023370045935,0.018763002167524075,8.080341951099967e-15,2.2632170963710063e-08
3790.8712479184514,0.018744633555238838,0.018744633555240052,0.01874463355524993,0.018744968626287214,0.01874465541877289,0.018744634936328886,9.87751547221194e-15,2.186353283833986e-08
3794.9430752524136,0.01872688572298182,0.018726885722982187,0.018726885722993872,0.018727209551465,0.018726906852526638,0.01872688705769997,1.1685097334179773e-14,2.1129544450909643e-08
3799.0149025863752,0.018709729368632393,0.018709729368632053,0.018709729368645782,0.018710042455496408,0.018709749796901005,0.01870973065904563,1.3728601588880451e-14,2.042826895143346e-08
3803.086729920337,0.01869313817477774,0.018693138174776826,0.018693138174793466,0.01869344099328327,0.01869315793267502,0.018693139422838744,1.6639467581569534e-14,1.9757898192529488e-08
3807.158557254299,0.018677087276007073,0.01867708727600623,0.01867708727602585,0.018677380273549073,0.01867710639274918,0.01867708848356239,1.9619722513297688e-14,1.911674294904908e-08
3811.2303845882607,0.018661553163741715,0.018661553163741195,0.018661553163761082,0.01866183676352932,0.018661571666964836,0.01866155433253769,1.9886869928598117e-14,1.8503223640775612e-08
3815.3022119222223,0.018646513598263623,0.01864651359826314,0.018646513598279263,0.018646788200875026,0.01864653151412544,0.018646514729952542,1.6122519985728445e-14,1.7915862300654783e-08
3819.3740392561845,0.01863194752732898,0.01863194752732835,0.018631947527337028,0.01863221351215124,0.018631964880603303,0.01863194862347599,8.677086826835989e-15,1.7353274952419673e-08
3823.445866590146,0.01861783501081095,0.01861783501080976,0.018617835010811004,0.01861809273737328,0.01861785182497452,0.01861783607289888,1.2455314557513475e-15,1.681416476190245e-08
3827.517693924108,0.01860415715086314,0.018604157150861573,0.018604157150857656,0.01860440696007425,0.018604173448177143,0.018604158180298615,-3.9170056087556304e-15,1.629731556998526e-08
3831.58952125807,0.018590896027149743,0.018590896027148494,0.018590896027142208,0.018591138242445425,0.01859091182873476,0.018590897025267863,-6.286637876939949e-15,1.5801586265157264e-08
3835.6613485920316,0.018578034636725624,0.018578034636724697,0.018578034636716492,0.01857826956513322,0.018578049962629975,0.018578035604792997,-8.205242041370298e-15,1.5325905277502327e-08
3839.7331759259932,0.018565556838184324,0.018565556838184366,0.018565556838173916,0.018565784771314778,0.018565571707450157,0.01856555777740463,-1.0449974219284286e-14,1.486926579086223e-08
3843.8050032599554,0.0185534472997395,0.01855344729974052,0.018553447299729457,0.018553668514707643,0.018553461730461664,0.01855344821125602,-1.1064066329780076e-14,1.443072114235e-08
3847.876830593917,0.01854169145091917,0.018541691450920043,0.0185416914509095,0.018541906211200915,0.01854170546030067,0.01854169233581765,-1.0543649286987034e-14,1.4009380627788559e-08
3851.9486579278787,0.018530275437588492,0.018530275437588707,0.018530275437578455,0.018530483993821744,0.01853028904199459,0.018530276296902484,-1.025221574302293e-14,1.3604405883077542e-08
3856.020485261841,0.018519186080047944,0.01851918608004783,0.0185191860800378,0.018519388670777775,0.018519199295054904,0.018519186914761798,-1.0030171138097899e-14,1.3215007074740548e-08
3860.0923125958025,0.018508410833963596,0.018508410833963672,0.01850841083395495,0.018508607686336484,0.01850842367440348,0.018508411645014947,-8.722189637211386e-15,1.2840439808647908e-08
3864.164139929764,0.01849793775391384,0.018497937753914062,0.01849793775390697,0.01849812908432571,0.01849795023391612,0.01849793854219523,-7.0915495697931874e-15,1.2480002059556128e-08
3868.2359672637263,0.018487755459352433,0.01848775545935263,0.018487755459346254,0.018487941474055115,0.01848776759238397,0.018487756225714583,-6.376843497690743e-15,1.213303134003918e-08
3872.307794597688,0.0184778531028097,0.01847785310280997,0.018477853102802977,0.018478033998477857,0.0184778649017122,0.018477853848063955,-6.994405055138486e-15,1.179890223024227e-08
3876.3796219316496,0.01846822034016484,0.018468220340164876,0.01846822034015775,0.018468396304425014,0.01846823181718871,0.018468221065084937,-7.126244039312724e-15,1.1477023834777222e-08
3880.4514492656117,0.018458847302833307,0.018458847302832825,0.018458847302827357,0.01845901851476052,0.018458858469670558,0.018458848008157645,-5.467848396278896e-15,1.1166837732279333e-08
3884.5232765995734,0.018449724571733064,0.018449724571732235,0.01844972457172989,0.018449891202315587,0.018449735439548032,0.018449725258167102,-2.345346139520643e-15,1.0867815796594682e-08
3888.595103933535,0.01844084315289997,0.018440843152899122,0.01844084315290063,0.018441005365474303,0.018440853732357442,0.01844084382111782,1.5092094240998222e-15,1.0579458319809332e-08
3892.666931267497,0.01843219445463298,0.01843219445463248,0.018432194454638465,0.018432352405292073,0.01843220475592477,0.018432195105278895,5.9847959921199845e-15,1.0301292291403641e-08
3896.738758601459,0.018423770266061033,0.018423770266061183,0.018423770266068788,0.018423924104036808,0.018423780298930804,0.01842377089975084,7.605027718682322e-15,1.0032869621895424e-08
3900.8105859354205,0.01841556273703172,0.01841556273703215,0.01841556273703917,0.018415712605054334,0.01841557251079799,0.01841556335435385,7.0186911838021615e-15,9.773765838327897e-09
3904.8824132693826,0.01840756435922768,0.0184075643592281,0.018407564359235372,0.01840771039386366,0.01840757388280646,0.018407564960745103,7.271960811294775e-15,9.523578359954543e-09
3908.9542406033443,0.018399767948428177,0.018399767948428646,0.018399767948436424,0.018399910280398273,0.018399777230354165,0.018399768534680176,7.778500066280003e-15,9.281925519855072e-09
3913.026067937306,0.018392166627836822,0.018392166627837506,0.0183921666278443,0.018392305382314057,0.01839217567628246,0.01839216719933983,6.7931771319251766e-15,9.048444955112034e-09
3917.097895271268,0.018384753812401226,0.018384753812401983,0.018384753812408762,0.01838488910929148,0.018384762635194733,0.018384754369649706,6.779299344117362e-15,8.822792749857422e-09
3921.1697226052297,0.018377523194058276,0.018377523194058918,0.018377523194066894,0.01837765514826467,0.018377531798701142,0.01837752373752594,7.976258542541359e-15,8.604642224435688e-09
3925.2415499391914,0.018370468727843297,0.018370468727843977,0.01837046872785195,0.018370597449515715,0.01837047712152699,0.01837046925798464,7.972789095589405e-15,8.39368301253085e-09
3929.3133772731535,0.01836358461880745,0.01836358461880806,0.018363584618813992,0.018363710213576422,0.018363592808428038,0.01836358513605801,5.93275428784068e-15,8.189619978699048e-09
3933.385204607115,0.018356865309686395,0.018356865309686637,0.018356865309689985,0.018356987878884498,0.018356873301859138,0.018356865814463826,3.3480163086352377e-15,7.992172500193018e-09
3937.4570319410773,0.018350305469273874,0.018350305469273777,0.018350305469276938,0.018350425110144702,0.01835031327034734,0.018350305961979285,3.1606661732297425e-15,7.801073561436445e-09
3941.528859275039,0.018343899981455244,0.01834389998145442,0.01834389998145933,0.018344016787349798,0.018343907597523412,0.018343900462473278,4.909267437014364e-15,7.616068990745628e-09
3945.6006866090006,0.018337643934855062,0.018337643934853477,0.01833764393485861,0.018337757995418213,0.0183376513717702,0.01833764440455538,5.134781488891349e-15,7.43691672480673e-09
3949.6725139429627,0.018331532613063018,0.018331532613061315,0.01833153261306564,0.0183316440144097,0.018331539876447582,0.018331533071801485,4.326400349086157e-15,7.263386267442051e-09
3953.7443412769244,0.018325561485401612,0.018325561485400488,0.01832556148540571,0.018325670310281893,0.018325568580658376,0.01832556193352016,5.221517662690189e-15,7.095257888167783e-09
3957.816168610886,0.018319726198198456,0.018319726198198577,0.018319726198207206,0.018319832526154677,0.01831973313052067,0.018319726636025775,8.628514569508638e-15,6.932322091368626e-09
3961.887995944848,0.018314022566535477,0.018314022566536466,0.0183140225665505,0.01831412647404946,0.018314029340915684,0.018314022994386708,1.403391292065237e-14,6.774379217311388e-09
3965.95982327881,0.018308446566442052,0.018308446566442236,0.018308446566461543,0.01830854812707549,0.01830845318768079,0.01830844698461881,1.9307472287621863e-14,6.6212385539665686e-09
3970.0316506127715,0.018302994327504617,0.018302994327503524,0.018302994327524635,0.018303093612034357,0.018303000800221778,0.018302994736298345,2.1111584702637742e-14,6.472718253741627e-09
3974.1034779467336,0.01829766212587444,0.01829766212587277,0.01829766212589227,0.0182977592024188,0.01829766845451743,0.018297662525566784,1.9501761316931265e-14,6.328644660408278e-09
3978.1753052806953,0.018292446377643722,0.018292446377642272,0.018292446377659546,0.01829254131178032,0.01829245256649407,0.018292446768505884,1.7274376373777045e-14,6.188851799093786e-09
3982.247132614657,0.018287343632566164,0.018287343632565303,0.018287343632580663,0.01828743648744497,0.018287349685746555,0.018287344014858944,1.535924165629865e-14,6.053181251380879e-09
3986.318959948619,0.0182823505681055,0.018282350568104976,0.018282350568117042,0.018282441404555635,0.018282356489586492,0.018282350942079473,1.206673649889467e-14,5.9214815169295054e-09
3990.3907872825807,0.0182774639837894,0.018277463983789502,0.0182774639837968,0.01827755286042231,0.018277469777397182,0.018277464349686568,7.299716386910404e-15,5.793607680409929e-09
3994.4626146165424,0.018272680795856464,0.01827268079585687,0.01827268079585969,0.018272767769161292,0.018272686465278166,0.018272681153909443,2.8206603719382883e-15,5.669421297010979e-09
3998.5344419505045,0.018267998032171228,0.01826799803217216,0.018267998032171787,0.018268083156607808,0.018268003580961978,0.01826799838260485,-3.7470027081099033e-16,5.5487898165118565e-09
