wavenumber_cm-1,NMA_reference,Dense_exact,Sparse_Krylov,Suzuki4_r1,Suzuki4_r2,Suzuki4_r4,Krylov_minus_exact,Suzuki4_r2_minus_exact
0.0,0.022675514832410867,0.022675514832411106,0.022675514832406755,0.02267781948817124,0.02267566282530274,0.02267552415319892,-4.350686477749832e-15,1.47992891632448e-07
4.071827333961817,0.022769445842275225,0.022769445842275263,0.022769445842270947,0.0227718821238009,0.022769602530710017,0.022769455713213496,-4.315992008230296e-15,1.5668843475480365e-07
8.143654667923634,0.02307513608377408,0.02307513608377397,0.023075136083769834,0.023078007881631203,0.023075321439207545,0.023075147768210843,-4.135580766728708e-15,1.8535543357470208e-07
12.215482001885452,0.02366906857518867,0.023669068575188773,0.023669068575185054,0.023672806197165972,0.02366931079868875,0.023669083857187186,-3.7192471324942744e-15,2.4222349997646275e-07
16.28730933584727,0.024670776302291576,0.024670776302291794,0.024670776302288547,0.024676002608968173,0.02467111620274943,0.024670797763262368,-3.247402347028583e-15,3.399004576375153e-07
20.359136669809086,0.026107450741079796,0.02610745074107972,0.026107450741077686,0.026114845786766615,0.026107932496255964,0.026107481169859104,-2.033095913844818e-15,4.817551762445471e-07
24.430964003770903,0.027754204078900134,0.027754204078899766,0.027754204078900346,0.02776424834862299,0.027754857656491955,0.027754245348808097,5.793976409762536e-16,6.535775921891196e-07
28.50279133773272,0.029720976275085253,0.029720976275084948,0.02972097627508847,0.02973357149225408,0.029721792207272522,0.029721027740756207,3.5214886562329184e-15,8.159321875748915e-07
32.57461867169454,0.0317105681522077,0.03171056815220767,0.0317105681522143,0.03172073134193606,0.03171121324048321,0.031710608635598006,6.626643678231403e-15,6.450882755401621e-07
36.64644600565635,0.03146896039109154,0.031468960391091434,0.03146896039109953,0.03146965641059862,0.031468971617575565,0.03146896058579012,8.097689185859736e-15,1.1226484131210412e-08
40.71827333961817,0.02896904016993785,0.02896904016993753,0.028969040169944154,0.02896545327718446,0.02896877237000859,0.028969022748912006,6.6231742312794495e-15,-2.6779992894077065e-07
44.790100673579985,0.026634416603584225,0.02663441660358388,0.02663441660358669,0.02663181709879943,0.0266342228802865,0.026634404007754537,2.8102520310824275e-15,-1.9372329737935012e-07
48.861928007541806,0.025257324265249226,0.025257324265249105,0.02525732426524786,0.025256304902526398,0.025257241377013306,0.02525731878633439,-1.2455314557513475e-15,-8.288823579935545e-08
52.93375534150362,0.024680213328321956,0.02468021332832193,0.024680213328317983,0.02468042552476757,0.024680215357696395,0.024680213281686323,-3.948230631323213e-15,2.029374463613509e-09
57.00558267546544,0.02474984174468902,0.024749841744688843,0.02474984174468362,0.02475118562910373,0.024749920011501184,0.024749846549993116,-5.224987109642143e-15,7.826681234016086e-08
61.077410009427254,0.025491146852455893,0.0254911468524557,0.02549114685245033,0.02549387456338013,0.025491316323531327,0.025491157433312078,-5.370703881624195e-15,1.6947107562767516e-07
65.14923734338907,0.0270501805752641,0.027050180575264,0.02705018057525962,0.027054529177657518,0.02705045500532442,0.027050197774580047,-4.378442053365461e-15,2.744300604193284e-07
69.2210646773509,0.029213070587228503,0.029213070587228405,0.029213070587223736,0.029217317362060808,0.029213333597181916,0.029213086990436902,-4.669875597329565e-15,2.6300995351058454e-07
73.2928920113127,0.030356483607720305,0.030356483607719864,0.030356483607711322,0.0303558818336545,0.03035642120250235,0.0303564793134967,-8.541778395709798e-15,-6.2405217514383e-08
77.36471934527452,0.02929029364595291,0.029290293645952124,0.029290293645943283,0.029285629736800316,0.02928996563688802,0.029290272565672956,-8.840150833577809e-15,-3.2800906410446196e-07
81.43654667923634,0.02752594989707545,0.027525949897074686,0.027525949897070315,0.027520187126255754,0.02752555772614992,0.0275259248776075,-4.371503159461554e-15,-3.921709247657612e-07
85.50837401319816,0.025810937337971206,0.025810937337970612,0.02581093733796943,0.025804804005682257,0.02581052613426059,0.025810911197039647,-1.1830814106161824e-15,-4.112037100233168e-07
89.58020134715997,0.024335776424396417,0.024335776424395793,0.02433577642439648,0.024331082192971778,0.02433546219282251,0.02433575645761513,6.869504964868156e-16,-3.1423157328264173e-07
93.65202868112179,0.02332055102750335,0.02332055102750292,0.023320551027502797,0.023317618513274383,0.02332035397383944,0.02332053849598838,-1.214306433183765e-16,-1.9705366347683162e-07
97.72385601508361,0.022693112688407173,0.022693112688407364,0.02269311268840389,0.02269140676793542,0.022692997171770257,0.02269310532952074,-3.472916398905568e-15,-1.1551663710654414e-07
101.79568334904542,0.022319613224621174,0.02231961322462197,0.02231961322461595,0.022318688636325048,0.022319549688421435,0.022319609163946142,-6.019490461639521e-15,-6.353620053342612e-08
105.86751068300724,0.022112342624631357,0.022112342624632315,0.02211234262462681,0.022111950059718596,0.02211231449101523,0.0221123408104792,-5.506012312750386e-15,-2.813361708528528e-08
109.93933801696906,0.022026686462251404,0.022026686462252358,0.022026686462249895,0.022026713054919045,0.022026686180256407,0.022026686414956084,-2.463307335887066e-15,-2.819959508959524e-10
114.01116535093088,0.022047847383312714,0.022047847383314004,0.02204784738331463,0.022048276640937517,0.022047873771724468,0.022047849026776294,6.245004513516506e-16,2.638841046370688e-08
118.08299268489269,0.022186009676499384,0.022186009676500862,0.02218600967650192,0.02218691558121169,0.02218606752303785,0.022186013312664392,1.0581813203458523e-15,5.784653698756581e-08
122.15482001885451,0.022480674742109633,0.0224806747421107,0.02248067474211028,0.02248224479186738,0.022480776311760056,0.02248068114633012,-4.198030811863873e-16,1.0156964935781332e-07
126.22664735281633,0.023011003158650026,0.02301100315865038,0.023011003158648673,0.02301355581439215,0.02301116933509583,0.023011013651785647,-1.7069679003611782e-15,1.6617644545136034e-07
130.29847468677815,0.02388418802208006,0.023884188022079648,0.02388418802207838,0.023888002540167808,0.02388443704422864,0.023884203756474324,-1.2663481374630692e-15,2.49022148991751e-07
134.37030202073996,0.025111578456701623,0.025111578456700836,0.02511157845670028,0.025116504400496162,0.025111899682586633,0.025111598749076643,-5.551115123125783e-16,3.2122588579722167e-07
138.4421293547018,0.026356803603052956,0.026356803603052516,0.02635680360304993,0.02636209742092846,0.0263571460611135,0.026356825197104528,-2.5847379792054426e-15,3.4245806098537335e-07
142.5139566886636,0.026635020941549986,0.026635020941550153,0.02663502094154328,0.026637639975135102,0.026635183246166438,0.026635031067447537,-6.87297441182011e-15,1.6230461628505277e-07
146.5857840226254,0.025516163743411525,0.02551616374341184,0.025516163743402105,0.025516010835315163,0.025516143262807118,0.025516162293191706,-9.735268147181841e-15,-2.0480604722566964e-08
150.65761135658724,0.024194050543699,0.024194050543699386,0.02419405054369012,0.02419354884442388,0.024194010052639818,0.02419404787074955,-9.266892808668103e-15,-4.049105956777099e-08
154.72943869054905,0.023319889841942134,0.023319889841942824,0.023319889841936448,0.023319723036372052,0.023319874108254337,0.023319888776212404,-6.376843497690743e-15,-1.5733688487479247e-08
158.80126602451085,0.02284901067600675,0.022849010676007673,0.022849010676004654,0.022849137141684173,0.022849016019780326,0.022849010970577698,-3.0184188481996443e-15,5.343772653543244e-09
162.8730933584727,0.022648589993436937,0.022648589993437614,0.022648589993436077,0.022648931703550396,0.022648610627259085,0.022648591272356914,-1.536964999715451e-15,2.063382147088344e-08
166.9449206924345,0.02264179758864154,0.022641797588641856,0.022641797588640298,0.022642339450270742,0.02264183214382564,0.022641799759755728,-1.5577816814271728e-15,3.455518378381317e-08
171.01674802639633,0.02280529567154313,0.022805295671543144,0.022805295671540732,0.022806086960972104,0.022805347175634278,0.022805298923333592,-2.411265631607762e-15,5.1504091134330077e-08
175.08857536035813,0.023160615639071274,0.023160615639071236,0.023160615639067062,0.023161782378485228,0.023160692249635455,0.023160620485922656,-4.173744683200198e-15,7.66105642188708e-08
179.16040269431994,0.023779711587810073,0.023779711587809952,0.023779711587803468,0.02378149877781102,0.023779829322784062,0.023779719042130453,-6.484396353201305e-15,1.1773497411021738e-07
183.23223002828178,0.024800017226034272,0.024800017226033925,0.02480001722602654,0.024802863473097944,0.024800204885354622,0.024800029109957513,-7.386452560709245e-15,1.876593206974475e-07
187.30405736224358,0.026406100904950394,0.026406100904949614,0.026406100904943126,0.026410703850634275,0.02640640466351529,0.026406120145241418,-6.4878658001532585e-15,3.037585656756603e-07
191.3758846962054,0.028722759746161716,0.02872275974616078,0.028722759746154566,0.028730033905196472,0.028723241200132338,0.028722790261813756,-6.213779490948923e-15,4.814539715583543e-07
195.44771203016722,0.031761515718179256,0.031761515718178084,0.03176151571817262,0.03177057889526528,0.031762119895667594,0.03176155406862315,-5.460909502374989e-15,6.041774895104712e-07
199.51953936412903,0.03432579846777376,0.03432579846777237,0.03432579846776629,0.034326832751019894,0.03432588256817118,0.0343258040065215,-6.078471059822732e-15,8.410039881168174e-08
203.59136669809084,0.03349338400712724,0.03349338400712626,0.033493384007116433,0.033480180965783354,0.033492534055688,0.03349333047777579,-9.825473767932635e-15,-8.499514382587225e-07
207.66319403205267,0.030209876013918172,0.030209876013917565,0.030209876013903778,0.03019511829898473,0.030208918939460545,0.030209815649503938,-1.3787582187063663e-14,-9.570744570197576e-07
211.73502136601448,0.027390518785085135,0.027390518785084767,0.027390518785067923,0.02738060440857889,0.027389875610536685,0.027390478218917096,-1.6844164951734797e-14,-6.431745480824091e-07
215.8068486999763,0.02566059313069531,0.02566059313069549,0.025660593130677287,0.025654772159882967,0.025660216339066347,0.025660569378750324,-1.8204188156900614e-14,-3.7679162914402986e-07
219.87867603393812,0.024718563435425826,0.024718563435426468,0.024718563435409204,0.02471537898172538,0.024718358465350126,0.024718550532464575,-1.7263968032921184e-14,-2.0497007634234787e-07
223.95050336789993,0.024290458963232456,0.02429045896323326,0.024290458963220168,0.02428906447789549,0.02429037091712633,0.024290453447323824,-1.309369279667294e-14,-8.804610693302628e-08
228.02233070186176,0.024244678410985734,0.024244678410986327,0.024244678410979954,0.02424476165908171,0.024244687308515738,0.02424467902640501,-6.373374050738789e-15,8.897529411161509e-09
232.09415803582357,0.024554585249621355,0.024554585249621372,0.02455458524962193,0.024556162396434232,0.024554692708599533,0.024554592107123827,5.585809592645319e-16,1.074589781602242e-07
236.16598536978537,0.025209734460550817,0.02520973446055076,0.025209734460555897,0.02521253814964387,0.025209923719350266,0.025209746510328916,5.134781488891349e-15,1.892587995037942e-07
240.2378127037472,0.025943965303281528,0.025943965303281604,0.02594396530328838,0.02594606677437038,0.02594411022898838,0.025943974571431556,6.7758298971654085e-15,1.4492570677565597e-07
244.30964003770902,0.026250265497341906,0.026250265497342374,0.02625026549734823,0.0262503597141622,0.026250278356051617,0.026250266407764043,5.856426454897701e-15,1.2858709243224187e-08
248.38146737167085,0.02640346796279749,0.02640346796279776,0.02640346796280162,0.02640379655232906,0.026403493562970087,0.026403469642866103,3.858025010572419e-15,2.5600172325751513e-08
252.45329470563266,0.027066481576313858,0.027066481576313608,0.027066481576314912,0.02706865102107357,0.02706662504083499,0.027066490668934847,1.304512053934559e-15,1.4346452138075394e-07
256.52512203959446,0.028614333151595762,0.028614333151595072,0.02861433315159234,0.028619178524392223,0.02861464910141947,0.028614353108679956,-2.7304547511874944e-15,3.159498243969494e-07
260.5969493735563,0.031420844190449285,0.031420844190447744,0.031420844190441964,0.03142940117621011,0.031421399749163886,0.03142087924521495,-5.780098621954721e-15,5.555587161421016e-07
264.66877670751813,0.03577455216737696,0.035774552167375066,0.035774552167369966,0.03578692844636514,0.03577535367036252,0.035774602707625246,-5.100087019371813e-15,8.01502987451963e-07
268.7406040414799,0.040942107430835664,0.040942107430835005,0.04094210743083562,0.04095394897006343,0.040942871683176056,0.040942155576172444,6.175615574477433e-16,7.642523410511526e-07
272.81243137544175,0.04412421736702775,0.0441242173670297,0.04412421736703912,0.044125187784257815,0.044124274938291776,0.04412422090710092,9.423017921506016e-15,5.757126207706076e-08
276.8842587094036,0.04210300966016855,0.04210300966017174,0.04210300966018678,0.042091905883523434,0.04210228768062601,0.04210296409468769,1.5036583089766964e-14,-7.219795457313882e-07
280.95608604336536,0.03775838702960119,0.03775838702960338,0.03775838702961832,0.03774841877700107,0.037757751117277444,0.037758347089949504,1.4939438575112263e-14,-6.359123259358501e-07
285.0279133773272,0.035072005590154,0.03507200559015474,0.03507200559016761,0.03506775474984199,0.03507175685469255,0.035071990318572714,1.2871648191747909e-14,-2.487354621924509e-07
289.09974071128903,0.03409423083741402,0.0340942308374142,0.034094230837423446,0.034092214681308596,0.0340941369271372,0.034094225474205694,9.249545573908335e-15,-9.391027699923171e-08
293.1715680452508,0.03312619532615007,0.033126195326150236,0.03312619532615467,0.03312228025476936,0.03312597296781932,0.03312618177475552,4.433953204596719e-15,-2.2235833091466262e-07
297.24339537921264,0.03210617596894676,0.03210617596894687,0.032106175968950164,0.032101655653363544,0.032105906540535765,0.03210615932915845,3.2959746043559335e-15,-2.6942841110239035e-07
301.3152227131745,0.03180184465586414,0.03180184465586407,0.03180184465586769,0.031797188520706635,0.03180156287978316,0.03180182718260801,3.622102617839573e-15,-2.817760809056824e-07
305.38705004713626,0.03108799409843389,0.03108799409843405,0.031087994098435826,0.031082020696419847,0.031087623363112646,0.03108797096085613,1.7763568394002505e-15,-3.707353214039977e-07
309.4588773810981,0.02917576830912593,0.029175768309126472,0.029175768309127714,0.0291699677275879,0.029175404212604936,0.02917574552322497,1.2420620087993939e-15,-3.640965215365166e-07
313.5307047150599,0.027297998396688405,0.027297998396688655,0.027297998396690625,0.027293817888187542,0.02729773602201675,0.027297981977466124,1.970645868709653e-15,-2.6237467190548536e-07
317.6025320490217,0.026107958350420308,0.02610795835041973,0.02610795835042197,0.02610518373258077,0.02610778530182605,0.026107947537739973,2.2412627309620348e-15,-1.730485936768389e-07
321.67435938298354,0.02551714270588098,0.025517142705879865,0.025517142705882734,0.0255152416250951,0.025517025536779318,0.025517135405867107,2.869232629265639e-15,-1.1716910054693219e-07
325.7461867169454,0.025323431108553066,0.025323431108552317,0.025323431108555883,0.025321810898780394,0.025323331946430286,0.02532342494034669,3.566591466608315e-15,-9.916212203101016e-08
329.81801405090715,0.025274886810157358,0.025274886810157108,0.02527488681016069,0.02527291848517927,0.025274764568459573,0.025274879178105277,3.58046925441613e-15,-1.2224169753521918e-07
333.889841384869,0.025249757601207304,0.025249757601207172,0.025249757601210638,0.025247646197985748,0.02524962535665994,0.0252497493278426,3.4659775050016606e-15,-1.32244547233068e-07
337.9616687188308,0.0254272339260302,0.025427233926030145,0.025427233926033656,0.02542537917328984,0.025427118266516176,0.02542722669789778,3.5110803153770576e-15,-1.1565951396966256e-07
342.03349605279266,0.025986954706326157,0.025986954706326393,0.025986954706330757,0.02598531716043021,0.025986854034735416,0.02598694843633245,4.364564265557647e-15,-1.0067159097668088e-07
346.10532338675443,0.027079567523087794,0.02707956752308836,0.027079567523095985,0.02707780146299649,0.027079460390010537,0.02707956087155574,7.625844400394044e-15,-1.071330778222579e-07
350.17715072071627,0.028774679615073028,0.028774679615073552,0.028774679615085445,0.02877114199565034,0.02877445851122369,0.02877466578267567,1.189326415129699e-14,-2.2110384986090414e-07
354.2489780546781,0.030416969695788682,0.030416969695789196,0.030416969695799708,0.03040692378378567,0.030416319025876187,0.030416928648216,1.0512424264419451e-14,-6.50669913008356e-07
358.3208053886399,0.03056254678665628,0.030562546786656784,0.030562546786657162,0.03054615150162104,0.030561471081660303,0.030562478740491755,3.7816971776294395e-16,-1.0757049964810195e-06
362.3926327226017,0.02969517729473093,0.029695177294731024,0.02969517729472221,0.029681490045651546,0.029694276236887467,0.029695120261463728,-8.81239525796218e-15,-9.010578435574013e-07
366.46446005656355,0.02934550367486847,0.029345503674868215,0.02934550367485419,0.02933778717944995,0.02934499594399001,0.029345471544320916,-1.4026974026748462e-14,-5.077308782054646e-07
370.53628739052533,0.030043874976289117,0.030043874976289103,0.03004387497627221,0.03004129641928898,0.03004370658020546,0.030043864341039568,-1.6892737209062147e-14,-1.6839608364335734e-07
374.60811472448717,0.03200061700607036,0.032000617006069786,0.03200061700605217,0.032002525488250236,0.03200074539521846,0.03200062517781807,-1.7617851622020453e-14,1.283891486736355e-07
378.679942058449,0.03540185478774091,0.03540185478773939,0.03540185478772286,0.03540791515076816,0.035402258305236835,0.0354018804017596,-1.6528445279107018e-14,4.0351749744371723e-07
382.7517693924108,0.03928392462205993,0.039283924622058854,0.03928392462204497,0.0392914286905112,0.0392844243773041,0.0392839563435884,-1.3884726701718364e-14,4.997552452493115e-07
386.8235967263726,0.04048063997495507,0.04048063997495507,0.04048063997494552,0.04048520279030856,0.040480944225847686,0.040480659291409204,-9.547918011776346e-15,3.042508926187626e-07
390.89542406033445,0.03893442402445508,0.03893442402445529,0.03893442402444922,0.038938135263776666,0.038934668294016074,0.03893443948757763,-6.0645932720149176e-15,2.4426956078682505e-07
394.9672513942962,0.03804877296992861,0.03804877296992868,0.03804877296992292,0.038054216232405416,0.038049128073084096,0.038048795402270214,-5.7592819402429996e-15,3.551031554152595e-07
399.03907872825806,0.03833945745546582,0.03833945745546611,0.03833945745545801,0.03834422815682131,0.038339767785029864,0.03833947704424135,-8.097689185859736e-15,3.1032956375465215e-07
403.1109060622199,0.03838525611941375,0.038385256119414166,0.03838525611940686,0.038387292357211826,0.038385387240438336,0.03838526437766028,-7.306655280814311e-15,1.311210241702887e-07
407.1827333961817,0.038869841506608424,0.03886984150660823,0.03886984150660669,0.03887250567356178,0.03887001279682962,0.03886985229421426,-1.5404344466674047e-15,1.712902213887868e-07
411.2545607301435,0.04159169366480887,0.04159169366480815,0.0415916936648156,0.04159775391219326,0.04159208609036572,0.04159171841796156,7.445433158892456e-15,3.9242555757018627e-07
415.32638806410534,0.04770159746134094,0.04770159746133957,0.0477015974613596,0.04771205047153645,0.04770227502450546,0.04770164020632267,2.0032586700580168e-14,6.775631658934023e-07
419.3982153980672,0.05718474904743112,0.05718474904742868,0.05718474904746483,0.05719429372643854,0.05718535542936738,0.05718478710685779,3.615163723935666e-14,6.063819387031044e-07
423.47004273202896,0.06460681868431688,0.06460681868431453,0.06460681868436968,0.06459560831308328,0.06460602951609296,0.06460676794210558,5.515032874825465e-14,-7.891682215765972e-07
427.5418700659908,0.061259401995087524,0.06125940199508798,0.06125940199513836,0.06122684758570174,0.06125718598089862,0.06125926061684468,5.037636974236648e-14,-2.2160141893642904e-06
431.6136973999526,0.051742383373079445,0.05174238337308124,0.05174238337310077,0.05171425345029743,0.051740471748285756,0.051742261475766424,1.952604744559494e-14,-1.911624795486455e-06
435.6855247339144,0.0442081113444526,0.044208111344453765,0.04420811134444977,0.04419207084388692,0.04420701634285212,0.044208041455163494,-3.9968028886505635e-15,-1.0950016016419983e-06
439.75735206787624,0.04013992071588937,0.040139920715889746,0.04013992071587271,0.040133660735152274,0.04013948421157735,0.04013989273157314,-1.7034984534092246e-14,-4.3650431239689036e-07
443.8291794018381,0.0388118768756467,0.03881187687564672,0.0388118768756176,0.0388134113337154,0.038811962685742954,0.038811882096347686,-2.911559882079473e-14,8.581009623698233e-08
447.90100673579985,0.03976727904446199,0.03976727904446221,0.03976727904442102,0.03977648506655113,0.03976787609539714,0.03976731672757199,-4.118927421359331e-14,5.970509349348396e-07
451.9728340697617,0.04288730266153875,0.04288730266153954,0.042887302661495784,0.0429045769696126,0.04288843619968827,0.04288737439380438,-4.375666495803898e-14,1.1335381487273533e-06
456.0446614037235,0.047248888201469656,0.04724888820147056,0.04724888820143892,0.04727086419402591,0.04725033732281418,0.04724898000519363,-3.164135620181696e-14,1.4491213436232386e-06
460.1164887376853,0.050902317812065785,0.05090231781206617,0.050902317812047834,0.050924201549535704,0.05090376478235843,0.05090240953838406,-1.8332557694122897e-14,1.4469702922653704e-06
464.18831607164714,0.05470215911843327,0.054702159118433166,0.05470215911842507,0.05472424995597862,0.05470361812958145,0.05470225157782279,-8.097689185859736e-15,1.4590111482859491e-06
468.26014340560897,0.05872064629072119,0.05872064629072023,0.058720646290726465,0.058735361880581025,0.058721615192455154,0.05872070763798179,6.238065619612598e-15,9.68901734926808e-07
472.33197073957075,0.05973228913119074,0.05973228913118871,0.05973228913120936,0.059737083186233345,0.059732607097834935,0.059732309300014226,2.0650148258027912e-14,3.179666462280184e-07
476.4037980735326,0.05722703769359101,0.05722703769358885,0.05722703769361426,0.05722737558926507,0.057227068277251686,0.05722703975941056,2.541022947610827e-14,3.058366283836822e-08
480.4756254074944,0.05295975256192158,0.05295975256192044,0.05295975256194168,0.052958398509972804,0.052959668821070054,0.052959747346614676,2.1239954239860026e-14,-8.374085038592716e-08
484.5474527414562,0.050438833783646796,0.050438833783647316,0.050438833783666634,0.050437217228197224,0.05043872688929016,0.05043882701410191,1.9317880628477724e-14,-1.0689435715749429e-07
488.61928007541803,0.050279893867890696,0.05027989386789215,0.05027989386791313,0.05027726594808406,0.05027971630388384,0.05027988256263895,2.097627627151155e-14,-1.7756400831625552e-07
492.69110740937987,0.05010061263117399,0.050100612631175226,0.05010061263119613,0.05009562407311468,0.050100278609921944,0.05010059140566715,2.090688733247248e-14,-3.3402125328152454e-07
496.7629347433417,0.04669334129366806,0.04669334129366893,0.04669334129368453,0.04668757441949319,0.046692957612536154,0.046693316950871026,1.559863349598345e-14,-3.8368113277481575e-07
500.8347620773035,0.04199671806525689,0.041996718065257795,0.04199671806526067,0.041994029024417796,0.04199653832946046,0.04199670665521477,2.8727020762175925e-15,-1.7973579733571166e-07
504.9065894112653,0.038726576271948775,0.03872657627194997,0.03872657627193679,0.038727373127234566,0.03872662656567096,0.03872657943335037,-1.3176959523519827e-14,5.029372099341067e-08
508.97841674522715,0.03708841303966166,0.037088413039662926,0.03708841303963873,0.03709170651130219,0.037088627778714495,0.0370884266141234,-2.4195923042924505e-14,2.147390515683245e-07
513.0502440791889,0.03654104073776473,0.03654104073776556,0.03654104073774317,0.03654622040587367,0.036541379627628476,0.036541062173897174,-2.2391810627908626e-14,3.388898629150261e-07
517.1220714131507,0.036472180798682224,0.03647218079868272,0.03647218079867109,0.03647989172355709,0.03647268671838041,0.036472212819217725,-1.1629586182948515e-14,5.059196976908709e-07
521.1938987471126,0.03664441179340917,0.03664441179340943,0.03664441179340492,0.036656175520241606,0.036645185297005944,0.03664446077170213,-4.5102810375396984e-15,7.735035965142356e-07
525.2657260810744,0.03725701519087808,0.037257015190878005,0.03725701519086861,0.03727382309214598,0.0372581215453354,0.03725708526095603,-9.395262345890387e-15,1.1063544573947093e-06
529.3375534150363,0.03841896263619959,0.03841896263619915,0.03841896263618172,0.03844174267016493,0.03842046287110029,0.03841905766454211,-1.7430501486614958e-14,1.500234901141706e-06
533.409380748998,0.040168209697710504,0.04016820969771023,0.04016820969769288,0.04019857763724107,0.040170210207819454,0.04016833642652444,-1.7354173653671978e-14,2.0005101092207545e-06
537.4812080829598,0.042592535427852726,0.04259253542785209,0.04259253542784268,0.0426332538860045,0.042595218199917025,0.04259270539054137,-9.409140133698202e-15,2.682772064936667e-06
541.5530354169217,0.04587147794736473,0.045871477947363445,0.04587147794736344,0.04592712268913656,0.045875144416739816,0.04587171024840307,-6.938893903907228e-18,3.666469376370496e-06
545.6248627508835,0.05031634609659481,0.05031634609659253,0.05031634609659871,0.05039456617448113,0.05032150010717298,0.05031667267027436,6.1825544683813405e-15,5.154010580446511e-06
549.6966900848453,0.056445420200632944,0.05644542020063015,0.05644542020063933,0.056559216418080614,0.0564529181006321,0.05644589532571321,9.180156634869263e-15,7.4979000019501085e-06
553.7685174188072,0.06510949515371511,0.0651094951537117,0.06510949515371595,0.06528039236420646,0.06512075550806157,0.06511020874733045,4.246603069191224e-15,1.126035434986794e-05
557.8403447527689,0.07760171407972172,0.07760171407971742,0.07760171407970429,0.07785845820966826,0.07761863671624973,0.07760278656222844,-1.3128387266192476e-14,1.6922636532315516e-05
561.9121720867307,0.09544431958513895,0.09544431958513298,0.09544431958509612,0.09579879746202376,0.09546770848505412,0.09544580186078902,-3.68594044175552e-14,2.3388899921136797e-05
565.9839994206926,0.12069819044423152,0.12069819044422438,0.12069819044416766,0.12113426652600359,0.12072699071073073,0.12070001541554322,-5.6718518770537685e-14,2.8800266506354144e-05
570.0558267546544,0.15960849919960077,0.15960849919959202,0.15960849919951914,0.16016784066999373,0.1596454461742804,0.15961084001917836,-7.288614156664153e-14,3.694697468836772e-05
574.1276540886162,0.22124941105523407,0.22124941105522045,0.22124941105513796,0.22198434290819496,0.22129799382498286,0.22125248886043034,-8.248957072964913e-14,4.858276976241194e-05
578.1994814225781,0.2985608630837857,0.29856086308375995,0.29856086308369517,0.2991697642524499,0.2986012665864084,0.29856342227538113,-6.478151348687788e-14,4.0403502648445055e-05
582.2713087565398,0.3367512321876374,0.33675123218760017,0.3367512321875613,0.33650787826190953,0.3367352530019871,0.3367502169624895,-3.885780586188048e-14,-1.597918561307976e-05
586.3431360905016,0.30658711077222645,0.3065871107722057,0.30658711077218787,0.30579852024198934,0.30653471785097863,0.30658378630790795,-1.7819079545233762e-14,-5.2392921227051303e-05
590.4149634244635,0.273238104585851,0.2732381045858681,0.27323810458587267,0.27257867318369544,0.27319417518992267,0.27323531690265257,4.551914400963142e-15,-4.392939594544121e-05
594.4867907584253,0.27193714711806105,0.2719371471181181,0.27193714711812683,0.2714782220456004,0.27190654557868205,0.2719352051508507,8.715250743307479e-15,-3.060153943607036e-05
598.5586180923871,0.27533988347323074,0.2753398834733076,0.27533988347332744,0.27496375475496077,0.27531485991349824,0.2753382965526729,1.9817480989559044e-14,-2.5023559809378426e-05
602.630445426349,0.25123228779648427,0.251232287796542,0.2512322877965828,0.2509679840942677,0.2512147759412495,0.251231178628618,4.08006961549745e-14,-1.7511855292473566e-05
606.7022727603107,0.22619875555824326,0.22619875555826446,0.22619875555827815,0.2261215177273569,0.2261937255628383,0.22619843873044285,1.3683498778505054e-14,-5.02999542617566e-06
610.7741000942725,0.21559396323783586,0.21559396323782545,0.21559396323777516,0.21559231860955144,0.2155940071956096,0.21559396848143994,-5.029310301551959e-14,4.395778413490703e-08
614.8459274282344,0.19236428672104247,0.19236428672101877,0.19236428672094502,0.19225698549495954,0.19235729856443073,0.19236384532525663,-7.374656441072602e-14,-6.988156588033645e-06
618.9177547621962,0.15115571078207188,0.15115571078205256,0.15115571078202156,0.15100235737238035,0.15114560160494153,0.15115507060334427,-3.1002977962657496e-14,-1.0109177111028433e-05
622.989582096158,0.11544650523348764,0.11544650523347647,0.11544650523348927,0.11532924087172725,0.11543875807605207,0.11544601443501096,1.2809198146612744e-14,-7.747157424395357e-06
627.0614094301199,0.09207170470596791,0.09207170470596238,0.09207170470598885,0.09199337070222033,0.09206652696390065,0.09207137665925824,2.6478819137309983e-14,-5.177742061726609e-06
631.1332367640816,0.07781573752833487,0.07781573752833261,0.07781573752836014,0.07776306388110722,0.07781225482174131,0.07781551686143735,2.7533531010703882e-14,-3.4827065912984567e-06
635.2050640980434,0.0694244041735036,0.06942440417350322,0.06942440417353316,0.06938767923239456,0.06942197443273296,0.06942425020171324,2.9934388301455783e-14,-2.4297407702628115e-06
639.2768914320053,0.06508718137211869,0.06508718137211982,0.06508718137215071,0.06506072558825562,0.0650854286197128,0.06508707026551315,3.089195566019498e-14,-1.7527524070193312e-06
643.3487187659671,0.0640631012398764,0.06406310123987997,0.06406310123990826,0.06404366182094362,0.0640618096552929,0.06406301931239489,2.8282931552325863e-14,-1.2915845870736797e-06
647.4205460999289,0.06602672235983814,0.06602672235984543,0.06602672235986917,0.06601213856869954,0.06602574854283806,0.06602666051728018,2.3744894939170536e-14,-9.738170073658736e-07
651.4923734338907,0.06952623408743347,0.06952623408744345,0.06952623408745928,0.06951424137830071,0.06952543006530891,0.06952618297972162,1.5834555888716295e-14,-8.040221345373411e-07
655.5642007678525,0.07206868028486701,0.07206868028487519,0.07206868028488067,0.07205815762527852,0.07206797503746687,0.07206863545814539,5.4817261840867104e-15,-7.052474083196758e-07
659.6360281018143,0.07574375481282362,0.07574375481282701,0.07574375481282554,0.07573588746452285,0.07574322613301203,0.07574372118751227,-1.4710455076283324e-15,-5.286798149817251e-07
663.7078554357762,0.08456943370028777,0.08456943370028615,0.08456943370028319,0.08456414165369076,0.08456907473952142,0.08456941081804661,-2.9559688030644793e-15,-3.5896076472363703e-07
667.779682769738,0.09688497017013019,0.09688497017012379,0.09688497017012941,0.09687798700234207,0.09688449993233067,0.09688494024010771,5.620504062164855e-15,-4.7023779312094227e-07
671.8515101036998,0.10096424863303312,0.10096424863302375,0.1009642486330452,0.10094979159336884,0.10096328846275891,0.10096418771928374,2.145505995088115e-14,-9.601702648381893e-07
675.9233374376616,0.09210119200590892,0.09210119200590079,0.09210119200593299,0.09208566235305919,0.09210016394956276,0.09210112684060376,3.219646771412954e-14,-1.0280563380316021e-06
679.9951647716234,0.08260624799521392,0.0826062479952084,0.0826062479952472,0.08259673810058964,0.08260561831826807,0.0826062080848464,3.880229471064922e-14,-6.2967694032523e-07
684.0669921055853,0.07900664365520531,0.07900664365520171,0.07900664365524261,0.07900404619733348,0.07900647119889127,0.07900663272564841,4.0897840669629204e-14,-1.7245631044049414e-07
688.1388194395471,0.08163417066331406,0.08163417066331158,0.08163417066334751,0.081638844314832,0.08163448016722996,0.08163419029947751,3.592959263443163e-14,3.0950391838313607e-07
692.2106467735089,0.09076253073356604,0.09076253073356394,0.09076253073358811,0.09077690584470689,0.09076348494839485,0.09076259128389508,2.4175106361212784e-14,9.542148309144016e-07
696.2824741074708,0.10846725339637263,0.10846725339637,0.10846725339637847,0.10849710178723841,0.10846923778893078,0.10846737935250622,8.465450562766819e-15,1.984392560772097e-06
700.3543014414325,0.1392960833900684,0.13929608339006425,0.13929608339005556,0.1393501211163701,0.1392996794715007,0.1392963116858392,-8.68749516769185e-15,3.596081436463283e-06
704.4261287753943,0.188686139215919,0.1886861392159121,0.18868613921589625,0.18875932861915745,0.1886910068394639,0.18868644815332214,-1.584843367652411e-14,4.867623551813027e-06
708.4979561093562,0.24800024377332222,0.2480002437733132,0.2480002437733168,0.24800061285758607,0.24800021836833458,0.2480002412896488,3.608224830031759e-15,-2.5404978620802154e-08
712.569783443318,0.2682070005589794,0.26820700055897195,0.26820700055899127,0.2679850736842254,0.26819204820601744,0.26820604861317815,1.9317880628477724e-14,-1.4952352954511472e-05
716.6416107772798,0.22588431709336831,0.22588431709336418,0.2258843170933494,0.22557983500236697,0.22586381095900496,0.2258830119940483,-1.4765966227514582e-14,-2.050613435922166e-05
720.7134381112417,0.1735361472431541,0.1735361472431518,0.1735361472430938,0.17332480127759048,0.17352190199050527,0.17353524053087233,-5.800915303666443e-14,-1.4245252646538642e-05
724.7852654452034,0.13998110909465275,0.1399811090946513,0.1399811090945769,0.13987401844360756,0.13997387390692081,0.13998064836172433,-7.441269822550112e-14,-7.235187730492143e-06
728.8570927791652,0.12407332507191805,0.12407332507191769,0.12407332507185974,0.1240443337335812,0.12407133654819408,0.12407319806027464,-5.795364188543317e-14,-1.988523723614466e-06
732.9289201131271,0.12110285271331094,0.12110285271331211,0.12110285271328942,0.12113834320124252,0.12110518799333059,0.12110300062153864,-2.2690183065776637e-14,2.3352800184728295e-06
737.0007474470889,0.12925001612922038,0.1292500161292231,0.12925001612924839,0.12935361147535154,0.1292569078595982,0.12925045362116394,2.528532938583794e-14,6.8917303751026004e-06
741.0725747810507,0.15005407668093534,0.1500540766809397,0.15005407668100784,0.15024874537323044,0.15006705064619408,0.15005490059104187,6.813993813636898e-14,1.2973965254375885e-05
745.1444021150126,0.1889876002885275,0.18898760028853412,0.18898760028859077,0.18932278397209704,0.18900994922414957,0.18898901969288445,5.664912983149861e-14,2.2348935615451593e-05
749.2162294489743,0.25617446445314884,0.25617446445315945,0.25617446445316266,0.2567272620186172,0.2562113326027163,0.25617680608012044,3.219646771412954e-15,3.6868149556834595e-05
753.2880567829361,0.35962322276336606,0.35962322276338266,0.3596232227633673,0.36041142969815865,0.35967584527043356,0.35962656546689814,-1.5376588891058418e-14,5.262250705090343e-05
757.359884116898,0.46454499947494465,0.4645449994749677,0.4645449994750001,0.46519722083384757,0.46458874745984435,0.464547780464007,3.241851231905457e-14,4.374798487666309e-05
761.4317114508598,0.46718707422339273,0.46718707422341643,0.4671870742234867,0.46719500055616653,0.46718797707929693,0.46718713603283896,7.027711745877241e-14,9.028558805024289e-07
765.5035387848216,0.37243575474830953,0.37243575474832763,0.37243575474836843,0.3721525108867945,0.3724171295680153,0.37243457568784516,4.08006961549745e-14,-1.862518031231497e-05
769.5753661187834,0.2862091836069307,0.28620918360694286,0.286209183606947,0.28598697202428025,0.2861945143221461,0.28620825432433644,4.163336342344337e-15,-1.4669284796764437e-05
773.6471934527452,0.24432179562028047,0.24432179562028924,0.2443217956202758,0.24419552305212602,0.24431344966719987,0.24432126676581553,-1.3433698597964394e-14,-8.345953089378133e-06
777.719020786707,0.2433281424731011,0.24332814247310885,0.2433281424730838,0.24326264439908749,0.24332379690438713,0.24332786682995985,-2.506328478091291e-14,-4.3455687217253125e-06
781.7908481206689,0.27059177078239,0.2705917707823979,0.2705917707823538,0.2705382388134572,0.2705882027137427,0.27059154417390957,-4.4075854077618715e-14,-3.5680686552019836e-06
785.8626754546307,0.2865226718494124,0.2865226718494183,0.286522671849362,0.2864174852204615,0.2865157020048595,0.28652222988201403,-5.6343818499726694e-14,-6.969844558835092e-06
789.9345027885925,0.2568211489680934,0.2568211489680921,0.2568211489680556,0.256691564453998,0.2568125917086486,0.25682060685516006,-3.652633751016765e-14,-8.557259443486842e-06
794.0063301225543,0.21433695034995282,0.2143369503499421,0.21433695034992994,0.21424741975832795,0.2143310578993612,0.21433657737417003,-1.2156942119645464e-14,-5.8924505809132555e-06
798.0781574565161,0.17898244208366956,0.1789824420836543,0.17898244208366285,0.17892960982385284,0.17897898463258827,0.17898222353480495,8.548717289613705e-15,-3.457451066030126e-06
802.1499847904779,0.14665836939832683,0.14665836939831428,0.1466583693983404,0.14662447564713352,0.14665616091419661,0.1466582299402032,2.6117996654306808e-14,-2.208484117666165e-06
806.2218121244398,0.12285036882987675,0.12285036882986906,0.12285036882989596,0.12282836277030715,0.12284893816328964,0.12285027853409868,2.6895152771544417e-14,-1.4306665794272533e-06
810.2936394584016,0.10999243728921355,0.10999243728920978,0.10999243728922807,0.10997869527999224,0.10999154665664428,0.10999238111647679,1.8290924330699454e-14,-8.906325655033687e-07
814.3654667923633,0.10645719029935413,0.10645719029935358,0.1064571902993645,0.10644970482098251,0.10645670938108169,0.10645716002857565,1.0921819004749977e-14,-4.809182718862326e-07
818.4372941263252,0.11149198068323944,0.11149198068324163,0.11149198068324583,0.11149023893583668,0.11149187719251162,0.11149197429299174,4.191091917959966e-15,-1.0349073001347797e-07
822.509121460287,0.12662298443851935,0.12662298443852443,0.12662298443852105,0.12662804193610905,0.12662332919557034,0.1266230064318191,-3.3861802251067274e-15,3.4475704591141465e-07
826.5809487942488,0.15642053638514775,0.15642053638515716,0.15642053638514739,0.15643537099679447,0.15642152706395265,0.15642059929917976,-9.769962616701378e-15,9.90678795498301e-07
830.6527761282107,0.208955692952688,0.20895569295270447,0.20895569295269054,0.20898422451723345,0.2089575898586511,0.2089558132969173,-1.3933298959045715e-14,1.8969059466245053e-06
834.7246034621725,0.2890082632946536,0.28900826329467855,0.28900826329467677,0.2890435699359166,0.2890106123729205,0.2890084123416046,-1.7763568394002505e-15,2.3490782419255396e-06
838.7964307961344,0.36341383093046437,0.36341383093048946,0.36341383093053437,0.3634079874365279,0.3634134709459279,0.3634138084609152,4.490852134608758e-14,-3.599845615487318e-07
842.8682581300961,0.35358885826765923,0.35358885826766356,0.3535888582677437,0.3535126733537986,0.3535838526744376,0.3535885415001187,8.01581023779363e-14,-5.005593225970717e-06
846.9400854640579,0.27515064418186025,0.27515064418183793,0.27515064418190804,0.2750674803161625,0.2751451669852691,0.27515029739981617,7.011058400507864e-14,-5.477196568848264e-06
851.0119127980198,0.19811532432576623,0.1981153243257367,0.19811532432577772,0.1980567872689209,0.1981114679662439,0.19811508015138304,4.1022740759899534e-14,-3.856359492793171e-06
855.0837401319816,0.14329708494450988,0.1432970849444878,0.14329708494450052,0.14325976848136399,0.14329462780867602,0.14329692938305946,1.2712053631958042e-14,-2.4571358117897457e-06
859.1555674659434,0.10831760668321047,0.10831760668319641,0.10831760668319222,0.10829384352637594,0.1083160429964351,0.10831750770039975,-4.191091917959966e-15,-1.5636867613105787e-06
863.2273947999053,0.08635375492703168,0.08635375492702287,0.08635375492701393,0.08633818272266307,0.08635273093558789,0.08635369011723427,-8.93729534823251e-15,-1.023991434978555e-06
867.299222133867,0.07223683486111038,0.07223683486110505,0.07223683486109753,0.0722263581703972,0.07223614639866668,0.07223679129370508,-7.521760991835436e-15,-6.884624383640681e-07
871.3710494678288,0.06294878654444652,0.06294878654444341,0.06294878654443668,0.06294170046862627,0.06294832113199278,0.06294875709526575,-6.7307270867900115e-15,-4.654124506342505e-07
875.4428768017907,0.056851513499960885,0.05685151349995875,0.056851513499951774,0.056846923550006964,0.05685121203429852,0.056851494424181595,-6.9735883734267645e-15,-3.014656602268184e-07
879.5147041357525,0.05312993937908753,0.053129939379085625,0.053129939379079484,0.05312748384366783,0.053129777761751255,0.053129929146855485,-6.140921104957897e-15,-1.6161733436964587e-07
883.5865314697143,0.05153266083728831,0.05153266083728596,0.05153266083728228,0.05153242805581755,0.051532644424041936,0.051532659780788616,-3.677613769070831e-15,-1.641324402085198e-08
887.6583588036762,0.05227875921440729,0.052278759214404565,0.05227875921440375,0.05228125796109113,0.05227892082381709,0.052278769401143094,-8.118505867571457e-16,1.6160941252590932e-07
891.7301861376379,0.055730364570558896,0.055730364570556086,0.055730364570555815,0.055735896985347665,0.05573072391214666,0.05573038724531792,-2.706168622523819e-16,3.5934159057365855e-07
895.8020134715997,0.06037838944860706,0.0603783894486047,0.0603783894486063,0.06038408659468934,0.06037876115449278,0.06037841292834421,1.6028844918025698e-15,3.71705888083107e-07
899.8738408055616,0.06018302521343824,0.060183025213436755,0.0601830252134496,0.06018302009677262,0.06018302891278741,0.06018302550779712,1.284389261613228e-14,3.6993506521976194e-09
903.9456681395234,0.05341860867492147,0.05341860867492025,0.053418608674941956,0.053414975041752404,0.0534183769238241,0.05341859411699415,2.170486013142181e-14,-2.317510961538649e-07
908.0174954734852,0.04625637874604236,0.04625637874604129,0.04625637874605881,0.046253217447838064,0.046256176540211434,0.04625636603513505,1.7520707107365752e-14,-2.0220582985785995e-07
912.089322807447,0.041452998313977155,0.04145299831397692,0.04145299831398645,0.04145099350164583,0.041452870245077954,0.041452990265786104,9.534040223968532e-15,-1.2806889896493923e-07
916.1611501414088,0.03873432556447742,0.038734325564478034,0.038734325564483495,0.038733196171071925,0.03873425372551529,0.03873432105454655,5.460909502374989e-15,-7.183896274381985e-08
920.2329774753706,0.037492682466899234,0.03749268246689967,0.03749268246690558,0.03749213690157411,0.03749264816631583,0.03749268031974383,5.9119376061289586e-15,-3.4300583838520193e-08
924.3048048093325,0.036915508619303455,0.03691550861930306,0.036915508619311366,0.03691512208861316,0.03691548454624873,0.036915507115966355,8.305856002976952e-15,-2.4073054327722332e-08
928.3766321432943,0.035699354562960625,0.035699354562959966,0.035699354562968924,0.03569873686235259,0.03569931559315144,0.0356993521214481,8.958112029944232e-15,-3.896980852596821e-08
932.448459477256,0.03378335458221189,0.03378335458221181,0.03378335458221928,0.033782732907200574,0.033783315336208236,0.03378335212289678,7.473188734508085e-15,-3.9246003571968835e-08
936.5202868112179,0.032126292598090696,0.0321262925980916,0.032126292598097114,0.03212586631439336,0.03212626591852702,0.03212629092967409,5.5164206536062466e-15,-2.6679564578413473e-08
940.5921141451797,0.03098567154691719,0.030985671546917816,0.030985671546920873,0.030985433310922298,0.030985656963132952,0.0309856706398374,3.056582764671134e-15,-1.4583784863769766e-08
944.6639414791415,0.030246074233303485,0.03024607423330282,0.030246074233302347,0.030245986472441123,0.03024606931917449,0.030246073934732963,-4.718447854656915e-16,-4.914128329952527e-09
948.7357688131034,0.02979471389660985,0.029794713896608663,0.0297947138966057,0.029794756783425008,0.029794717357457888,0.02979471412477869,-2.9629076969683865e-15,3.460849225256357e-09
952.8075961470652,0.029576931892457813,0.02957693189245719,0.02957693189245403,0.029577105746856642,0.029576943714215386,0.029576932645964674,-3.157196726277789e-15,1.1821758197361198e-08
956.879423481027,0.02958936161638541,0.02958936161638525,0.029589361616381524,0.029589688457897414,0.029589383153447855,0.02958936297954726,-3.726186026398182e-15,2.1537062605547774e-08
960.9512508149888,0.029881225909480027,0.029881225909479538,0.029881225909474143,0.0298817583578616,0.02988126043452169,0.029881228086597503,-5.39499001028787e-15,3.4525042151567487e-08
965.0230781489506,0.030572096574126257,0.030572096574125046,0.030572096574117063,0.030572931858483306,0.030572150145651147,0.03057209994358013,-7.983197436445266e-15,5.357152610060978e-08
969.0949054829124,0.03186173924936411,0.03186173924936288,0.031861739249352615,0.031862990697930076,0.03186181889312464,0.031861744249349504,-1.026262408387879e-14,7.964376175922938e-08
973.1667328168743,0.03384212154526083,0.0338421215452606,0.03384212154525319,0.03384358333558168,0.03384221411930042,0.033842127349861945,-7.41073868937292e-15,9.257403981582923e-08
977.2385601508361,0.03561289765896435,0.035612897658965414,0.035612897658968475,0.03561327008196125,0.0356129211711185,0.03561289913151174,3.0600522116230877e-15,2.351215308560306e-08
981.3103874847978,0.035290185670513216,0.03529018567051502,0.03529018567053094,0.035288851839903046,0.03529010168102555,0.035290180411055104,1.5917822615563182e-14,-8.398948946747309e-08
985.3822148187597,0.033530175820770614,0.03353017582077218,0.03353017582079483,0.03352888711228606,0.03353009536453785,0.03353017079380807,2.2648549702353193e-14,-8.045623433455829e-08
989.4540421527215,0.032161368560335656,0.03216136856033675,0.032161368560358033,0.03216094521554751,0.032161343426572266,0.032161367010501984,2.128158760328347e-14,-2.51337644863181e-08
993.5258694866834,0.03160370823764748,0.03160370823764897,0.03160370823766328,0.031604066187274266,0.0316037329662122,0.03160370982037114,1.4307999229856705e-14,2.472856323182393e-08
997.5976968206452,0.03174636186057238,0.03174636186057504,0.03174636186057935,0.031747368379032324,0.0317464279553751,0.03174636604172639,4.309053114326389e-15,6.609480005664858e-08
1001.669524154607,0.03254999651017111,0.0325499965101749,0.03254999651017127,0.03255165401938747,0.03255010404988424,0.03255000329356222,-3.6290415117434804e-15,1.0753970933891077e-07
1005.7413514885689,0.034155375045466535,0.03415537504547152,0.03415537504546465,0.03415783950990422,0.03415553381316717,0.03415538504310808,-6.869504964868156e-15,1.587676956502082e-07
1009.8131788225306,0.036885490100465435,0.03688549010047137,0.03688549010046521,0.03688904119458741,0.036885717646245764,0.03688550441031459,-6.1547988927657116e-15,2.2754577439637602e-07
1013.8850061564924,0.04092902306253023,0.04092902306253771,0.040929023062535604,0.04093366639723509,0.04092931945362546,0.04092904168412358,-2.1094237467877974e-15,2.963910877493148e-07
1017.9568334904543,0.044924127407544596,0.04492412740755574,0.04492412740755906,0.04492854899551465,0.044924409220990204,0.04492414510626389,3.316791286067655e-15,2.818134344634293e-07
1022.0286608244161,0.04609545523886451,0.046095455238881373,0.0460954552388875,0.04609888622817908,0.04609567478098959,0.046095469040326895,6.127043317150083e-15,2.1954210821517606e-07
1026.1004881583779,0.045958472183849915,0.04595847218387508,0.04595847218387973,0.04596312224386258,0.04595877110080124,0.04595849099717337,4.649058915617843e-15,2.989169261558011e-07
1030.1723154923397,0.04803004702496498,0.04803004702500269,0.04803004702500164,0.0480375915065553,0.04803053207004774,0.04803007755368046,-1.0477729794899915e-15,4.85045045052479e-07
1034.2441428263014,0.05349684965050823,0.053496849650562735,0.05349684965055573,0.05350634766587923,0.05349746118212327,0.05349688815081106,-7.0013439490423934e-15,6.11531560536227e-07
1038.3159701602633,0.060365870809004,0.06036587080906662,0.060365870809056886,0.06036812665203296,0.0603660244314043,0.06036588059890127,-9.735268147181841e-15,1.5362233767718392e-07
1042.3877974942252,0.0622819553356982,0.062281955335736584,0.06228195533572534,0.062267415422327076,0.06228104217169092,0.06228189818938108,-1.124100812432971e-14,-9.13164045664161e-07
1046.4596248281869,0.058550897579276194,0.05855089757929404,0.058550897579275646,0.05853347836190425,0.05854980135451793,0.05855082895846054,-1.8395007739258062e-14,-1.0962247761134303e-06
1050.5314521621488,0.05537681636784453,0.05537681636788399,0.05537681636785892,0.05536847792387991,0.05537629860884462,0.055376784074687754,-2.5070223674816816e-14,-5.177590393715126e-07
1054.6032794961106,0.055449493094749516,0.055449493094835635,0.05544949309481097,0.055450502738404746,0.05544957145402202,0.05544949824259961,-2.4667767828390197e-14,7.835918638260386e-08
1058.6751068300725,0.05873512654980445,0.05873512654989519,0.05873512654987488,0.058742477955429306,0.0587356096045977,0.05873515711951003,-2.0310142456736457e-14,4.830547025089227e-07
1062.7469341640342,0.061901379682041215,0.061901379682005216,0.061901379681995564,0.06190927839390239,0.061901897881789805,0.06190141246174783,-9.652001420334955e-15,5.181997845896125e-07
1066.818761497996,0.061019363802856136,0.0610193638027163,0.061019363802725324,0.06102655829315076,0.06101983887407241,0.061019393904061935,9.020562075079397e-15,4.750713561083031e-07
1070.890588831958,0.05962331446441443,0.05962331446429459,0.059623314464322945,0.059634623167413484,0.0596240561465564,0.059623361381524326,2.8352320491364935e-14,7.416822618080965e-07
1074.9624161659196,0.06196703058590064,0.06196703058582593,0.06196703058587004,0.06198461654583298,0.06196817779936913,0.061967103059592334,4.411054854713825e-14,1.1472135432039066e-06
1079.0342434998815,0.06826407745926048,0.06826407745921821,0.06826407745927533,0.06828781416268863,0.06826562269358927,0.06826417502741157,5.71209746169643e-14,1.5452343710559147e-06
1083.1060708338434,0.07370609595749006,0.07370609595746928,0.07370609595753798,0.0737345059118447,0.0737079469764727,0.07370621286138851,6.869504964868156e-14,1.851019003420995e-06
1087.177898167805,0.07252534280016841,0.07252534280015821,0.07252534280024152,0.07256117014214537,0.07252768022360685,0.0725254904801953,8.330836021031018e-14,2.337423448642295e-06
1091.249725501767,0.06922408045751485,0.06922408045750605,0.06922408045761484,0.06927456537077069,0.06922737302073004,0.06922428847275637,1.0878797862545753e-13,3.2925632239833025e-06
1095.3215528357289,0.06930418814948518,0.06930418814947471,0.06930418814961448,0.06937601923050453,0.06930886974037843,0.06930448387847156,1.397632010124994e-13,4.681590903721222e-06
1099.3933801696905,0.07394174030983938,0.07394174030982827,0.07394174030998907,0.07404392860308058,0.07394839671269632,0.07394216073971302,1.608019273291461e-13,6.656402868052136e-06
1103.4652075036524,0.0836306353618391,0.08363063536182735,0.08363063536199658,0.08377839223348141,0.08364025535790977,0.08363124292658136,1.6922574452848949e-13,9.619996082413373e-06
1107.5370348376143,0.09966804760425194,0.099668047604237,0.09966804760442563,0.09988709016618043,0.09968230250601798,0.09966894783213315,1.886268918838141e-13,1.425490178097455e-05
1111.608862171576,0.12348801004274435,0.12348801004272406,0.12348801004292431,0.12381940746544834,0.12350956881675522,0.12348937146085458,2.002564780667626e-13,2.1558774031163463e-05
1115.6806895055379,0.15528560393857746,0.15528560393855212,0.15528560393868596,0.1557937373854156,0.15531864989678715,0.1552876906921299,1.3383738561856262e-13,3.304595823502843e-05
1119.7525168394998,0.20078856438251147,0.20078856438248152,0.2007885643824749,0.20159153748619169,0.2008407719989529,0.20079186101602642,-6.63358257213531e-15,5.220761647137251e-05
1123.8243441734614,0.27679861740938877,0.2767986174093495,0.27679861740918277,0.2780748957036874,0.2768816221725125,0.2768038587301586,-1.667554982986985e-13,8.300476316297489e-05
1127.8961715074233,0.3951353007762629,0.3951353007762096,0.3951353007759222,0.396837549249068,0.3952462756330829,0.3951423094755067,-2.8743674107545303e-13,0.00011097485687328046
1131.9679988413852,0.514198911802667,0.5141989118026173,0.5141989118024566,0.515112253266925,0.5142593046122135,0.5142027304573633,-1.6076029396572267e-13,6.039280959613258e-05
1136.039826175347,0.5137098463384456,0.5137098463384355,0.5137098463385863,0.5125420852622872,0.5136346323806229,0.5137051025095934,1.5076828674409626e-13,-7.521395781262541e-05
1140.1116535093088,0.4028164952988948,0.40281649529891994,0.40281649529910607,0.4009928395070041,0.40269777783325983,0.40280900096732963,1.861288900784075e-13,-0.00011871746566011199
1144.1834808432707,0.299047497838585,0.2990474978386301,0.2990474978386941,0.2976333734127828,0.2989552451678707,0.2990416732296797,6.400435736964027e-14,-9.225267075940735e-05
1148.2553081772323,0.22653945605092146,0.22653945605097212,0.22653945605096304,0.22556499164311494,0.2264758644953708,0.22653544101314574,-9.076073226310655e-15,-6.359155560131668e-05
1152.3271355111942,0.16926241747454024,0.16926241747457987,0.16926241747455037,0.16861745576353437,0.16922033662753042,0.16925976069203905,-2.9504176879413535e-14,-4.208084704945825e-05
1156.3989628451561,0.1269636506875279,0.1269636506875539,0.12696365068750393,0.12654530680496387,0.12693636452245707,0.12696192804893366,-4.9960036108132044e-14,-2.7286165096812587e-05
1160.4707901791178,0.09885950937068191,0.09885950937069837,0.09885950937059795,0.0985824549218788,0.09884144506913446,0.0988583689790926,-1.0041967257734541e-13,-1.8064301563910923e-05
1164.5426175130797,0.08044592462515622,0.08044592462516699,0.08044592462502154,0.08025535161549018,0.08043350329936594,0.08044514050555164,-1.4545309401370332e-13,-1.2421325801051375e-05
1168.6144448470416,0.06806298637619504,0.06806298637620276,0.06806298637604821,0.06792671541105844,0.06805410725893739,0.06806242588844938,-1.545430450278218e-13,-8.879117265367387e-06
1172.6862721810032,0.059482170904742886,0.05948217090474863,0.05948217090461238,0.059381213107694966,0.05947559466312832,0.05948175580080553,-1.3625212069712234e-13,-6.576241620308287e-06
1176.7580995149651,0.053412934342302355,0.05341293434230645,0.053412934342186955,0.053335671203175186,0.05340790287868872,0.05341261675916099,-1.1949469191918638e-13,-5.031463617730103e-06
1180.829926848927,0.04911146770744677,0.04911146770744953,0.04911146770734419,0.04905044303995011,0.04910749464103113,0.04911121693785688,-1.0533934835521563e-13,-3.973066418395954e-06
1184.9017541828887,0.04616819644038574,0.046168196440387894,0.046168196440309305,0.04611832338015349,0.046164950035605654,0.046167991540975194,-7.858991235565327e-14,-3.2464047822408637e-06
1188.9735815168506,0.04441279608340698,0.04441279608340898,0.044412796083356,0.04437027042382875,0.044410028323281316,0.04441262139647663,-5.297845495633169e-14,-2.7677601276629438e-06
1193.0454088508125,0.04389211140508156,0.043892111405083326,0.04389211140504183,0.04385363561707118,0.043889607371551086,0.043891953362693636,-4.1494585545365226e-14,-2.50403353223988e-06
1197.1172361847741,0.04484160145193837,0.04484160145193996,0.04484160145190345,0.04480374259725094,0.04483913747700899,0.04484144593413995,-3.6512459722359836e-14,-2.4639749309704473e-06
1201.189063518736,0.04724557386694416,0.04724557386694566,0.0472455738669179,0.04720475069210682,0.047242916739648436,0.047245406153275674,-2.776251450953282e-14,-2.657127297224504e-06
1205.260890852698,0.04923124359019787,0.0492312435901992,0.04923124359018768,0.04918721742743323,0.04922837790207221,0.04923106271307534,-1.1525502774389906e-14,-2.8656881269906176e-06
1209.3327181866596,0.0480112972661857,0.048011297266186484,0.048011297266190425,0.04797265746386895,0.04800878207473448,0.04801113851453554,3.941291737419306e-15,-2.5151914520016305e-06
1213.4045455206215,0.045603509952649536,0.04560350995265022,0.04560350995265957,0.04557794079136368,0.04560184506799409,0.04560340486658762,9.346690088563037e-15,-1.6648846561315156e-06
1217.4763728545834,0.045108172454369204,0.0451081724543702,0.045108172454382645,0.045096318202666005,0.04510739940385937,0.04510812364896072,1.244143676970566e-14,-7.730505108341501e-07
1221.548200188545,0.04729854893453382,0.047298548934534966,0.047298548934565594,0.04729975374332522,0.04729862462510417,0.04729855368538887,3.0628277691846506e-14,7.569056920120332e-08
1225.620027522507,0.05080334262139963,0.050803342621400134,0.05080334262145575,0.05081497796815465,0.05080409615569158,0.05080339014351971,5.5615234639816435e-14,7.535342914435916e-07
1229.6918548564688,0.05113565030855203,0.05113565030855144,0.05113565030861216,0.05114882034140529,0.051136504023454286,0.05113570415532303,6.072226055309216e-14,8.537149028473023e-07
1233.7636821904305,0.04731856427361516,0.04731856427361368,0.047318564273661344,0.04732676534243844,0.047319095563532136,0.047318597779297714,4.766326222593875e-14,5.312899184553577e-07
1237.8355095243924,0.04384002614781682,0.043840026147814716,0.04384002614784193,0.043843909265654554,0.043840276983647924,0.043840041957206505,2.721434189112415e-14,2.508358332084515e-07
1241.9073368583543,0.04277764485779494,0.04277764485779284,0.04277764485780261,0.04277932230582602,0.042777752181997065,0.042777651607904504,9.769962616701378e-15,1.0732420422515654e-07
1245.979164192316,0.044412809562890565,0.04441280956288847,0.04441280956289033,0.04441387903472664,0.04441287683801499,0.044412813777197246,1.8596235662471372e-15,6.72751265182181e-08
1250.0509915262778,0.049278993635291486,0.04927899363528877,0.049278993635288496,0.049280676071845934,0.04927909969852808,0.04927900028115016,-2.7755575615628914e-16,1.060632393093397e-07
1254.1228188602397,0.0582954856626134,0.058295485662609746,0.05829548566260668,0.05829865685233468,0.058295686865779704,0.058295498287642813,-3.066991105526995e-15,2.0120316995830834e-07
1258.1946461942014,0.06992705797180934,0.06992705797180504,0.06992705797179233,0.06993082616681323,0.06992729677707955,0.06992707295163747,-1.2712053631958042e-14,2.388052745133651e-07
1262.2664735281633,0.0742787588818752,0.07427875888187173,0.07427875888184927,0.07427940106927765,0.07427879591578847,0.07427876115061235,-2.245426067304379e-14,3.703391673881562e-08
1266.3383008621252,0.06507046726429841,0.06507046726429636,0.06507046726427486,0.06506806422044166,0.06507030871236485,0.0650704572261921,-2.1496693314304594e-14,-1.5855193150060565e-07
1270.4101281960868,0.05279583229312225,0.05279583229312055,0.05279583229310756,0.052793199936574386,0.052795659906955235,0.05279582139758459,-1.2989609388114332e-14,-1.723861653146752e-07
1274.4819555300487,0.04411942551214081,0.04411942551213918,0.04411942551213611,0.04411738912751169,0.044119292241876405,0.044119417090097014,-3.073929999430902e-15,-1.3327026277681897e-07
1278.5537828640106,0.03887617642228804,0.038876176422286565,0.0388761764222882,0.03887472491398231,0.03887608130572661,0.038876170409598176,1.6375789613221059e-15,-9.511655995469992e-08
1282.6256101979723,0.03581540963107077,0.035815409631069425,0.03581540963107008,0.03581447061667102,0.03581534786208699,0.03581540572308453,6.522560269672795e-16,-6.176898243587248e-08
1286.6974375319342,0.03400072718712896,0.034000727187127926,0.03400072718712669,0.034000141637784316,0.034000688511513354,0.03400072473805621,-1.2351231148954867e-15,-3.8675614572047934e-08
1290.769264865896,0.03271847018386881,0.03271847018386791,0.03271847018386299,0.03271793371874808,0.03271843499630717,0.03271846795921718,-4.926614671774132e-15,-3.51875607401686e-08
1294.8410921998577,0.03170604081766584,0.03170604081766491,0.0317060408176526,0.03170546862602944,0.0317060034847144,0.03170603846014386,-1.2309597785531423e-14,-3.733295051572272e-08
1298.9129195338196,0.031046196450122715,0.031046196450122097,0.031046196450100903,0.03104566114450193,0.031046161546737543,0.031046194246278046,-2.119485142948463e-14,-3.490338455411357e-08
1302.9847468677815,0.030732870492060596,0.03073287049206012,0.03073287049203125,0.03073241940586241,0.030732841060710444,0.03073286863340137,-2.8869268087206024e-14,-2.9431349676811713e-08
1307.0565742017432,0.03071194886077834,0.03071194886077772,0.03071194886074506,0.03071160018496578,0.03071192608133377,0.030711947421742793,-3.265790415873937e-14,-2.277944394918352e-08
1311.128401535705,0.03095865293957747,0.030958652939576965,0.030958652939543606,0.030958405750974225,0.030958636755483406,0.030958651916660227,-3.3358732443034e-14,-1.6184093558357926e-08
1315.200228869667,0.031492348012403325,0.03149234801240315,0.031492348012371094,0.031492180697399855,0.03149233702889341,0.03149234731774178,-3.2057689836051395e-14,-1.0983509740603026e-08
1319.2720562036286,0.03238369037223911,0.03238369037223884,0.03238369037220875,0.03238355032798063,0.0323836811929497,0.03238368979183906,-3.008704396734174e-14,-9.179289134353397e-09
1323.3438835375905,0.033749770893676305,0.033749770893675674,0.03374977089364715,0.03374956586001836,0.03374975755634163,0.03374977005178753,-2.8525792838962616e-14,-1.3337334042740068e-08
1327.4157108715524,0.03562391405162932,0.03562391405162837,0.035623914051602666,0.035623574245893956,0.035623892010866,0.03562391266125676,-2.5701663020072374e-14,-2.204076236800301e-08
1331.487538205514,0.03762051258935637,0.037620512589354865,0.03762051258933147,0.03762024545019618,0.03762049515135885,0.037620511487576856,-2.3397950243975174e-14,-1.743799601244822e-08
1335.559365539476,0.03953501017077321,0.0395350101707707,0.039535010170750895,0.03953527435728938,0.0395350269655446,0.03953501122473769,-1.980360320175123e-14,1.679477389798789e-08
1339.6311928734378,0.042247802132349986,0.042247802132346614,0.042247802132331445,0.04224872154863872,0.04224786123625256,0.04224780585207323,-1.51684220739412e-14,5.9103905943047597e-08
1343.7030202073995,0.04592576128866784,0.04592576128866391,0.04592576128865142,0.04592715063868198,0.04592585080717194,0.04592576692581739,-1.2490009027033011e-14,8.951850802990657e-08
1347.7748475413614,0.048579078098057026,0.04857907809805172,0.04857907809804332,0.048581013485888266,0.048579203053629394,0.04857908597085708,-8.396061623727746e-15,1.2495557767666643e-07
1351.8466748753233,0.04930872827195968,0.04930872827195153,0.049308728271946906,0.04931204019276194,0.04930894219233618,0.04930874175149242,-4.621303340002214e-15,2.1392038465628538e-07
1355.918502209285,0.050634332373147635,0.05063433237313534,0.050634332373124556,0.05063972597905882,0.050634680641372345,0.050634354316463216,-1.0783041126671833e-14,3.482682370062329e-07
1359.9903295432468,0.05425627248792264,0.05425627248790384,0.05425627248788152,0.05426421128146164,0.054256784986664294,0.054256304777124675,-2.2315482794965646e-14,5.124987604576692e-07
1364.0621568772087,0.060926088790280566,0.060926088790251284,0.060926088790219886,0.06093734002293446,0.06092681503261224,0.0609261345446315,-3.139849491518021e-14,7.262423609571966e-07
1368.1339842111706,0.07187015996695259,0.07187015996690667,0.07187015996687576,0.07188616817070702,0.07187119317196186,0.07187022505910691,-3.0905833448002795e-14,1.0332050551925542e-06
1372.2058115451323,0.08957973181736739,0.08957973181729377,0.08957973181727621,0.08960308799486862,0.08958123918581748,0.08957982678064,-1.7555401576885288e-14,1.5073685237093626e-06
1376.2776388790942,0.11843567792192737,0.11843567792180663,0.1184356779218082,0.11847072177999382,0.11843793948578624,0.11843582039749583,1.5681900222830336e-15,2.261563979602532e-06
1380.349466213056,0.1632902339248733,0.1632902339246873,0.1632902339247048,0.16334229689165428,0.16329359356338652,0.16329044557367023,1.7486012637846216e-14,3.3596386992129634e-06
1384.4212935470177,0.2170682058360423,0.21706820583584097,0.21706820583585468,0.2171358655350061,0.21707257087009527,0.2170684808052253,1.3711254354120683e-14,4.365034254300015e-06
1388.4931208809796,0.243360119924425,0.24336011992439188,0.24336011992437998,0.2434262996697253,0.2433643867276396,0.24336038866274778,-1.1907141939104804e-14,4.266803247721107e-06
1392.5649482149415,0.21872773259707642,0.2187277325972438,0.2187277325972168,0.21877806141750636,0.21873097487457285,0.2187279367677488,-2.6978419498391304e-14,3.2422773290630147e-06
1396.6367755489032,0.1700377936541343,0.1700377936543174,0.17003779365429444,0.1700744597930921,0.17004015541949907,0.17003794237339037,-2.295386103412511e-14,2.3617651816743024e-06
1400.708602882865,0.13065865063625084,0.13065865063637258,0.13065865063635207,0.1306892400463417,0.13066062194145708,0.13065877478421906,-2.0511370379949767e-14,1.971305084502717e-06
1404.780430216827,0.10791304611229542,0.10791304611236392,0.10791304611234019,0.10794293541246557,0.10791497329091057,0.10791316749784172,-2.373101715136272e-14,1.927178546648478e-06
1408.8522575507886,0.09791443094809849,0.09791443094812806,0.09791443094810258,0.0979479203510967,0.09791659083018121,0.09791456700142338,-2.5479618415147343e-14,2.159882053154316e-06
1412.9240848847505,0.09751307793406637,0.09751307793406153,0.09751307793403877,0.09755510887245766,0.09751578875133335,0.09751324869469216,-2.275957200481571e-14,2.710817271822652e-06
1416.9959122187124,0.10617626033059581,0.10617626033055003,0.10617626033053663,0.10623399907561758,0.10617998373260826,0.10617649487191576,-1.339206523454095e-14,3.7234020582310734e-06
1421.067739552674,0.12563041537916983,0.1256304153790702,0.12563041537907804,0.12571462163493036,0.125635844750297,0.12563075737232185,7.854827899222983e-15,5.429371226800539e-06
1425.139566886636,0.15729844953817565,0.15729844953804709,0.15729844953807987,0.1574203867544149,0.1573063117574207,0.15729894477719156,3.277933480205775e-14,7.862219373627743e-06
1429.2113942205979,0.1929005841119311,0.1929005841119426,0.19290058411198713,0.19305591189649024,0.19291060131901722,0.19290121511503291,4.451994328746878e-14,1.0017207074608514e-05
1433.2832215545595,0.21301825536753954,0.2130182553678472,0.21301825536789032,0.21318365293310867,0.21302892406706897,0.21301892742419667,4.313216450668733e-14,1.066869922178304e-05
1437.3550488885214,0.22191076462840503,0.22191076462892803,0.22191076462896595,0.22209064412858798,0.2219223674937398,0.22191149552513717,3.7914116290949096e-14,1.1602864811777192e-05
1441.4268762224833,0.24971375594592216,0.24971375594663558,0.2497137559466657,0.2499485993099566,0.2497289014631015,0.2497147099549738,3.011479954295737e-14,1.5145516465919773e-05
1445.498703556445,0.31666777607154917,0.3166677760725382,0.3166677760725534,0.31698025817588665,0.31668793743520096,0.3166690460560691,1.5210055437364645e-14,2.0161362662751703e-05
1449.5705308904069,0.4101131318571455,0.410113131858229,0.4101131318582269,0.410343293943375,0.41012804679820103,0.4101140719016753,-2.1094237467877974e-15,1.4914939972021646e-05
1453.6423582243688,0.4461598202653099,0.44615982026557904,0.44615982026559575,0.4459388143155975,0.44614571578647255,0.44615893343119223,1.6708856520608606e-14,-1.4104479106491485e-05
1457.7141855583304,0.3708594390572865,0.3708594390564918,0.3708594390565207,0.3703382761203224,0.3708259420151718,0.3708573308728697,2.886579864025407e-14,-3.3497041319996423e-05
1461.7860128922923,0.2637231838522052,0.26372318385129473,0.26372318385130333,0.26328397848292473,0.26369492187848853,0.2637214049298699,8.604228440844963e-15,-2.8261972806198354e-05
1465.8578402262542,0.18383346140704784,0.18383346140643103,0.18383346140643042,0.18354965484036098,0.18381519630970192,0.18383231172550957,-6.106226635438361e-16,-1.826509672911425e-05
1469.9296675602159,0.13354874895914035,0.1335487489587655,0.13354874895876187,0.13337262944869352,0.1335374160821718,0.13354803564352666,-3.635980405647388e-15,-1.1332876593717067e-05
1474.0014948941778,0.10212867895647249,0.10212867895624297,0.10212867895622865,0.10201629807498196,0.10212144931748872,0.10212822392826683,-1.432187701766452e-14,-7.2296387542553076e-06
1478.0733222281397,0.08173910943403936,0.08173910943389355,0.081739109433867,0.08166428891160296,0.08173429742389908,0.08173880658479794,-2.6548208076349056e-14,-4.812009994470401e-06
1482.1451495621013,0.06799457662322234,0.0679945766231255,0.06799457662309379,0.06794265525976305,0.06799123824454412,0.067994366529154,-3.1710745140856034e-14,-3.338378581380086e-06
1486.2169768960632,0.05837776890084946,0.05837776890078189,0.058377768900753836,0.05834038578862796,0.05837536590552024,0.0583776176807083,-2.8053948053496924e-14,-2.4029952616494432e-06
1490.288804230025,0.051403554722137625,0.051403554722088775,0.05140355472206518,0.05137577894108324,0.05140176973558427,0.0514034423987566,-2.3592239273284576e-14,-1.7849865045077573e-06
1494.3606315639868,0.04619267090990712,0.046192670909871024,0.04619267090985235,0.04617148082687062,0.046191309479816596,0.046192585243792154,-1.867256349541435e-14,-1.3614300544279034e-06
1498.4324588979487,0.04220204721257348,0.042202047212546376,0.04220204721253486,0.0421855101112231,0.04220098497947061,0.04220198037626707,-1.1518563880485999e-14,-1.0622330757631415e-06
1502.5042862319106,0.03907909829608445,0.03907909829606437,0.039079098296062154,0.03906593598235481,0.03907825302752186,0.03907904511382121,-2.213507155346406e-15,-8.452685425069939e-07
1506.5761135658722,0.03658897003917897,0.03658897003916442,0.03658897003917041,0.03657831276717279,0.03658828578857739,0.03658892698973551,5.988265439071938e-15,-6.842505870310878e-07
1510.647940899834,0.03457165979232405,0.03457165979231282,0.03457165979232514,0.034562899799403246,0.03457109747047971,0.03457162441551982,1.2323475573339238e-14,-5.623218331043955e-07
1514.719768233796,0.032915847497111565,0.032915847497101816,0.0329158474971196,0.03290854933340651,0.03291537910023336,0.032915818030482706,1.7784385075714226e-14,-4.683968684582318e-07
1518.7915955677577,0.031542439896940576,0.03154243989693145,0.03154243989695506,0.03153628339933291,0.03154204483740339,0.03154241504479218,2.360611706109239e-14,-3.950595280632907e-07
1522.8634229017196,0.030391115762780908,0.03039111576277264,0.030391115762803112,0.03038585809991567,0.030390778433331416,0.030391094542972303,3.0472152579008593e-14,-3.3732944122386033e-07
1526.9352502356815,0.029405914023936164,0.029405914023929426,0.029405914023964055,0.02940137366679836,0.029405622773055137,0.02940589570350461,3.4628550027449023e-14,-2.912508742895781e-07
1531.0070775696431,0.028543973461590547,0.028543973461585843,0.02854397346161936,0.02854003537808217,0.028543720900316573,0.02854395757563811,3.3518327002823867e-14,-2.525612692698409e-07
1535.078904903605,0.027792649529161828,0.027792649529158824,0.02779264952918955,0.027789225781140996,0.027792429996049008,0.027792635721267372,3.072542220650121e-14,-2.195331098159281e-07
1539.150732237567,0.027141853222686124,0.027141853222683553,0.02714185322271025,0.02713885951176723,0.027141661296778478,0.027141841151660327,2.669739429528306e-14,-1.9192590507491336e-07
1543.2225595715286,0.026576566481078725,0.026576566481075772,0.026576566481097456,0.02657393255454525,0.026576397647708354,0.026576555862822735,2.168404344971009e-14,-1.688333674185194e-07
1547.2943869054905,0.02608352942599528,0.026083529425992413,0.026083529426007605,0.02608120069077193,0.02608338017738389,0.026083520039782357,1.5192708202604877e-14,-1.4924860852402744e-07
1551.3662142394523,0.025651380967399492,0.025651380967397646,0.02565138096740523,0.02564931272255903,0.025651248433328017,0.02565137263264996,7.5842110369706e-15,-1.3253406962870917e-07
1555.438041573414,0.025265402038529287,0.02526540203852819,0.025265402038529686,0.02526354890575211,0.02526528331062193,0.02526539457233463,1.4953316362920077e-15,-1.1872790625991336e-07
1559.509868907376,0.024910513091680617,0.024910513091679583,0.024910513091678757,0.02490883455639346,0.024910405570416797,0.024910506330509112,-8.257283745649602e-16,-1.0752126278559815e-07
1563.5816962413378,0.024586669536553765,0.024586669536553248,0.024586669536550643,0.024585142639946368,0.024586571742573504,0.02458666338724918,-2.6055546609171643e-15,-9.779397974404858e-08
1567.6535235752995,0.024296472314261127,0.0242964723142611,0.02429647231425535,0.024295080193186155,0.024296383162887507,0.024296466708552306,-5.748873599387139e-15,-8.915137359247205e-08
1571.7253509092614,0.024036749331082675,0.024036749331081613,0.024036749331075517,0.024035476518124786,0.024036667829574906,0.024036744206516924,-6.0958182945825e-15,-8.150150670668821e-08
1575.7971782432232,0.023803173923752412,0.023803173923749827,0.023803173923749085,0.02380200667871104,0.02380309919054725,0.023803169224876127,-7.424616477180734e-16,-7.473320257772587e-08
1579.869005577185,0.023592148056612604,0.02359214805660972,0.02359214805661714,0.023591074418099482,0.023592079324269388,0.023592143735151856,7.417677583276827e-15,-6.873234033311082e-08
1583.9408329111468,0.023400832950493784,0.023400832950492167,0.02340083295050604,0.0233998425553003,0.023400769554106766,0.023400828964624393,1.387084891391055e-14,-6.339638540173165e-08
1588.0126602451087,0.023226945158313986,0.023226945158314034,0.02322694515833085,0.023226029025462752,0.02322688652167939,0.023226941471790514,1.6816409376119168e-14,-5.8636634645004015e-08
1592.0844875790704,0.023068604849721595,0.023068604849722465,0.02306860484974236,0.023067755179922652,0.023068550472479334,0.023068601431068706,1.9893808822502024e-14,-5.4377243131897846e-08
1596.1563149130322,0.0229242387701042,0.022924238770104223,0.022924238770127555,0.02292344877103303,0.022924188216527776,0.02292423559191192,2.3332030751888055e-14,-5.055357644653813e-08
1600.2281422469941,0.022792516682936623,0.02279251668293504,0.02279251668295917,0.022791780420455116,0.022792469572384733,0.022792513721261204,2.4130003550837387e-14,-4.7110550308038235e-08
1604.2999695809558,0.022672307575917112,0.022672307575914912,0.022672307575936957,0.022671619848516292,0.022672263574774244,0.022672304809774873,2.2044865932713265e-14,-4.40011406685481e-08
1608.3717969149177,0.02256264820547132,0.022562648205469833,0.022562648205487708,0.02256200443859566,0.022562607020361627,0.022562645616410373,1.787459069646502e-14,-4.118510820577681e-08
1612.4436242488796,0.022462720009372706,0.022462720009371936,0.022462720009385893,0.02246211616641735,0.022462681381444954,0.022462717581111902,1.395758508770939e-14,-3.862792698205997e-08
1616.5154515828413,0.022371832243885354,0.022371832243885312,0.02237183224389722,0.022371264751015495,0.022371795943987777,0.022371829962011865,1.1907141939104804e-14,-3.6299897535757575e-08
1620.5872789168031,0.022289410242351964,0.022289410242352693,0.022289410242363545,0.02228887592467509,0.022289376066936033,0.02228940809406371,1.0852430065710905e-14,-3.417541665981516e-08
1624.659106250765,0.022214988392468077,0.022214988392469236,0.022214988392479054,0.02221448441943214,0.02221495616008489,0.022214986366352902,9.818534874028728e-15,-3.223238434491016e-08
1628.7309335847267,0.022148208039343392,0.022148208039344506,0.022148208039355313,0.02214773187748153,0.022148177587613352,0.022148206125188696,1.0807327255335508e-14,-3.045173115404087e-08
1632.8027609186886,0.022088821225895224,0.022088821225895835,0.022088821225910455,0.022088370597162302,0.022088792408838702,0.022088819414520264,1.462024945553253e-14,-2.8817057132896062e-08
1636.8745882526505,0.022036702191090024,0.022036702191089913,0.022036702191106938,0.02203627503499017,0.022036674876703913,0.022036700474193798,1.7024576193236385e-14,-2.7314385999538393e-08
1640.9464155866121,0.021991870190376843,0.021991870190376094,0.021991870190390807,0.02199146462777078,0.021991844258323446,0.021991868560392844,1.4713924523235278e-14,-2.5932052647587023e-08
1645.018242920574,0.021954530089462538,0.021954530089461827,0.02195453008947103,0.021954144385170397,0.021954505428688577,0.021954528539409657,9.204442763532938e-15,-2.466077324986271e-08
1649.090070254536,0.02192514251429124,0.021925142514291528,0.02192514251429499,0.021924775033968415,0.021925119020291418,0.021925141037601677,3.462508058049707e-15,-2.3494000109952617e-08
1653.1618975884976,0.02190454559063164,0.021904545590632547,0.021904545590631843,0.02190419474404053,0.021904523161860527,0.02190454418092469,-7.042977312465837e-16,-2.242877202018878e-08
1657.2337249224595,0.02189417070241415,0.021894170702414607,0.0218941707024123,0.021893834858334318,0.02189414923492167,0.02189416935316044,-2.3071822230491534e-15,-2.146749293607808e-08
1661.3055522564214,0.02189643634934731,0.02189643634934696,0.021896436349344624,0.021896113693107212,0.021896415727812903,0.021896435053309123,-2.3349377986647823e-15,-2.062153405674172e-08
1665.3773795903833,0.02191548966514229,0.02191548966514157,0.021915489665138246,0.021915177940667423,0.021915469746653763,0.02191548841335805,-3.3237301799715624e-15,-1.991848780705241e-08
1669.449206924345,0.021958630428258526,0.02195863042825782,0.021958630428251927,0.02195832645350632,0.02195861101185182,0.02195862920813563,-5.8945903713691905e-15,-1.9416406000366537e-08
1673.5210342583068,0.022038977723627964,0.022038977723627416,0.02203897772361877,0.02203867652295052,0.022038958495762356,0.02203897651553015,-8.645861804268407e-15,-1.922786506056151e-08
1677.5928615922687,0.022179512527128995,0.02217951252712896,0.022179512527118944,0.02217920629605221,0.022179492996683373,0.02217951130030921,-1.0016293350290084e-14,-1.95304455871681e-08
1681.6646889262304,0.022412095871980103,0.02241209587198033,0.02241209587197058,0.02241177645507813,0.022412075526352826,0.022412094594354448,-9.75261538194161e-15,-2.0345627505663488e-08
1685.7365162601923,0.022730031819216824,0.022730031819217195,0.022730031819208303,0.02272971385221145,0.022730011580218337,0.022730030548505416,-8.892192537857113e-15,-2.0238998858779222e-08
1689.8083435941542,0.02293855288995738,0.022938552889958264,0.022938552889950302,0.022938306349146977,0.02293853715898539,0.022938551901683573,-7.962380754733545e-15,-1.573097287502212e-08
1693.8801709281158,0.022807963217403762,0.022807963217404643,0.02280796321739709,0.022807799922409406,0.022807952732254565,0.02280796255767655,-7.552986014403018e-15,-1.0485150078037853e-08
1697.9519982620777,0.022541828904911958,0.02254182890491184,0.022541828904904096,0.022541681862853612,0.022541819448022866,0.022541828309654365,-7.743805596760467e-15,-9.456888973302657e-09
1702.0238255960396,0.02235770437820041,0.022357704378199294,0.02235770437819219,0.022357552569218002,0.022357694628378704,0.022357703764717032,-7.105427357601002e-15,-9.749820589766145e-09
1706.0956529300013,0.022274713140033923,0.022274713140032466,0.022274713140027994,0.022274561937619394,0.022274703437190246,0.022274712529632937,-4.472117121068209e-15,-9.70284222065465e-09
1710.1674802639632,0.02226433811736689,0.022264338117365754,0.02226433811736337,0.022264194945222884,0.022264328930395833,0.02226433753943233,-2.383510055992133e-15,-9.186969920915722e-09
1714.239307597925,0.022306775441805433,0.022306775441804386,0.022306775441801256,0.022306646471278255,0.02230676716118024,0.022306774920817268,-3.12944115066216e-15,-8.280624144707538e-09
1718.3111349318867,0.022394185187581378,0.022394185187580476,0.02239418518757476,0.022394076462138545,0.022394178196660175,0.0223941847475892,-5.717648576819556e-15,-6.9909203009865806e-09
1722.3829622658486,0.022527823398812142,0.022527823398812014,0.02252782339880303,0.022527742348439742,0.022527818169910573,0.022527823069462546,-8.982398158607907e-15,-5.228901440307299e-09
1726.4547895998105,0.022717411746895153,0.022717411746895826,0.02271741174688612,0.02271736899846393,0.022717408956499263,0.022717411570664196,-9.707512571566213e-15,-2.7903965631181915e-09
1730.5266169337722,0.02298372965343645,0.022983729653437524,0.022983729653431633,0.022983741780244198,0.022983730357567015,0.022983729696646006,-5.891120924417237e-15,7.041294908249895e-10
1734.598444267734,0.023365633119591122,0.023365633119592135,0.02336563311959263,0.02336572748136869,0.023365639062746895,0.023365633491820265,4.961309141293668e-16,5.943154759990854e-09
1738.670271601696,0.023933375064126378,0.023933375064126707,0.0239333750641327,0.02393359877935311,0.023933389251647227,0.023933375954168393,5.991734886023892e-15,1.4187520519515218e-08
1742.7420989356576,0.024802306703110184,0.024802306703109046,0.024802306703117418,0.02480274238369252,0.024802334400648957,0.024802308441694905,8.371775495064071e-15,2.7697539910914726e-08
1746.8139262696195,0.026076682180013615,0.026076682180010382,0.02607668218001856,0.026077464018769498,0.02607673190819777,0.026076685301806544,8.177486465754669e-15,4.9728187387354517e-08
1750.8857536035814,0.027452122394274376,0.027452122394269383,0.027452122394275663,0.027453367573372474,0.02745220146652883,0.0274521273562225,6.279698983036042e-15,7.907225944500662e-08
1754.957580937543,0.027838209222443313,0.02783820922243776,0.027838209222442137,0.027839667832891192,0.02783830159033379,0.0278382150147319,4.378442053365461e-15,9.23678960332297e-08
1759.029408271505,0.027140557908725074,0.027140557908720442,0.027140557908723155,0.027141690160174745,0.027140629435079278,0.027140562391382017,2.7131075164277263e-15,7.152635883578284e-08
1763.1012356054669,0.026509695562688854,0.026509695562685707,0.02650969556268711,0.02651037579173778,0.026509738403466935,0.02650969824558216,1.4016565685892601e-15,4.284078122807067e-08
1767.1730629394285,0.02639976480693465,0.026399764806932464,0.026399764806933165,0.026400125795745466,0.02639978738446255,0.026399766218422004,7.008282842946301e-16,2.2577530085082786e-08
1771.2448902733904,0.02680977750818279,0.026809777508180553,0.026809777508180466,0.026809948492977954,0.02680978798019479,0.026809778159408645,-8.673617379884035e-17,1.0472014238399607e-08
1775.3167176073523,0.027749941659320498,0.027749941659317393,0.027749941659316168,0.027750014836956827,0.027749945821203006,0.027749941913025634,-1.2247147740396258e-15,4.161885613918059e-09
1779.388544941314,0.029260541874497364,0.02926054187449267,0.029260541874491064,0.029260595440677925,0.029260544638856925,0.029260542038120434,-1.6063539387545234e-15,2.764364254864704e-09
1783.4603722752759,0.031023789219182415,0.031023789219176524,0.031023789219175216,0.031023875973862847,0.031023793985303375,0.031023789506756775,-1.3079815008865125e-15,4.766126850824781e-09
1787.5321996092378,0.03212437280299115,0.0321243728029861,0.03212437280298517,0.03212435597470693,0.032124371058768884,0.03212437268312853,-9.298117831235686e-16,-1.7442172151049817e-09
1791.6040269431994,0.032726357084802,0.03272635708479894,0.032726357084798395,0.032725927952310725,0.03272632925497506,0.03272635532966836,-5.48172618408671e-16,-2.7829823882885574e-08
1795.6758542771613,0.03399936881076579,0.033999368810764416,0.03399936881076338,0.0339983459745648,0.033999303289424694,0.03399936469077235,-1.033895191682177e-15,-6.552133972187457e-08
1799.7476816111232,0.03658588174553257,0.03658588174553208,0.03658588174552988,0.036584093454489854,0.03658576753796838,0.03658587456943444,-2.1996293675385914e-15,-1.1420756369784346e-07
1803.8195089450849,0.041022977357978656,0.041022977357978684,0.04102297735797557,0.04102006524643937,0.04102279160539658,0.041022965689896544,-3.1155633628543455e-15,-1.8575258210057344e-07
1807.8913362790468,0.04832980517518436,0.0483298051751849,0.04832980517518201,0.04832506142664658,0.048329502777896334,0.04832978618292572,-2.886579864025407e-15,-3.023972885637938e-07
1811.9631636130086,0.06038650595671897,0.06038650595671998,0.060386505956718954,0.06037873877350564,0.06038601099515955,0.06038647487287333,-1.0269562977782698e-15,-4.949615604321611e-07
1816.0349909469703,0.07966926381713535,0.07966926381713704,0.0796692638171387,0.07965749541118049,0.07966851394447351,0.07966921672534259,1.6514567491299204e-15,-7.498726635329911e-07
1820.1068182809322,0.10451222264864453,0.10451222264864975,0.10451222264865358,0.10450048294330427,0.10451147409237833,0.10451217563000034,3.83026943495679e-15,-7.485562714126814e-07
1824.178645614894,0.11705919721114198,0.11705919721115503,0.117059197211159,0.11706024896759336,0.11705926183011804,0.11705920122964586,3.969047313034935e-15,6.46189630137961e-08
1828.2504729488558,0.10189533246954338,0.10189533246955915,0.10189533246956196,0.10190732383239891,0.10189609291503328,0.10189538016971839,2.8171909249863347e-15,7.60445474132232e-07
1832.3223002828177,0.07818307112856845,0.0781830711285799,0.07818307112858233,0.07819364736150469,0.07818374215327123,0.07818311322595198,2.42861286636753e-15,6.71024691326072e-07
1836.3941276167795,0.06108739105834862,0.06108739105835538,0.0610873910583571,0.06109380967669061,0.06108779822942829,0.06108741660189911,1.7208456881689926e-15,4.0717107290672017e-07
1840.4659549507412,0.050998697168470185,0.05099869716847419,0.05099869716847379,0.05100211494501005,0.050998913867666876,0.05099871076142589,-3.95516952522712e-16,2.166991926871864e-07
1844.537782284703,0.04545663486793878,0.045456634867941506,0.045456634867938224,0.04545814754543728,0.04545673064355486,0.04545664087390364,-3.282096816548119e-15,9.577561335682994e-08
1848.609609618665,0.042763279542948236,0.04276327954295067,0.04276327954294474,0.042763478723530805,0.042763291937503625,0.04276328031734488,-5.93275428784068e-15,1.2394552953431948e-08
1852.6814369526267,0.042045364414231394,0.04204536441423391,0.0420453644142258,0.04204448314073264,0.04204530820070168,0.04204536088371357,-8.11156697366755e-15,-5.6213532231841334e-08
1856.7532642865885,0.0429629585307626,0.04296295853076507,0.042962958530756136,0.042960977537473945,0.042962832453650665,0.04296295061613077,-8.93729534823251e-15,-1.2607711440820735e-07
1860.8250916205504,0.045555228092309025,0.04555522809231147,0.045555228092302794,0.0455518917320117,0.045555015870111897,0.045555214771299854,-8.673617379884035e-15,-2.1222219957067745e-07
1864.896918954512,0.0502317912198745,0.05023179121987699,0.050231791219868475,0.050226531653312305,0.05023145671485869,0.05023177022385842,-8.51402282009417e-15,-3.3450501830262214e-07
1868.968746288474,0.05791131339827987,0.05791131339828287,0.05791131339827397,0.05790304812422822,0.05791078772839563,0.057911280403140246,-8.902600878712974e-15,-5.256698872441179e-07
1873.0405736224359,0.07036745568543522,0.07036745568543946,0.07036745568543054,0.07035417671817981,0.0703666110790252,0.07036740267021348,-8.923417560424696e-15,-8.446064142658694e-07
1877.1124009563976,0.09087280509149354,0.09087280509150075,0.09087280509149279,0.09085092291189323,0.09087141314907027,0.0908727177182657,-7.965850201685498e-15,-1.3919424304842387e-06
1881.1842282903594,0.12481471297001283,0.12481471297002515,0.12481471297002021,0.12477905921829316,0.12481244494412953,0.12481457060249802,-4.9404924595819466e-15,-2.268025895618697e-06
1885.2560556243213,0.17665141567713646,0.17665141567715423,0.1766514156771589,0.1766024128660723,0.17664829931194467,0.17665122006599968,4.6629367034256575e-15,-3.1163652095544947e-06
1889.327882958283,0.2298701733447918,0.22987017334480309,0.2298701733448228,0.22984038539827964,0.22986828311164437,0.2298700547477911,1.970645868709653e-14,-1.8902331587189458e-06
1893.399710292245,0.2309853106247626,0.23098531062475122,0.23098531062477487,0.23101536522857116,0.23098723068207938,0.23098543127138702,2.3647750424515834e-14,1.9200573281585864e-06
1897.4715376262068,0.1781951043046852,0.17819510430466506,0.17819510430467894,0.17824596705317036,0.17819834652470595,0.1781953079415278,1.3877787807814457e-14,3.2422200408888102e-06
1901.5433649601684,0.12525650178300055,0.1252565017829853,0.1252565017829884,0.1252939589788444,0.12525888883711422,0.12525665170268294,3.0808688933348094e-15,2.387054128916155e-06
1905.6151922941303,0.09013325616244244,0.09013325616243312,0.09013325616243145,0.09015644085206541,0.0901347337253145,0.09013334896273802,-1.6653345369377348e-15,1.4775628813801234e-06
1909.6870196280922,0.06860427091287187,0.06860427091286647,0.06860427091286359,0.06861851092994063,0.0686051785478082,0.0686043279199542,-2.886579864025407e-15,9.076349417325158e-07
1913.758846962054,0.05517433762869068,0.05517433762868715,0.0551743376286834,0.05518339857483475,0.0551749152479115,0.05517437390940629,-3.747002708109903e-15,5.776192243539535e-07
1917.8306742960158,0.04644614888628895,0.04644614888628611,0.046446148886283324,0.046452165088213856,0.04644653246961254,0.046446172980408484,-2.7824964554667986e-15,3.835833264353994e-07
1921.9025016299777,0.04052633843542944,0.04052633843542692,0.040526338435426475,0.040530494817580615,0.04052660348059326,0.04052635508442554,-4.440892098500626e-16,2.6504516634218156e-07
1925.9743289639393,0.03635358573237087,0.03635358573236883,0.03635358573236935,0.03635655815126688,0.03635377530581791,0.036353597640999546,5.204170427930421e-16,1.8957344907755136e-07
1930.0461562979012,0.033312547726337426,0.03331254772633597,0.03331254772633547,0.03331473683877804,0.03331268736110948,0.033312556498221756,-4.996003610813204e-16,1.3963477351469633e-07
1934.1179836318631,0.03103210321470432,0.03103210321470344,0.03103210321470152,0.03103375603113619,0.031032208653980382,0.031032109838632475,-1.9220736113823023e-15,1.0543927694145472e-07
1938.1898109658248,0.029279710885065736,0.029279710885065487,0.029279710885062805,0.02928098533838068,0.029279792195776328,0.029279715993331977,-2.6818824938601438e-15,8.131071084147012e-08
1942.2616382997867,0.027904490488888604,0.027904490488888697,0.027904490488886113,0.02790549092088147,0.027904554322690654,0.02790449449928774,-2.5847379792054426e-15,6.3833801956098e-08
1946.3334656337486,0.02680544521889964,0.0268054452188995,0.02680544521889751,0.026806242603551002,0.026805496100777985,0.02680544841565586,-1.9914625504213745e-15,5.08818784848708e-08
1950.4052929677102,0.025913071642849336,0.025913071642848815,0.02591307164284735,0.025913715521003352,0.025913112731640087,0.02591307422438142,-1.4641066137244252e-15,4.1088791272181346e-08
1954.4771203016721,0.025178350046181942,0.0251783500461813,0.025178350046180287,0.025178875800602626,0.02517838359820323,0.025178352154221956,-1.0130785099704553e-15,3.355202192814599e-08
1958.548947635634,0.02456594445705362,0.024565944457052877,0.024565944457052326,0.02456637788015332,0.02456597211722404,0.024565946194930584,-5.516420653606247e-16,2.7660171163929048e-08
1962.6207749695957,0.0240498819153678,0.024049881915367395,0.02404988191536722,0.024050242155041913,0.024049904904971074,0.02404988335980149,-1.734723475976807e-16,2.2989603679079984e-08
1966.6926023035576,0.023610735619810065,0.023610735619810287,0.02361073561981111,0.023611037125961045,0.023610754860573416,0.02361073682870382,8.222589276130066e-16,1.9240763128591798e-08
1970.7644296375195,0.023233745292474347,0.023233745292475096,0.023233745292477535,0.02323399913182823,0.023233761490386036,0.02323374631017944,2.4390212072233908e-15,1.619791093962486e-08
1974.8362569714814,0.02290753619671325,0.022907536196713926,0.022907536196717846,0.022907750958853213,0.022907549899785353,0.022907537057656926,3.920475055707584e-15,1.3703071427562108e-08
1978.908084305443,0.022623229245741894,0.022623229245741765,0.02262322924574639,0.022623411678905272,0.022623240884547834,0.02262322997697411,4.624772786954168e-15,1.1638806068220431e-08
1982.979911639405,0.022373811906929643,0.02237381190692872,0.022373811906933154,0.022373967371635335,0.022373821823529615,0.022373812529940647,4.433953204596719e-15,9.91660089461055e-09
1987.0517389733668,0.022153686315367464,0.022153686315365923,0.022153686315369688,0.022153819113021594,0.02215369478426221,0.022153686847403598,3.7643499428696714e-15,8.468896285640515e-09
1991.1235663073285,0.021958339894167997,0.02195833989416619,0.021958339894168455,0.021958453508448862,0.021958347137692534,0.021958340349198625,2.26554885962571e-15,7.243526344707929e-09
1995.1953936412904,0.021784102018341477,0.02178410201834004,0.021784102018339996,0.021784199294806118,0.02178410821811971,0.02178410240777859,-4.5102810375396984e-17,6.1997796688140205e-09
1999.2672209752523,0.021627962001772385,0.021627962001771292,0.02162796200176921,0.021628045283089124,0.02162796730734161,0.02162796233501157,-2.0816681711721685e-15,5.305570316416208e-09
2003.339048309214,0.02148743138341154,0.02148743138341113,0.021487431383407897,0.021487502612307578,0.021487435918789884,0.02148743166824553,-3.2335245592207684e-15,4.5353787531121625e-09
2007.4108756431758,0.0213604386178216,0.021360438617822133,0.021360438617819315,0.021360499416253953,0.0213604424865579,0.021360438860757044,-2.8171909249863347e-15,3.868735765771847e-09
2011.4827029771377,0.021245247746247423,0.021245247746248242,0.021245247746246414,0.021245299476867985,0.02124525103534145,0.02124524795275025,-1.8283985436795547e-15,3.289093209596361e-09
2015.5545303110994,0.02114039500730505,0.021140395007305423,0.021140395007304368,0.021140438821606048,0.021140397790279906,0.021140395181994485,-1.0547118733938987e-15,2.7829744828067327e-09
2019.6263576450613,0.021044639004309786,0.021044639004309956,0.0210446390043101,0.02104467588064716,0.021044641343638967,0.021044639151111752,1.457167719820518e-16,2.339329011752378e-09
2023.6981849790232,0.020956921214243477,0.020956921214243893,0.02095692121424577,0.02095695198809776,0.02095692316328077,0.02095692133651101,1.8769708010069053e-15,1.9490368763364074e-09
2027.7700123129848,0.020876334455858406,0.020876334455859166,0.020876334455862264,0.020876359844094416,0.020876336060385508,0.020876334556468534,3.0982161280945775e-15,1.6045263416530897e-09
2031.8418396469467,0.020802097534334894,0.020802097534335953,0.0208020975343392,0.020802118154784104,0.02080209883381118,0.0208020976157672,3.247402347028583e-15,1.299475228810909e-09
2035.9136669809086,0.020733534716688005,0.020733534716688876,0.020733534716691367,0.020733551104055847,0.02073353574526535,0.020733534781088206,2.491062911502695e-15,1.028576473993681e-09
2039.9854943148703,0.020670059013213334,0.020670059013213463,0.02067005901321518,0.020670071632080938,0.020670059800566395,0.020670059062445734,1.717376241217039e-15,7.873529328517037e-10
2044.0573216488322,0.02061115847848449,0.02061115847848376,0.020611158478485218,0.020611167733995905,0.020611159050493214,0.02061115851417535,1.457167719820518e-15,5.720094536920683e-10
2048.129148982794,0.020556384923674016,0.020556384923673274,0.020556384923674197,0.020556391170368848,0.02055638530298795,0.02055638494724761,9.228728892196614e-16,3.7931467689045206e-10
2052.2009763167557,0.020505344566455214,0.020505344566455003,0.02050534456645485,0.020505348115603318,0.02050534477296031,0.020505344579161665,-1.5265566588595902e-16,2.0650530591082017e-10
2056.2728036507174,0.020457690246977217,0.020457690246977123,0.020457690246976263,0.020457691372702144,0.0204576902981864,0.020457690249916866,-8.604228440844963e-16,5.120927640267503e-11
2060.3446309846795,0.02041311491671479,0.02041311491671465,0.020413114916713437,0.02041311386112993,0.020413114828096757,0.020413114910859478,-1.214306433183765e-15,-8.861789427272448e-11
2064.416458318641,0.020371346167375626,0.02037134616737561,0.020371346167374033,0.020371343144909668,0.020371345952631237,0.020371346153586684,-1.5751289161869408e-15,-2.1474437159052506e-10
2068.488285652603,0.020332141613917273,0.020332141613917457,0.02033214161391487,0.02033213681497149,0.020332141285212445,0.020332141592959305,-2.588207426157396e-15,-3.2870501112669537e-10
2072.560112986565,0.02029528498233896,0.020295284982338995,0.020295284982335356,0.02029527857639333,0.02029528455050295,0.020295284954892315,-3.639449852599341e-15,-4.3183604608865167e-10
2076.6319403205266,0.020260582781690312,0.020260582781690118,0.020260582781686125,0.020260574919951403,0.020260582256385207,0.020260582748362125,-3.99333344169861e-15,-5.253049106812568e-10
2080.7037676544883,0.020227861462477195,0.020227861462477237,0.020227861462473476,0.020227852280143503,0.02022786085234297,0.02022786142381095,-3.760880495917718e-15,-6.101342660269626e-10
2084.7755949884504,0.02019696498171369,0.0201969649817141,0.020196964981711356,0.02019695459991868,0.020196964294491332,0.020196964938196005,-2.744332538995309e-15,-6.872227682752641e-10
2088.847422322412,0.020167752709299012,0.020167752709299318,0.02016775270929838,0.02016774123678524,0.02016775195193732,0.020167752661366195,-9.367506770274758e-16,-7.57361999503825e-10
2092.9192496563737,0.020140097621989258,0.02014009762198902,0.02014009762198929,0.020140085156555552,0.02014009680073773,0.02014009757003365,2.706168622523819e-16,-8.212512891958568e-10
2096.991076990336,0.02011388474057835,0.020113884740577542,0.020113884740576956,0.020113871370333727,0.020113883861067786,0.02011388468495387,-5.863365348801608e-16,-8.795097566904886e-10
2101.0629043242975,0.020089009773472756,0.02008900977347182,0.020089009773469023,0.02008899557792592,0.02008900884078473,0.020089009714499208,-2.796374243274613e-15,-9.326870907544471e-10
2105.134731658259,0.02006537793600699,0.02006537793600646,0.020065377936001584,0.0200653629870154,0.020065376954734232,0.020065377873973497,-4.874572967494828e-15,-9.812722266688834e-10
2109.2065589922213,0.020042902919883653,0.020042902919883483,0.020042902919877488,0.020042887282482685,0.020042901894182272,0.020042902855051413,-5.995204332975845e-15,-1.0257012114656128e-09
2113.278386326183,0.020021505991252485,0.020021505991252603,0.020021505991246354,0.02002148972438273,0.020021504924889053,0.020021505923858176,-6.248473960468459e-15,-1.0663635495455903e-09
2117.350213660145,0.020001115199351455,0.0200011151993517,0.020001115199345748,0.020001098356497105,0.020001114095743705,0.020001115129609684,-5.953570969552402e-15,-1.1036079966553203e-09
2121.4220409941067,0.019981664680441737,0.019981664680442015,0.019981664680437123,0.019981647310192783,0.019981663542694632,0.01998166460854765,-4.891920202254596e-15,-1.1377473824181195e-09
2125.4938683280684,0.01996309404410668,0.01996309404410739,0.01996309404410415,0.019963076190655227,0.019963092875044372,0.01996309397023806,-3.236994006172722e-15,-1.1690630165317462e-09
2129.5656956620305,0.01994534783093161,0.01994534783093187,0.019945347830930604,0.01994532953450853,0.0199453466331239,0.019945347755249157,-1.2663481374630692e-15,-1.1978079708652167e-09
2133.637522995992,0.019928375032194922,0.019928375032194596,0.019928375032194957,0.019928356329460502,0.019928373807984012,0.019928374954845705,3.608224830031759e-16,-1.224210583600227e-09
2137.709350329954,0.019912128663581507,0.019912128663581906,0.019912128663583543,0.019912109587971266,0.019912127415104827,0.019912128584701098,1.6375789613221059e-15,-1.2484770786636012e-09
2141.781177663916,0.019896565386062142,0.019896565386062423,0.019896565386064984,0.01989654596809009,0.019896564115268144,0.019896565305772235,2.5604518505417673e-15,-1.2707942788348081e-09
2145.8530049978776,0.019881645168035495,0.019881645168034947,0.019881645168037716,0.019881625435570194,0.01988164387670367,0.019881645086447235,2.768618667658984e-15,-1.291331278019392e-09
2149.9248323318393,0.019867330983676955,0.019867330983676722,0.019867330983678835,0.019867310962187534,0.01986732967343506,0.019867330900893706,2.112893193739751e-15,-1.3102416616950219e-09
2153.9966596658014,0.019853588543110725,0.01985358854311092,0.019853588543112036,0.01985356825588259,0.0198535872154459,0.019853588459226055,1.1171619185290638e-15,-1.3276650195903628e-09
2158.068486999763,0.019840386050602753,0.019840386050601677,0.01984038605060205,0.019840365518932784,0.019840384706873215,0.019840385965700442,3.712308238590367e-16,-1.3437284618333933e-09
2162.1403143337247,0.01982769398748841,0.019827693987486895,0.019827693987487488,0.019827673230865064,0.01982769262893901,0.01982769390164742,5.93275428784068e-16,-1.3585478852995436e-09
2166.212141667687,0.01981548491698802,0.019815484916987928,0.019815484916989867,0.01981546395324791,0.019815483544758927,0.019815484830281747,1.9394208461420703e-15,-1.3722290005679927e-09
2170.2839690016485,0.01980373330840243,0.01980373330840341,0.019803733308406717,0.019803712153869453,0.019803731923535028,0.019803733220895986,3.3063829452117943e-15,-1.3848683831640951e-09
2174.35579633561,0.019792415378508826,0.019792415378510047,0.019792415378514266,0.01979239404812426,0.019792413981955474,0.019792415290261215,4.218847493575595e-15,-1.3965545733740647e-09
2178.4276236695723,0.019781508948263703,0.01978150894826502,0.019781508948269785,0.019781487455703142,0.019781507540896456,0.019781508859329635,4.767020111984266e-15,-1.407368561967548e-09
2182.499451003534,0.019770993313139053,0.01977099331314003,0.01977099331314433,0.019770971670916293,0.019770991895755277,0.019770993223568175,4.3021142204224816e-15,-1.4173847512344295e-09
2186.5712783374956,0.019760849125618173,0.01976084912561855,0.01976084912562212,0.01976082734518057,0.019760847698947218,0.019760849035456086,3.570060913560269e-15,-1.42667133315455e-09
2190.6431056714578,0.019751058288565854,0.019751058288565767,0.019751058288569455,0.019751036380380525,0.0197510568532746,0.01975105819785455,3.688022109926692e-15,-1.4352911671677848e-09
2194.7149330054194,0.019741603858330632,0.019741603858330802,0.0197416038583351,0.019741581831962646,0.019741602415028786,0.019741603767109074,4.298644773470528e-15,-1.4433020160964372e-09
2198.786760339381,0.01973246995657531,0.01973246995657627,0.01973246995658064,0.019732447820758038,0.019732468505819136,0.019732469864878952,4.371503159461554e-15,-1.4507571324817725e-09
2202.858587673343,0.019723641689943106,0.019723641689944164,0.01972364168994841,0.01972361945264158,0.019723640232238483,0.019723641597802984,4.246603069191224e-15,-1.457705681856547e-09
2206.930415007305,0.01971510507676843,0.01971510507676917,0.019715105076773216,0.019715082745239754,0.01971510361257619,0.01971510498421313,4.045375145977914e-15,-1.4641929821368471e-09
2211.0022423412665,0.019706846980138235,0.019706846980138828,0.0197068469801418,0.019706824560985468,0.019706845509877835,0.01970684688719422,2.9733160378242474e-15,-1.4702609928141097e-09
2215.0740696752287,0.019698855046677156,0.019698855046677528,0.019698855046678898,0.01969883254589737,0.019698853570728966,0.019698854953368244,1.3704315460216776e-15,-1.4759485612858558e-09
2219.1458970091903,0.01969111765049986,0.019691117650499614,0.01969111765050008,0.019691095073528845,0.019691116169207976,0.01969111755684722,4.649058915617843e-16,-1.4812916379614016e-09
2223.217724343152,0.019683623841837625,0.019683623841836626,0.019683623841837,0.019683601193591298,0.019683622355513086,0.01968362374786068,3.7470027081099033e-16,-1.4863235399398267e-09
2227.289551677114,0.019676363299897907,0.01967636329989678,0.019676363299897748,0.019676340584810225,0.019676361808821527,0.019676363205614812,9.679756995950584e-16,-1.491075252851859e-09
2231.3613790110758,0.019669326289562274,0.01966932628956129,0.019669326289563114,0.019669303511618528,0.019669324793985768,0.019669326194989057,1.824929096727601e-15,-1.4955755210654953e-09
2235.4332063450374,0.01966250362156449,0.019662503621563313,0.019662503621565762,0.01966248078433231,0.019662502121712208,0.019662503526714902,2.4494295480792516e-15,-1.4998511044250762e-09
2239.5050336789996,0.019655886615832792,0.01965588661583185,0.019655886615834554,0.01965586372249253,0.019655885111904973,0.01965588652071978,2.7026991755718655e-15,-1.5039268788652471e-09
2243.576861012961,0.019649467067715497,0.019649467067715264,0.01964946706771795,0.019649444121085814,0.01964946555988917,0.019649466972350565,2.6853519408120974e-15,-1.5078260931500331e-09
2247.648688346923,0.019643237216827286,0.01964323721682784,0.01964323721682982,0.01964321421938921,0.0196432357052574,0.01964323712122017,1.97758476261356e-15,-1.5115704417312248e-09
2251.720515680885,0.019637189718287103,0.01963718971828819,0.0196371897182885,0.019637166672206427,0.019637188203108117,0.019637189622445983,3.122502256758253e-16,-1.515180071687272e-09
2255.7923430148467,0.019631317616140346,0.019631317616141515,0.019631317616139655,0.019631294523288302,0.019631316097467492,0.019631317520071977,-1.8596235662471372e-15,-1.5186740233430474e-09
2259.8641703488083,0.019625614318775894,0.019625614318777,0.019625614318773032,0.019625591180748636,0.01962561279670706,0.019625614222486192,-3.969047313034935e-15,-1.5220699423057482e-09
2263.9359976827704,0.019620073576170273,0.019620073576171248,0.019620073576164944,0.01962005039430619,0.019620072050786915,0.01962007347966426,-6.303985111699717e-15,-1.5253843327345251e-09
2268.007825016732,0.019614689458803163,0.019614689458803305,0.019614689458794028,0.01961466623419813,0.019614687930170467,0.019614689362084232,-9.277301149523964e-15,-1.5286328383656844e-09
2272.079652350694,0.0196094563381027,0.019609456338102276,0.019609456338090983,0.019609433071626648,0.01960945480627224,0.01960945624117429,-1.1293049828609014e-14,-1.5318300378153182e-09
2276.151479684656,0.01960436886830253,0.019604368868301282,0.019604368868290378,0.0196043455606115,0.01960436733331153,0.01960436877116667,-1.090447176999021e-14,-1.5349897533600831e-09
2280.2233070186176,0.019599421969584377,0.01959942196958292,0.019599421969573514,0.019599398621134675,0.019599420431458105,0.019599421872243155,-9.405670686746248e-15,-1.5381248150148075e-09
2284.295134352579,0.019594610812412875,0.019594610812412257,0.019594610812404472,0.01959458742347217,0.019594609271164767,0.019594610714868045,-7.78543896018391e-15,-1.5412474907439133e-09
2288.3669616865413,0.019589930802961404,0.019589930802962393,0.01958993080295625,0.019589907373618813,0.019589929258593167,0.019589930705213716,-6.144390551909851e-15,-1.5443692262528952e-09
2292.438789020503,0.019585377569544385,0.019585377569546564,0.019585377569540985,0.019585354099719524,0.01958537602204567,0.019585377471592707,-5.578870698741412e-15,-1.5475008947885005e-09
2296.5106163544647,0.019580946949976433,0.019580946949977675,0.019580946949971173,0.019580923439428077,0.01958094539932486,0.01958094685181735,-6.501743587961073e-15,-1.5506528144859644e-09
2300.582443688427,0.019576634979784586,0.01957663497978441,0.019576634979775832,0.01957661142812239,0.019576633425949695,0.019576634881415558,-8.576472865229334e-15,-1.55383471367454e-09
2304.6542710223885,0.019572437881218034,0.019572437881216962,0.019572437881206228,0.019572414287909786,0.01957243632416115,0.01957243778263712,-1.0734468869344482e-14,-1.557055810674779e-09
2308.72609835635,0.019568352052985263,0.019568352052984128,0.019568352052973137,0.019568328417363424,0.019568350492659266,0.019568351954190193,-1.099120794378905e-14,-1.5603248623707877e-09
2312.7979256903122,0.019564374060666665,0.019564374060665864,0.019564374060656746,0.019564350381934124,0.0195643724970155,0.0195643739616542,-9.117706589734098e-15,-1.5636503619687048e-09
2316.869753024274,0.019560500627751436,0.01956050062775131,0.019560500627744535,0.019560476904988203,0.019560499060711115,0.01956050052851777,-6.7758298971654085e-15,-1.567040195521452e-09
2320.9415803582356,0.019556728627256433,0.01955672862725682,0.019556728627251937,0.019556704859424734,0.019556727056754857,0.01955672852779677,-4.881511861398735e-15,-1.5705019611178539e-09
2325.0134076921977,0.01955305507388107,0.019553055073881324,0.019553055073877685,0.01955303125983064,0.019553053499838345,0.019553054974189733,-3.639449852599341e-15,-1.5740429792909794e-09
2329.0852350261594,0.019549477116661163,0.019549477116660628,0.01954947711665786,0.019549453255134495,0.019549475538990408,0.019549477016731983,-2.768618667658984e-15,-1.5776702201597548e-09
2333.157062360121,0.019545992032086006,0.019545992032084777,0.019545992032083456,0.01954596812172353,0.019545990450694474,0.019545991931913143,-1.321859288694327e-15,-1.5813903034289645e-09
2337.228889694083,0.019542597217647863,0.019542597217646295,0.019542597217647114,0.01954257325699147,0.019542595632436564,0.01954259711722535,8.187894806610529e-16,-1.5852097308421964e-09
2341.300717028045,0.019539290185789825,0.019539290185788736,0.01953929018579172,0.01953926617328684,0.019539288596654,0.019539290085111734,2.9837243786801082e-15,-1.5891347369956232e-09
2345.3725443620065,0.019536068558228276,0.019536068558228193,0.019536068558232988,0.019536044492234065,0.019536066965056983,0.019536068457288034,4.794775687599895e-15,-1.5931712095407224e-09
2349.4443716959686,0.019532930060621703,0.019532930060622105,0.019532930060628215,0.019532905939402087,0.01953292846329707,0.01953292995941132,6.1096960823903146e-15,-1.5973250361289715e-09
2353.5161990299302,0.019529872517561556,0.019529872517562104,0.01952987251756875,0.01952984833929675,0.01952987091596028,0.019529872416072822,6.643990912991171e-15,-1.6016018233866447e-09
2357.588026363892,0.019526893847868022,0.019526893847868654,0.019526893847874767,0.019526869610655386,0.019526892241861722,0.019526893746092743,6.113165529342268e-15,-1.6060069316092829e-09
2361.659853697854,0.019523992060167614,0.01952399206016819,0.019523992060173304,0.019523967762023687,0.01952399044962243,0.019523991958097144,5.113964807179627e-15,-1.6105457592563432e-09
2365.7316810318157,0.019521165248732958,0.019521165248733673,0.01952116524873814,0.01952114088759592,0.01952116363351031,0.01952116514635868,4.468647674116255e-15,-1.6152233613120348e-09
2369.8035083657774,0.019518411589571055,0.019518411589571957,0.019518411589575818,0.019518387163301967,0.019518409969527046,0.019518411486883772,3.8614944575243726e-15,-1.620044910721763e-09
2373.8753356997395,0.019515729336740575,0.019515729336741384,0.01951572933674441,0.019515704843125255,0.01951572771172608,0.019515729233730635,3.0253577421035516e-15,-1.6250153028751768e-09
2377.947163033701,0.019513116818885824,0.0195131168188863,0.01951311681888782,0.019513092255636372,0.01951311518874692,0.01951311671554316,1.519617764955683e-15,-1.6301393811202214e-09
2382.018990367663,0.01951057243597329,0.019510572435973365,0.01951057243597282,0.0195105478007297,0.019510570800551515,0.019510572332287784,-5.447031714567174e-16,-1.6354218500269635e-09
2386.090817701625,0.019508094656218777,0.019508094656218614,0.019508094656216553,0.019508069946549966,0.019508093015351086,0.01950809455218021,-2.060851489460447e-15,-1.6408675286572194e-09
2390.1626450355866,0.019505682013192704,0.01950568201319237,0.019505682013190025,0.01950565722659743,0.019505680366711322,0.01950568190879045,-2.345346139520643e-15,-1.64648104872267e-09
2394.2344723695483,0.019503333103093073,0.019503333103092418,0.019503333103090156,0.01950330823700037,0.01950333145082552,0.01950333299831605,-2.2620794126737565e-15,-1.652266896218224e-09
2398.3062997035104,0.01950104658217512,0.019501046582174473,0.019501046582172322,0.019501021633945848,0.019501044923944784,0.01950104647701243,-2.1510571102112408e-15,-1.6582296889777748e-09
2402.378127037472,0.019498821164331548,0.019498821164331506,0.019498821164329556,0.019498796131258458,0.01949881949995753,0.019498821058772226,-1.949829186997931e-15,-1.664373975446276e-09
2406.4499543714337,0.01949665561881168,0.019496655618812548,0.019496655618810872,0.019496630498119564,0.019496653948108324,0.019496655512844248,-1.6757428777935957e-15,-1.670704224271402e-09
2410.521781705396,0.019494548768072696,0.019494548768074025,0.01949454876807259,0.019494523556917866,0.019494547090849013,0.019494548661684527,-1.4363510381087963e-15,-1.6772250116536824e-09
2414.5936090393575,0.0194924994857539,0.019492499485754985,0.019492499485753382,0.01949247418122501,0.019492497801814297,0.01949249937893194,-1.6028844918025698e-15,-1.6839406882795949e-09
2418.665436373319,0.01949050669477011,0.01949050669477081,0.019490506694768636,0.019490481293888865,0.01949050500391502,0.01949050658750155,-2.175343238874916e-15,-1.6908557921857525e-09
2422.7372637072813,0.01948856936551739,0.019488569365517756,0.01948856936551526,0.01948854386523813,0.01948856766754288,0.019488569257789277,-2.4945323584546486e-15,-1.6979748752865564e-09
2426.809091041243,0.019486686514182956,0.019486686514183397,0.01948668651418192,0.019486660911392468,0.019486684808880977,0.019486686405982508,-1.4779844015322396e-15,-1.7053024201074685e-09
2430.8809183752046,0.01948485720115632,0.0194848572011569,0.01948485720115702,0.019484831492672806,0.01948485548831395,0.019484857092470026,1.1796119636642288e-16,-1.712842950807314e-09
2434.9527457091667,0.019483080529534073,0.019483080529534506,0.019483080529535058,0.01948305471210679,0.019483078808933456,0.019483080420347854,5.516420653606247e-16,-1.7206010505255165e-09
2439.0245730431284,0.019481355643715514,0.019481355643715455,0.019481355643715337,0.019481329714024324,0.01948135391513408,0.01948135553401488,-1.1796119636642288e-16,-1.7285813752598855e-09
2443.09640037709,0.01947968172808425,0.019479681728083745,0.019479681728082142,0.019479655682739395,0.019479679991295105,0.019479681617854787,-1.6028844918025698e-15,-1.7367886399888288e-09
2447.168227711052,0.01947805800577295,0.019478058005772098,0.019478058005768847,0.019478031841314063,0.01947805626054465,0.01947805789500012,-3.2508717939805365e-15,-1.7452274486684516e-09
2451.240055045014,0.01947648373750556,0.019476483737504654,0.019476483737500053,0.01947645745040071,0.019476481983601985,0.019476483626174594,-4.6004866582904924e-15,-1.7539026689328274e-09
2455.3118823789755,0.01947495822051481,0.019474958220514045,0.019474958220508872,0.0194749318071593,0.01947495645769491,0.019474958108610614,-5.172945405362839e-15,-1.7628191337215604e-09
2459.3837097129376,0.019473480787532155,0.019473480787531344,0.01947348078752643,0.019473454244246978,0.0194734790155495,0.01947348067503884,-4.912736883966318e-15,-1.7719818425077083e-09
2463.4555370468993,0.01947205080584509,0.019472050805844125,0.01947205080584038,0.01947202412887634,0.0194720490244484,0.019472050692746618,-3.74353326115795e-15,-1.7813957253753898e-09
2467.527364380861,0.019470667676422942,0.01947066767642215,0.019470667676419383,0.019470640861940655,0.019470665885356172,0.019470667562703346,-2.768618667658984e-15,-1.791065979556139e-09
2471.599191714823,0.01946933083310697,0.01946933083310632,0.01946933083310327,0.019469303877202995,0.019469329032108594,0.019469330718749588,-3.049643870767227e-15,-1.800997725953657e-09
2475.6710190487847,0.01946803974186129,0.01946803974186063,0.019468039741857013,0.019468012640547844,0.019468037930664255,0.01946803962684899,-3.6186331708876196e-15,-1.8111963769051886e-09
2479.7428463827464,0.01946679390008446,0.019466793900083556,0.019466793900081183,0.01946676664929261,0.019466792078416253,0.019466793784399725,-2.373101715136272e-15,-1.8216673031146158e-09
2483.8146737167085,0.019465592835979567,0.01946559283597882,0.019465592835978984,0.019465565431558054,0.01946559100356274,0.019465592719605143,1.6306400674181987e-16,-1.8324160799831901e-09
2487.88650105067,0.01946443610798274,0.019464436107982614,0.019464436107984862,0.01946440854569554,0.019464434264534265,0.019464435990901086,2.248201624865942e-15,-1.8434483488316555e-09
2491.958328384632,0.01946332330424698,0.019463323304247267,0.01946332330425025,0.019463295579770456,0.019463321449477287,0.019463323186439504,2.9837243786801082e-15,-1.8547699799642547e-09
2496.030155718594,0.019462254042179262,0.019462254042179272,0.019462254042181812,0.019462226151100333,0.019462252175792383,0.01946225392362654,2.5396351688300456e-15,-1.866386888788041e-09
2500.1019830525556,0.019461227968032055,0.019461227968031698,0.019461227968033384,0.019461199905846785,0.019461226089726488,0.01946122784871477,1.6861512186494565e-15,-1.878305209285225e-09
2504.1738103865173,0.019460244756550206,0.0194602447565497,0.019460244756551535,0.019460216518661297,0.019460242866018482,0.019460244636449128,1.835337437583462e-15,-1.890531217685343e-09
2508.2456377204794,0.019459304110669352,0.019459304110669064,0.019459304110671514,0.019459275692383267,0.019459302207597687,0.019459303989764774,2.4494295480792516e-15,-1.9030713775680663e-09
2512.317465054441,0.019458405761267,0.01945840576126716,0.019458405761268928,0.019458377157790974,0.019458403845334878,0.01945840563953885,1.7694179454963432e-15,-1.915932280882604e-09
2516.3892923884027,0.01945754946696611,0.01945754946696693,0.01945754946696663,0.019457520673405535,0.019457547537846155,0.019457549344393758,-3.0184188481996443e-16,-1.929120776317239e-09
2520.461119722365,0.01945673501399187,0.019456735013993105,0.019456735013990617,0.019456706025346663,0.01945673307134916,0.019456734890553756,-2.4875934645507414e-15,-1.9426439450132005e-09
2524.5329470563265,0.019455962216080536,0.01945596221608179,0.01945596221607705,0.01945593302724259,0.01945596025957292,0.019455962091754608,-4.7427339833205906e-15,-1.956508871581164e-09
2528.604774390288,0.019455230914442834,0.019455230914444028,0.01945523091443701,0.01945520152019272,0.01945522894372089,0.019455230789206805,-7.0186911838021615e-15,-1.97072313676272e-09
2532.6766017242503,0.019454540977782375,0.019454540977783295,0.019454540977775436,0.019454511372785657,0.019454538992489,0.019454540851613335,-7.858297346174936e-15,-1.985294293543882e-09
2536.748429058212,0.01945389230236892,0.019453892302369234,0.019453892302362014,0.0194538624811723,0.01945389030213882,0.019453892175243348,-7.219919107015471e-15,-2.0002304153277084e-09
2540.8202563921736,0.019453284812168153,0.019453284812167824,0.019453284812162255,0.01945325476919616,0.0194532827966282,0.01945328468406233,-5.568462357885551e-15,-2.015539624089513e-09
2544.8920837261358,0.01945271845903091,0.019452718459030374,0.01945271845902757,0.019452688188581816,0.01945271642779994,0.019452718329921,-2.8033131371785203e-15,-2.031230433852116e-09
2548.9639110600974,0.019452193222943167,0.019452193222942792,0.01945219322294343,0.019452162719184082,0.019452191175631257,0.01945219309280474,6.38378239159465e-16,-2.047311535580132e-09
2553.035738394059,0.019451709112337782,0.019451709112337477,0.019451709112341245,0.019451678369299757,0.019451707048545402,0.019451708981145382,3.767819389821625e-15,-2.0637920747357263e-09
2557.107565728021,0.019451266164470807,0.01945126616447022,0.01945126616447638,0.019451235176044218,0.019451264083788933,0.01945126603219816,6.158268339717665e-15,-2.0806812869866853e-09
2561.179393061983,0.01945086444586643,0.019450864445865374,0.019450864445871928,0.019450833205796242,0.019450862347876262,0.01945086431248667,6.553785292240377e-15,-2.097989112298526e-09
2565.2512203959445,0.0194505040528329,0.019450504052831698,0.01945050405283728,0.019450472554713827,0.019450501937106346,0.019450503918319144,5.582340145693365e-15,-2.115725351858888e-09
2569.3230477299066,0.019450185112054628,0.019450185112054073,0.019450185112058347,0.019450153349325146,0.019450182978153426,0.019450184976379764,4.274358644806853e-15,-2.133900646461573e-09
2573.3948750638683,0.019449907781263112,0.019449907781263397,0.0194499077812668,0.01944987574719866,0.01944990562873763,0.019449907644398832,3.4035274598664955e-15,-2.1525257652699192e-09
2577.46670239783,0.01944967224999045,0.019449672249991126,0.019449672249993645,0.019449639937696887,0.01944967007837922,0.01944967211190696,2.518818487118324e-15,-2.171611907658688e-09
2581.538529731792,0.01944947874041156,0.019449478740412324,0.019449478740413844,0.019449446142819394,0.01944947654924142,0.019449478601078495,1.519617764955683e-15,-2.191170904441986e-09
2585.6103570657538,0.019449327508283192,0.019449327508283903,0.019449327508285,0.019449294618140454,0.019449325297069043,0.0194493273676696,1.096345236817342e-15,-2.2112148605202275e-09
2589.6821843997154,0.01944921884398402,0.019449218843984605,0.01944921884398588,0.019449185653848722,0.019449216612228253,0.019449218702058253,1.2732870313669764e-15,-2.231756352638614e-09
2593.7540117336775,0.019449153073663482,0.01944915307366385,0.019449153073665206,0.019449119575895464,0.01944915082085511,0.019449152930392948,1.3565537582138631e-15,-2.2528087381679107e-09
2597.825839067639,0.019449130560507212,0.019449130560507462,0.019449130560509256,0.019449096747260086,0.019449128286121806,0.0194491304158587,1.7937040741600185e-15,-2.2743856555040853e-09
2601.897666401601,0.019449151706129875,0.019449151706130412,0.019449151706133146,0.019449117569342023,0.019449149409628944,0.01944915156006959,2.733924198139448e-15,-2.296501468157519e-09
2605.969493735563,0.019449216952105077,0.019449216952105945,0.019449216952109164,0.01944918248348964,0.019449214632934784,0.01944921680459784,3.219646771412954e-15,-2.3191711606695975e-09
2610.0413210695247,0.019449326781642226,0.0194493267816431,0.019449326781646865,0.019449291972676763,0.01944932443923277,0.019449326632651573,3.7643499428696714e-15,-2.3424103316738165e-09
2614.1131484034863,0.019449481721425056,0.01944948172142562,0.01944948172143021,0.019449446563341345,0.019449479355190313,0.019449481570913436,4.586608870482678e-15,-2.366235308387532e-09
2618.1849757374484,0.019449682343626495,0.019449682343626765,0.01944968234363217,0.019449646827399122,0.019449679952963532,0.01944968219155563,5.405398351143731e-15,-2.3906632333481337e-09
2622.25680307141,0.01944992926811641,0.01944992926811624,0.01944992926812147,0.019449893384450197,0.019449926852404268,0.01944992911444671,5.23192600354605e-15,-2.415711970737977e-09
2626.3286304053718,0.01945022316487876,0.01945022316487809,0.019450223164881944,0.019450186904195622,0.019450220723477706,0.0194502230095696,3.854555563620465e-15,-2.44140038394014e-09
2630.400457739334,0.019450564756660384,0.019450564756659555,0.019450564756662053,0.01945052810908577,0.01945056228891153,0.01945056459967019,2.4980018054066022e-15,-2.4677480232881965e-09
2634.4722850732956,0.01945095482187594,0.01945095482187541,0.01945095482187658,0.019450917777223384,0.019450952327099678,0.019450954663162,1.169203622808368e-15,-2.4947757332194342e-09
2638.544112407257,0.019451394197793563,0.019451394197793428,0.01945139419779417,0.019451356745548064,0.01945139167528826,0.01945139403731139,7.424616477180734e-16,-2.52250516655228e-09
2642.6159397412193,0.01945188378403146,0.019451883784031537,0.019451883784032804,0.019451845913331992,0.019451881233072288,0.019451883621734892,1.2663481374630692e-15,-2.550959249392193e-09
2646.687767075181,0.019452424546400397,0.019452424546400834,0.019452424546402045,0.019452386246021858,0.01945242196623868,0.01945242438224203,1.2108369862318114e-15,-2.5801621533760866e-09
2650.7595944091427,0.019453017521132893,0.019453017521133556,0.019453017521133594,0.019452978779465193,0.019453014910994208,0.01945301735506348,3.8163916471489756e-17,-2.6101393477140356e-09
2654.831421743105,0.01945366381953977,0.01945366381954039,0.01945366381953862,0.01945362462456604,0.019453661178622676,0.01945366365150801,-1.7694179454963432e-15,-2.6409177136810236e-09
2658.9032490770664,0.01945436463314774,0.019454364633148032,0.019454364633144892,0.019454324972420854,0.01945436196062228,0.01945436446310079,-3.139849491518021e-15,-2.672525752783761e-09
2662.975076411028,0.0194551212393767,0.019455121239376545,0.019455121239372986,0.019455081099993624,0.019455118534383108,0.019455121067259894,-3.559652572704408e-15,-2.7049934375744655e-09
2667.0469037449902,0.019455935007823416,0.019455935007822847,0.019455935007819683,0.019455894376397276,0.01945593226946995,0.019455934833580102,-3.164135620181696e-15,-2.7383528986013594e-09
2671.118731078952,0.01945680740723026,0.019456807407228906,0.019456807407227297,0.019456766269859323,0.019456804634590836,0.019456807230801405,-1.609823385706477e-15,-2.7726380705250797e-09
2675.1905584129136,0.019457740013228034,0.01945774001322572,0.019457740013225654,0.01945769835546287,0.01945773720534056,0.019457739834552387,-6.591949208711867e-17,-2.807885160494017e-09
2679.2623857468757,0.019458734516960292,0.019458734516957024,0.01945873451695672,0.019458692323767544,0.019458731672824452,0.01945873433597437,-3.0531133177191805e-16,-2.8441325718164823e-09
2683.3342130808373,0.019459792734710175,0.0194597927347071,0.019459792734704856,0.019459749990433463,0.019459789853285423,0.01945979255134899,-2.2447321779139884e-15,-2.8814216776473778e-09
2687.406040414799,0.019460916618676573,0.01946091661867539,0.019460916618671602,0.019460873306991765,0.019460913698879128,0.019460916432873017,-3.788636071533347e-15,-2.919796262407237e-09
2691.477867748761,0.019462108269067496,0.019462108269068544,0.01946210826906488,0.019462064372932405,0.019462105309764825,0.019462108080750003,-3.6637359812630166e-15,-2.959303718741424e-09
2695.549695082723,0.019463369947706567,0.01946336994770889,0.019463369947705974,0.019463325449307324,0.019463366947714306,0.01946336975679913,-2.9178048865929895e-15,-2.9999945860836874e-09
2699.6215224166845,0.019464704093394816,0.019464704093397466,0.019464704093395516,0.019464658974087518,0.019464701051473812,0.019464703899817908,-1.949829186997931e-15,-3.0419236539402927e-09
2703.6933497506466,0.01946611333931244,0.01946611333931454,0.019466113339313956,0.019466067579556722,0.019466110254164858,0.019466113142982945,-5.828670879282072e-16,-3.0851496808648182e-09
2707.7651770846082,0.01946760053279498,0.019467600532796274,0.019467600532796545,0.01946755411208044,0.01946759740305969,0.01946760033362636,2.706168622523819e-16,-3.1297365844784597e-09
2711.83700441857,0.01946916875789468,0.019469168757895297,0.019469168757894062,0.019469121654657216,0.019469165582141717,0.019469168555796383,-1.2351231148954867e-15,-3.1757535802479087e-09
2715.908831752532,0.019470821361218693,0.019470821361218717,0.019470821361214162,0.0194707735527465,0.01947081813794274,0.019470821156095327,-4.5553838479150954e-15,-3.223275975988704e-09
2719.9806590864937,0.01947256198164458,0.019472561981644154,0.019472561981636893,0.019472513443971832,0.019472558709258136,0.019472561773395732,-7.261552470438914e-15,-3.2723860184102893e-09
2724.052486420456,0.019474394584648315,0.019474394584647958,0.019474394584639825,0.019474345292434976,0.019474391261474114,0.019474394373168086,-8.132383655379272e-15,-3.3231738437444758e-09
2728.1243137544175,0.019476323502150256,0.019476323502150228,0.019476323502143286,0.0194762734285437,0.01947632012641168,0.019476323287326347,-6.942363350859182e-15,-3.3757385463351053e-09
2732.196141088379,0.01947835347899834,0.019478353478998525,0.01947835347899459,0.019478302595474842,0.019478350048808976,0.019478353260711102,-3.9343528435153985e-15,-3.4301895490695955e-09
2736.2679684223413,0.019480489727489406,0.019480489727489107,0.019480489727489444,0.01948043800367135,0.01948048624084097,0.019480489505610966,3.365363543395006e-16,-3.486648136874493e-09
2740.339795756303,0.019482737991687392,0.01948273799168598,0.019482737991688873,0.019482685395131382,0.019482734446436556,0.019482737766081344,2.8935187579293142e-15,-3.545249423891894e-09
2744.4116230902646,0.01948510462376963,0.01948510462376774,0.019485104623769758,0.019485051119719345,0.019485101017623047,0.019485104394291367,2.0192181260370035e-15,-3.6061446918866924e-09
2748.4834504242267,0.0194875966752539,0.019487596675252787,0.019487596675252336,0.01948754222634651,0.019487593005748406,0.019487596441748564,-4.510281037539698e-16,-3.6695043809098493e-09
2752.5552777581884,0.01949022200677797,0.0194902220067779,0.019490222006775988,0.019490166572694777,0.019490218271256608,0.019490221769077658,-1.9116652705264414e-15,-3.735521291597932e-09
2756.62710509215,0.01949298942121542,0.019492989421216154,0.01949298942121425,0.019492932958265322,0.019492985616800546,0.01949298917913766,-1.904726376622534e-15,-3.804415608932299e-09
2760.698932426112,0.019495908826425885,0.01949590882642699,0.019495908826425608,0.019495851287041614,0.01949590494998698,0.019495908579772223,-1.3808398868775384e-15,-3.876440009265014e-09
2764.770759760074,0.019498991436010502,0.01949899143601181,0.019498991436010218,0.019498932768132755,0.019498987484124347,0.01949899118456414,-1.592476150946709e-15,-3.9518874631050416e-09
2768.8425870940355,0.019502250019340143,0.019502250019341187,0.019502250019339244,0.019502190165654854,0.019502245988240987,0.019502249762862422,-1.942890293094024e-15,-4.031100200169169e-09
2772.9144144279976,0.01950569921621763,0.01950569921621831,0.019505699216216886,0.019505638113202856,0.019505695101735738,0.019505698954444716,-1.4224732503009818e-15,-4.114482570621858e-09
2776.9862417619593,0.019509355937419714,0.019509355937420397,0.019509355937419665,0.019509293514134815,0.019509351734903087,0.0195093556700578,-7.320533068622126e-16,-4.202517309842557e-09
2781.058069095921,0.019513239880937488,0.01951323988093806,0.019513239880937165,0.019513176057461352,0.019513235585149308,0.019513239607655265,-8.951173136040325e-16,-4.295788752495255e-09
2785.129896429883,0.019517374206470203,0.019517374206470078,0.019517374206468634,0.01951730889185595,0.0195173698114567,0.019517373926890864,-1.4432899320127035e-15,-4.395013377539447e-09
2789.2017237638447,0.01952178643001723,0.01952178643001623,0.019521786430014662,0.019521719519561002,0.01952178192893102,0.019521786143707927,-1.5681900222830336e-15,-4.501085209412947e-09
2793.2735510978064,0.019526509630215533,0.019526509630214385,0.019526509630212,0.019526441001733116,0.01952650501507496,0.019526509336672663,-2.383510055992133e-15,-4.615139423402859e-09
2797.3453784317685,0.019531584105196665,0.01953158410519563,0.019531584105191627,0.019531513613828787,0.019531579366547973,0.019531583803823388,-4.003741782554471e-15,-4.738647658292239e-09
2801.41720576573,0.019537059695094092,0.019537059695093433,0.01953705969508766,0.0195369871658798,0.019537054821530914,0.01953705938517031,-5.773159728050814e-15,-4.873562518825647e-09
2805.489033099692,0.01954299911243083,0.01954299911243067,0.019542999112424093,0.019542924329387947,0.019542994089887442,0.019542998793068787,-6.5780714209040525e-15,-5.0225432285389005e-09
2809.560860433654,0.01954948284031334,0.019549482840313603,0.019549482840307695,0.01954940552988803,0.01954947765099386,0.019549482510389807,-5.908468159177005e-15,-5.189319744747234e-09
2813.6326877676156,0.01955661654305774,0.01955661654305829,0.019556616543054368,0.019556536348190576,0.019556611163759393,0.019556616201108688,-3.923944502659538e-15,-5.379298898683382e-09
2817.7045151015773,0.019564542636497432,0.019564542636498056,0.019564542636495423,0.019564459074487863,0.019564537035887414,0.01956454228054626,-2.633310236532793e-15,-5.6006106419204116e-09
2821.7763424355394,0.019573458993328772,0.019573458993328914,0.0195734589933266,0.019573371384665566,0.01957345312734689,0.019573458620596604,-2.3141211169530607e-15,-5.865982023040006e-09
2825.848169769501,0.01958365035595721,0.019583650355956782,0.019583650355955214,0.019583557699107773,0.019583644159732756,0.019583649962354448,-1.5681900222830336e-15,-6.196224026921993e-09
2829.9199971034627,0.019595543259928714,0.019595543259928617,0.019595543259926407,0.019595444001904057,0.01959553663297453,0.019595542839123004,-2.2100377083944522e-15,-6.6269540861807474e-09
2833.991824437425,0.019609805961022696,0.01960980596102318,0.019609805961017725,0.019609697561812932,0.01960979873913664,0.019609805502667894,-5.4539706084710815e-15,-7.221886540176303e-09
2838.0636517713865,0.019627536042169234,0.019627536042169623,0.019627536042160935,0.019627414134704084,0.019627527943263383,0.019627535528494295,-8.68749516769185e-15,-8.098906240094905e-09
2842.135479105348,0.019650612564324547,0.019650612564324377,0.01965061256431382,0.01965046941410016,0.01965060308911843,0.01965061196388113,-1.0557527074794848e-14,-9.475205946241072e-09
2846.2073064393103,0.019682283361035283,0.019682283361034312,0.01968228336102437,0.019682105888831875,0.019682271665578822,0.019682282620668293,-9.943434964299058e-15,-1.1695455489485473e-08
2850.279133773272,0.019727528940798267,0.019727528940796903,0.0197275289407904,0.019727302430122537,0.019727514075075298,0.019727528000643733,-6.501743587961073e-15,-1.4865721605084037e-08
2854.3509611072336,0.01978920086883351,0.01978920086883254,0.019789200868831125,0.01978895263169614,0.019789184586347028,0.019789199839073617,-1.4155343563970746e-15,-1.6282485512664202e-08
2858.4227884411957,0.019849081130620273,0.019849081130620404,0.019849081130624505,0.01984898144747974,0.019849074363665446,0.01984908069889733,4.100886297209172e-15,-6.7669549581872435e-09
2862.4946157751574,0.01986693410319111,0.019866934103192204,0.019866934103199216,0.01986706039783722,0.019866941791970894,0.019866934580441007,7.011752289898254e-15,7.688778690118081e-09
2866.566443109119,0.01985697008980735,0.019856970089808607,0.019856970089813516,0.019857075595539928,0.01985697642473046,0.019856970481944024,4.909267437014364e-15,6.334921854450615e-09
2870.638270443081,0.019862320580139314,0.019862320580140008,0.019862320580140192,0.019862280131855807,0.019862317557600952,0.019862320383743352,1.8388068845354155e-16,-3.022539055846929e-09
2874.710097777043,0.01989748262591238,0.01989748262591253,0.019897482625909558,0.019897291839984555,0.019897469956116666,0.019897481822568175,-2.9733160378242474e-15,-1.2669795865227762e-08
2878.7819251110045,0.019967985178197267,0.019967985178197537,0.019967985178193984,0.01996763108451493,0.019967962007483697,0.019967983713927107,-3.552713678800501e-15,-2.3170713840670043e-08
2882.8537524449666,0.02008726596665745,0.020087265966657813,0.020087265966653497,0.020086690314658248,0.02008722852327666,0.020087263603731573,-4.315992008230296e-15,-3.7443381152579835e-08
2886.9255797789283,0.02028357589426844,0.020283575894268616,0.020283575894262707,0.020282658379771872,0.02028351640902495,0.02028357214325197,-5.908468159177005e-15,-5.9485243664864074e-08
2890.99740711289,0.02060106068298266,0.020601060682982668,0.020601060682976572,0.020599650935627885,0.020600969473655643,0.02060105493420559,-6.0958182945825e-15,-9.120932702513795e-08
2895.069234446852,0.02105029803722597,0.021050298037225593,0.021050298037220673,0.021048588580456846,0.021050187661109714,0.021050291082910788,-4.919675777870225e-15,-1.1037611587910723e-07
2899.1410617808137,0.02141255354799982,0.02141255354799891,0.021412553547996024,0.021411813753638487,0.021412506108080608,0.021412550562142092,-2.886579864025407e-15,-4.743991830272187e-08
2903.2128891147754,0.021329594414482487,0.021329594414481456,0.021329594414481217,0.02133029910657727,0.021329640231290706,0.021329597304989827,-2.393918396847994e-16,4.581680924931053e-08
2907.2847164487375,0.02098833508416548,0.020988335084164894,0.020988335084165633,0.020989166536162666,0.02098838891172203,0.02098833847792189,7.389922007661198e-16,5.3827557137259285e-08
2911.356543782699,0.020664308138606508,0.020664308138606317,0.02066430813860549,0.020664878949323524,0.020664345015395838,0.020664310462545316,-8.257283745649602e-16,3.6876789521328446e-08
2915.428371116661,0.020406216916233195,0.020406216916232914,0.02040621691622953,0.02040653673313346,0.020406237410963573,0.02040621820533041,-3.382710778154774e-15,2.049473065909857e-08
2919.500198450623,0.020236650261338345,0.02023665026133787,0.02023665026133144,0.020236737864052067,0.020236655577971673,0.020236650591325647,-6.428885201970047e-15,5.316633803348347e-09
2923.5720257845846,0.02014254623652839,0.020142546236528024,0.020142546236518722,0.02014245132547258,0.020142539589795165,0.02014254581005892,-9.30158727818764e-15,-6.6467328585506635e-09
2927.6438531185463,0.02010053514786618,0.020100535147866323,0.020100535147855234,0.02010028117923005,0.0201005180242689,0.020100534058224963,-1.1088352458443751e-14,-1.712359742195302e-08
2931.7156804525084,0.020096581051213584,0.020096581051214257,0.020096581051203582,0.02009614888304381,0.02009655213231764,0.020096579214162764,-1.0675488271161271e-14,-2.8918896617657897e-08
2935.78750778647,0.02012694171021123,0.020126941710211885,0.020126941710203003,0.020126261327569252,0.02012689631231945,0.020126938828291793,-8.881784197001252e-15,-4.539789243487857e-08
2939.8593351204318,0.020196567882826272,0.02019656788282631,0.020196567882819188,0.020195521920117275,0.020196498189365964,0.02019656345988317,-7.12277459236077e-15,-6.969346034654822e-08
2943.931162454394,0.020312724189155,0.020312724189154596,0.02031272418914896,0.020311310279741184,0.02031263006468627,0.020312718215518045,-5.6343818499726694e-15,-9.412446832710031e-08
2948.0029897883555,0.020449800647781968,0.020449800647782426,0.020449800647779223,0.020448775473335193,0.020449732302208718,0.020449796303830856,-3.202299536653186e-15,-6.83455737074401e-08
2952.074817122317,0.020512254979268573,0.020512254979270488,0.0205122549792712,0.02051265932616568,0.02051228087185351,0.020512256603014013,7.112366251504909e-16,2.58925830221024e-08
2956.1466444562793,0.020490957073214616,0.020490957073216944,0.02049095707322,0.020491686994692705,0.020491004374237794,0.020490960058537587,3.056582764671134e-15,4.730102085015453e-08
2960.218471790241,0.020498184393728844,0.02049818439373052,0.020498184393732688,0.020498103551942946,0.02049817886210605,0.020498184044499167,2.168404344971009e-15,-5.531624470977992e-09
2964.2902991242026,0.020578263504141443,0.02057826350414164,0.02057826350414181,0.020577340526547454,0.0205782032461826,0.020578259700124026,1.700029006457271e-16,-6.025795904265885e-08
2968.3621264581648,0.020675670053141134,0.0206756700531402,0.020675670053138896,0.02067471853536919,0.02067560824095255,0.0206756661523707,-1.304512053934559e-15,-6.181218764958474e-08
2972.4339537921264,0.020678442059214708,0.020678442059213615,0.020678442059211877,0.02067821178493784,0.020678427235220023,0.020678441124590552,-1.7381929229287607e-15,-1.4823993591678297e-08
2976.505781126088,0.020616242159772005,0.020616242159771547,0.02061624215976995,0.020616233360568757,0.020616241542190092,0.02061624212004086,-1.5959455978986625e-15,-6.175814547260128e-10
2980.57760846005,0.020584026744847325,0.020584026744847047,0.020584026744847137,0.02058386240997522,0.02058401587716884,0.020584026056521623,9.020562075079397e-17,-1.0867678205267461e-08
2984.649435794012,0.020601521872582143,0.02060152187258131,0.020601521872583857,0.020601175457145106,0.020601499087109475,0.020601520430942932,2.546574062733953e-15,-2.2785471835706783e-08
2988.7212631279735,0.020659741681250236,0.020659741681248983,0.020659741681251228,0.020659242209329645,0.02065970889148461,0.020659739607432417,2.2447321779139884e-15,-3.278976437245951e-08
2992.7930904619357,0.02075152939970983,0.020751529399708705,0.020751529399708316,0.02075089061715717,0.020751487512970637,0.020751526751200178,-3.885780586188048e-16,-4.188673806762577e-08
2996.8649177958973,0.02087466545646607,0.020874665456465248,0.02087466545646488,0.020873886177897177,0.020874614409301977,0.02087466222947819,-3.677613769070831e-16,-5.104716327072878e-08
3000.936745129859,0.021030472353626418,0.02103047235362582,0.02103047235362872,0.021029537448631626,0.021030411186896712,0.021030468488048532,2.9004576518332215e-15,-6.11667291088025e-08
3005.008572463821,0.021224354186941574,0.02122435418694134,0.021224354186946782,0.021223220585007165,0.021224280125326747,0.021224349508060063,5.440092820663267e-15,-7.406161459458382e-08
3009.080399797783,0.021466366509807704,0.021466366509807933,0.021466366509814434,0.021464971656231967,0.021466275500901032,0.02146636076211898,6.501743587961073e-15,-9.100890690019736e-08
3013.1522271317444,0.02177071955096652,0.021770719550967002,0.021770719550974198,0.021768980620116875,0.02177060622194263,0.021770712395631053,7.195632978351796e-15,-1.1332902437322101e-07
3017.2240544657066,0.022157777579856697,0.022157777579857395,0.02215777757986349,0.02215557426189804,0.02215763412885912,0.022157768524903546,6.0958182945825e-15,-1.4345099827450802e-07
3021.295881799668,0.022657756701635008,0.022657756701635872,0.022657756701639904,0.022654908144866783,0.022657571404969306,0.022657745007859276,4.0314973581701e-15,-1.8529666656608157e-07
3025.36770913363,0.023316547455194746,0.023316547455194906,0.023316547455199284,0.02331277497348686,0.023316302250809284,0.023316531983811953,4.378442053365461e-15,-2.4520438562242175e-07
3029.439536467592,0.024205816185246885,0.024205816185245647,0.024205816185253148,0.024200677019998954,0.024205482381006442,0.024205795127342444,7.500944310123714e-15,-3.3380423920467694e-07
3033.5113638015537,0.025441318055204352,0.025441318055201518,0.02544131805521152,0.0254340831702142,0.025440848411514873,0.025441288432637797,1.000241556248227e-14,-4.6964368664512146e-07
3037.5831911355153,0.027217222492605872,0.02721722249260199,0.027217222492611774,0.027206644123138817,0.027216536163093934,0.027217179208718082,9.783840404509192e-15,-6.863295080559995e-07
3041.6550184694775,0.029871992950401202,0.029871992950396213,0.0298719929504048,0.029855856237597518,0.029870946436656387,0.02987192695911965,8.586881206085195e-15,-1.0465137398260604e-06
3045.726845803439,0.03401325695036887,0.03401325695036209,0.034013256950369025,0.03398755468239373,0.034011590655147673,0.03401315188718808,6.931955010003321e-15,-1.666295214419744e-06
3049.798673137401,0.0407208718635407,0.040720871863530954,0.04072087186353493,0.04067870581976096,0.040718139036952566,0.040720699566747745,3.975986206938842e-15,-2.732826578387415e-06
3053.870500471363,0.051613946571306926,0.05161394657129278,0.05161394657129138,0.05154711476236667,0.051609616837269084,0.051613673607949086,-1.394717674685353e-15,-4.329734023693355e-06
3057.9423278053246,0.06712209898625683,0.06712209898624055,0.06712209898623323,0.06704153474144302,0.06711688416137931,0.06712177021917987,-7.327471962526033e-15,-5.214824861238254e-06
3062.0141551392862,0.07925538088477671,0.07925538088477292,0.07925538088476652,0.0792346941986297,0.07925404548213165,0.07925529657904737,-6.3976601794024646e-15,-1.3354026412726316e-06
3066.0859824732484,0.07396243261085887,0.07396243261087408,0.07396243261087727,0.07403473280716061,0.07396709790648003,0.07396272640529063,3.191891195797325e-15,4.66529560594342e-06
3070.15780980721,0.05815811417596859,0.058158114175986354,0.0581581141759962,0.058240013855056574,0.058163391962214796,0.05815844657506178,9.846290449644357e-15,5.277786228441439e-06
3074.2296371411717,0.04499955052883333,0.04499955052884582,0.044999550528857075,0.04505495963009212,0.045003119304806015,0.04499977528516202,1.1254885912137524e-14,3.568775960194337e-06
3078.301464475134,0.036642045357891,0.0366420453578982,0.03664204535790648,0.03667593436082341,0.036644227380293395,0.03664218276922436,8.278100427361323e-15,2.182022395193217e-06
3082.3732918090955,0.03153106714496841,0.03153106714497142,0.031531067144974466,0.03155202731959741,0.031532416263880064,0.03153115209681354,3.0461744238152733e-15,1.349118908644531e-06
3086.445119143057,0.028317480421160692,0.028317480421161667,0.028317480421161584,0.02833094993857651,0.02831834702244132,0.02831753498298968,-8.326672684688674e-17,8.666012796532119e-07
3090.5169464770192,0.026210669063831776,0.026210669063833132,0.026210669063832726,0.026219683577572695,0.02621124870926563,0.026210705553094973,-4.0592529337857286e-16,5.796454324961953e-07
3094.588773810981,0.02477189664558591,0.024771896645587974,0.024771896645587856,0.024778151780912732,0.024772298563975458,0.024771921941893312,-1.1796119636642288e-16,4.0191838748468434e-07
3098.6606011449426,0.023753248786433968,0.02375324878643588,0.023753248786437378,0.02375772295349749,0.023753536002154508,0.023753266859173214,1.4988010832439613e-15,2.8721571862858064e-07
3102.7324284789047,0.02300942331388301,0.023009423313884732,0.023009423313890793,0.02301270373835109,0.02300963365103682,0.023009436545213036,6.061123825062964e-15,2.1033715208798598e-07
3106.8042558128664,0.02245184558594973,0.022451845585951515,0.0224518455859642,0.02245429853135619,0.022452002634456816,0.022451855461513955,1.2684298056342413e-14,1.5704850530109948e-07
3110.876083146828,0.022024478526218,0.022024478526219502,0.022024478526239007,0.02202634062533489,0.022024597525535216,0.022024486005731207,1.950523076388322e-14,1.1899931571385247e-07
3114.94791048079,0.021690658485081532,0.021690658485082226,0.021690658485106474,0.02169208750646288,0.02169074959463996,0.021690664208316224,2.424796474720381e-14,9.110955773508622e-08
3119.019737814752,0.021425668587141716,0.02142566858714178,0.02142566858716705,0.021426772690919246,0.021425738771007105,0.02142567299263059,2.5267982151078172e-14,7.0183865323592e-08
3123.0915651487135,0.021212397968072963,0.02121239796807279,0.021212397968095414,0.021213253152689335,0.021212452118835653,0.021212401363893033,2.2624263573689518e-14,5.415076286333087e-08
3127.1633924826756,0.021038719360079176,0.02103871936007879,0.021038719360096075,0.021039380199982964,0.021038760990534297,0.021038721967413628,1.7284784714632906e-14,4.163045550648059e-08
3131.2352198166373,0.020895856111595685,0.020895856111594932,0.020895856111603845,0.020896362558177898,0.02089588779281456,0.020895858092323343,8.913009219568835e-15,3.1681219626877866e-08
3135.307047150599,0.020777337010483926,0.02077733701048289,0.02077733701048173,0.020777718812991428,0.020777360656565484,0.02077733848511271,-1.1587952819525071e-15,2.3646082595446538e-08
3139.378874484561,0.02067831048600286,0.020678310486001925,0.02067831048599325,0.02067859013370543,0.020678327543567993,0.020678311545603338,-8.673617379884035e-15,1.7057566067957275e-08
3143.4507018185227,0.02059508437546833,0.020595084375467518,0.020595084375455767,0.02059527909785325,0.02059509595247594,0.020595085089785393,-1.1751016826266891e-14,1.1577008421359558e-08
3147.5225291524844,0.020524810696400858,0.020524810696400192,0.02052481069638776,0.020524933849517153,0.0205248176514253,0.02052481111947601,-1.24310284288498e-14,6.9550251079186776e-09
3151.5943564864465,0.02046526569384968,0.02046526569384958,0.02046526569383741,0.0204653277382285,0.020465268699052023,0.020465265867986932,-1.2167350460501325e-14,3.0052024445337278e-09
3155.666183820408,0.02041469374895067,0.020414693748951364,0.020414693748940352,0.020414702950565362,0.02041469333521076,0.020414693707557868,-1.1012024625500771e-14,-4.137406042770131e-10
3159.73801115437,0.020371694881305802,0.0203716948813069,0.02037169488129702,0.02037165782141838,0.020371691471046463,0.020371694650961114,-9.880984919163893e-15,-3.4102604386243573e-09
3163.809838488332,0.02033514251285346,0.020335142512854332,0.020335142512845832,0.020335064463852234,0.020335136444235093,0.020335142114829268,-8.500145032286355e-15,-6.068619239074646e-09
3167.8816658222936,0.02030412256474626,0.02030412256474667,0.020304122564738965,0.020304007770615185,0.020304114109720484,0.02030412201614625,-7.705641680288977e-15,-8.455026186127146e-09
3171.9534931562553,0.020277887808512245,0.020277887808512342,0.020277887808504633,0.02027773969649431,0.020277877186444145,0.020277887123129393,-7.70911112724093e-15,-1.0622068197241319e-08
3176.0253204902174,0.020255823269356443,0.020255823269356717,0.0202558232693492,0.02025564461134049,0.020255810657409976,0.020255822458326578,-7.518291544883482e-15,-1.2611946740431756e-08
3180.097147824179,0.020237419735370722,0.02023741973537131,0.020237419735365067,0.020237212772102307,0.02023740527649935,0.020237418807675104,-6.241535066564552e-15,-1.4458871957362396e-08
3184.1689751581407,0.020222253279675206,0.020222253279675615,0.020222253279673395,0.02022201981717269,0.02022223708882371,0.020222252242530554,-2.220446049250313e-15,-1.61908519057119e-08
3188.240802492103,0.020209969290387226,0.020209969290387257,0.020209969290387545,0.020209710775359494,0.020209951459342727,0.02020996814955212,2.8796409701215e-16,-1.783104452979245e-08
3192.3126298260645,0.020200269913667326,0.020200269913667083,0.020200269913666604,0.02019998749290716,0.020200250514877702,0.020200268673682357,-4.787836793695988e-16,-1.9398789380398185e-08
3196.384457160026,0.020192904105038476,0.020192904105037636,0.020192904105037032,0.020192598672473815,0.020192883194635552,0.020192902769415974,-6.036837696399289e-16,-2.091040208346273e-08
3200.4562844939883,0.020187659691412483,0.020187659691410828,0.0201876596914089,0.020187331925566918,0.02018763731161898,0.0201876582627885,-1.9290125052862095e-15,-2.2379791849574948e-08
3204.52811182795,0.02018435699597326,0.020184356995971243,0.020184356995964502,0.02018400738990586,0.020184333177025494,0.020184355476229064,-6.741135427645872e-15,-2.381894574979282e-08
3208.5999391619116,0.020182843687316744,0.020182843687315703,0.0201828436873035,0.020182472572614078,0.020182818449003968,0.020182842077675747,-1.2202044930020861e-14,-2.5238311735648056e-08
3212.6717664958737,0.020182990594735366,0.020182990594735578,0.020182990594719043,0.020182598160758024,0.020182963947631583,0.020182988895838947,-1.6535384173010925e-14,-2.664710399558068e-08
3216.7435938298354,0.020184688291360345,0.020184688291361177,0.0201846882913419,0.020184274600675036,0.020184660237812298,0.02018468650333009,-1.927624726505428e-14,-2.8053548879747314e-08
3220.815421163797,0.020187844291738734,0.020187844291739802,0.020187844291720436,0.020187409292453863,0.020187814826655152,0.020187842414226997,-1.9366452885805074e-14,-2.9465084649960005e-08
3224.887248497759,0.02019238074431821,0.02019238074431849,0.020192380744302428,0.020191924279879928,0.020192349855793795,0.020192378776546623,-1.6063539387545234e-14,-3.088852469634862e-08
3228.959075831721,0.020198232525117946,0.020198232525117474,0.020198232525107766,0.020197754342009006,0.020198200194924153,0.020198230465909704,-9.707512571566213e-15,-3.2330193321106204e-08
3233.0309031656825,0.020205345658685054,0.020205345658684922,0.020205345658680325,0.02020484541236685,0.020205311862646014,0.020205343506488567,-4.597017211338539e-15,-3.379603890837912e-08
3237.1027304996446,0.020213676007722104,0.020213676007722885,0.020213676007720654,0.020213153267089362,0.020213640715992874,0.020213673760626865,-2.230854390106174e-15,-3.5291730010600375e-08
3241.1745578336063,0.020223188184672516,0.020223188184673717,0.02022318818467587,0.020222642435237,0.02022315136193624,0.020223185840421026,2.1545265571631944e-15,-3.6822737477237855e-08
3245.246385167568,0.0202338546478727,0.02023385464787347,0.020233854647882837,0.02023328529384191,0.02023381625346708,0.0202338522038688,9.367506770274758e-15,-3.8394406390307445e-08
3249.31821250153,0.020245654952217793,0.020245654952217907,0.02024565495223493,0.020245061317598533,0.020245614940198713,0.020245652405531545,1.7024576193236385e-14,-4.001201919442976e-08
3253.3900398354917,0.020258575130109435,0.02025857513010913,0.020258575130131497,0.020257956458934606,0.020258533449256388,0.020258572477477164,2.236752449924495e-14,-4.1680852741476926e-08
3257.4618671694534,0.020272607183096397,0.020272607183095547,0.020272607183117075,0.02027196263885169,0.020272563776865288,0.020272604420916805,2.1527918336872176e-14,-4.340623025941848e-08
3261.5336945034155,0.02028774866835079,0.02028774866834968,0.020287748668364376,0.020287077332658807,0.02028770347477949,0.020287745792679543,1.469657728847551e-14,-4.519357018825665e-08
3265.605521837377,0.020304002367147158,0.020304002367146457,0.020304002367154215,0.020303303237745412,0.02030395531871434,0.020303999373687896,7.757683384568281e-15,-4.7048432115504024e-08
3269.677349171339,0.02032137602496411,0.020321376024964158,0.020321376024971024,0.020320648013000438,0.020321327048402445,0.020321372909055817,6.8660355179162025e-15,-4.8976561712460454e-08
3273.749176505301,0.020339882154848825,0.020339882154848842,0.020339882154859556,0.02033912408150572,0.020339831170913866,0.020339878911450258,1.071365218763276e-14,-5.098393497660059e-08
3277.8210038392626,0.020359537897357574,0.020359537897356943,0.020359537897369787,0.02035874848980647,0.020359484820554642,0.02035953452103109,1.284389261613228e-14,-5.3076802300489057e-08
3281.8928311732243,0.020380364931791732,0.020380364931791108,0.02038036493180254,0.0203795428184635,0.020380309670057255,0.020380361416684055,1.1431827706687159e-14,-5.526173385214661e-08
3285.9646585071864,0.020402389434631088,0.02040238943463103,0.020402389434640445,0.02040153313977822,0.02040233188896476,0.020402385774448594,9.416079027602109e-15,-5.754566627033664e-08
3290.036485841148,0.02042564208207834,0.020425642082079087,0.020425642082085638,0.020424750019600375,0.020425582146127486,0.020425638270060442,6.5503158452884236e-15,-5.993595160111442e-08
3294.1083131751097,0.020450158094527854,0.020450158094529464,0.020450158094532954,0.020449228561017396,0.020450095654120454,0.020450154123417396,3.490263633665336e-15,-6.244040900993397e-08
3298.180140509072,0.020475977321556857,0.020475977321559057,0.02047597732156308,0.020475008488513167,0.020475912254178847,0.020475973183566854,4.0245584642661925e-15,-6.506738020953251e-08
3302.2519678430335,0.020503144366752164,0.0205031443667545,0.020503144366761362,0.020502134271899695,0.020503076540965344,0.020503140053528733,6.862566070964249e-15,-6.782578915523474e-08
3306.323795176995,0.020531708752352353,0.02053170875235411,0.02053170875236144,0.020530655289989593,0.02053163802714789,0.020531704254933735,7.330941409477987e-15,-7.072520621931311e-08
3310.3956225109573,0.020561725124315807,0.020561725124316463,0.02056172512432231,0.020560626034607673,0.020561651348397367,0.020561720433087186,5.84601811404184e-15,-7.377591909607517e-08
3314.467449844919,0.020593253499043788,0.020593253499043125,0.020593253499046584,0.020592106356156454,0.020593176510033496,0.020593248603686862,3.4590386110977533e-15,-7.698900962929689e-08
3318.5392771788806,0.02062635955360231,0.020626359553600117,0.020626359553600024,0.020625161752564614,0.0206262791771611,0.020626354443039265,-9.367506770274758e-17,-8.037643901837033e-08
3322.6111045128428,0.020661114961917804,0.020661114961914424,0.020661114961911538,0.02065986370407756,0.020661031010773035,0.020661109624249954,-2.886579864025407e-15,-8.395114138928794e-08
3326.6829318468044,0.02069759778008658,0.02069759778008293,0.02069759778007773,0.020696290057009004,0.020697510052955028,0.02069759220252596,-5.200700980978468e-15,-8.772712790233728e-08
3330.7547591807665,0.020735892884639274,0.020735892884637258,0.020735892884626794,0.020734525460274534,0.020735801165034956,0.020735887053433304,-1.04638520070921e-14,-9.171960230203169e-08
3334.826586514728,0.020776092468373704,0.020776092468374172,0.020776092468353942,0.020774661859293178,0.020775996523284414,0.020776086368719183,-2.0230345176841524e-14,-9.594508975849236e-08
3338.89841384869,0.02081829659920409,0.020818296599206254,0.020818296599177256,0.020816799052682588,0.020818196177625425,0.020818290215153697,-2.899763762442831e-14,-1.0042158082868013e-07
3342.970241182652,0.020862613848426286,0.020862613848428285,0.02086261384839456,0.02086104531811117,0.020862508679735624,0.020862607162785624,-3.372302437298913e-14,-1.0516869266077866e-07
3347.0420685166137,0.020909161995852802,0.020909161995854342,0.02090916199581692,0.020907518114725278,0.02090905178800431,0.02090915499006835,-3.742145482377168e-14,-1.1020785003340583e-07
3351.1138958505753,0.020958068820482588,0.02095806882048542,0.020958068820443685,0.020956344870766926,0.02095795325799619,0.020958061474514234,-4.1733977385050025e-14,-1.1556248923072499e-07
3355.1857231845374,0.021009472986737655,0.02100947298674089,0.02100947298669626,0.021007663866367304,0.021009351728453304,0.021009465278911992,-4.463096558993129e-14,-1.2125828758799417e-07
3359.257550518499,0.02106352503787146,0.021063525037873156,0.021063525037825218,0.021061625223074403,0.02106339771444976,0.021063516944724116,-4.793734853514309e-14,-1.273234233947762e-07
3363.3293778524608,0.021120388510010576,0.02112038851001003,0.021120388509958326,0.021118392013494528,0.02112025472114036,0.02112038000611132,-5.170516792496471e-14,-1.337888696703593e-07
3367.401205186423,0.02118024118239997,0.02118024118239823,0.021180241182347143,0.02117814150653932,0.021180100493669786,0.021180232240154345,-5.108760636751697e-14,-1.4068872844497093e-07
3371.4730325203845,0.02124327648189757,0.021243276481895616,0.021243276481848584,0.02124106656623391,0.021243128421285482,0.021243267071322312,-4.7031822880683194e-14,-1.4806061013339367e-07
3375.544859854346,0.021309705062662603,0.021309705062660656,0.021309705062619092,0.021307377224925574,0.021309549116593562,0.021309695151134515,-4.15639744844043e-14,-1.559460670944035e-07
3379.6166871883083,0.021379756585394344,0.021379756585392987,0.021379756585358328,0.02137730245511694,0.021379592194304797,0.02137974613736968,-3.4659775050016606e-14,-1.6439108819002457e-07
3383.68851452227,0.021453681724493665,0.02145368172449341,0.021453681724465726,0.021451092168140548,0.021453508277827105,0.021453670701190003,-2.7682717229637888e-14,-1.734466663037837e-07
3387.7603418562317,0.021531754436257055,0.02153175443625769,0.021531754436235628,0.021529019472607307,0.02153157126680831,0.021531742795293213,-2.2062213167473033e-14,-1.831694493789615e-07
3391.832169190194,0.021614274526849993,0.02161427452685082,0.021614274526835092,0.021611383231161487,0.021614080904360615,0.021614262221839712,-1.5727003033205733e-14,-1.9362249020424271e-07
3395.9039965241554,0.021701570565513282,0.02170157056551395,0.02170157056550725,0.021698510960736543,0.021701365689401654,0.021701557545604204,-6.702971511174383e-15,-2.048761122974696e-07
3399.975823858117,0.02179400319646167,0.021794003196462495,0.021794003196464233,0.021790762129463907,0.021793786187551078,0.021793989405810323,1.7381929229287607e-15,-2.1700891141701595e-07
3404.0476511920792,0.02189196891253345,0.021891968912534296,0.02189196891253957,0.021888531912923823,0.021891738803615723,0.021891954289704973,5.2735593669694936e-15,-2.3010891857244697e-07
3408.119478526041,0.021995904365189122,0.021995904365189698,0.021995904365197928,0.021992255483895374,0.02199566009023609,0.021995888842472177,8.229528170033973e-15,-2.44274953608431e-07
3412.1913058600026,0.022106291299400747,0.022106291299401573,0.022106291299417796,0.022102412923605357,0.02210603168119629,0.022106274802023002,1.62231339473351e-14,-2.5961820528455637e-07
3416.2631331939647,0.02222366221885623,0.02222366221885723,0.02222366221888645,0.022219534859244182,0.022223385954775045,0.022223644664079938,2.921968222935334e-14,-2.7626408218364706e-07
3420.3349605279263,0.02234860690743028,0.02234860690743105,0.022348606907468628,0.022344208952910654,0.022348312553044106,0.02234858820351118,3.7577579936609595e-14,-2.9435438694477845e-07
3424.406787861888,0.022481779957962016,0.02248177995796221,0.02248177995799668,0.022477087392045424,0.022481465908082705,0.022481760002945984,3.446895546765916e-14,-3.140498795045632e-07
3428.47861519585,0.02262390949012645,0.022623909490125178,0.02262390949015024,0.02261889556194094,0.022623573956815454,0.02262388817045223,2.506328478091291e-14,-3.355333097233848e-07
3432.550442529812,0.02277580727704764,0.022775807277045267,0.022775807277058444,0.02277044211850205,0.02277544826402762,0.022775784465923397,1.3176959523519827e-14,-3.5901301764784677e-07
3436.6222698637735,0.02293838054716153,0.02293838054716005,0.02293838054715737,0.022932630725922065,0.02293799581993499,0.02293835610266766,-2.6818824938601438e-15,-3.8472722506052714e-07
3440.6940971977356,0.023112645786043377,0.02311264578604345,0.023112645786028726,0.023106473781705973,0.023112232836873248,0.023112619548905484,-1.472433286409114e-14,-4.129491702024868e-07
3444.7659245316972,0.02329974493561951,0.023299744935620727,0.02329974493560033,0.0232931085236055,0.023299300942342685,0.023299716726593155,-2.0396878630535298e-14,-4.4399327804242605e-07
3448.837751865659,0.023500964479468218,0.023500964479470008,0.02350096447944774,0.02349381600355912,0.02350048625686317,0.023500934096251005,-2.2266910537638296e-14,-4.78222606837414e-07
3452.909579199621,0.023717758018082995,0.02371775801808508,0.023717758018064927,0.023710043527952127,0.023717241960209447,0.023717725231653285,-2.0154017343898545e-14,-5.160578756338574e-07
3456.9814065335827,0.02395177308413398,0.023951773084135375,0.023951773084119568,0.023943431308427927,0.023951215095673505,0.02395173763438938,-1.5806800313100666e-14,-5.579884618696351e-07
3461.0532338675443,0.0242048831343287,0.024204883134327542,0.02420488313431688,0.024195844252425127,0.02420427854846184,0.024204844724870514,-1.0661610483353456e-14,-6.045858657009739e-07
3465.1250612015065,0.02447922589408137,0.024479225894079474,0.02447922589407369,0.024469410060076253,0.024478569373797495,0.02447918418595125,-5.783568068906675e-15,-6.565202819788785e-07
3469.196888535468,0.02477724954093005,0.024777249540930194,0.024777249540924712,0.02476656510097443,0.024776534959819182,0.024777204145036796,-5.4817261840867104e-15,-7.145811110123579e-07
3473.26871586943,0.025101768615651266,0.025101768615653663,0.025101768615645864,0.025090109943559993,0.025100988913159938,0.02510171908357507,-7.799316747991725e-15,-7.79702493725748e-07
3477.340543203392,0.025456032078300873,0.02545603207830418,0.02545603207829675,0.02544327693302129,0.0254551790830057,0.025455977891070743,-7.428085924132688e-15,-8.529952984781541e-07
3481.4123705373536,0.02584380662401053,0.025843806624012804,0.025843806624009695,0.025829812904249454,0.0258428708365586,0.025843747178320192,-3.1086244689504383e-15,-9.357874542030575e-07
3485.4841978713152,0.026269479301893793,0.026269479301893627,0.026269479301898227,0.026254081035408435,0.026268449626734098,0.02626941389306546,4.6004866582904924e-15,-1.0296751595285925e-06
3489.5560252052774,0.02673818472677719,0.026738184726774736,0.02673818472679107,0.02672118708088413,0.026737048138394556,0.02673811252756578,1.6334156249797616e-14,-1.1365883801801868e-06
3493.627852539239,0.027255963861337756,0.027255963861335993,0.027255963861366504,0.027237136891880457,0.02725470498605815,0.027255883895373187,3.0510316495480083e-14,-1.2588752778437684e-06
3497.6996798732007,0.02782996365363359,0.027829963653633976,0.027829963653681945,0.027809034414435465,0.027828564241687368,0.0278298747618883,4.796857355771067e-14,-1.3994119466079202e-06
3501.771507207163,0.028468690001021237,0.028468690001022395,0.02846869000108492,0.028445332503736886,0.028467128254712076,0.028468590799141973,6.252637296810803e-14,-1.5617463103197171e-06
3505.8433345411245,0.029182330957730332,0.02918233095773129,0.02918233095779735,0.029156153286623226,0.029180580669129826,0.02918221978127714,6.606173941214877e-14,-1.750288601463923e-06
3509.915161875086,0.029983173379071117,0.02998317337907252,0.02998317337914284,0.029953701002093887,0.029981202813014838,0.02998304821257868,7.03222202691478e-14,-1.9705660576803397e-06
3513.9869892090483,0.030886145160953903,0.030886145160956065,0.0308861451610426,0.03085279910030478,0.030883915593767648,0.03088600354512511,8.653494587562705e-14,-2.2295671884171864e-06
3518.05881654301,0.03190952820904435,0.03190952820904604,0.031909528209149864,0.031871596183489524,0.03190699199650062,0.03190936711804563,1.0382666948416386e-13,-2.5362125454161943e-06
3522.1306438769716,0.03307590631318653,0.03307590631318675,0.033075906313294115,0.03303250415047235,0.03307300430660257,0.033075721990545454,1.0736550537515654e-13,-2.9020065841767195e-06
3526.2024712109337,0.034413440464474136,0.03441344046447453,0.03441344046456758,0.03436345986085362,0.03441009851193783,0.034413228200872475,9.305056725139593e-14,-3.3419525366992775e-06
3530.2742985448954,0.03595760707920331,0.03595760707920587,0.035957607079270745,0.03589964392006765,0.03595373122390814,0.035957360907515314,6.487865800153259e-14,-3.875855297728881e-06
3534.346125878857,0.03775360069800662,0.03775360069801062,0.03775360069804274,0.037685855260478726,0.03774907049151413,0.037753312968609044,3.212013988118656e-14,-4.530206496489164e-06
3538.417953212819,0.03985970644101274,0.039859706441016475,0.03985970644103125,0.0397798422190524,0.03985436548175774,0.03985936722086224,1.477290512141849e-14,-5.340959258734457e-06
3542.489780546781,0.0423521135355417,0.042352113535544494,0.04235211353556287,0.0422570540238163,0.04234575584562316,0.04235170974291971,1.837419105754634e-14,-6.357689921333842e-06
3546.5616078807425,0.04533191291938749,0.04533191291938932,0.04533191291940585,0.04521754344909241,0.04532426295015127,0.04533142705396541,1.6535384173010925e-14,-7.649969238049392e-06
3550.6334352147046,0.04893547714932202,0.04893547714932383,0.04893547714930818,0.04879619812310327,0.04892615981188574,0.048934885388633144,-1.56472057533108e-14,-9.31733743808616e-06
3554.7052625486663,0.05335020343600004,0.053350203436003205,0.053350203435936605,0.053178245210681194,0.053338698125584345,0.053349472715208554,-6.659950368970158e-14,-1.1505310418859216e-05
3558.777089882628,0.058838983819900936,0.058838983819905426,0.058838983819798664,0.05862332885474065,0.058824552054955084,0.05883806723555742,-1.0676182160551662e-13,-1.443176495034143e-05
3562.84891721659,0.06577928502716125,0.06577928502716651,0.06577928502703302,0.06550392361898157,0.065760853294889,0.06577811439554973,-1.3349044092336726e-13,-1.843173227751571e-05
3566.9207445505517,0.07472745274327103,0.07472745274327715,0.07472745274311751,0.07436847133473028,0.07470341683415023,0.07472592617136858,-1.596361931532897e-13,-2.403590912691822e-05
3570.9925718845134,0.08652803774558109,0.08652803774558875,0.08652803774541407,0.08604859149294565,0.08649592472263724,0.08652599815800639,-1.7467971513696057e-13,-3.211302295150209e-05
3575.0643992184755,0.10250631524792955,0.10250631524793978,0.10250631524778941,0.10184763069661726,0.10246217814102147,0.10250351193420337,-1.5036583089766964e-13,-4.413710691830719e-05
3579.136226552437,0.12481980477369507,0.12481980477370808,0.12481980477363282,0.12388449171924304,0.12475709925291982,0.12481582202531784,-7.52592432817778e-14,-6.270552078825598e-05
3583.208053886399,0.157121752682094,0.15712175268211034,0.15712175268211753,0.15574192215352023,0.1570291902380149,0.15711587340624913,7.188694084447889e-15,-9.256244409544534e-05
3587.279881220361,0.20583673752644305,0.2058367375264649,0.2058367375265273,0.20371274800698494,0.20569416227255577,0.20582768130824075,6.242228955954943e-14,-0.00014257525390912185
3591.3517085543226,0.282532181501138,0.28253218150116816,0.2825321815012658,0.2791240210921298,0.28230328060786625,0.28251764160697773,9.764411501578252e-14,-0.00022890089330190877
3595.4235358882843,0.4073393221394284,0.40733932213947166,0.40733932213957685,0.4017557717489405,0.4069643687828046,0.40731550535508715,1.0519363158323358e-13,-0.00037495335666704044
3599.4953632222464,0.6066650905803014,0.6066650905803707,0.6066650905805397,0.5981234003582402,0.6060930900093227,0.6066287644199221,1.6908696665041134e-13,-0.0005720005710480036
3603.567190556208,0.8654012441675354,0.865401244167667,0.8654012441680663,0.8566334079316205,0.8648215739173792,0.8653644617114163,3.993472219576688e-13,-0.0005796702502877116
3607.6390178901697,0.9999999999997727,1.0,1.0000000000006901,1.0004944309772623,1.0000462691720642,1.0000029887518003,6.901146321069973e-13,4.6269172064183905e-05
3611.710845224132,0.8417793856321204,0.8417793856323609,0.841779385632921,0.8508909378045503,0.8423890238034404,0.8418180922362662,5.601075159233915e-13,0.0006096381710795074
3615.7826725580935,0.5869572999111746,0.586957299911345,0.5869572999115638,0.595339647808272,0.5875118439782931,0.5869924833781599,2.1871393585115584e-13,0.0005545440669481039
3619.854499892055,0.3990932048938784,0.3990932048939836,0.39909320489398953,0.404467981826599,0.3994478785153629,0.39911570373105626,5.9396931817445875e-15,0.0003546736213793089
3623.9263272260173,0.2837992652730311,0.2837992652730949,0.2837992652729912,0.2870213645488035,0.28401183447210726,0.2838127494311462,-1.0369483049998962e-13,0.00021256919901235793
3627.998154559979,0.21472930340082128,0.21472930340086008,0.21472930340073235,0.21666678397919706,0.2148571411991758,0.21473741278858738,-1.2773115898312426e-13,0.00012783779831571085
3632.0699818939406,0.1731283901597958,0.17312839015981765,0.17312839015973805,0.17429071592181597,0.17320505913816386,0.17313325365035095,-7.960299086562372e-14,7.666897834621156e-05
3636.1418092279027,0.1486599649774862,0.148659964977495,0.14865996497749656,0.1493135641394912,0.14870299480210744,0.1486626944094618,1.5543122344752192e-15,4.3029824612433876e-05
3640.2136365618644,0.1361515072185211,0.13615150721851865,0.13615150721860436,0.13641894532304236,0.13616893335554145,0.13615261217766145,8.570921750106208e-14,1.7426137022796828e-05
3644.285463895826,0.13363245035218085,0.13363245035216734,0.13363245035229468,0.13353804931609486,0.13362579972404773,0.13363202749234537,1.2734258092450546e-13,-6.650628119608815e-06
3648.357291229788,0.14166494613428202,0.14166494613425507,0.141664946134373,0.1411395384399673,0.14162951614158656,0.14166269677902382,1.1793344079080725e-13,-3.542999266850644e-05
3652.42911856375,0.16368165975682125,0.1636816597567754,0.16368165975683757,0.16253372138708336,0.16360457160804953,0.1636767663169348,6.217248937900877e-14,-7.708814872586789e-05
3656.5009458977115,0.20692628707217778,0.20692628707210364,0.20692628707207283,0.20481414922046254,0.2067847160299248,0.20691730112789572,-3.0808688933348094e-14,-0.00014157104217885075
3660.5727732316736,0.28048470368591677,0.2804847036857986,0.2804847036856401,0.27717760762392135,0.28026399046592404,0.28047069822853526,-1.584843367652411e-13,-0.0002207132198745465
3664.6446005656353,0.37288293322793176,0.37288293322775473,0.3728829332274493,0.3698102490871539,0.3726813583297125,0.37287015695863307,-3.0542235407438056e-13,-0.00020157489804223383
3668.716427899597,0.4063268843401369,0.4063268843399271,0.40632688433957537,0.40721485364373006,0.40639123116537734,0.40633098852337846,-3.517186542012496e-13,6.43468254502566e-05
3672.788255233559,0.33288888149766616,0.3328888814974906,0.332888881497092,0.33663553809787183,0.3331384251014529,0.3329047138790156,-3.985700658404312e-13,0.0002495436039623433
3676.8600825675207,0.23563495912186957,0.2356349591217505,0.23563495912132992,0.23882877967889457,0.23584565099997137,0.2356483182091702,-4.2058023730362493e-13,0.00021069187822087
3680.9319099014824,0.1662134066225029,0.1662134066224255,0.16621340662210668,0.168258986196408,0.16634809509558965,0.1662219456109677,-3.1882829709672933e-13,0.00013468847316414068
3685.0037372354445,0.12294515131823903,0.12294515131818788,0.12294515131801528,0.12420907460927486,0.1230283912474552,0.12295042865275731,-1.725980469657884e-13,8.323992926731472e-05
3689.075564569406,0.09586986872867483,0.09586986872864016,0.09586986872856952,0.09667561215345116,0.09592297310212468,0.09587323566380723,-7.063793994177558e-14,5.310437348451935e-05
3693.147391903368,0.07823095838241431,0.07823095838238987,0.07823095838236613,0.07876835050877198,0.0782664045899755,0.07823320586893011,-2.3744894939170536e-14,3.544620758562378e-05
3697.21921923733,0.06620780557684666,0.06620780557682822,0.06620780557681184,0.06658227164852136,0.06623252295680937,0.0662093728699892,-1.637578961322106e-14,2.47173799811512e-05
3701.2910465712916,0.05766557441889317,0.05766557441887864,0.05766557441886259,0.0579367770803251,0.057683486694412256,0.05766671025558538,-1.604966159973742e-14,1.7912275533618627e-05
3705.3628739052533,0.051374995124204896,0.051374995124193176,0.05137499512418813,0.05157799534617201,0.05138840972499716,0.05137584578650512,-5.044575868140555e-15,1.341460080398621e-05
3709.4347012392154,0.04659941328172865,0.04659941328171887,0.04659941328172335,0.046755668565294194,0.04660974335877992,0.04660006836213406,4.4825254619240695e-15,1.0330077061047882e-05
3713.506528573177,0.04287938586689317,0.04287938586688467,0.04287938586689491,0.04300254368527214,0.04288753079954304,0.04287990238773834,1.0241807402167069e-14,8.144932658375736e-06
3717.5783559071388,0.039917577676415954,0.039917577676409625,0.03991757767642684,0.04001662676166019,0.03992413017438458,0.03991799321809795,1.7215395775593834e-14,6.552497974952887e-06
3721.650183241101,0.03751506707327156,0.0375150670732683,0.03751506707329379,0.03759611532059701,0.03752043009533919,0.037515407186054416,2.548655730905125e-14,5.363022070888068e-06
3725.7220105750625,0.0355347839465181,0.03553478394651673,0.035534783946551865,0.03560209827302086,0.03553923912575744,0.03553506648837695,3.51316198354823e-14,4.455179240706042e-06
3729.793837909024,0.033879771604371584,0.033879771604368926,0.03387977160441877,0.03393640702410442,0.03388352066633995,0.03388000936681582,4.984207491176562e-14,3.749061971022871e-06
3733.8656652429863,0.032479834712788876,0.03247983471278376,0.03247983471284901,0.032528026880116925,0.03248302533394303,0.032480037060290304,6.524641937843967e-14,3.1906211592699907e-06
3737.937492576948,0.03128309076918496,0.03128309076917879,0.03128309076925137,0.03132450793070331,0.03128583318181425,0.03128326469196527,7.258083023486961e-14,2.742412635460545e-06
3742.0093199109097,0.030250478089522605,0.030250478089517134,0.030250478089586662,0.03028638698817664,0.030252856020383304,0.030250628897103365,6.952771691715043e-14,2.3779308661701914e-06
3746.0811472448718,0.029352097279084964,0.029352097279083205,0.029352097279146446,0.029383474962759736,0.029354175324213982,0.029352229067893188,6.324107904021048e-14,2.0780451307766956e-06
3750.1529745788334,0.028564719386017838,0.02856471938601871,0.02856471938607871,0.02859233016465205,0.028566548088572168,0.028564835361352136,6.00006155870858e-14,1.828702553458711e-06
3754.224801912795,0.027870054099879738,0.02787005409987906,0.02787005409994067,0.02789450354092584,0.02787167351406905,0.027870156801895543,6.160696952584033e-14,1.6194141899891767e-06
3758.296629246757,0.027253523844225046,0.027253523844221982,0.0272535238442845,0.02727529732686443,0.027254966080820748,0.02725361530935095,6.251943407420413e-14,1.4422365987656893e-06
3762.368456580719,0.026703381289100363,0.02670338128909715,0.026703381289152783,0.02672287197765496,0.026704672362858048,0.026703463167185217,5.5632581874576204e-14,1.2910737608971823e-06
3766.4402839146805,0.026210064236690943,0.02621006423668891,0.026210064236733683,0.026227593677560668,0.026211225426955014,0.026210137877279143,4.477321291496139e-14,1.1611902661044782e-06
3770.5121112486427,0.025765717326550377,0.025765717326549233,0.025765717326582074,0.025781550820225832,0.025766766192945954,0.025765783843289695,3.284178484719291e-14,1.0488663967217482e-06
3774.5839385826043,0.025363832784713047,0.025363832784712284,0.025363832784732976,0.025378191002165804,0.02536478393485582,0.02536389310403974,2.0691781621451355e-14,9.511501435355285e-07
3778.655765916566,0.024998977332748556,0.02499897733274839,0.024998977332762184,0.025012045195435626,0.024999843009228008,0.02499903223111192,1.379452108096757e-14,8.656764796180494e-07
3782.727593250528,0.024666582277897264,0.02466658227789807,0.024666582277909653,0.024678515818763874,0.024667372811883227,0.024666632410525073,1.1584483372573118e-14,7.905339851586868e-07
3786.79942058449,0.024362780499910742,0.024362780499911255,0.02436278049992273,0.02437371221718715,0.024363504665172564,0.02436282642325845,1.1473461070110602e-14,7.24165261308668e-07
3790.8712479184514,0.02408427864263801,0.02408427864263708,0.024084278642649573,0.024094321716183722,0.024084943934397477,0.024084320832074593,1.2493478473984965e-14,6.652917603974795e-07
3794.9430752524136,0.023828256012851847,0.023828256012849967,0.02382825601286512,0.023837507653325665,0.023828868869317805,0.023828294876710513,1.5154544286133387e-14,6.128564678381521e-07
3799.0149025863752,0.02359228393982167,0.023592283939819696,0.023592283939836915,0.023600828070430457,0.023592849919599607,0.02359231983064994,1.7218865222545787e-14,5.659797799109634e-07
3803.086729920337,0.023374260954726115,0.023374260954724835,0.023374260954745173,0.023382170374714527,0.02337478487996181,0.02337429417836339,2.0337898032352086e-14,5.239252369761138e-07
3807.158557254299,0.0231723603073364,0.023172360307336347,0.023172360307360165,0.023179698449674286,0.023172846380024797,0.02317239113029018,2.381775332516156e-14,4.8607268844994e-07
3811.2303845882607,0.022984987182029695,0.02298498718203046,0.0229849871820535,0.02299180955085634,0.022985439079142987,0.02298501583750807,2.3040597207923952e-14,4.5189711252863196e-07
3815.3022119222223,0.022810743597299787,0.022810743597299853,0.022810743597320805,0.022817098950779015,0.02281116454907605,0.022810770290176405,2.0951990142847876e-14,4.2095177619702606e-07
3819.3740392561845,0.02264839943550412,0.022648399435502738,0.022648399435523252,0.022654330764877665,0.0226487922902551,0.02264842434643012,2.051483982690172e-14,3.9285475236100487e-07
3823.445866590146,0.02249686839661916,0.02249686839661702,0.022496868396633386,0.022502413741039267,0.022497235674672298,0.022496891685444925,1.6365381272365198e-14,3.672780552778365e-07
3827.517693924108,0.02235518793232294,0.022355187932321437,0.022355187932328626,0.022360381060539496,0.022355531871151708,0.02235520974095988,7.188694084447889e-15,3.4393883027034056e-07
3831.58952125807,0.022222502416954188,0.022222502416954105,0.022222502416954303,0.022227373400419657,0.02222282500912207,0.0222225228717798,1.97758476261356e-16,3.225921679644861e-07
3835.6613485920316,0.022098048965758874,0.022098048965760446,0.02209804896575958,0.022102624662692878,0.02209835199097228,0.022098068179649717,-8.673617379884035e-16,3.0302521183273035e-07
3839.7331759259932,0.021981145429919278,0.021981145429922046,0.02198114542992338,0.02198544989597031,0.021981430482221363,0.021981163503975644,1.3322676295501878e-15,2.850522993168292e-07
3843.8050032599554,0.02187118019064283,0.021871180190645937,0.021871180190645066,0.0218752350287375,0.021871448701582558,0.02187119721565846,-8.708311849403572e-16,2.6851093662058623e-07
3847.876830593917,0.02176760344736308,0.021767603447365374,0.021767603447359073,0.021771428106934387,0.021767856705812997,0.02176761950508222,-6.300515664747763e-15,2.532584476230837e-07
3851.9486579278787,0.02166991975252937,0.021669919752529628,0.02166991975252246,0.02167353178641698,0.021670158921701137,0.021669934916726162,-7.167877402736167e-15,2.391691715092348e-07
3856.020485261841,0.02157768159104104,0.021577681591039025,0.021577681591036325,0.021581096876847027,0.02157790772314814,0.02157769592845045,-2.699229728619912e-15,2.261321091143187e-07
3860.0923125958025,0.02149048383876812,0.021490483838765163,0.02149048383876633,0.021493716770240184,0.021490697887704018,0.021490497409890712,1.1657341758564144e-15,2.1404893885482168e-07
3864.164139929764,0.021407958963792127,0.021407958963789955,0.021407958963789407,0.02141102261683354,0.02140816179612608,0.0214079718235902,-5.48172618408671e-16,2.0283233612486407e-07
3868.2359672637263,0.021329772857545583,0.02132977285754413,0.021329772857539567,0.02133267913466696,0.02132996526209017,0.02132978505604803,-4.562322741819003e-15,1.924045460385826e-07
3872.307794597688,0.02125562120211194,0.021255621202109398,0.021255621202104186,0.021258380958503187,0.021255803898275343,0.02125563278494397,-5.2111093218343285e-15,1.8269616594568383e-07
3876.3796219316496,0.021185226295491202,0.021185226295488396,0.021185226295487133,0.02118784944937047,0.021185399940592202,0.021185237304342578,-1.2628786905111156e-15,1.736451038063247e-07
3880.4514492656117,0.021118334269355464,0.02111833426935411,0.02111833426935306,0.02112082989881093,0.02111849946503818,0.021118344742385588,-1.0512424264419451e-15,1.651956840695301e-07
3884.5232765995734,0.021054712644231165,0.021054712644231467,0.02105471264422514,0.02105708907243659,0.02105486994210885,0.021054722616424732,-6.324801793411439e-15,1.572978773831113e-07
3888.595103933535,0.020994148175669688,0.02099414817567093,0.02099414817565852,0.020996413046062628,0.020994298082306684,0.020994157679153386,-1.2410211747138078e-14,1.4990663575395469e-07
3892.666931267497,0.020936444952103582,0.020936444952105317,0.020936444952086256,0.020938605294866394,0.020936587933421614,0.020936454016426596,-1.9061141554033156e-14,1.4298131629716937e-07
3896.738758601459,0.020881422711000755,0.02088142271100285,0.02088142271097623,0.020883485001986602,0.020881559196183556,0.020881431363382396,-2.6621066462340082e-14,1.364851807059142e-07
3900.8105859354205,0.020828915344872048,0.02082891534487399,0.020828915344841267,0.020830885557951262,0.020829045729833625,0.020828923610421247,-3.272382365082649e-14,1.303849596345774e-07
3904.8824132693826,0.020778769572824134,0.02077876957282496,0.02077876957279201,0.020780653226486635,0.02077889422329679,0.02077877747473501,-3.2949337702703474e-14,1.2465047182982913e-07
3908.9542406033443,0.020730843756825584,0.020730843756825067,0.020730843756798716,0.02073264595575694,0.020730963011116366,0.020730851316553577,-2.63504496000877e-14,1.1925429129963638e-07
3913.026067937306,0.02068500684478411,0.020685006844783395,0.020685006844763838,0.020686732317029496,0.020685121016238272,0.020685014082202777,-1.9557272468162523e-14,1.1417145487704894e-07
3917.097895271268,0.020641137425003484,0.020641137425003047,0.020641137424986022,0.02064279055524986,0.020641246804208285,0.020641144358542345,-1.7024576193236385e-14,1.0937920523826361e-07
3921.1697226052297,0.02059912287868042,0.02059912287868004,0.020599122878663015,0.020600707738121678,0.020599227735444314,0.020599129525450406,-1.7024576193236385e-14,1.0485676427487989e-07
3925.2415499391914,0.02055885861889618,0.020558858618895927,0.020558858618877948,0.020560378992079967,0.02055895920402909,0.02055886499480366,-1.797867410502363e-14,1.0058513316354989e-07
3929.3133772731535,0.020520247406075238,0.020520247406075075,0.020520247406052634,0.020521706815075647,0.0205203439529901,0.020520253525922898,-2.2440382885235977e-14,9.654691502519741e-08
3933.385204607115,0.020483198731175305,0.020483198731174986,0.020483198731146565,0.02048460045739646,0.020483291457333318,0.02048320460875413,-2.842170943040401e-14,9.272615833152975e-08
3937.4570319410773,0.02044762825899564,0.02044762825899521,0.02044762825896389,0.02044897536286985,0.020447717367212022,0.020447633907167848,-3.1318697635285275e-14,8.910821681223924e-08
3941.528859275039,0.02041345732494424,0.020413457324944193,0.020413457324914782,0.020414752663755607,0.020413543004569837,0.02041346275571859,-2.941050181171079e-14,8.56796256443193e-08
3945.6006866090006,0.020380612479429825,0.020380612479430533,0.020380612479405088,0.02038185872346579,0.02038069490742114,0.020380617704028846,-2.5444923945627806e-14,8.24279906067038e-08
3949.6725139429627,0.02034902507475444,0.020349025074755826,0.020349025074733355,0.020350224721964214,0.020349104416644767,0.020349030103675725,-2.247160790780356e-14,7.934188894082039e-08
3953.7443412769244,0.020318630890000647,0.020318630890002264,0.020318630889982727,0.020319786279318047,0.020318707300783282,0.02031863573307295,-1.95364557864508e-14,7.64107810184711e-08
3957.816168610886,0.02028936978994195,0.020289369789943085,0.020289369789926945,0.020290483113410827,0.020289443414874098,0.020289374456376408,-1.6139867220488213e-14,7.362493101292777e-08
3961.887995944848,0.02026118541446811,0.020261185414468214,0.02026118541445412,0.02026225872829274,0.020261256389803493,0.020261189912904903,-1.4092893518835581e-14,7.097533527913868e-08
3965.95982327881,0.02023402489542169,0.020234024895420793,0.020234024895406266,0.020235060130050612,0.020234093349079454,0.02023402923397291,-1.4526574387829783e-14,6.845365866162134e-08
3970.0316506127715,0.0202078385980967,0.020207838598095267,0.02020783859808176,0.0202088375674359,0.020207904650271932,0.020207842784385074,-1.350655698395542e-14,6.605217666572072e-08
3974.1034779467336,0.020182579884956274,0.02018257988495467,0.02018257988494666,0.0201835442947966,0.020182643648678184,0.020182583926149862,-8.010953012060895e-15,6.376372351304949e-08
3978.1753052806953,0.02015820489939721,0.020158204899395855,0.020158204899395696,0.02015913635513407,0.02015826648104086,0.02015820880224219,-1.5959455978986625e-16,6.158164500558172e-08
3982.247132614657,0.020134672367629697,0.020134672367629038,0.020134672367635078,0.020135572381341355,0.020134731867385215,0.020134676138479912,6.040307143351242e-15,5.949975617758341e-08
3986.318959948619,0.02011194341694581,0.020111943416945752,0.020111943416954298,0.020112813413890866,0.020112000929248437,0.020111947061789717,8.545247842661752e-15,5.751230268413732e-08
3990.3907872825807,0.02008998140883458,0.020089981408834567,0.020089981408840777,0.02009082273342382,0.020090037022760788,0.02008998493332032,6.2103100439969694e-15,5.561392622116523e-08
3994.4626146165424,0.020068751785565032,0.0200687517855647,0.02006875178556665,0.020069565706856096,0.020068805585197122,0.02006875519502419,1.949829186997931e-15,5.37996324226353e-08
3998.5344419505045,0.020048221929002377,0.020048221929001835,0.020048221929000538,0.02004900964576007,0.02004827399376447,0.020048225228471644,-1.2975731600306517e-15,5.206476263314164e-08
