wavenumber_cm-1,NMA_reference,Dense_exact,Sparse_Krylov,Suzuki4_r1,Suzuki4_r2,Suzuki4_r4,Krylov_minus_exact,Suzuki4_r2_minus_exact
0.0,0.05474846786313876,0.05474846786313976,0.054748467863141595,0.054743821687953304,0.054748212492801936,0.05474845244972871,1.8318679906315083e-15,-2.553703378274652e-07
4.071827333961817,0.055271583355419956,0.05527158335542088,0.055271583355423266,0.05526569954426917,0.05527124914281669,0.05527156298762829,2.3869795029440866e-15,-3.34212604188866e-07
8.143654667923634,0.056246251253402026,0.05624625125340278,0.056246251253405426,0.05623645498144094,0.0562456583407035,0.05624621448940309,2.643718577388654e-15,-5.929126992848532e-07
12.215482001885452,0.056428620027897516,0.05642862002789797,0.05642862002789888,0.056415751866369004,0.056427810706244044,0.05642856936201551,9.159339953157541e-16,-8.093216539231674e-07
16.28730933584727,0.05605108526448535,0.056051085264485524,0.056051085264483,0.05604172761962336,0.0560504911827648,0.056051047996917264,-2.525757381022231e-15,-5.940817207270022e-07
20.359136669809086,0.05639786122383446,0.056397861223834285,0.05639786122383061,0.056395318463629274,0.05639770510948621,0.05639785152077996,-3.677613769070831e-15,-1.561143480738325e-07
24.430964003770903,0.05810990394886624,0.0581099039488656,0.058109903948863964,0.05811417527961167,0.058110188943694734,0.0581099220546453,-1.6375789613221059e-15,2.8499482913196816e-07
28.50279133773272,0.06162685082253719,0.06162685082253627,0.06162685082253656,0.0616385059911391,0.06162761534361231,0.06162689918393198,2.8449465006019636e-16,7.64521076036806e-07
32.57461867169454,0.06773085828642252,0.067730858286422,0.067730858286423,0.06775215826687826,0.06773225028111818,0.06773094625662616,9.992007221626409e-16,1.3919946961760132e-06
36.64644600565635,0.07735971620390414,0.0773597162039042,0.07735971620390482,0.07739343543163488,0.07736191577474982,0.07735985514462383,6.245004513516506e-16,2.199570845629051e-06
40.71827333961817,0.0901357840386087,0.09013578403860974,0.09013578403860768,0.09017992816811796,0.09013865907453666,0.09013596556794323,-2.0539125955565396e-15,2.875035926927505e-06
44.790100673579985,0.10284617586313474,0.10284617586313621,0.10284617586313022,0.10288518243277403,0.10284871499973985,0.1028463361457262,-5.995204332975845e-15,2.5391366036409124e-06
48.861928007541806,0.10745027525048786,0.1074502752504889,0.10745027525048045,0.10745772924139811,0.10745076178413279,0.10745030597071853,-8.451572774959004e-15,4.86533643886955e-07
52.93375534150362,0.10147818638396058,0.10147818638396099,0.10147818638395396,0.10146940498875409,0.10147762445611948,0.10147815107366548,-7.022160630754115e-15,-5.61927841508103e-07
57.00558267546544,0.09628735182483299,0.09628735182483321,0.09628735182482932,0.09628916938916987,0.09628748839745489,0.09628736075284546,-3.885780586188048e-15,1.3657262168398354e-07
61.077410009427254,0.09599127813306146,0.09599127813306166,0.09599127813306205,0.09600697336595598,0.09599229957170267,0.09599134264033077,3.885780586188048e-16,1.0214386410162257e-06
65.14923734338907,0.09604475643728415,0.09604475643728455,0.09604475643729023,0.09606433781076468,0.09604598980637696,0.09604483367510001,5.676015213396113e-15,1.2333690924126728e-06
69.2210646773509,0.09234102251704926,0.09234102251704987,0.09234102251705634,0.09234992712486378,0.09234153799795027,0.09234105405303934,6.467049118441537e-15,5.154809003954375e-07
73.2928920113127,0.08748682169720823,0.08748682169720876,0.08748682169721256,0.08748902885183962,0.08748690835886534,0.08748682628131874,3.802513859341161e-15,8.666165658699487e-08
77.36471934527452,0.0845438508723764,0.08454385087237713,0.0845438508723807,0.08454549451853949,0.08454391586171747,0.08454385433526491,3.566591466608315e-15,6.498934033982717e-08
81.43654667923634,0.08170538849710593,0.08170538849710694,0.08170538849711266,0.08170697966230377,0.08170545989792083,0.08170539252998112,5.717648576819556e-15,7.140081388634645e-08
85.50837401319816,0.07743600379840009,0.07743600379840049,0.07743600379840701,0.0774333013864483,0.0774357962987187,0.07743599023650737,6.522560269672795e-15,-2.0749968178412903e-07
89.58020134715997,0.07071574001811286,0.07071574001811272,0.07071574001811873,0.07070859783407975,0.07071524384208096,0.07071570823754182,6.00908212078366e-15,-4.961760317612196e-07
93.65202868112179,0.06431520861828115,0.0643152086182802,0.06431520861828577,0.06430976583716715,0.0643148310062699,0.06431518444006701,5.564992910933597e-15,-3.776120102993996e-07
97.72385601508361,0.06011383448200267,0.06011383448200172,0.060113834482008875,0.06011135385720404,0.06011365779327141,0.06011382310681224,7.153999614928352e-15,-1.7668873031340127e-07
101.79568334904542,0.057828519917444705,0.0578285199174441,0.05782851991745348,0.05782821082667991,0.05782849030194704,0.05782851791082205,9.381384558082573e-15,-2.961549706165245e-08
105.86751068300724,0.05690909751282729,0.056909097512826676,0.05690909751283576,0.05691031903605406,0.05690917156063502,0.056909102109815826,9.083012120214562e-15,7.404780834330271e-08
109.93933801696906,0.057074411128814825,0.05707441112881431,0.057074411128820376,0.057076927343328185,0.05707457269424261,0.05707442129885659,6.0645932720149176e-15,1.615654282999257e-07
114.01116535093088,0.05832204369116375,0.058322043691163256,0.058322043691166545,0.058325987504271565,0.05832230135357741,0.05832205997515127,3.2890357104520263e-15,2.576624141548134e-07
118.08299268489269,0.060934727260767596,0.06093472726076754,0.06093472726077001,0.06094064095260152,0.06093511694674771,0.06093475193643498,2.4702462297909733e-15,3.896859801719166e-07
122.15482001885451,0.06554577531921249,0.06554577531921336,0.06554577531921643,0.06555465142148494,0.06554636310474798,0.06554581258005512,3.066991105526995e-15,5.877855346198002e-07
126.22664735281633,0.07302135475837433,0.0730213547583761,0.07302135475837912,0.07303380578151215,0.07302218255880355,0.07302140728002629,3.0253577421035516e-15,8.278004274553385e-07
130.29847468677815,0.08308298670383729,0.08308298670383911,0.08308298670383982,0.08309531169581391,0.08308381336468935,0.08308303925456384,7.077671781985373e-16,8.266608502449646e-07
134.37030202073996,0.0924314829230048,0.0924314829230058,0.09243148292300263,0.09243661337238122,0.09243184276337886,0.09243150602310077,-3.1780134079895106e-15,3.598403730542543e-07
138.4421293547018,0.10009313167786876,0.1000931316778683,0.10009313167786163,0.10009174470635358,0.10009306625435543,0.10009312791606034,-6.675215935558754e-15,-6.542351287108783e-08
142.5139566886636,0.1048223682254605,0.10482236822545908,0.10482236822544724,0.10480986368687974,0.10482157795800454,0.10482231868228659,-1.1837753000065732e-14,-7.902674545451349e-07
146.5857840226254,0.10043342877625391,0.10043342877625308,0.10043342877622978,0.10041278488451963,0.10043211057147308,0.10043334593299404,-2.3300805729320473e-14,-1.3182047799986663e-06
150.65761135658724,0.08962587321351792,0.08962587321351784,0.08962587321347827,0.08960524009939036,0.08962455004771204,0.08962578997727425,-3.9565573040079016e-14,-1.3231658057971663e-06
154.72943869054905,0.0790035388399699,0.07900353883997023,0.07900353883991901,0.07899061330066347,0.0790027081995323,0.0790034865714748,-5.122291479864316e-14,-8.306404379321286e-07
158.80126602451085,0.07230446715728986,0.07230446715729053,0.07230446715724023,0.07230220728670902,0.07230432619073038,0.07230445836768187,-5.029310301551959e-14,-1.4096656014706e-07
162.8730933584727,0.0694708228928264,0.06947082289282726,0.06947082289278604,0.06947769092384115,0.06947127391160005,0.06947085144954059,-4.1217029789208937e-14,4.5101877278741487e-07
166.9449206924345,0.06886828500254978,0.06886828500255013,0.06886828500251738,0.0688800098058441,0.06886905083967464,0.06886833341784641,-3.275157922644212e-14,7.65837124508395e-07
171.01674802639633,0.06802821760884348,0.0680282176088431,0.06802821760881465,0.06803986048966194,0.06802897708836687,0.06802826561046704,-2.8449465006019636e-14,7.594795237708674e-07
175.08857536035813,0.06658974188357042,0.06658974188356943,0.06658974188354573,0.06660373675173949,0.06659065477521141,0.06658979958048108,-2.3703261575747092e-14,9.128916419742783e-07
179.16040269431994,0.06624306372126823,0.06624306372126733,0.06624306372124789,0.0662635941049222,0.06624440394252547,0.06624314843231283,-1.9442780718748054e-14,1.3402212581392625e-06
183.23223002828178,0.0677248024125558,0.06772480241255564,0.06772480241253684,0.06775493931529096,0.06772677099669432,0.06772492685174641,-1.880440247958859e-14,1.9685841386729575e-06
187.30405736224358,0.07101276783673695,0.07101276783673789,0.07101276783671569,0.07105478299172284,0.07101551246689655,0.07101294132809752,-2.220446049250313e-14,2.7446301586603328e-06
191.3758846962054,0.07505816023070683,0.07505816023070813,0.07505816023068553,0.07510935390962367,0.07506150018035491,0.07505837128129095,-2.260691633892975e-14,3.3399496467828582e-06
195.44771203016722,0.0784282295920398,0.0784282295920408,0.07842822959202479,0.0784845680694499,0.07843189811138376,0.07842846129307357,-1.600108934241007e-14,3.668519342969745e-06
199.51953936412903,0.082156707151963,0.08215670715196356,0.08215670715195812,0.0822207606559004,0.0821608747268766,0.08215697031943847,-5.440092820663267e-15,4.167574913033212e-06
203.59136669809084,0.08604489499273688,0.086044894992737,0.08604489499273583,0.08611396094925003,0.08604938777673928,0.08604517867823039,-1.1657341758564144e-15,4.492784002274597e-06
207.66319403205267,0.08873902007455628,0.08873902007455624,0.0887390200745505,0.08880904216698146,0.08874357649268916,0.08873930780204653,-5.731526364627371e-15,4.556418132919959e-06
211.73502136601448,0.09296883499156233,0.09296883499156246,0.09296883499155024,0.09304680106670879,0.09297391271461024,0.09296915571099264,-1.2212453270876722e-14,5.077723047780536e-06
215.8068486999763,0.10132341386885112,0.10132341386885152,0.10132341386883265,0.10141882827267672,0.10132963220222278,0.10132380669743854,-1.887379141862766e-14,6.218333371263429e-06
219.87867603393812,0.1129804543223723,0.11298045432237286,0.11298045432235423,0.11309118091634031,0.11298767306072782,0.11298091037399396,-1.8623991238087e-14,7.218738354963783e-06
223.95050336789993,0.1242892709306976,0.12428927093069879,0.12428927093069461,0.12440474520016945,0.12429680743790478,0.12428974717533853,-4.1772141301521515e-15,7.5365072059879745e-06
228.02233070186176,0.13669553737976253,0.13669553737976514,0.13669553737977658,0.13682307150524037,0.1367038856699222,0.13669606528010442,1.1435297153639112e-14,8.348290157056404e-06
232.09415803582357,0.15498574372640253,0.15498574372640697,0.15498574372642418,0.15512537541990354,0.1549949096035912,0.15498632367334925,1.7208456881689926e-14,9.165877184219573e-06
236.16598536978537,0.18100844104389177,0.18100844104389813,0.18100844104391997,0.18115085974141248,0.18101780619507934,0.1810090338247855,2.1843638009499955e-14,9.365151181217612e-06
240.2378127037472,0.21241771520088149,0.21241771520089114,0.21241771520093292,0.2125472138215474,0.21242621675739146,0.2124182532016185,4.1772141301521515e-14,8.501556500312146e-06
244.30964003770902,0.24875825848545444,0.24875825848547048,0.2487582584855374,0.2489320333680765,0.2487695993673624,0.24875897545022943,6.691869280928131e-14,1.1340881891919175e-05
248.38146737167085,0.30814237223933827,0.308142372239364,0.30814237223942426,0.30847776495397466,0.3081642341257149,0.3081437539909561,6.022959908591474e-14,2.1861886350893478e-05
252.45329470563266,0.41189432794576636,0.41189432794580705,0.4118943279458264,0.4125210488334224,0.41193521398125316,0.4118969126845471,1.9373391779708982e-14,4.088603544610825e-05
256.52512203959446,0.5722781661296905,0.5722781661297439,0.5722781661297384,0.5733894841663363,0.5723508599341227,0.5722827643960867,-5.551115123125783e-15,7.269380437879835e-05
260.5969493735563,0.7567826267310377,0.7567826267310672,0.7567826267310925,0.7583223521584727,0.756884053375231,0.7567890483725183,2.531308496145357e-14,0.00010142664416379343
264.66877670751813,0.8185150408983329,0.8185150408982977,0.8185150408983679,0.8190537717264608,0.8185515169220428,0.8185173532815797,7.016609515630989e-14,3.6476023745013464e-05
268.7406040414799,0.6732801491781073,0.6732801491780505,0.6732801491781257,0.6721579440591323,0.6732060458361988,0.6732754497754149,7.527312106958561e-14,-7.410334185165013e-05
272.81243137544175,0.47450726102206087,0.4745072610220193,0.4745072610220514,0.4732522086204682,0.47442370521674887,0.47450196002212375,3.2085445411667024e-14,-8.355580527041884e-05
276.8842587094036,0.3309082887190019,0.33090828871897543,0.3309082887189722,0.3300693376326577,0.3308523240438654,0.3309047375551859,-3.219646771412954e-15,-5.596467511004288e-05
280.95608604336536,0.2425436007579498,0.2425436007579309,0.24254360075791423,0.24202787896255792,0.24250917516293474,0.24254141602189586,-1.6681100944992977e-14,-3.442559499616804e-05
285.0279133773272,0.18926182483712992,0.18926182483711432,0.18926182483709572,0.18893408795530645,0.18923993633191105,0.18926043548193994,-1.8596235662471372e-14,-2.1888505203265796e-05
289.09974071128903,0.15700412984374787,0.1570041298437345,0.15700412984372253,0.1567774372206678,0.1569889806529784,0.15700316803669773,-1.1962653090336062e-14,-1.5149190756097441e-05
293.1715680452508,0.13682091953861245,0.13682091953860379,0.13682091953860162,0.13664210643115715,0.1368089718768208,0.1368201609419137,-2.1649348980190553e-15,-1.1947661782973906e-05
297.24339537921264,0.12142778486333308,0.12142778486333351,0.12142778486333969,0.12127438414971117,0.12141755003379766,0.1214271352062068,6.175615574477433e-15,-1.0234829535854528e-05
301.3152227131745,0.10771807456365755,0.10771807456366303,0.10771807456367131,0.10759571003968833,0.10770991911511581,0.1077175570230208,8.28503932126523e-15,-8.155448547222943e-06
305.38705004713626,0.09709145102064141,0.0970914510206459,0.09709145102065651,0.09700047375227601,0.09708539031560154,0.09709106644889866,1.061650767297806e-14,-6.060705044358405e-06
309.4588773810981,0.09021406310995608,0.09021406310995878,0.09021406310996846,0.09014464376536542,0.09020944298462925,0.09021377000481816,9.686695889854491e-15,-4.620125329521385e-06
313.5307047150599,0.08674746019412463,0.08674746019412682,0.08674746019412798,0.08668964743583792,0.08674362129730757,0.0867472167708494,1.1518563880486e-15,-3.838896819249871e-06
317.6025320490217,0.0862863516908832,0.08628635169088565,0.08628635169087677,0.08623250251826185,0.0862827851135406,0.08628612566058363,-8.881784197001252e-15,-3.5665773450571647e-06
321.67435938298354,0.08752521482431017,0.08752521482431162,0.08752521482429554,0.08747100871021996,0.08752161574804142,0.0875249865931001,-1.6084356069256955e-14,-3.5990762702053924e-06
325.7461867169454,0.08787841851697158,0.08787841851697083,0.08787841851695322,0.08782303913153838,0.08787470014599143,0.0878781820965849,-1.7610912728116546e-14,-3.7183709793997544e-06
329.81801405090715,0.08512450029289968,0.0851245002928975,0.08512450029287967,0.08507138286648312,0.08512088931916295,0.08512427003962689,-1.7832957333041577e-14,-3.610973734552436e-06
333.889841384869,0.08007192393070577,0.0800719239307036,0.08007192393068702,0.08003020969452938,0.08006907721118889,0.08007174225015487,-1.6583956430338276e-14,-2.8467195147124924e-06
337.9616687188308,0.076355448764613,0.07635544876461083,0.07635544876459861,0.07632748313788247,0.0763535484774033,0.07635532760617311,-1.2212453270876722e-14,-1.9002872075207788e-06
342.03349605279266,0.07544886524748766,0.07544886524748659,0.07544886524747911,0.07543209881537084,0.07544774039130882,0.0754487937406435,-7.480127628411992e-15,-1.1248561777726929e-06
346.10532338675443,0.07767504382724061,0.07767504382724043,0.07767504382723069,0.07766785983519783,0.07767458465007307,0.07767501497588171,-9.742207041085749e-15,-4.591771673584377e-07
350.17715072071627,0.08380393122948576,0.0838039312294856,0.08380393122946904,0.083806601379503,0.08380416031046778,0.08380394653284616,-1.6556200854722647e-14,2.2908098218366035e-07
354.2489780546781,0.09479039919115283,0.09479039919115292,0.09479039919113624,0.09480209022063897,0.09479127143631515,0.09479045593625807,-1.6681100944992977e-14,8.7224516222284e-07
358.3208053886399,0.10768903370521139,0.10768903370521331,0.10768903370520559,0.1076959755239439,0.10768963367961942,0.1076890737993265,-7.716050021144838e-15,5.999744061152557e-07
362.3926327226017,0.11049236199745978,0.1104923619974629,0.11049236199746099,0.11047283345848177,0.11049120506705024,0.11049229065824698,-1.915134717478395e-15,-1.1569304126657354e-06
366.46446005656355,0.1002132816028861,0.10021328160288814,0.1002132816028806,0.10018208901694214,0.1002113110038987,0.1002131580933353,-7.549516567451064e-15,-1.9705989894452935e-06
370.53628739052533,0.08923632017878952,0.0892363201787897,0.08923632017877293,0.08921338164961258,0.08923486136271179,0.08923622860419465,-1.6764367671839864e-14,-1.4588160779094306e-06
374.60811472448717,0.08346064727449452,0.08346064727449393,0.08346064727447042,0.08344974015222276,0.08345996477245969,0.08346060460797744,-2.350897254643769e-14,-6.825020342354771e-07
378.679942058449,0.08320997531937496,0.08320997531937403,0.08320997531934482,0.08320989427262061,0.08320999912060816,0.08320997726626547,-2.921274333544943e-14,2.3801234122489134e-08
382.7517693924108,0.08760751826187066,0.0876075182618701,0.08760751826183368,0.08761489986810911,0.08760803386509215,0.08760755134447964,-3.642919299551295e-14,5.156032220482443e-07
386.8235967263726,0.09266811640017097,0.09266811640017077,0.09266811640013402,0.09267140909947606,0.0926683687780355,0.09266813290250657,-3.674838211509268e-14,2.523778647317565e-07
390.89542406033445,0.09145884002316637,0.09145884002316655,0.09145884002314258,0.09145130079669256,0.09145838003470305,0.09145881144837817,-2.3966939544095567e-14,-4.5998846349981637e-07
394.9672513942962,0.0864898098632788,0.08648980986327925,0.08648980986326715,0.08648432390331667,0.0864894761456176,0.08648978915641789,-1.2101430968414206e-14,-3.337176616574622e-07
399.03907872825806,0.0846632955809637,0.08466329558096426,0.08466329558095954,0.08466772556478212,0.08466360548015783,0.08466331547971032,-4.718447854656915e-15,3.098991935707174e-07
403.1109060622199,0.08787046178511317,0.0878704617851136,0.08787046178511615,0.08788468251986721,0.08787141182531231,0.08787052213620106,2.55351295663786e-15,9.500401987189155e-07
407.1827333961817,0.09359715416744395,0.09359715416744431,0.09359715416745115,0.09361019387708812,0.09359803278937515,0.09359721008026367,6.841749389252527e-15,8.786219308359877e-07
411.2545607301435,0.09406737562813787,0.09406737562813833,0.09406737562814294,0.0940626878502715,0.09406710064345243,0.09406735871643054,4.6074255521944e-15,-2.7498468589681746e-07
415.32638806410534,0.08751373162078668,0.08751373162078721,0.08751373162078695,0.08750154061201615,0.08751296194567813,0.08751368339758105,-2.636779683484747e-16,-7.69675109077439e-07
419.3982153980672,0.08115587945472706,0.08115587945472703,0.08115587945472179,0.08114895101215133,0.08115544731822685,0.08115585246782346,-5.245803791353865e-15,-4.3213650018081307e-07
423.47004273202896,0.0779663102820558,0.07796631028205504,0.07796631028204422,0.07796592290267985,0.07796630182491954,0.07796631000920688,-1.0824674490095276e-14,-8.457135505790525e-09
427.5418700659908,0.07760273180935456,0.07760273180935377,0.07760273180933874,0.07760775196359466,0.07760307552024961,0.0776027537706848,-1.5029644195863057e-14,3.4371089584206427e-07
431.6136973999526,0.07958714875333088,0.07958714875333048,0.07958714875331534,0.07959725128751301,0.0795878254662681,0.07958719176998903,-1.5140666498325572e-14,6.767129376167302e-07
435.6855247339144,0.08396026633633757,0.08396026633633748,0.08396026633632815,0.0839762122912391,0.08396132789531952,0.0839603337167662,-9.325873406851315e-15,1.061558982037858e-06
439.75735206787624,0.09115729181294628,0.09115729181294677,0.09115729181294918,0.09118012754965558,0.09115880946599149,0.09115738810185468,2.4147350785597155e-15,1.517653044721956e-06
443.8291794018381,0.1008550523939444,0.10085505239394489,0.10085505239396175,0.10088177919826864,0.10085683423875764,0.10085516552149812,1.6861512186494565e-14,1.7818448127537856e-06
447.90100673579985,0.10938324386171772,0.10938324386171835,0.10938324386174392,0.10940392617310696,0.10938464039412019,0.1093833327834151,2.556288514199423e-14,1.396532401831685e-06
451.9728340697617,0.11421853820614769,0.11421853820614757,0.1142185382061721,0.11423646771434869,0.11421975294688066,0.11421861562046613,2.453592884421596e-14,1.21474073309924e-06
456.0446614037235,0.1206605855654281,0.12066058556542675,0.12066058556544541,0.12068835380508762,0.12066243400946165,0.12066070288861883,1.8665624601510444e-14,1.848444034904806e-06
460.1164887376853,0.13356875639837865,0.13356875639837637,0.13356875639838536,0.13361288253067916,0.13357166325641867,0.13356894044370213,8.992806499463768e-15,2.9068580423008417e-06
464.18831607164714,0.15588207170002283,0.1558820717000199,0.15588207170001453,0.15594855815458186,0.15588642503444822,0.15588234692450376,-5.35682609381638e-15,4.353334428330857e-06
468.26014340560897,0.19130983601377446,0.1913098360137708,0.19130983601375284,0.19140585335792873,0.19131609632205152,0.19131023138887868,-1.7957857423311907e-14,6.260308280714444e-06
472.33197073957075,0.24154933818128552,0.2415493381812815,0.2415493381812592,0.24167029807554408,0.24155721747829448,0.24154983567294375,-2.2287727219350018e-14,7.879297012985953e-06
476.4037980735326,0.29576869351758495,0.2957686935175818,0.29576869351755863,0.2958910602596685,0.2957767689584926,0.29576920498565257,-2.3148150063434514e-14,8.075440910804144e-06
480.4756254074944,0.3458349088509105,0.345834908850908,0.34583490885089224,0.3460049431417935,0.34584646047509704,0.34583564555683305,-1.5765166949677223e-14,1.1551624189032328e-05
484.5474527414562,0.4191195678494815,0.4191195678494789,0.4191195678494861,0.4194497254233344,0.41914226284338657,0.41912101913501,7.216449660063518e-15,2.269499390766816e-05
488.61928007541803,0.5504148970159439,0.5504148970159402,0.5504148970159676,0.5510099234607811,0.5504559323653576,0.55041752298067,2.7422508708241367e-14,4.103534941746201e-05
492.69110740937987,0.7520725136316805,0.7520725136316743,0.7520725136317128,0.752921765412855,0.752131023379237,0.752076256688022,3.852473895449293e-14,5.850974756271832e-05
496.7629347433417,0.9341073799957081,0.9341073799957109,0.9341073799957792,0.9346589208953565,0.9341448380788846,0.9341097677944926,6.827871601444713e-14,3.745808317368038e-05
500.8347620773035,0.8912703168540892,0.8912703168541103,0.8912703168542283,0.8909745084532966,0.891248637151212,0.8912689108466704,1.1801670751765414e-13,-2.1679702898236286e-05
504.9065894112653,0.6728406912256452,0.6728406912256636,0.6728406912257998,0.672290343039856,0.6728015270587779,0.6728381681829818,1.362243651215067e-13,-3.9164166885652385e-05
508.97841674522715,0.47726922125658044,0.4772692212565877,0.47726922125671145,0.4768681049154669,0.4772408100914485,0.4772673929461966,1.237343560944737e-13,-2.841116513924158e-05
513.0502440791889,0.34556435449094924,0.34556435449095,0.3455643544910435,0.3453137146680622,0.3455466627407326,0.3455632168718507,9.348077867343818e-14,-1.769175021743008e-05
517.1220714131507,0.2594739623203032,0.25947396232030306,0.2594739623203669,0.25931940012359106,0.2594630557603098,0.2594732610549633,6.38378239159465e-14,-1.0906559993251186e-05
521.1938987471126,0.20489447881301026,0.20489447881301112,0.20489447881305378,0.20479657285929992,0.20488755348172585,0.20489403329720274,4.266031972122164e-14,-6.925331285267955e-06
525.2657260810744,0.17060757484851433,0.1706075748485169,0.1706075748485403,0.1705423571448988,0.17060294840524018,0.17060727703815562,2.3397950243975174e-14,-4.6264432767284536e-06
529.3375534150363,0.14862849947441206,0.1486284994744168,0.14862849947442391,0.14858458574303152,0.14862536975352608,0.14862829781030013,7.105427357601002e-15,-3.129720890726606e-06
533.409380748998,0.13498104221422313,0.1349810422142308,0.13498104221423016,0.13495378453939846,0.134979072719088,0.13498091494096345,-6.38378239159465e-16,-1.969495142806199e-06
537.4812080829598,0.12830577107899632,0.1283057710790085,0.1283057710790051,0.12829216245941155,0.12830474322904278,0.12830570405306277,-3.4139358007223564e-15,-1.0278499657234708e-06
541.5530354169217,0.12842778279719738,0.1284277827972168,0.12842778279721043,0.1284268886791755,0.12842762105514327,0.12842777102931685,-6.38378239159465e-15,-1.6174207354002768e-07
545.6248627508835,0.13660014611214463,0.13660014611217622,0.13660014611216204,0.1366141069237478,0.13660098151346248,0.13660019775098062,-1.4183099139586375e-14,8.354012862588078e-07
549.6966900848453,0.15587447042478814,0.15587447042484015,0.15587447042481373,0.15590820448990186,0.1558766197520006,0.15587460541818263,-2.6423307986078726e-14,2.1493271604444697e-06
553.7685174188072,0.1890926990091276,0.1890926990092035,0.18909269900916456,0.18914541804166787,0.18909611036037452,0.18909291406135859,-3.8941072588727366e-14,3.4113511710176514e-06
557.8403447527689,0.22688268957987057,0.22688268957993432,0.2268826895798956,0.22691799957718192,0.22688498669946924,0.22688283453883956,-3.8719027983802334e-14,2.297119534921954e-06
561.9121720867307,0.23899322624955102,0.23899322624953184,0.23899322624951183,0.2389587937749554,0.2389909786351583,0.23899308420880858,-2.0011770018868447e-14,-2.247614373535045e-06
565.9839994206926,0.22047038234580418,0.22047038234573266,0.22047038234571795,0.22040094140253308,0.22046584228286129,0.22047009542029145,-1.4710455076283324e-14,-4.540062871372097e-06
570.0558267546544,0.20312663501137806,0.20312663501131786,0.20312663501129352,0.20307585065813144,0.203123309749876,0.203126424803679,-2.4341639814906557e-14,-3.3252614418666226e-06
574.1276540886162,0.19785978124138992,0.19785978124135117,0.19785978124132184,0.19782182361625758,0.1978573087894001,0.19785962514004932,-2.933764342571976e-14,-2.4724519510632703e-06
578.1994814225781,0.18407632334159965,0.18407632334157456,0.18407632334154614,0.18402842843792255,0.18407322732322812,0.1840761282332376,-2.842170943040401e-14,-3.096018346443463e-06
582.2713087565398,0.1578975434001151,0.15789754340009793,0.15789754340007292,0.1578543298805951,0.15789475083498372,0.15789736743755164,-2.500777362968165e-14,-2.792565114206891e-06
586.3431360905016,0.1382315099561986,0.13823150995618594,0.13823150995616626,0.13820603225065684,0.138229857709782,0.13823140576598356,-1.96787031114809e-14,-1.6522464039436802e-06
590.4149634244635,0.13229479033984065,0.13229479033982922,0.13229479033982058,0.13228642759118261,0.13229423896222872,0.13229475544600636,-8.631984016460592e-15,-5.513776004939519e-07
594.4867907584253,0.1391041503355883,0.13910415033557552,0.13910415033558385,0.13910837630946318,0.13910440429386264,0.13910416606802825,8.326672684688674e-15,2.539582871219359e-07
598.5586180923871,0.15075368892038946,0.1507536889203759,0.15075368892039076,0.15075630816197313,0.15075381502885757,0.1507536962222004,1.484923295436147e-14,1.2610848165728328e-07
602.630445426349,0.15160330398099547,0.1516033039809872,0.15160330398098737,0.15159058770359812,0.15160240912488795,0.1516032464781999,1.6653345369377348e-16,-8.948560992483312e-07
606.7022727603107,0.141658125577058,0.1416581255770591,0.1416581255770481,0.14163688644544667,0.14165667701628332,0.14165803313410072,-1.099120794378905e-14,-1.4485607757741548e-06
610.7741000942725,0.12723899987114182,0.1272389998711476,0.12723899987113652,0.1272150074289715,0.12723738813034277,0.1272388973704516,-1.1074474670635936e-14,-1.6117408048188508e-06
614.8459274282344,0.11253277486497015,0.11253277486497627,0.11253277486496484,0.11251228034028687,0.11253140744221246,0.112532688040077,-1.1435297153639112e-14,-1.3674227638121872e-06
618.9177547621962,0.10433024953095035,0.1043302495309568,0.10433024953094422,0.10431467250062931,0.10432921400908686,0.10433018383610837,-1.2587153541687712e-14,-1.0355218699464874e-06
622.989582096158,0.10234400796006593,0.1023440079600729,0.10234400796006346,0.10233011118878287,0.10234308829534684,0.1023439496757325,-9.43689570931383e-15,-9.196647260539814e-07
627.0614094301199,0.1005938735127272,0.1005938735127318,0.1005938735127285,0.10058010200070158,0.1005929631738998,0.10059381583428233,-3.3029134982598407e-15,-9.103388319969818e-07
631.1332367640816,0.09818557623603219,0.09818557623603147,0.0981855762360322,0.0981756705530872,0.09818491709656267,0.09818553440849431,7.355227538141662e-16,-6.591394687976981e-07
635.2050640980434,0.09943813289966874,0.09943813289966236,0.09943813289966591,0.09943221405907511,0.0994377344021026,0.09943810754142739,3.552713678800501e-15,-3.9849755975596146e-07
639.2768914320053,0.1006625045201009,0.10066250452009175,0.10066250452009645,0.10065448338197916,0.10066197507943615,0.10066247098365307,4.704570066849101e-15,-5.294406555944597e-07
643.3487187659671,0.09501106304295798,0.09501106304295087,0.09501106304295398,0.095001031514021,0.09501040898927698,0.09501102173680814,3.1086244689504383e-15,-6.540536738874891e-07
647.4205460999289,0.08789441713952889,0.0878944171395257,0.08789441713952754,0.08788934487859937,0.08789408728365172,0.08789439632202409,1.8457457784393227e-15,-3.2985587397615923e-07
651.4923734338907,0.0857394709202693,0.08573947092026989,0.08573947092027069,0.08574077902498001,0.08573955755499411,0.08573947641161278,8.049116928532385e-16,8.663472422787422e-08
655.5642007678525,0.0874614607899033,0.08746146078990696,0.0874614607899049,0.08746207392722721,0.08746150948103198,0.08746146399060523,-2.067790383364354e-15,4.869112502081663e-08
659.6360281018143,0.08547645286075886,0.08547645286076208,0.08547645286075661,0.08546489463626743,0.08547572151698082,0.0854764070039419,-5.467848396278896e-15,-7.313437812572765e-07
663.7078554357762,0.07679425411607678,0.07679425411607813,0.07679425411606995,0.07677710475019307,0.07679315973847466,0.07679418536336687,-8.174017018802715e-15,-1.0943776034694208e-06
667.779682769738,0.06787719683909678,0.06787719683909771,0.06787719683908847,0.06786365490053647,0.06787633047882369,0.06787714237997462,-9.242606680004428e-15,-8.663602740210941e-07
671.8515101036998,0.06173202158464456,0.061732021584645434,0.06173202158463705,0.061722500181207965,0.06173141148927727,0.06173198322004328,-8.382183835919932e-15,-6.100953681628662e-07
675.9233374376616,0.05787349485412952,0.05787349485413051,0.05787349485412412,0.057866243735051726,0.05787302980456635,0.057873465604164606,-6.38378239159465e-15,-4.6504956415643894e-07
679.9951647716234,0.05540076461260261,0.05540076461260304,0.055400764612597964,0.055394476316152096,0.05540036111943918,0.05540073923202421,-5.079270337660091e-15,-4.0349316385995815e-07
684.0669921055853,0.053613356915793955,0.0536133569157936,0.05361335691578814,0.05360790308520082,0.0536130064451204,0.053613334863544866,-5.460909502374989e-15,-3.5047067320492786e-07
688.1388194395471,0.052244664147038426,0.05224466414703811,0.05224466414703236,0.052240565572197764,0.052244399940115815,0.05224464751053396,-5.745404152435185e-15,-2.64206922291621e-07
692.2106467735089,0.05130719973214648,0.05130719973214679,0.051307199732142365,0.05130439786336359,0.05130701821497287,0.05130718828881395,-4.427014310692812e-15,-1.8151717392361766e-07
696.2824741074708,0.05078765713019077,0.05078765713019113,0.05078765713018882,0.05078586059982956,0.05078753978674891,0.05078764971817405,-2.310651670001107e-15,-1.1734344221997484e-07
700.3543014414325,0.05069245751684123,0.05069245751684117,0.05069245751683983,0.0506915114441874,0.05069239449609272,0.050692453518018085,-1.339206523454095e-15,-6.302074845310202e-08
704.4261287753943,0.051084672417134096,0.05108467241713411,0.0510846724171328,0.051084530099067285,0.05108466071085036,0.05108467164217953,-1.3114509478384662e-15,-1.170628374791427e-08
708.4979561093562,0.051909918311812055,0.0519099183118128,0.05190991831181173,0.051910166796302885,0.05190993124379853,0.05190991907950949,-1.0685896612017132e-15,1.2931985732267393e-08
712.569783443318,0.052440742435028276,0.052440742435029414,0.052440742435028706,0.052439987804184233,0.05244069025582753,0.052440739094422324,-7.077671781985373e-16,-5.217920188288483e-08
716.6416107772798,0.05182896471911606,0.051828964719117084,0.05182896471911503,0.05182701389336402,0.051828835448731625,0.05182895652397854,-2.0539125955565396e-15,-1.2927038545856862e-07
720.7134381112417,0.05083745498140374,0.05083745498140515,0.0508374549813993,0.05083562138154031,0.050837333660792676,0.050837447293389786,-5.8494875609937935e-15,-1.2132061247283055e-07
724.7852654452034,0.05031364160751727,0.0503136416075186,0.050313641607509174,0.05031232150150385,0.05031355372579243,0.05031363603071199,-9.423017921506016e-15,-8.788172616708279e-08
728.8570927791652,0.05041587401955393,0.05041587401955429,0.05041587401954288,0.05041497616107155,0.050415813509351065,0.05041587016891711,-1.1407541578023483e-14,-6.051020322306311e-08
732.9289201131271,0.051203273978545724,0.051203273978544954,0.051203273978532374,0.05120272087441454,0.05120323566463361,0.051203271525396936,-1.2580214647783805e-14,-3.831391134218043e-08
737.0007474470889,0.052903200787467713,0.05290320078746586,0.05290320078745234,0.052903014272969784,0.05290318587842288,0.05290319980489059,-1.3523904218715188e-14,-1.4909042979349696e-08
741.0725747810507,0.055950336210767816,0.05595033621076471,0.055950336210751093,0.05595057470092045,0.055950348189801144,0.055950336913770805,-1.3614109839465982e-14,1.1979036436404744e-08
745.1444021150126,0.060518846210006,0.06051884621000206,0.06051884620998864,0.06051908408155141,0.06051885724155631,0.060518846839061266,-1.341982081015658e-14,1.103155425341562e-08
749.2162294489743,0.06446404908585461,0.06446404908585131,0.06446404908583897,0.06446205491171549,0.06446391527849576,0.06446404057727671,-1.2337353361147052e-14,-1.3380735554291423e-07
753.2880567829361,0.06350952458036228,0.0635095245803628,0.06350952458035393,0.06350336714474772,0.06350912291329522,0.06350949921049338,-8.867906409193438e-15,-4.0166706757882586e-07
757.359884116898,0.058974801839089284,0.05897480183909277,0.058974801839087924,0.058967414080909865,0.058974322315701,0.0589747715910493,-4.8433479449272454e-15,-4.795233917651021e-07
761.4317114508598,0.054870437587600004,0.05487043758760356,0.05487043758760005,0.05486486687333273,0.05487007607875202,0.05487041478624588,-3.5041414214731503e-15,-3.6150885153463097e-07
765.5035387848216,0.05227857352117302,0.05227857352117629,0.052278573521171656,0.052274980982998584,0.05227834001199318,0.052278558787737066,-4.6351811278100286e-15,-2.3350918311459967e-07
769.5753661187834,0.0508479460457498,0.05084794604575232,0.050847946045746446,0.050845660523512574,0.050847797121980384,0.05084793664380301,-5.870304242705515e-15,-1.4892377193237438e-07
773.6471934527452,0.0501806467082163,0.05018064670821838,0.050180646708212685,0.05017915552545719,0.05018054927230294,0.05018064055281232,-5.6968318951078345e-15,-9.743591544014718e-08
777.719020786707,0.050071012855531914,0.050071012855535495,0.05007101285553063,0.050070012679560356,0.050070947365205364,0.050071008716260135,-4.864164626638967e-15,-6.549033013114602e-08
781.7908481206689,0.050468954025033826,0.05046895402503869,0.05046895402503425,0.05046826006170638,0.05046890864496536,0.0504689511577765,-4.440892098500626e-15,-4.538007333104721e-08
785.8626754546307,0.05138007992924641,0.0513800799292526,0.051380079929248416,0.05137952667951932,0.05138004415738966,0.05138007767516499,-4.184153024056059e-15,-3.57718629440118e-08
789.9345027885925,0.05251944663116377,0.05251944663116684,0.05251944663116369,0.05251880495588803,0.05251940585427868,0.05251944407238332,-3.1502578323738817e-15,-4.077688815773417e-08
794.0063301225543,0.05305754587494939,0.05305754587494596,0.05305754587494526,0.05305686150685962,0.05305750264459561,0.05305754316629896,-7.008282842946301e-16,-4.3230350348089086e-08
798.0781574565161,0.0530273830398121,0.053027383039807155,0.05302738303980886,0.05302715384380772,0.053027368721373605,0.053027382145572274,1.7069679003611782e-15,-1.4318433549931342e-08
802.1499847904779,0.05342225887484904,0.05342225887484546,0.053422258874847944,0.05342277204834638,0.05342229184692753,0.053422260950378705,2.4841240175987878e-15,3.2972082071591746e-08
806.2218121244398,0.054784585153290245,0.054784585153287955,0.05478458515328967,0.05478600769417158,0.05478467633890018,0.05478459088895088,1.7139067942650854e-15,9.118561222765109e-08
810.2936394584016,0.05739416948937941,0.05739416948937774,0.057394169489378234,0.057396683115206876,0.05739433075233771,0.05739417963463071,4.926614671774132e-16,1.612629599717641e-07
814.3654667923633,0.061071744018931326,0.06107174401892983,0.06107174401893,0.06107482278279048,0.06107194166910232,0.06107175645494094,1.734723475976807e-16,1.9765017249262495e-07
818.4372941263252,0.06362827902917159,0.06362827902917108,0.06362827902917063,0.06362966837282781,0.06362836806081379,0.06362828462832869,-4.440892098500626e-16,8.903164271101272e-08
822.509121460287,0.06268216701847713,0.06268216701847748,0.06268216701847568,0.06268153049111833,0.06268212561508062,0.06268216440563514,-1.8041124150158794e-15,-4.140339686375949e-08
826.5809487942488,0.060526826603605706,0.06052682660360588,0.06052682660360334,0.06052625286652324,0.06052678910184186,0.060526824234520014,-2.5396351688300456e-15,-3.7501764020564377e-08
830.6527761282107,0.05947379581365399,0.05947379581365452,0.05947379581365317,0.05947399561826024,0.059473808016243114,0.05947379657246476,-1.3530843112619095e-15,1.2202588592358232e-08
834.7246034621725,0.05977819204717992,0.05977819204718126,0.05977819204718185,0.05977914087458985,0.059778252452192246,0.059778195840489254,5.898059818321144e-16,6.040501098619755e-08
838.7964307961344,0.061275750680923044,0.0612757506809248,0.06127575068092758,0.061277440947305924,0.06127585888390365,0.06127575748461226,2.7824964554667986e-15,1.0820297884767127e-07
842.8682581300961,0.06400238903297255,0.06400238903297488,0.0640023890329813,0.06400498171009895,0.06400255551525574,0.06400239950884175,6.4254157550180935e-15,1.6648228086391104e-07
846.9400854640579,0.0683053374321016,0.06830533743210476,0.06830533743211363,0.06830922263617967,0.06830558750949388,0.06830535317723063,8.867906409193438e-15,2.500773891161989e-07
851.0119127980198,0.07492655281540543,0.07492655281540982,0.07492655281541799,0.07493240460440084,0.07492693021665287,0.07492657658821751,8.174017018802715e-15,3.774012430485252e-07
855.0837401319816,0.0848952904830265,0.08489529048303257,0.08489529048304043,0.08490370682447812,0.08489583401782234,0.08489532473161754,7.854827899222983e-15,5.435347897736476e-07
859.1555674659434,0.09786156427257071,0.09786156427257806,0.09786156427258963,0.09787073329643682,0.09786215632933845,0.09786160157568136,1.1574075031717257e-14,5.920567603956428e-07
863.2273947999053,0.108130040527271,0.1081300405272789,0.1081300405272955,0.10813460947071582,0.10813033271386459,0.10813005889104317,1.659783421814609e-14,2.9218658569030165e-07
867.299222133867,0.1117790584794867,0.11177905847949587,0.11177905847951598,0.11178216759993959,0.1117792515592739,0.11177907052620302,2.0108914533523148e-14,1.9307977802696108e-07
871.3710494678288,0.1171972990943144,0.11719729909432747,0.1171972990943491,0.11720749682385243,0.11719794448448487,0.11719733955874499,2.1635471192382738e-14,6.453901573999499e-07
875.4428768017907,0.1322405577922128,0.13224055779223312,0.1322405577922559,0.13226317061059406,0.1322419967086109,0.13224064813103714,2.2787327580431338e-14,1.438916377771715e-06
879.5147041357525,0.16193207978663415,0.1619320797866674,0.16193207978668991,0.16197243418967114,0.16193465167074875,0.1619322413163087,2.250977182427505e-14,2.571884081342679e-06
883.5865314697143,0.21142927094364733,0.21142927094370143,0.21142927094371863,0.21148611746748322,0.21143289724822778,0.2114294987350676,1.7208456881689926e-14,3.6263045263551508e-06
887.6583588036762,0.27577735858169167,0.27577735858177094,0.2757773585817762,0.2758120750784179,0.27577958020561255,0.27577749820713704,5.2735593669694936e-15,2.221623841613951e-06
891.7301861376379,0.32267754970285895,0.3226775497029383,0.32267754970293044,0.32264675374463453,0.3226755977637016,0.3226774272694725,-7.882583474838611e-15,-1.9519392367439714e-06
895.8020134715997,0.3256249839537449,0.3256249839537407,0.3256249839537256,0.3255716962226987,0.3256215935444803,0.32562477114407334,-1.509903313490213e-14,-3.390409260395355e-06
899.8738408055616,0.2924354161372512,0.2924354161371707,0.2924354161371561,0.2923917363392268,0.2924326303823981,0.2924352411770382,-1.459943277382081e-14,-2.785754772638427e-06
903.9456681395234,0.2627671042831368,0.2627671042830707,0.26276710428305816,0.26275719465826364,0.26276647491537347,0.26276706481071976,-1.2545520178264269e-14,-6.293676972357609e-07
908.0174954734852,0.2611546548839183,0.2611546548838875,0.26115465488387496,0.26117734979700724,0.2611561124809345,0.2611547466106085,-1.2545520178264269e-14,1.4575970470054322e-06
912.089322807447,0.26759739709867447,0.2675973970986616,0.26759739709864844,0.26762031983859763,0.2675988664590037,0.26759748950698814,-1.3156142841808105e-14,1.4693603421211954e-06
916.1611501414088,0.2516765409647427,0.25167654096472525,0.2516765409647142,0.2516765982474463,0.2516765333038334,0.25167654029520664,-1.1046719095020308e-14,-7.66089186532426e-09
920.2329774753706,0.21479934310379087,0.2147993431037671,0.21479934310375767,0.21477334821878458,0.21479765558053185,0.2147992366302843,-9.43689570931383e-15,-1.6875232352608904e-06
924.3048048093325,0.16946199242005064,0.1694619924200304,0.16946199242001972,0.16942858031929828,0.16945983104369075,0.16946185618094894,-1.0685896612017132e-14,-2.1613763396544083e-06
928.3766321432943,0.13272370215859858,0.13272370215858262,0.13272370215857127,0.13269949126872105,0.13272213659163468,0.13272360348813467,-1.1352030426792226e-14,-1.5655669479419654e-06
932.448459477256,0.10858327544203987,0.10858327544202714,0.10858327544201701,0.10856834424270902,0.10858230935934968,0.10858321454615708,-1.0130785099704553e-14,-9.660826774671172e-07
936.5202868112179,0.0933684739927397,0.09336847399273045,0.09336847399272181,0.09335952568390352,0.09336789423101165,0.09336843743638067,-8.631984016460592e-15,-5.797617187996984e-07
940.5921141451797,0.08364263715005237,0.08364263715004619,0.08364263715003856,0.08363736796385701,0.08364229485551711,0.08364261555347172,-7.632783294297951e-15,-3.422945290820767e-07
944.6639414791415,0.07733672291583232,0.07733672291582827,0.07733672291582268,0.07733387133150105,0.07733653653359912,0.07733671113939838,-5.592748486549226e-15,-1.863822291503503e-07
948.7357688131034,0.07331422355965207,0.07331422355964956,0.07331422355964738,0.07331318242034399,0.07331415374588758,0.07331421912253545,-2.1788126858268697e-15,-6.981376197978673e-08
952.8075961470652,0.07098260134385007,0.07098260134384837,0.07098260134384801,0.07098317906131069,0.07098263552415322,0.0709826034508253,-3.608224830031759e-16,3.418030485036194e-08
956.879423481027,0.07001589715991344,0.07001589715991181,0.07001589715991079,0.07001812679741705,0.07001603724619508,0.07001590592812502,-1.0269562977782698e-15,1.4008628326789285e-07
960.9512508149888,0.06997910459352867,0.06997910459352727,0.06997910459352534,0.06998288178233397,0.06997934380153055,0.06997911959478371,-1.9290125052862095e-15,2.3920800328036673e-07
965.0230781489506,0.07035888843709338,0.07035888843709316,0.0703588884370912,0.07036408928685434,0.07035921860713033,0.07035890915478037,-1.9567680809018384e-15,3.3017003717161764e-07
969.0949054829124,0.07162632974100998,0.07162632974101109,0.07162632974101099,0.07163357359542588,0.07162679007454381,0.07162635863281325,-9.71445146547012e-17,4.603335327230118e-07
973.1667328168743,0.07449742360110542,0.07449742360110782,0.07449742360111107,0.07450660478978131,0.07449800740788447,0.07449746024562348,3.247402347028583e-15,5.838067766439359e-07
977.2385601508361,0.07805210246647609,0.07805210246648012,0.07805210246648535,0.07805820676728908,0.07805249040067147,0.0780521268077351,5.23192600354605e-15,3.8793419135374485e-07
981.3103874847978,0.07958320225922616,0.07958320225923153,0.07958320225923499,0.07958151702938943,0.07958309342562352,0.07958319539962974,3.4555691641457997e-15,-1.088336080146135e-07
985.3822148187597,0.07971765706934093,0.07971765706934641,0.07971765706934565,0.07971448991028393,0.07971745355678123,0.07971764426625376,-7.632783294297951e-16,-2.0351256518891248e-07
989.4540421527215,0.0815673151983677,0.08156731519837356,0.08156731519836902,0.08156710127908269,0.08156730028976719,0.0815673142471553,-4.538036613155327e-15,-1.490860636332858e-08
993.5258694866834,0.08657840317826573,0.08657840317827294,0.08657840317826623,0.08658157700559124,0.08657860472940432,0.08657841582968841,-6.702971511174383e-15,2.0155113138187186e-07
997.5976968206452,0.09579905552824505,0.09579905552825495,0.09579905552824763,0.09580575872900071,0.09579948269129089,0.09579908235967305,-7.313594174718219e-15,4.2716303594314553e-07
1001.669524154607,0.11119749193467608,0.11119749193469147,0.11119749193468563,0.1112086118066327,0.11119820156556058,0.11119753652252577,-5.842548667089886e-15,7.096308691084685e-07
1005.7413514885689,0.13570564083798467,0.13570564083801,0.1357056408380103,0.13572249211748935,0.1357067170314399,0.135705708469102,2.7755575615628914e-16,1.07619342989973e-06
1009.8131788225306,0.16961748788948308,0.1696174878895173,0.16961748788952694,0.16963973228990883,0.16961890762644033,0.16961757709518624,9.631184738623233e-15,1.4197369230251056e-06
1013.8850061564924,0.20360568286071237,0.20360568286073943,0.20360568286075306,0.20363341261763676,0.20360744560262733,0.20360579350760938,1.3627987627273797e-14,1.7627418879007095e-06
1017.9568334904543,0.23351557273954823,0.23351557273955217,0.23351557273956086,0.23355229007184614,0.2335178984702555,0.2335157185873912,8.68749516769185e-15,2.3257307033286434e-06
1022.0286608244161,0.26166285791307625,0.26166285791306326,0.2616628579130604,0.26168633895829946,0.2616643404824708,0.26166295080052726,-2.886579864025407e-15,1.4825694075182305e-06
1026.1004881583779,0.2680814882425467,0.26808148824253236,0.26808148824252553,0.2680773624032709,0.26808121839143606,0.26808147118637965,-6.827871601444713e-15,-2.69851096301732e-07
1030.1723154923397,0.24049069750826785,0.24049069750825622,0.24049069750825716,0.24048238052544385,0.24049016284866157,0.24049066386523635,9.43689570931383e-16,-5.346595946531529e-07
1034.2441428263014,0.19277633419663873,0.19277633419663046,0.19277633419663598,0.1927738333130377,0.1927761712258529,0.19277632391360572,5.523359547510154e-15,-1.6297077756743938e-07
1038.3159701602633,0.15299371842502657,0.15299371842502182,0.15299371842502857,0.15299653412347788,0.15299389560956747,0.15299372952486548,6.744604874597826e-15,1.7718454564663588e-07
1042.3877974942252,0.1285240123829622,0.12852401238295993,0.12852401238296726,0.12853101278004753,0.1285244574297926,0.12852404032371217,7.327471962526033e-15,4.450468326644419e-07
1046.4596248281869,0.11539258173922093,0.11539258173922144,0.11539258173922799,0.11540352338105044,0.11539327896527816,0.1153926255343675,6.5503158452884236e-15,6.972260567228439e-07
1050.5314521621488,0.10976366416072139,0.10976366416072593,0.10976366416073231,0.10977915310162337,0.10976465218191277,0.10976372623659779,6.38378239159465e-15,9.880211868373845e-07
1054.6032794961106,0.10965011239398058,0.10965011239399,0.10965011239399587,0.10967164979278805,0.10965148705036101,0.10965019877411612,5.870304242705515e-15,1.374656371011529e-06
1058.6751068300725,0.11451839105962533,0.11451839105963997,0.11451839105964334,0.11454872606400134,0.1145203279465772,0.11451851278104715,3.372302437298913e-15,1.9368869372260455e-06
1062.7469341640342,0.1250610262608428,0.12506102626086377,0.12506102626086524,0.12510498626965585,0.1250638337565532,0.12506120270731272,1.4710455076283324e-15,2.8074956894275083e-06
1066.818761497996,0.1434298735354344,0.14342987353546635,0.14342987353546874,0.14349604797055193,0.14343410035502918,0.1434301391982401,2.3869795029440866e-15,4.226819562830331e-06
1070.890588831958,0.1740419744501095,0.17404197445016106,0.17404197445016686,0.17414590316323134,0.17404861335729702,0.17404239173341735,5.800915303666443e-15,6.638907135952943e-06
1074.9624161659196,0.224889286459783,0.22488928645986694,0.22488928645987832,0.22505819942813202,0.22490007743078458,0.2248899647383181,1.1379786002407855e-14,1.079097091763459e-05
1079.0342434998815,0.3067619821181275,0.3067619821182571,0.30676198211827216,0.30703260065104526,0.30677927457625614,0.3067630690827243,1.504352198367087e-14,1.7292457999029676e-05
1083.1060708338434,0.41576187685002336,0.41576187685016863,0.41576187685017507,0.4161176345264268,0.4157846299360108,0.4157633071056996,6.439293542825908e-15,2.2753085842153187e-05
1087.177898167805,0.4872035474986744,0.4872035474987086,0.4872035474986889,0.48738634358663396,0.4872152884342959,0.4872042855627817,-1.970645868709653e-14,1.1740935587312151e-05
1091.249725501767,0.4465197371381931,0.44651973713809695,0.44651973713805887,0.44628651790992707,0.44650484042508254,0.44651880044146147,-3.808064974464287e-14,-1.4896713014411755e-05
1095.3215528357289,0.3487000695918384,0.3487000695917373,0.34870006959170463,0.3483570478646788,0.34867808635913555,0.34869868718512265,-3.269606807521086e-14,-2.1983232601774372e-05
1099.3933801696905,0.2740251649660739,0.2740251649660146,0.27402516496599794,0.2737878736795347,0.27400994156407155,0.27402420755794166,-1.6653345369377348e-14,-1.5223401943043058e-05
1103.4652075036524,0.23790894389369782,0.23790894389367787,0.2379089438936762,0.23777534910170672,0.23790036577147966,0.23790840432391885,-1.6653345369377348e-15,-8.578122198205085e-06
1107.5370348376143,0.2319496279267637,0.23194962792677098,0.23194962792678048,0.23188001534791677,0.23194515203042362,0.23194934630328165,9.492406860545088e-15,-4.47589634736123e-06
1111.608862171576,0.24870785795074618,0.2487078579507687,0.2487078579507866,0.24867269120332194,0.24870558669071063,0.24870771488915588,1.790234627208065e-14,-2.2712600580565567e-06
1115.6806895055379,0.2819554517608053,0.28195545176081926,0.28195545176084175,0.2819391885685004,0.28195438510425724,0.2819553843278832,2.248201624865942e-14,-1.0666565620209845e-06
1119.7525168394998,0.31200790010623386,0.3120079001061884,0.31200790010621027,0.31200226604449577,0.31200752333669857,0.31200787618685755,2.1871393585115584e-14,-3.767694898293428e-07
1123.8243441734614,0.30441348308825705,0.3044134830881735,0.30441348308818894,0.3044022264318771,0.30441276542258344,0.30441343802505405,1.5432100042289676e-14,-7.176655900664741e-07
1127.8961715074233,0.2544779855400235,0.25447798553995643,0.2544779855399568,0.2544570718981556,0.25447665570454364,0.2544779020815592,3.885780586188048e-16,-1.32983541278886e-06
1131.9679988413852,0.20247576706879572,0.20247576706875248,0.20247576706874004,0.20246074486292095,0.20247481148184532,0.20247570709483345,-1.2434497875801753e-14,-9.555869071586898e-07
1136.039826175347,0.16972253370222173,0.16972253370219414,0.16972253370217785,0.16971827160587682,0.1697222635717852,0.1697225167707943,-1.6292522886374172e-14,-2.7013040895806917e-07
1140.1116535093088,0.15503580226878663,0.15503580226876834,0.15503580226875638,0.1550428064573072,0.15503625099055884,0.15503583049622613,-1.1962653090336062e-14,4.4872179050248207e-07
1144.1834808432707,0.15513965743439126,0.15513965743437816,0.1551396574343761,0.15515995737441293,0.15514095548000364,0.1551397390339183,-2.0539125955565396e-15,1.2980456254862993e-06
1148.2553081772323,0.16891347505791363,0.16891347505790325,0.16891347505791024,0.1689488190765027,0.16891573501706544,0.1689136171173961,6.994405055138486e-15,2.259959162198566e-06
1152.3271355111942,0.19057255518827215,0.19057255518826138,0.19057255518826974,0.19061031893565297,0.1905749719727133,0.190572707126531,8.354428260304303e-15,2.416784451925169e-06
1156.3989628451561,0.19890656027636205,0.19890656027634857,0.19890656027634387,0.19891697816010928,0.1989072319440471,0.19890660256675505,-4.690692279041286e-15,6.716676985429881e-07
1160.4707901791178,0.1867696849240857,0.18676968492407284,0.1867696849240587,0.18675935957591364,0.18676903096846303,0.18676964390987516,-1.4127587988355117e-14,-6.539556098028587e-07
1164.5426175130797,0.17817046216330126,0.1781704621632926,0.1781704621632763,0.17815924325633323,0.17816975123789805,0.1781704175743843,-1.6292522886374172e-14,-7.109253945536409e-07
1168.6144448470416,0.18616954299576044,0.18616954299575547,0.1861695429957282,0.18615854289902306,0.1861688464329405,0.18616949931395801,-2.7283730830163222e-14,-6.965628149835368e-07
1172.6862721810032,0.20477416613917912,0.20477416613917712,0.2047741661391229,0.2047515417173396,0.20477272155499202,0.2047740753650137,-5.42343947529389e-14,-1.4445841851062902e-06
1176.7580995149651,0.20892573455516963,0.20892573455516975,0.20892573455510519,0.20888401844600116,0.20892305653982088,0.20892556606508503,-6.455946888195285e-14,-2.6780153488670244e-06
1180.829926848927,0.19056297993291726,0.19056297993291768,0.1905629799328774,0.19052804041596091,0.19056073197472076,0.1905628384337819,-4.0273340218277554e-14,-2.2479581969214735e-06
1184.9017541828887,0.17365473859130257,0.17365473859130232,0.17365473859128963,0.1736454985706004,0.1736541411917973,0.17365470095175273,-1.2684298056342413e-14,-5.973995050034819e-07
1188.9735815168506,0.1700773905407932,0.17007739054079324,0.1700773905408024,0.1700951781190467,0.1700785303242795,0.17007746223034126,9.159339953157541e-15,1.1397834862592049e-06
1193.0454088508125,0.1807430569473994,0.18074305694740095,0.18074305694743134,0.18078934816823064,0.18074602901271233,0.18074324395697078,3.039235529911366e-14,2.9720653113851636e-06
1197.1172361847741,0.20644857179998558,0.2064485717999896,0.2064485718000459,0.2065312428933728,0.20645388283892616,0.20644890602904967,5.6288307348495437e-14,5.311038936556267e-06
1201.189063518736,0.24836239092165652,0.24836239092166087,0.2483623909217386,0.2484974791138257,0.2483710728078612,0.24836293733382736,7.771561172376096e-14,8.681886200317956e-06
1205.260890852698,0.30891449535934307,0.3089144953593419,0.30891449535941956,0.30913078688054446,0.3089283997798183,0.3089153705212534,7.76601005725297e-14,1.390442047638496e-05
1209.3327181866596,0.4052138199092596,0.4052138199092483,0.4052138199093088,0.4055583991025178,0.4052359754497704,0.4052152144550523,6.050715484207103e-14,2.215554052209523e-05
1213.4045455206215,0.558386599588383,0.5583865995883629,0.5583865995883955,0.5588654607347114,0.5584173925532007,0.5583885377339112,3.26405569239796e-14,3.0792964837766945e-05
1217.4763728545834,0.7271643604752487,0.7271643604752415,0.7271643604752294,0.7275006541552825,0.7271859630577353,0.7271657194407694,-1.2101430968414206e-14,2.1602582493840394e-05
1221.548200188545,0.7558732712212697,0.7558732712213071,0.7558732712212906,0.7556734019799427,0.7558602919024903,0.7558724520060566,-1.6542323066914832e-14,-1.2979318816830343e-05
1225.620027522507,0.6280165906647057,0.6280165906647694,0.6280165906647801,0.627601492951507,0.6279897148334348,0.6280148963881157,1.0658141036401503e-14,-2.6875831334649547e-05
1229.6918548564688,0.49245936542412144,0.49245936542418295,0.4924593654241898,0.4921512100031427,0.492439404279864,0.4924581070260351,6.827871601444713e-15,-1.9961144318958457e-05
1233.7636821904305,0.3851038478031387,0.38510384780318335,0.3851038478031689,0.3849205265654387,0.38509195939765023,0.38510309814637367,-1.4432899320127035e-14,-1.1888405533122537e-05
1237.8355095243924,0.3036775314351428,0.3036775314351695,0.3036775314351376,0.30358125546038445,0.30367126534943417,0.30367713598613194,-3.191891195797325e-14,-6.2660857353402655e-06
1241.9073368583543,0.2546683926266339,0.254668392626648,0.2546683926266162,0.254634009917313,0.2546661133423531,0.25466824819225997,-3.175237850427948e-14,-2.2792842948593517e-06
1245.979164192316,0.23459875293744428,0.23459875293744975,0.23459875293741683,0.23461760455490846,0.23459988833042045,0.23459882329362955,-3.291811268013589e-14,1.13539297069698e-06
1250.0509915262778,0.23967107811621638,0.23967107811621546,0.23967107811615057,0.23974825074067727,0.23967593921584765,0.2396713826077021,-6.48925357893404e-14,4.861099632186283e-06
1254.1228188602397,0.26868858234404597,0.26868858234403853,0.2686885823438996,0.26882680729123565,0.2686973373422861,0.2686891314270218,-1.3894441153183834e-13,8.754998247595402e-06
1258.1946461942014,0.30965618560216507,0.3096561856021475,0.309656185601941,0.3097993687952361,0.30966527015000367,0.30965675550022637,-2.0650148258027912e-13,9.084547856141878e-06
1262.2664735281633,0.32923754148194656,0.32923754148191575,0.3292375414817225,0.32929921692934944,0.32924145472915306,0.3292377869023154,-1.932343174360085e-13,3.913247237308237e-06
1266.3383008621252,0.3322487841363447,0.33224878413630365,0.33224878413617287,0.332287121639027,0.33225122211916663,0.33224893714243736,-1.3078427230084344e-13,2.437982862979471e-06
1270.4101281960868,0.3629655150381524,0.3629655150381014,0.3629655150380179,0.36305144162938763,0.36297099685110396,0.362965859387828,-8.354428260304303e-14,5.481813002528035e-06
1274.4819555300487,0.4353429086377397,0.43534290863767244,0.4353429086376415,0.4354406283710062,0.4353491764977967,0.43534330277577116,-3.091971123581061e-14,6.267860124253843e-06
1278.5537828640106,0.5014732278012106,0.5014732278011168,0.5014732278012011,0.5013631670056996,0.5014663411404224,0.501472796940675,8.426592756904938e-14,-6.886660694371827e-06
1282.6256101979723,0.46797820626520525,0.46797820626509057,0.46797820626527725,0.4675851959118532,0.4679533290912424,0.46797664641527986,1.8668400159072007e-13,-2.4877173848192324e-05
1286.6974375319342,0.3684718551452917,0.36847185514516867,0.3684718551453659,0.36809630449452596,0.3684480429083234,0.36847036168139574,1.9723112032465906e-13,-2.3812236845277557e-05
1290.769264865896,0.289851507797137,0.2898515077969927,0.2898515077971619,0.28961732910919125,0.2898366518946622,0.28985057599278224,1.6919798895287386e-13,-1.4855902330523918e-05
1294.8410921998577,0.2510870289970427,0.2510870289968424,0.2510870289969827,0.2509714907013748,0.2510796956383588,0.25108656899143145,1.4033219031261979e-13,-7.333358483574415e-06
1298.9129195338196,0.24715505620700232,0.24715505620669428,0.24715505620681125,0.24713035870250805,0.2471534815416779,0.24715495736192147,1.1696199564426024e-13,-1.574665016379484e-06
1302.9847468677815,0.2745248823028495,0.2745248823024002,0.2745248823025084,0.2745792152492431,0.2745283147450101,0.27452509744539666,1.081912337497215e-13,3.4324426099185956e-06
1307.0565742017432,0.32128015712732283,0.3212801571269005,0.32128015712699326,0.32138904709163574,0.3212870419460477,0.32128058868421444,9.275913370743183e-14,6.884819147179311e-06
1311.128401535705,0.3497709800923135,0.3497709800923715,0.34977098009242036,0.34986771282577156,0.34977709063332635,0.349771362993541,4.884981308350689e-14,6.1105409548400935e-06
1315.200228869667,0.3290049589035853,0.3290049589040832,0.3290049589040916,0.3290411222349938,0.32900723574566687,0.3290051014409717,8.382183835919932e-15,2.2768415836593725e-06
1319.2720562036286,0.27515954618818167,0.27515954618865945,0.27515954618866517,0.2751615739843772,0.27515966698541683,0.2751595536365293,5.717648576819556e-15,1.2079675737464157e-07
1323.3438835375905,0.21795886173031803,0.21795886173063472,0.21795886173064774,0.21795461096300509,0.21795858857654318,0.21795884453928596,1.301736496372996e-14,-2.73154091540162e-07
1327.4157108715524,0.17073010071275765,0.17073010071295514,0.1707301007129702,0.17072693193797167,0.17072989777001446,0.17073008795214664,1.50712775592865e-14,-2.0294294067468854e-07
1331.487538205514,0.1385073454289332,0.1385073454290613,0.13850734542907805,0.13850622848465163,0.13850727367800966,0.13850734091499095,1.6764367671839864e-14,-7.175105162793294e-08
1335.559365539476,0.11819073753228204,0.11819073753237111,0.11819073753239152,0.11819146566519366,0.11819078390356305,0.11819074044597372,2.0414225865295066e-14,4.6371191941840806e-08
1339.6311928734378,0.10561136303857634,0.10561136303864273,0.10561136303866654,0.10561405222945049,0.10561153517744198,0.10561137386436888,2.3814283878209608e-14,1.7213879925648268e-07
1343.7030202073995,0.0981263440350493,0.09812634403510202,0.09812634403512706,0.09813138745539517,0.09812666730730761,0.09812636437059462,2.503552920529728e-14,3.2327220558792114e-07
1347.7748475413614,0.09417619673628275,0.0941761967363281,0.09417619673635234,0.09418278281558463,0.0941766194012058,0.09417622332836163,2.4244495300251856e-14,4.226648776944897e-07
1351.8466748753233,0.0923102778523923,0.09231027785243677,0.09231027785245909,0.09231497744551626,0.09231058012724204,0.09231029687587847,2.2315482794965646e-14,3.022748052694535e-07
1355.918502209285,0.09142528501911662,0.09142528501917017,0.09142528501919064,0.09142786742368092,0.09142545170942401,0.09142529551823003,2.0469737016526324e-14,1.6669025383608815e-07
1359.9903295432468,0.0914408519597831,0.09144085195985945,0.09144085195987786,0.0914436843467242,0.09144103496029007,0.09144086349077464,1.8415824420969784e-14,1.8300043062857707e-07
1364.0621568772087,0.0931797252379303,0.09317972523804789,0.09317972523806209,0.093183709473832,0.09317998261552708,0.09317974145573564,1.419697692739419e-14,2.5737747919030163e-07
1368.1339842111706,0.09856933493210242,0.09856933493228744,0.09856933493229457,0.09857551294149149,0.09856973391555333,0.0985693600715616,7.13318293321663e-15,3.989832658979342e-07
1372.2058115451323,0.10972102646680475,0.10972102646709735,0.10972102646709675,0.10973056326982027,0.10972164246182144,0.10972106528001502,-5.967448757360216e-16,6.159947240902408e-07
1376.2776388790942,0.12845270955344884,0.12845270955386956,0.12845270955386023,0.12846246834113928,0.12845334219236407,0.12845274943943194,-9.325873406851315e-15,6.326384945076757e-07
1380.349466213056,0.15106622804739292,0.15106622804776673,0.15106622804774883,0.15105937015860232,0.15106579557733357,0.1510662009238845,-1.790234627208065e-14,-4.3247043315930433e-07
1384.4212935470177,0.16148490576368474,0.16148490576362134,0.1614849057636003,0.1614580793645826,0.161483187900412,0.16148479773639896,-2.1038726316646716e-14,-1.7178632093495239e-06
1388.4931208809796,0.15174630887326246,0.15174630887290105,0.15174630887288285,0.15172384351901086,0.1517448689422947,0.1517462183225594,-1.8207657603852567e-14,-1.4399306063617168e-06
1392.5649482149415,0.13816731817956238,0.1381673181792833,0.13816731817927014,0.1381532567021183,0.13816641751113531,0.13816726155246387,-1.3156142841808105e-14,-9.006681479795109e-07
1396.6367755489032,0.13433288041651462,0.13433288041639826,0.1343328804163888,0.1343234020441848,0.13433227379974536,0.13433284228441192,-9.46465128492946e-15,-6.066166529095085e-07
1400.708602882865,0.14171292224042034,0.1417129222404385,0.1417129222404293,0.14170481580662214,0.14171240325240853,0.14171288961289252,-9.18709552877317e-15,-5.189880299683036e-07
1404.780430216827,0.15362812949449015,0.15362812949462443,0.15362812949461194,0.15361934644825245,0.1536275653289906,0.15362809399625,-1.2490009027033011e-14,-5.64165633820668e-07
1408.8522575507886,0.15978505929177378,0.15978505929203413,0.15978505929201645,0.15977863252066227,0.1597846445990332,0.15978503316934156,-1.7680301667155618e-14,-4.1469300093854855e-07
1412.9240848847505,0.16570735161846245,0.165707351618897,0.16570735161887484,0.16570901776698044,0.16570745671492584,0.16570735820338026,-2.2148949341271873e-14,1.0509602885178104e-07
1416.9959122187124,0.1844444019495764,0.18444440195028983,0.18444440195026798,0.18445712100409253,0.1844452170208994,0.18444445321110597,-2.1843638009499955e-14,8.150706095610971e-07
1421.067739552674,0.22515850808958024,0.22515850809076304,0.2251585080907462,0.2251864650151679,0.2251603009685916,0.22515862086714938,-1.684763439868675e-14,1.792877828560302e-06
1425.139566886636,0.2956305412197446,0.29563054122166776,0.29563054122165283,0.29568249853563106,0.29563387324705265,0.2956307508130268,-1.4932499681208355e-14,3.332025384883419e-06
1429.2113942205979,0.39428991539442504,0.3942899153970805,0.394289915397057,0.3943702647862697,0.3942950673793841,0.39429023944621366,-2.353672812205332e-14,5.151982303552849e-06
1433.2832215545595,0.4773202585340625,0.4773202585358572,0.4773202585358331,0.4773906676428294,0.4773247818830495,0.477320543156516,-2.4091839634365897e-14,4.5233471923089574e-06
1437.3550488885214,0.46416965611036515,0.46416965610905137,0.4641696561090435,0.46416547632945565,0.46416941797406575,0.4641696415598435,-7.882583474838611e-15,-2.381349856195314e-07
1441.4268762224833,0.3667932226584314,0.36679322265575076,0.3667932226557512,0.36674407127483666,0.3667901033853617,0.3667930269534228,4.440892098500626e-16,-3.119270389040363e-06
1445.498703556445,0.27342221095342656,0.273422210951359,0.27342221095135655,0.27338273746400893,0.2734197008799552,0.273422053402502,-2.4424906541753444e-15,-2.5100714037828986e-06
1449.5705308904069,0.21629936593198626,0.2162993659306778,0.21629936593067167,0.216278865349301,0.2162980619849777,0.21629928408318597,-6.13398221105399e-15,-1.30394570010961e-06
1453.6423582243688,0.1872683360974003,0.18726833609657317,0.1872683360965598,0.1872606149955084,0.18726784632504073,0.187268305375662,-1.3378187446733136e-14,-4.89771532441452e-07
1457.7141855583304,0.17054178388733446,0.17054178388678765,0.17054178388676422,0.17053957141420595,0.17054164824360232,0.17054177545243424,-2.3425705819590803e-14,-1.3564318532277575e-07
1461.7860128922923,0.1586793547691448,0.1586793547687607,0.15867935476873427,0.15868288461912303,0.15867958691206335,0.15867936946168948,-2.6423307986078726e-14,2.3214330266418948e-07
1465.8578402262542,0.15763901064130695,0.15763901064101007,0.15763901064098668,0.1576525887520384,0.15763988241453367,0.15763906549376927,-2.3397950243975174e-14,8.717735235919122e-07
1469.9296675602159,0.1705498755902258,0.17054987558998036,0.1705498755899613,0.17057127559372212,0.1705512435430186,0.17054996156521526,-1.9068080447937064e-14,1.3679530382337823e-06
1474.0014948941778,0.18717312183798393,0.18717312183781107,0.18717312183779783,0.1871838975318944,0.187173806644921,0.1871731648058771,-1.3239409568654992e-14,6.848071099352371e-07
1478.0733222281397,0.18401645888443552,0.18401645888436735,0.18401645888436202,0.18399692318265407,0.18401520616666847,0.1840163800799876,-5.329070518200751e-15,-1.2527176988796906e-06
1482.1451495621013,0.15584007544496975,0.1558400754449592,0.1558400754449578,0.1558074495591242,0.15583798880736824,0.1558399442837331,-1.4155343563970746e-15,-2.086637590964502e-06
1486.2169768960632,0.1248957429492146,0.12489574294920801,0.12489574294920522,0.12487034535265575,0.12489411956656664,0.12489564092514054,-2.789435349370706e-15,-1.6233826413691865e-06
1490.288804230025,0.10298738727958544,0.10298738727957175,0.10298738727956637,0.10297108854216509,0.10298634566278998,0.10298732182062925,-5.384581669432009e-15,-1.041616781771726e-06
1494.3606315639868,0.08916494357685462,0.08916494357683623,0.08916494357682997,0.08915466605525954,0.08916428680082165,0.08916490230319629,-6.25888230132432e-15,-6.567760145737012e-07
1498.4324588979487,0.0805099122684732,0.08050991226845303,0.08050991226844825,0.08050319989188019,0.08050948333107408,0.08050988531292425,-4.773959005888173e-15,-4.289373789490014e-07
1502.5042862319106,0.0750346322224136,0.07503463222239373,0.07503463222239222,0.0750300414282911,0.07503433885916659,0.07503461378664582,-1.5126788710517758e-15,-2.933632271412412e-07
1506.5761135658722,0.07162046133605646,0.0716204613360382,0.07162046133603929,0.07161717799069892,0.0716202515120271,0.07162044814994938,1.096345236817342e-15,-2.098240110964822e-07
1510.647940899834,0.06966929324025956,0.06966929324024437,0.06966929324024687,0.06966684659677487,0.06966913686654254,0.06966928341285789,2.4980018054066022e-15,-1.5637370183452237e-07
1514.719768233796,0.06888614403643048,0.06888614403641853,0.06888614403642211,0.06888424931963158,0.06888602290946375,0.06888613642369197,3.58046925441613e-15,-1.2112695478572189e-07
1518.7915955677577,0.06917347407936222,0.06917347407935245,0.06917347407935576,0.06917194919435499,0.06917337655729616,0.06917346794959604,3.3029134982598407e-15,-9.752205629154354e-08
1522.8634229017196,0.07059479140183765,0.0705947914018286,0.07059479140183043,0.07059351139357768,0.07059470949314862,0.0705947862527291,1.8318679906315083e-15,-8.190867997748263e-08
1526.9352502356815,0.07338944209206927,0.07338944209205997,0.07338944209206237,0.07338831211263686,0.07338936972633321,0.07338943754198443,2.400857290751901e-15,-7.236572675817232e-08
1531.0070775696431,0.0780440711560864,0.07804407115607676,0.07804407115608226,0.07804300755336908,0.07804400297247732,0.07804406686789014,5.509481759702339e-15,-6.81835994331692e-08
1535.078904903605,0.08545320932896122,0.08545320932895192,0.08545320932896155,0.08545212196778039,0.08545313954089269,0.08545320493857693,9.631184738623233e-15,-6.97880592342992e-08
1539.150732237567,0.09724071711758477,0.09724071711757666,0.09724071711759122,0.09723948565705935,0.09724063798680903,0.09724071213793914,1.4557799410397365e-14,-7.913076763288451e-08
1543.2225595715286,0.11634384422990764,0.11634384422990052,0.11634384422992036,0.11634227483216952,0.11634374329040349,0.11634383787630281,1.9845236565174673e-14,-1.0093949702472127e-07
1547.2943869054905,0.14769861345203938,0.14769861345203184,0.14769861345205568,0.14769633932908702,0.14769846720694768,0.14769860424683218,2.3842039453825237e-14,-1.4624508415383985e-07
1551.3662142394523,0.1965888450586934,0.19658884505868252,0.19658884505870744,0.1965851077563218,0.1965886054564528,0.19658882998846103,2.4924506902834764e-14,-2.396022297235234e-07
1555.438041573414,0.2548444476472178,0.2548444476472019,0.2548444476472192,0.2548384943696191,0.25484406856861536,0.25484442384471934,1.7319479184152442e-14,-3.790785865209756e-07
1559.509868907376,0.2819705111768932,0.28197051117688243,0.28197051117688665,0.2819657799279429,0.2819702133008378,0.2819704925266605,4.218847493575595e-15,-2.9787604460818073e-07
1563.5816962413378,0.25473509492248647,0.2547350949224895,0.2547350949224932,0.2547371357606171,0.2547352279809972,0.25473510332687044,3.6637359812630166e-15,1.3305850765643612e-07
1567.6535235752995,0.21295238768969169,0.21295238768970082,0.21295238768971517,0.21296037456870484,0.21295289376123197,0.21295241942840853,1.4349632593280148e-14,5.060715311533404e-07
1571.7253509092614,0.1846966403000293,0.18469664030003863,0.18469664030005772,0.1847057941221173,0.18469721553601318,0.18469667630126474,1.9095836023552692e-14,5.752359745481161e-07
1575.7971782432232,0.1591304006186906,0.15913040061869752,0.15913040061870945,0.15913536443855159,0.15913070868686607,0.15913041983898274,1.1934897514720433e-14,3.080681685585507e-07
1579.869005577185,0.13023845244478321,0.13023845244478735,0.13023845244479074,0.13024011303549057,0.13023855244734156,0.1302384586362947,3.3861802251067274e-15,1.000025542097216e-07
1583.9408329111468,0.10604650127156884,0.10604650127157016,0.10604650127157064,0.10604717598629976,0.10604654049865991,0.10604650367783895,4.85722573273506e-16,3.922708975701017e-08
1588.0126602451087,0.08983232678911461,0.08983232678911417,0.08983232678911504,0.08983277914660259,0.08983235308153067,0.08983232840187039,8.743006318923108e-16,2.6292416507867067e-08
1592.0844875790704,0.079749227502011,0.07974922750201077,0.07974922750201124,0.07974959881289519,0.07974924933480522,0.07974922884539028,4.718447854656915e-16,2.1832794447340653e-08
1596.1563149130322,0.07370097784830436,0.07370097784830452,0.07370097784830346,0.07370130569325961,0.07370099730637264,0.07370097904853543,-1.0685896612017132e-15,1.945806811509687e-08
1600.2281422469941,0.0704761125331056,0.07047611253310532,0.07047611253310344,0.07047643043174548,0.07047613155728724,0.07047611370911408,-1.8735013540549517e-15,1.9024181924232053e-08
1604.2999695809558,0.06961525169001881,0.06961525169001732,0.06961525169001556,0.06961560537289462,0.06961527304727966,0.06961525301333721,-1.762479051592436e-15,2.1357262333654425e-08
1608.3717969149177,0.07128251810270235,0.07128251810269959,0.0712825181026977,0.07128297460057877,0.07128254592150597,0.07128251983042676,-1.887379141862766e-15,2.7818806383472783e-08
1612.4436242488796,0.07622757908846085,0.07622757908845723,0.07622757908845362,0.0762282242310978,0.07622761868033125,0.07622758155175527,-3.608224830031759e-15,3.959187401536557e-08
1616.5154515828413,0.08519183347821283,0.08519183347820955,0.08519183347820303,0.08519267565017204,0.0851918852933507,0.08519183670406885,-6.522560269672795e-15,5.1815141149935684e-08
1620.5872789168031,0.09623237494193952,0.09623237494193933,0.09623237494192999,0.09623313677688755,0.09623242149763095,0.0962323778353299,-9.33975119465913e-15,4.655569162126394e-08
1624.659106250765,0.1034517607877277,0.10345176078773155,0.10345176078772167,0.10345234194702416,0.10345179568445681,0.10345176294652116,-9.880984919163893e-15,3.4896725259470074e-08
1628.7309335847267,0.10050205451613552,0.1005020545161389,0.1005020545161305,0.10050274814288435,0.10050209633624065,0.10050205710579106,-8.396061623727746e-15,4.182010174269557e-08
1632.8027609186886,0.08759582314552612,0.08759582314552793,0.0875958231455207,0.08759644218768582,0.08759586053932274,0.08759582546223234,-7.230327447871332e-15,3.73937948106029e-08
1636.8745882526505,0.07469541129713818,0.07469541129713936,0.07469541129713386,0.0746957595407304,0.0746954320078159,0.07469541257500836,-5.495603971894525e-15,2.0710676548740814e-08
1640.9464155866121,0.06600327827567769,0.06600327827567919,0.06600327827567616,0.06600338663703932,0.06600328413142385,0.06600327862731047,-3.0253577421035516e-15,5.8557446669382784e-09
1645.018242920574,0.06067909635637244,0.060679096356373655,0.06067909635637285,0.06067902824847905,0.0606790912362861,0.06067909602286531,-8.049116928532385e-16,-5.120087555321451e-09
1649.090070254536,0.057445674608170585,0.05744567460817083,0.05744567460817119,0.057445467225250325,0.057445660777893814,0.05744567373018841,3.608224830031759e-16,-1.3830277013904269e-08
1653.1618975884976,0.05550392191093537,0.05550392191093535,0.05550392191093487,0.05550358841103175,0.05550390014597677,0.05550392053620709,-4.85722573273506e-16,-2.176495858541294e-08
1657.2337249224595,0.05442263350638869,0.05442263350638952,0.054422633506387,0.05442216929731515,0.054422603474301535,0.054422631613421195,-2.518818487118324e-15,-3.003208798313395e-08
1661.3055522564214,0.05398681221013466,0.05398681221013685,0.05398681221013265,0.053986196972748444,0.05398677258818819,0.05398680971542648,-4.198030811863873e-15,-3.9621948659529505e-08
1665.3773795903833,0.0541139863876909,0.05411398638769454,0.05411398638769018,0.054113181688081685,0.05411393470396268,0.054113983135648164,-4.3576253716537394e-15,-5.1683731856766446e-08
1669.449206924345,0.054820675019020965,0.054820675019025794,0.054820675019023074,0.054819616885921525,0.054820607174576555,0.0548206707518746,-2.7200464103316335e-15,-6.784444923912947e-08
1673.5210342583068,0.05622404455149103,0.05622404455149672,0.056224044551496384,0.05622262832858938,0.05622395385034957,0.05622403884830323,-3.3306690738754696e-16,-9.070114714848643e-08
1677.5928615922687,0.05857883943829195,0.058578839438299134,0.05857883943830037,0.05857689063360581,0.05857871472326266,0.05857883159778245,1.2351231148954867e-15,-1.247150364716565e-07
1681.6646889262304,0.06236663414802108,0.062366634148030564,0.06236663414803291,0.062363852583924205,0.06236645623050407,0.06236662296417808,2.345346139520643e-15,-1.779175264962629e-07
1685.7365162601923,0.06847517029933538,0.06847517029934876,0.0684751702993514,0.06847102675253497,0.06847490535169966,0.06847515364611778,2.6506574712925612e-15,-2.649476490979019e-07
1689.8083435941542,0.07849989964155567,0.0784998996415771,0.07849989964157937,0.07849348406509758,0.07849948948526767,0.07849987386234225,2.275957200481571e-15,-4.101563094299765e-07
1693.8801709281158,0.094897602201758,0.09489760220179283,0.09489760220179551,0.09488768503316926,0.09489696815431736,0.09489756234994359,2.67841304690819e-15,-6.340474754673586e-07
1697.9519982620777,0.11884807616306162,0.1188480761631083,0.11884807616311277,0.1188348665596247,0.11884723117665667,0.11884802304583388,4.468647674116255e-15,-8.449864516285599e-07
1702.0238255960396,0.1409767921641051,0.14097679216413075,0.14097679216413742,0.14096615028240833,0.14097611071293956,0.14097674931504442,6.661338147750939e-15,-6.814511911978904e-07
1706.0956529300013,0.14068654814701845,0.140686548146987,0.14068654814699372,0.1406842056047333,0.140686399071366,0.14068653878712822,6.716849298982197e-15,-1.4907562101429406e-07
1710.1674802639632,0.11851028794271729,0.11851028794266608,0.11851028794267049,0.11851242022878777,0.11851042654436485,0.1185102966895743,4.413136522884997e-15,1.3860169877089046e-07
1714.239307597925,0.09506945874288077,0.09506945874284377,0.09506945874284604,0.09507137001655279,0.09506958284388958,0.09506946657277765,2.275957200481571e-15,1.2410104581472847e-07
1718.3111349318867,0.07925900120000116,0.07925900119997904,0.07925900119997985,0.07925981967791937,0.07925905475231938,0.07925900458506627,8.049116928532385e-16,5.355234033999068e-08
1722.3829622658486,0.06979331475119292,0.06979331475117981,0.06979331475117981,0.06979334894384287,0.06979331770504703,0.06979331494886452,0.0,2.953867220267803e-09
1726.4547895998105,0.06425685304108641,0.06425685304107834,0.06425685304107842,0.06425638511918703,0.06425682363131588,0.06425685120052657,8.326672684688674e-17,-2.940976245868754e-08
1730.5266169337722,0.061108718425354126,0.061108718425349325,0.06110871842535076,0.061107884112084634,0.06110866544595304,0.06110871510112148,1.4363510381087963e-15,-5.297939628667869e-08
1734.598444267734,0.05951513907588995,0.05951513907588856,0.0595151390758913,0.05951397223295018,0.059515064760447205,0.05951513440945079,2.7408630920433552e-15,-7.431544135627632e-08
1738.670271601696,0.05905621580485627,0.05905621580485882,0.059056215804861666,0.0590546799514809,0.05905611786496746,0.059056209653070575,2.8449465006019636e-15,-9.79398913636409e-08
1742.7420989356576,0.05955803690602394,0.059558036906029135,0.05955803690603109,0.05955603222475142,0.059557908992747974,0.05955802887036171,1.9567680809018384e-15,-1.2791328116157352e-07
1746.8139262696195,0.06101869816667677,0.06101869816668443,0.06101869816668612,0.06101604722473739,0.06101852896610494,0.06101868753651046,1.6861512186494565e-15,-1.6920057949176837e-07
1750.8857536035814,0.06359528286211172,0.06359528286212346,0.06359528286212536,0.06359169138989057,0.06359505359464272,0.06359526845765243,1.9012569296705806e-15,-2.292674807363726e-07
1754.957580937543,0.06764349230954879,0.06764349230956512,0.0676434923095669,0.06763846976867469,0.06764317165949237,0.06764347216329128,1.7763568394002505e-15,-3.2065007275761115e-07
1759.029408271505,0.07382664889652885,0.0738266488965511,0.0738266488965532,0.07381935424219242,0.07382618316347898,0.07382661963445564,2.095545958979983e-15,-4.6573307212194326e-07
1763.1012356054669,0.08334238657096285,0.08334238657099571,0.08334238657099817,0.08333133382023887,0.08334168086790165,0.08334234223118217,2.456368441983159e-15,-7.057030940588183e-07
1767.1730629394285,0.09834701015135448,0.09834701015140691,0.09834701015140901,0.09832956240416577,0.09834589609776206,0.09834694015421201,2.095545958979983e-15,-1.1140536448489557e-06
1771.2448902733904,0.1225379687390075,0.12253796873909258,0.12253796873909394,0.12250992573912049,0.12253617816848003,0.12253785623543108,1.3600232051658168e-15,-1.7905706125448395e-06
1775.3167176073523,0.16055047642335227,0.16055047642348902,0.1605504764234896,0.16050880949906943,0.1605478163043189,0.16055030928786454,5.828670879282072e-16,-2.66011917010589e-06
1779.388544941314,0.20943270330510244,0.20943270330529162,0.20943270330529168,0.2093909190768435,0.20943003734044066,0.20943253581796867,5.551115123125783e-17,-2.6659648509619327e-06
1783.4603722752759,0.24317055876131777,0.24317055876148272,0.2431705587614832,0.24315858346991265,0.24316979743762937,0.2431705109657603,4.718447854656915e-16,-7.613238533488165e-07
1787.5321996092378,0.2510439481370556,0.2510439481370906,0.2510439481370907,0.25104246195932584,0.25104385470602286,0.25104394229175697,1.1102230246251565e-16,-9.343106771586562e-08
1791.6040269431994,0.2565434703430171,0.2565434703429014,0.2565434703429018,0.25654308075424054,0.2565434459020931,0.25654346880716417,3.885780586188048e-16,-2.44408083216463e-08
1795.6758542771613,0.2405275346332465,0.24052753463305795,0.24052753463306017,0.24056514630982775,0.24052993614400647,0.2405276855144261,2.220446049250313e-15,2.4015109485187036e-06
1799.7476816111232,0.19104890089200477,0.19104890089184687,0.191048900891849,0.19110392668705656,0.19105241306993404,0.19104912155641796,2.1371793224034263e-15,3.512178087167195e-06
1803.8195089450849,0.14258108537636902,0.1425810853762667,0.14258108537626746,0.14262235187539823,0.1425837190115416,0.14258125084333748,7.494005416219807e-16,2.6336352748901337e-06
1807.8913362790468,0.10984236272574426,0.10984236272568015,0.1098423627256807,0.10986845593780924,0.10984402795828208,0.10984246734950637,5.412337245047638e-16,1.6652326019217512e-06
1811.9631636130086,0.08939553938891405,0.08939553938887186,0.08939553938887386,0.08941191353879563,0.08939658436490111,0.08939560504291057,1.9984014443252818e-15,1.044976029249134e-06
1816.0349909469703,0.07639870359148437,0.07639870359145494,0.07639870359145874,0.0764093534804141,0.07639938325260742,0.07639874629326525,3.802513859341161e-15,6.796611524834129e-07
1820.1068182809322,0.0677932252914963,0.06779322529147477,0.0677932252914795,0.06780045338396827,0.0677936865735216,0.067793254272793,4.73232564246473e-15,4.6128204682360785e-07
1824.178645614894,0.06185083565123155,0.06185083565121483,0.06185083565122002,0.0618559380174772,0.06185116126597736,0.06185085610869931,5.190292640122607e-15,3.256147625280148e-07
1828.2504729488558,0.057590389631840454,0.05759038963182756,0.05759038963183276,0.05759411582057468,0.05759062741451696,0.057590404570898326,5.197231534026514e-15,2.3778268939955716e-07
1832.3223002828177,0.054435692992615005,0.054435692992605984,0.05443569299261096,0.054438493684839,0.05443587170574218,0.05443570422037656,4.975186929101483e-15,1.7871313619244322e-07
1836.3941276167795,0.05203472005537986,0.052034720055374455,0.0520347200553793,0.05203687709352038,0.05203485768658576,0.05203472870198801,4.8433479449272454e-15,1.376312113027245e-07
1840.4659549507412,0.050164063338588014,0.0501640633385845,0.05016406333859002,0.05016575948093638,0.05016417155204827,0.05016407013689053,5.5164206536062466e-15,1.0821346376616026e-07
1844.537782284703,0.04867696403345681,0.04867696403345354,0.04867696403346075,0.0486783216851716,0.048677050641593465,0.04867696947430084,7.20951076615961e-15,8.660813992367178e-08
1848.609609618665,0.04747401339877685,0.04747401339877328,0.04747401339878182,0.047475116920205215,0.04747408378593526,0.047474017820457154,8.541778395709798e-15,7.038716198087824e-08
1852.6814369526267,0.046486027687615936,0.0464860276876126,0.04648602768762111,0.046486936703356616,0.04648608565944036,0.046486031329240035,8.51402282009417e-15,5.797182776184906e-08
1856.7532642865885,0.045663692780651986,0.04566369278064944,0.04566369278065768,0.045664450381589596,0.04566374108754207,0.04566369581502746,8.243405957841787e-15,4.830689263185528e-08
1860.8250916205504,0.04497110472837446,0.04497110472837332,0.04497110472838107,0.044971742677601186,0.044971145397734676,0.04497110728288346,7.750744490664374e-15,4.066936135777022e-08
1864.896918954512,0.04438162547677758,0.044381625476777334,0.04438162547678292,0.04438216760297715,0.04438166002959039,0.04438162764698316,5.585809592645319e-15,3.455281305519975e-08
1868.968746288474,0.04387515559093603,0.04387515559093573,0.04387515559093799,0.04387562005403818,0.043875185186364664,0.04387515744966783,2.2620794126737565e-15,2.9595428933937296e-08
1873.0405736224359,0.04343629787979885,0.04343629787979795,0.043436297879797046,0.04343669871682461,0.04343632341385045,0.04343629948335271,-9.020562075079397e-16,2.5534052504327942e-08
1877.1124009563976,0.0430530950162329,0.043053095016231877,0.043053095016228914,0.04305344321690595,0.043053117190410516,0.04305309640868518,-2.9629076969683865e-15,2.2174178639089437e-08
1881.1842282903594,0.04271614528978414,0.04271614528978425,0.04271614528978045,0.04271644955838926,0.04271616465971277,0.04271614650604626,-3.802513859341161e-15,1.936992852225039e-08
1885.2560556243213,0.04241797256010103,0.04241797256010236,0.04241797256009741,0.04241823986392494,0.04241798957053127,0.04241797362811716,-4.947431353485854e-15,1.701042891266713e-08
1889.327882958283,0.04215257028668591,0.042152570286687355,0.042152570286680575,0.04215280625671462,0.04215258529706946,0.0421525712290397,-6.779299344117362e-15,1.5010382103941566e-08
1893.399710292245,0.041915066800790435,0.04191506680079128,0.04191506680078268,0.041915276028461554,0.041915080104222804,0.04191506763589672,-8.604228440844963e-15,1.3303431523059572e-08
1897.4715376262068,0.041701476343250936,0.04170147634325085,0.041701476343241756,0.041701662602979986,0.04170148818067523,0.04170147708624805,-9.096889908022376e-15,1.1837424374050443e-08
1901.5433649601684,0.04150851164650106,0.04150851164649975,0.0415085116464916,0.04150867806447704,0.04150852221748191,0.041508512309927734,-8.146261443187086e-15,1.0570982159063824e-08
1905.6151922941303,0.04133344126648762,0.04133344126648551,0.04133344126647848,0.04133359045008076,0.041333450737471765,0.0413334418608022,-7.0360384185619296e-15,9.47098625220244e-09
1909.6870196280922,0.04117397985305448,0.04117397985305242,0.04117397985304612,0.04117411399100761,0.0411739883637663,0.041173980387036936,-6.300515664747763e-15,8.510713883636e-09
1913.758846962054,0.041028202941340255,0.041028202941338326,0.041028202941331846,0.04102832388205249,0.04102821060977713,0.04102820342240448,-6.480926906249351e-15,7.668438800623179e-09
1917.8306742960158,0.040894480191357954,0.04089448019135601,0.040894480191348684,0.04089458950457821,0.040894487117729264,0.04089448062580019,-7.327471962526033e-15,6.926373252724716e-09
1921.9025016299777,0.04077142264408036,0.040771422644078806,0.04077142264407085,0.04077152166991316,0.04077142891393607,0.04077142303727621,-7.958911307781591e-15,6.26985726531748e-09
1925.9743289639393,0.04065784072525438,0.0406578407252538,0.04065784072524666,0.04065793061337813,0.040657846411988434,0.040657841081815825,-7.140121827120538e-15,5.68673463180458e-09
1930.0461562979012,0.04055271056170611,0.04055271056170707,0.04055271056170192,0.04055279230297903,0.04055271572857364,0.04055271088560808,-5.1486592766991635e-15,5.166866573480533e-09
1934.1179836318631,0.04045514677880996,0.040455146778811964,0.040455146778808945,0.04045522123090817,0.04045515148056297,0.04045514707349225,-3.0184188481996443e-15,4.701751009361654e-09
1938.1898109658248,0.040364380389762984,0.04036438038976434,0.04036438038976257,0.04036444829810763,0.040364384673986044,0.04036438065821371,-1.7694179454963432e-15,4.284221706563063e-09
1942.2616382997867,0.04027974071384953,0.04027974071384915,0.04027974071384769,0.04027980272879023,0.04027974462205852,0.04027974095867623,-1.457167719820518e-15,3.9082093741815704e-09
1946.3334656337486,0.04020064050430834,0.04020064050430662,0.040200640504305586,0.04020069719530763,0.04020064407285667,0.0402006407277955,-1.033895191682177e-15,3.56855005267942e-09
1950.4052929677102,0.04012656364940184,0.04012656364939981,0.04012656364939915,0.0401266155168043,0.04012656691023098,0.040126563853557395,-6.591949208711867e-16,3.2608311745230267e-09
1954.4771203016721,0.040057054948957824,0.04005705494895641,0.04005705494895575,0.040057102433804684,0.04005705793022321,0.04005705513555166,-6.591949208711867e-16,2.9812668028705858e-09
1958.548947635634,0.039991711574532775,0.03999171157453229,0.039991711574531234,0.03999175506678486,0.0399917143011281,0.039991711745129194,-1.0547118733938987e-15,2.7265958102429266e-09
1962.6207749695957,0.039930175902758325,0.039930175902758894,0.03993017590275765,0.039930215748217104,0.03993017839675807,0.039930176058744424,-1.2420620087993939e-15,2.4939991738470724e-09
1966.6926023035576,0.03987212947447105,0.03987212947447276,0.03987212947447161,0.0398721659806273,0.039872131755503776,0.039872129617080185,-1.1518563880486e-15,2.2810310168486225e-09
1970.7644296375195,0.03981728788133541,0.039817287881337204,0.0398172878813363,0.03981732132233068,0.039817289966899407,0.03981728801166606,-9.020562075079397e-16,2.0855622021032083e-09
1974.8362569714814,0.039765396420176825,0.03976539642017725,0.039765396420176576,0.039765427041031046,0.039765398325910924,0.039765396539210206,-6.730727086790012e-16,1.9057336750338827e-09
1978.908084305443,0.03971622638561488,0.03971622638561385,0.039716226385614554,0.03971625440584148,0.03971622812553067,0.03971622649423129,7.077671781985373e-16,1.7399168217302474e-09
1982.979911639405,0.03966957189566595,0.039669571895664266,0.0396695718956666,0.03966959751237136,0.03966957348234538,0.03966957199465659,2.3314683517128287e-15,1.586681112886179e-09
1987.0517389733668,0.03962524716417624,0.039625247164174114,0.03962524716417628,0.03962527055472644,0.039625248608940435,0.039625247254252635,2.1649348980190553e-15,1.4447663204686378e-09
1991.1235663073285,0.0395830841493314,0.03958308414932897,0.0395830841493298,0.03958310547365607,0.03958308546238806,0.039583084231135025,8.326672684688674e-16,1.3130590920118479e-09
1995.1953936412904,0.039542930519881794,0.03954293051987985,0.039542930519879615,0.03954294992247048,0.03954293171045364,0.03954293059399278,-2.3592239273284576e-16,1.1905737853923348e-09
1999.2672209752523,0.039504647890737904,0.039504647890737044,0.03950464789073615,0.039504665502372416,0.03950464896717218,0.03950464795768129,-8.951173136040325e-16,1.0764351354719537e-09
2003.339048309214,0.039468110287728744,0.039468110287728495,0.03946811028772702,0.039468126226992,0.03946811125759296,0.03946811034797948,-1.4710455076283324e-15,9.69864466515702e-10
2007.4108756431758,0.039433202807962815,0.03943320280796309,0.039433202807960796,0.039433217182559,0.039433203678130246,0.03943320286195273,-2.2967738821932926e-15,8.70167153610435e-10
2011.4827029771377,0.03939982044768242,0.03939982044768353,0.03939982044767987,0.0393998333555918,0.03939982122440588,0.03939982049580457,-3.6637359812630166e-15,7.767223461629946e-10
2015.5545303110994,0.0393678670739708,0.039367867073972204,0.03936786707396675,0.03936787860446205,0.03936786776294607,0.03936786711658253,-5.4539706084710815e-15,6.889738640714071e-10
2019.6263576450613,0.03933725452037087,0.039337254520372324,0.03933725452036499,0.0393372647548946,0.03933725512679491,0.03933725455779846,-7.33441085642994e-15,6.064225857582706e-10
2023.6981849790232,0.039307901789549925,0.03930790178955184,0.03930790178954415,0.03930791080252552,0.03930790231817136,0.039307901822092046,-7.688294445529209e-15,5.286195231546387e-10
2027.7700123129848,0.039279734348684335,0.039279734348686625,0.03927973434868083,0.03927974220819468,0.03927973480384678,0.0392797343766138,-5.793976409762536e-15,4.5516015262370146e-10
2031.8418396469467,0.03925268350536668,0.0392526835053687,0.03925268350536555,0.03925269027377386,0.03925268389104802,0.039252683528932845,-3.1502578323738817e-15,3.8567931487376583e-10
2035.9136669809086,0.03922668585362349,0.03922668585362477,0.039226685853623725,0.03922669158811686,0.03922668617347147,0.03922668587305501,-1.0477729794899915e-15,3.198466977383241e-10
2039.9854943148703,0.03920168278112811,0.03920168278112894,0.03920168278112938,0.03920168753421079,0.03920168303849195,0.03920168279663569,4.371503159461554e-16,2.57363005906619e-10
2044.0573216488322,0.03917762002995181,0.03917762002995186,0.039177620029953605,0.03917762384987335,0.03917762022790864,0.039177620041728464,1.7486012637846216e-15,1.9795678291023577e-10
2048.129148982794,0.039154447304257725,0.03915444730425676,0.03915444730425941,0.039154450235401574,0.03915444744563792,0.03915444731248095,2.6506574712925612e-15,1.4138115678186125e-10
2052.2009763167557,0.039132117919253896,0.03913211791925223,0.039132117919255846,0.039132120002484096,0.039132118006663594,0.03913211792408777,3.615163723935666e-15,8.741136287016005e-11
2056.2728036507174,0.0391105884864836,0.03911058848648191,0.0391105884864863,0.03911058975945467,0.03911058852232426,0.03911058848807953,4.385380947269368e-15,3.58423499213778e-11
2060.3446309846795,0.03908981863118346,0.03908981863118197,0.039089818631185845,0.039089819128618024,0.039089818617669206,0.0390898186296808,3.8719027983802334e-15,-1.3512767293999417e-11
2064.416458318641,0.03906977073799956,0.03906977073799843,0.03906977073800058,0.03906977049193864,0.03906977067717293,0.03906977073352665,2.1510571102112408e-15,-6.082549741659449e-11
2068.488285652603,0.039050409721832005,0.03905040972183108,0.03905040972183184,0.03905040876186043,0.039050409615578645,0.03905040971450727,7.563394355258879e-16,-1.0625243740403079e-10
2072.560112986565,0.0390317028209858,0.039031702820985226,0.039031702820984886,0.039031701174435426,0.039031702671047684,0.03903170281091867,-3.400058012914542e-16,-1.4993754154923877e-10
2076.6319403205266,0.03901361941016142,0.03901361941016086,0.03901361941015949,0.0390136171022941,0.03901361921814784,0.03901361939745266,-1.3739009929736312e-15,-1.920130235366635e-10
2080.7037676544883,0.038996130831119406,0.038996130831118574,0.03899613083111691,0.03899612788529294,0.03899613059851828,0.038996130815862305,-1.6653345369377348e-15,-2.3260029319294162e-10
2084.7755949884504,0.038979210239121154,0.03897921023912006,0.038979210239118975,0.038979206676939694,0.03897920996730857,0.038979210221401946,-1.0824674490095276e-15,-2.718114899824542e-10
2088.847422322412,0.03896283246347291,0.038962832463472104,0.038962832463471604,0.038962828304923584,0.0389628321537223,0.03896283244337226,-4.996003610813204e-16,-3.097498021964462e-10
2092.9192496563737,0.038946973880700425,0.0389469738807002,0.038946973880699905,0.03894696914427556,0.03894697353418942,0.03894697385829239,-2.983724378680108e-16,-3.465107853428684e-10
2096.991076990336,0.03893161229904882,0.03893161229904851,0.03893161229904779,0.03893160700185779,0.038931611916866074,0.038931612274401194,-7.216449660063518e-16,-3.8218243847421007e-10
2101.0629043242975,0.038916726853156405,0.038916726853155725,0.0389167268531542,0.0389167210110291,0.0389167264363089,0.03891672682633218,-1.5265566588595902e-15,-4.168468278886728e-10
2105.134731658259,0.03890229790788548,0.03890229790788466,0.03890229790788233,0.03890229153546531,0.038902297457305175,0.038902297878943344,-2.3314683517128287e-15,-4.5057948344640053e-10
2109.2065589922213,0.03888830697040008,0.038888306970399605,0.03888830697039661,0.03888830008122852,0.038888306486948784,0.03888830693939455,-2.9976021664879227e-15,-4.834508210427302e-10
2113.278386326183,0.038874736609684754,0.038874736609685254,0.03887473660968125,0.03887472921627877,0.038874736094158806,0.03887473657666647,-4.003741782554471e-15,-5.155264479195232e-10
2117.350213660145,0.038861570382788826,0.03886157038278984,0.03886157038278478,0.03886156249671019,0.03886156983592274,0.038861570347803465,-5.0584536559483695e-15,-5.468671002151204e-10
2121.4220409941067,0.038848792767150496,0.03884879276715131,0.038848792767146145,0.03884878439907153,0.038848792189621714,0.038848792730239855,-5.162537064506978e-15,-5.775295935928071e-10
2125.4938683280684,0.03883638909843432,0.03883638909843544,0.03883638909843083,0.03883638025819823,0.038836388490868345,0.03883638905963816,-4.6074255521944e-15,-6.075670938576749e-10
2129.5656956620305,0.038824345513372154,0.03882434551337354,0.03882434551336928,0.03882433621004583,0.03882434487634452,0.038824345472726514,-4.260480856999038e-15,-6.370290198121076e-10
2133.637522995992,0.038812648897140915,0.03881264889714165,0.03881264889713703,0.038812639139064076,0.03881264823117983,0.0388126488546781,-4.621303340002214e-15,-6.659618204118978e-10
2137.709350329954,0.038801286834869636,0.03880128683486992,0.038801286834864786,0.038801276629702425,0.03880128614046104,0.03880128679062036,-5.134781488891349e-15,-6.944088776217328e-10
2141.781177663916,0.038790247566912024,0.0387902475669125,0.038790247566907535,0.03879023692167647,0.0387902468445013,0.03879024752090473,-4.9682480351975755e-15,-7.224112003045846e-10
2145.8530049978776,0.038779519947545464,0.03877951994754569,0.03877951994754185,0.038779508868662,0.038779519197538824,0.0387795198998053,-3.8441472227646045e-15,-7.50006869110198e-10
2149.9248323318393,0.03876909340679493,0.03876909340679512,0.03876909340679235,0.038769081900119844,0.03876909262956294,0.03876909335734527,-2.7755575615628914e-15,-7.772321813925842e-10
2153.9966596658014,0.038758957915120996,0.03875895791512183,0.03875895791511912,0.038758945985978475,0.0387589571110008,0.03875895786398361,-2.706168622523819e-15,-8.0412102670957e-10
2158.068486999763,0.038749103950722494,0.0387491039507236,0.0387491039507196,0.038749091603933195,0.03874910312001796,0.038749103897916075,-3.9968028886505635e-15,-8.307056362233389e-10
2162.1403143337247,0.0387395224692299,0.038739522469230986,0.038739522469224984,0.03873950970913944,0.03873952161221472,0.03873952241477132,-6.0021432268797525e-15,-8.570162635113121e-10
2166.212141667687,0.03873020487559828,0.03873020487559895,0.03873020487559094,0.03873019170610252,0.03873020399251726,0.038730204819502435,-8.014422459012849e-15,-8.830816911054029e-10
2170.2839690016485,0.038721142998012964,0.03872114299801297,0.03872114299800312,0.03872112942258155,0.03872114208908385,0.03872114294029334,-9.853229343548264e-15,-9.089291194697147e-10
2174.35579633561,0.038712329063646994,0.03871232906364613,0.03871232906363474,0.0387123150853446,0.03871232812906162,0.03871232900431537,-1.1386724896311762e-14,-9.345845070063419e-10
2178.4276236695723,0.03870375567611993,0.03870375567611797,0.038703755676105414,0.038703741297626174,0.03870375471604559,0.03870375561518658,-1.2552459072168176e-14,-9.60072375766341e-10
2182.499451003534,0.03869541579452226,0.03869541579451992,0.03869541579450736,0.03869540101815062,0.03869541480910365,0.03869541573199678,-1.2559397966072083e-14,-9.854162694167279e-10
2186.5712783374956,0.03868730271388631,0.038687302713884084,0.038687302713873335,0.038687287541600064,0.03868730170324555,0.038687302649776927,-1.0748346657152297e-14,-1.0106385311958732e-09
2190.6431056714578,0.0386794100469856,0.03867941004698358,0.03867941004697543,0.03867939448041268,0.03867940901122299,0.03867940998129857,-8.153200337090993e-15,-1.0357605884081522e-09
2194.7149330054194,0.038671731707362815,0.03867173170736153,0.03867173170735507,0.03867171574781117,0.038671730646558634,0.038671731640103665,-6.46011022453763e-15,-1.0608028969127936e-09
2198.786760339381,0.03866426189349595,0.03866426189349585,0.03866426189348969,0.03866424554196582,0.038664260807710606,0.03866426182466877,-6.161737786669619e-15,-1.0857852464352113e-09
2202.858587673343,0.03865699507401342,0.03865699507401436,0.03865699507400772,0.038656978331208944,0.03865699396328792,0.03865699500362057,-6.63358257213531e-15,-1.1107264344389911e-09
2206.930415007305,0.03864992597388025,0.03864992597388205,0.038649925973875475,0.03864990884022112,0.03864992483823735,0.03864992590192302,-6.5780714209040525e-15,-1.1356447032762063e-09
2211.0022423412665,0.03864304956148759,0.03864304956149007,0.03864304956148414,0.038643032037118843,0.03864304840093247,0.03864304948796602,-5.925815393936773e-15,-1.1605576014095398e-09
2215.0740696752287,0.03863636103657678,0.03863636103657925,0.03863636103657402,0.03863634312137774,0.03863635985109714,0.03863636096148944,-5.224987109642143e-15,-1.1854821083123745e-09
2219.1458970091903,0.03862985581893874,0.038629855818940545,0.038629855818936236,0.03862983751253188,0.03862985460850591,0.03862985574228313,-4.309053114326389e-15,-1.2104346344687933e-09
2223.217724343152,0.038623529537834815,0.038623529537835204,0.0386235295378321,0.03862351083959327,0.03862352830240393,0.038623529459607314,-3.101685575046531e-15,-1.2354312711737592e-09
2227.289551677114,0.03861737802208692,0.03861737802208594,0.038617378022084106,0.03861735893114246,0.03861737676159859,0.03861737794228383,-1.8318679906315083e-15,-1.260487346443906e-09
2231.3613790110758,0.038611397290793194,0.03861139729079176,0.038611397290791556,0.038611377806042506,0.03861139600517367,0.03861139720941064,-2.0122792321330962e-16,-1.2856180842124587e-09
2235.4332063450374,0.03860558354462488,0.03860558354462391,0.03860558354462595,0.038605563664734305,0.03860558223378566,0.038605583461658134,2.040034807748725e-15,-1.310838250445645e-09
2239.5050336789996,0.03859993315766398,0.03859993315766408,0.0385999331576677,0.038599912881074505,0.03859993182150185,0.038599933073106996,3.622102617839573e-15,-1.3361622294705278e-09
2243.576861012961,0.03859444266974712,0.03859444266974828,0.03859444266975211,0.03859442199467842,0.03859444130814413,0.038594442583592486,3.83026943495679e-15,-1.3616041488750952e-09
2247.648688346923,0.038589108779281935,0.038589108779283544,0.038589108779287444,0.03858908770373645,0.038589107392105526,0.038589108691520574,3.899658373995862e-15,-1.3871780182861393e-09
2251.720515680885,0.03858392833650494,0.03858392833650613,0.038583928336510157,0.03858390685827195,0.03858392692360885,0.038583928247126933,4.0245584642661925e-15,-1.4128972852800459e-09
2255.7923430148467,0.038578898337153514,0.038578898337153965,0.0385788983371576,0.03857887645381275,0.038578896898378436,0.03857889824614835,3.635980405647388e-15,-1.4387755292721849e-09
2259.8641703488083,0.038574015916526004,0.038574015916525886,0.038574015916529106,0.03857399362545027,0.03857401445169976,0.03857401582388304,3.219646771412954e-15,-1.464826128450003e-09
2263.9359976827704,0.038569278343904834,0.038569278343904535,0.038569278343907824,0.03856925564226202,0.03856927685284239,0.038569278249612635,3.2890357104520263e-15,-1.4910621487507214e-09
2268.007825016732,0.038564683017320404,0.038564683017320356,0.03856468301732326,0.03856465990207496,0.038564681499823686,0.038564682921366944,2.9073965457371287e-15,-1.5174966699893488e-09
2272.079652350694,0.038560227458635514,0.03856022745863579,0.03856022745863781,0.038560203926549644,0.03856022591449315,0.03856022736100755,2.0192181260370035e-15,-1.54414264014191e-09
2276.151479684656,0.038555909308931234,0.03855590930893138,0.038555909308933205,0.03855588535656542,0.0385559077379184,0.0385559092096141,1.824929096727601e-15,-1.571012979428854e-09
2280.2233070186176,0.038551726324175306,0.038551726324175195,0.038551726324177395,0.038551701947889996,0.03855172472605458,0.038551726223153795,2.1996293675385914e-15,-1.598120615009524e-09
2284.295134352579,0.03854767637116027,0.038547676371159856,0.03854767637116166,0.038547651567115974,0.0385476747456815,0.03854767626841863,1.8041124150158794e-15,-1.6254783560820663e-09
2288.3669616865413,0.03854375742369367,0.038543757423692517,0.03854375742369361,0.03854373218785028,0.038543755770593435,0.038543757319214854,1.096345236817342e-15,-1.6530990812335666e-09
2292.438789020503,0.03853996755902446,0.038539967559022795,0.03853996755902384,0.03853994188714195,0.03853996587802718,0.038539967452791264,1.0477729794899915e-15,-1.6809956135399595e-09
2296.5106163544647,0.03853630495449825,0.03853630495449694,0.038536304954497926,0.0385362788421361,0.038536303245316005,0.03853630484649335,9.853229343548264e-16,-1.7091809356717391e-09
2300.582443688427,0.03853276788442526,0.03853276788442528,0.03853276788442539,0.0385327413269405,0.038532766146757144,0.03853276777463057,1.1102230246251565e-16,-1.7376681343828082e-09
2304.6542710223885,0.03852935471715171,0.03852935471715261,0.0385293547171514,0.038529327709696484,0.03852935295068247,0.03852935460554689,-1.2073675392798577e-15,-1.7664701368325098e-09
2308.72609835635,0.038526063912320795,0.038526063912321405,0.038526063912319226,0.038526036449841095,0.03852606211672118,0.038526063798884055,-2.1788126858268697e-15,-1.7956002240637758e-09
2312.7979256903122,0.03852289401831808,0.03852289401831781,0.03852289401831477,0.03852286609555301,0.03852289219324599,0.03852289390302722,-3.039235529911366e-15,-1.8250718158974166e-09
2316.869753024274,0.03851984366989307,0.03851984366989219,0.03851984366988818,0.03851981528137323,0.03851984181499392,0.038519843552726,-4.010680676458378e-15,-1.8548982697041971e-09
2320.9415803582356,0.03851691158594716,0.03851691158594647,0.03851691158594215,0.03851688272599116,0.03851690970085304,0.038516911466881375,-4.322930902134203e-15,-1.8850934355163496e-09
2325.0134076921977,0.03851409656748007,0.03851409656747993,0.038514096567476265,0.03851406723019114,0.038514094651808946,0.03851409644649185,-3.6637359812630166e-15,-1.9156709829548646e-09
2329.0852350261594,0.038511397495687896,0.03851139749568805,0.03851139749568444,0.038511367674950225,0.03851139554904299,0.038511397372751936,-3.608224830031759e-15,-1.9466450604244123e-09
2333.157062360121,0.03850881333020683,0.03850881333020696,0.03850881333020211,0.0385087830196827,0.038508811352177166,0.038508813205296956,-4.850286838831153e-15,-1.978029795512981e-09
2337.228889694083,0.038506343107497974,0.038506343107498474,0.038506343107492506,0.03850631230062468,0.038506341097658436,0.038506342980587714,-5.9674487573602164e-15,-2.0098400374535252e-09
2341.300717028045,0.03850398593936922,0.03850398593936984,0.03850398593936362,0.03850395462935359,0.038503983897279624,0.03850398581043064,-6.224187831804784e-15,-2.042090219145365e-09
2345.3725443620065,0.03850174101162498,0.03850174101162484,0.03850174101161877,0.038501709191438846,0.03850173893682918,0.03850174088062843,-6.071532165918825e-15,-2.07479566166624e-09
2349.4443716959686,0.03849960758284013,0.038499607582839546,0.038499607582834314,0.03849957524521759,0.03849960547486791,0.03849960744975634,-5.23192600354605e-15,-2.107971637521633e-09
2353.5161990299302,0.03849758498326201,0.038497584983261904,0.038497584983257296,0.038497552120693314,0.038497582841627784,0.03849758484806119,-4.6074255521944e-15,-2.1416341200453104e-09
2357.588026363892,0.038495672613827456,0.03849567261382819,0.038495672613823216,0.03849563921855273,0.03849567043802934,0.03849567247647832,-4.975186929101483e-15,-2.1757988535875405e-09
2361.659853697854,0.038493869945295356,0.03849386994529666,0.03849386994529085,0.03849383600929868,0.038493867734814086,0.038493869805764885,-5.80785419757035e-15,-2.2104825747604195e-09
2365.7316810318157,0.03849217651749194,0.03849217651749279,0.03849217651748658,0.03849214203249491,0.03849217427179073,0.038492176375745306,-6.2103100439969694e-15,-2.245702054870513e-09
2369.8035083657774,0.0384905919386659,0.03849059193866519,0.03849059193865954,0.038490556896122,0.038490589657190655,0.03849059179466715,-5.655198531684391e-15,-2.2814745370691725e-09
2373.8753356997395,0.03848911588495216,0.03848911588495028,0.03848911588494479,0.03848908027604116,0.038489113567132464,0.03848911573866569,-5.488665077990618e-15,-2.3178178126803672e-09
2377.947163033701,0.03848774809994427,0.03848774809994247,0.03848774809993735,0.03848771191556465,0.03848774574519241,0.03848774795133426,-5.1209037010835345e-15,-2.3547500616061257e-09
2382.018990367663,0.03848648839437063,0.038486488394370265,0.038486488394366844,0.03848645162513098,0.0384864860020803,0.03848648824340013,-3.4208746946262636e-15,-2.392289963348837e-09
2386.090817701625,0.03848533664587482,0.03848533664587595,0.038485336645874585,0.038485299282084245,0.038485334215419074,0.03848533649250428,-1.366962099069724e-15,-2.4304568774224933e-09
2390.1626450355866,0.038484292798896674,0.03848429279889801,0.03848429279889796,0.038484254830556335,0.03848429032962768,0.038484292643084166,-4.85722573273506e-17,-2.46927032987454e-09
2394.2344723695483,0.03848335686465596,0.03848335686465676,0.03848335686465754,0.038483318281452086,0.03848335435590586,0.038483356706358565,7.840950111415168e-16,-2.508750901464296e-09
2398.3062997035104,0.03848252892124119,0.038482528921241606,0.03848252892124385,0.0384824897125359,0.038482526372322176,0.038482528760415774,2.2412627309620348e-15,-2.548919429690155e-09
2402.378127037472,0.03848180911380136,0.038481809113801016,0.03848180911380493,0.03848176926862142,0.03848180652400348,0.03848180895040283,3.913536161803677e-15,-2.5897975361455217e-09
2406.4499543714337,0.038481197654836256,0.03848119765483515,0.03848119765483988,0.03848115716186348,0.03848119502342773,0.038481197488818474,4.7253867485608225e-15,-2.631407425290888e-09
2410.521781705396,0.03848069482459275,0.03848069482459143,0.03848069482459581,0.03848065367215334,0.0384806921508192,0.03848069465590869,4.378442053365461e-15,-2.67377223139853e-09
2414.5936090393575,0.0384803009715658,0.03848030097156468,0.03848030097156725,0.03848025914761827,0.03848029825464913,0.03848030080016682,2.5743296383495817e-15,-2.716915546707721e-09
2418.665436373319,0.03848001651310297,0.03848001651310247,0.038480016513102476,0.03847997400522612,0.03848001375224049,0.03848001633893885,6.938893903907228e-18,-2.760861976536244e-09
2422.7372637072813,0.038479841936117455,0.03847984193611744,0.03847984193611515,0.03847979873149734,0.03847983913048079,0.03847984175913585,-2.2898349882893854e-15,-2.8056366535578192e-09
2426.809091041243,0.03847977779790725,0.03847977779790844,0.038479777797904,0.038479733883325276,0.038479774946642446,0.038479777618055,-4.440892098500626e-15,-2.8512659941415386e-09
2430.8809183752046,0.038479824727089926,0.03847982472709248,0.038479824727086616,0.038479780088907595,0.03847982182931559,0.03847982454431166,-5.863365348801608e-15,-2.89777688650128e-09
2434.9527457091667,0.03847998342464736,0.038479983424649866,0.03847998342464399,0.03847993804879082,0.038479980479452516,0.03847998323888436,-5.8772431366094224e-15,-2.945197349890627e-09
2439.0245730431284,0.03848025466508534,0.03848025466508599,0.03848025466508063,0.038480208537031,0.038480251671529526,0.03848025447627662,-5.3637649877202875e-15,-2.9935564652139313e-09
2443.09640037709,0.038480639297713316,0.03848063929771161,0.0384806392977064,0.038480592402473916,0.038480636254827456,0.038480639105797354,-5.2111093218343285e-15,-3.0428841529817063e-09
2447.168227711052,0.0384811382480492,0.038481138248046644,0.03848113824804215,0.03848109057015749,0.03848113515483506,0.038481138052964485,-4.496403249731884e-15,-3.0932115827053686e-09
2451.240055045014,0.03848175251935207,0.038481752519350015,0.03848175251934725,0.03848170404284111,0.0384817493747791,0.038481752321034964,-2.768618667658984e-15,-3.1445709161581625e-09
2455.3118823789755,0.03848248319428208,0.03848248319428092,0.038482483194279785,0.038482433902665904,0.03848247999728523,0.038482482992665844,-1.1379786002407855e-15,-3.1969956959532198e-09
2459.3837097129376,0.03848333143669518,0.03848333143669529,0.03848333143669477,0.038483281312950444,0.03848332818617458,0.038483331231710716,-5.134781488891349e-16,-3.2505207067656805e-09
2463.4555370468993,0.03848429849358145,0.038484298493582744,0.03848429849358305,0.03848424752012676,0.03848429518840115,0.038484298285157245,3.0531133177191805e-16,-3.305181593693529e-09
2467.527364380861,0.038485385697149134,0.038485385697150785,0.038485385697152825,0.03848533385582306,0.03848538233613459,0.038485385485210355,2.040034807748725e-15,-3.3610161945252237e-09
2471.599191714823,0.038486594467058655,0.038486594467059904,0.038486594467063026,0.038486541739098344,0.038486591048996786,0.03848659425152808,3.1225022567582528e-15,-3.4180631172664455e-09
2475.6710190487847,0.03848792631281881,0.03848792631281854,0.038487926312820726,0.03848787267883604,0.03848792283645585,0.03848792609361642,2.185751579730777e-15,-3.476362690768564e-09
2479.7428463827464,0.038489382836345246,0.0384893828363436,0.03848938283634349,0.038489328276303504,0.03848937930038658,0.03848938261338962,-1.1102230246251565e-16,-3.5359570202397883e-09
2483.8146737167085,0.03849096573469637,0.0384909657346946,0.03849096573469213,0.03849091022788429,0.03849096213780503,0.03849096550790437,-2.4702462297909733e-15,-3.5968895709115323e-09
2487.88650105067,0.03849267680299041,0.03849267680298997,0.03849267680298531,0.03849262032799399,0.038492673143784156,0.03849267657227631,-4.6629367034256575e-15,-3.6592058133555483e-09
2491.958328384632,0.03849451793751217,0.038494517937513774,0.03849451793750728,0.03849446047218494,0.03849451421456063,0.038494517702786536,-6.494804694057166e-15,-3.722953147156094e-09
2496.030155718594,0.03849649113902087,0.03849649113902344,0.038496491139016285,0.03849643266045281,0.0384964873508429,0.03849649090018938,-7.153999614928352e-15,-3.788180540087449e-09
2500.1019830525556,0.03849859851626576,0.03849859851626809,0.03849859851626173,0.038498539000753104,0.03849859466132872,0.03849859827323069,-6.3629657098829284e-15,-3.854939374658972e-09
2504.1738103865173,0.038500842289727596,0.03850084228972927,0.03850084228972467,0.03850078171274055,0.03850083836644623,0.03850084204238864,-4.6004866582904924e-15,-3.92328303872036e-09
2508.2456377204794,0.03850322479559512,0.0385032247955957,0.03850322479559375,0.03850316313174187,0.03850322080232848,0.038503224543848524,-1.949829186997931e-15,-3.993267223834085e-09
2512.317465054441,0.03850574848998645,0.03850574848998555,0.0385057484899864,0.03850568571297632,0.03850574442503556,0.038505748233724726,8.465450562766819e-16,-4.064949994664335e-09
2516.3892923884027,0.03850841595343226,0.03850841595342997,0.038508415953432636,0.03850835203603703,0.03850841181503804,0.03850841569254462,2.6645352591003757e-15,-4.138391927754892e-09
2520.461119722365,0.03851122989563581,0.038511229895632736,0.038511229895635456,0.03851116480964905,0.03851122568197646,0.038511229630008116,2.7200464103316335e-15,-4.213656278062583e-09
2524.5329470563265,0.03851419316052582,0.038514193160523305,0.038514193160525165,0.03851412687671963,0.038514188869714236,0.03851419289004038,1.8596235662471372e-15,-4.290809069162904e-09
2528.604774390288,0.03851730873162092,0.038517308731619855,0.038517308731620944,0.03851724121969928,0.03851730436170066,0.03851730845615524,1.0894063429134349e-15,-4.369919197333427e-09
2532.6766017242503,0.03852057973772122,0.038520579737721425,0.03852057973772275,0.038520510966271286,0.038520575286662376,0.03852057945714723,1.3253287356462806e-15,-4.451059049115358e-09
2536.748429058212,0.03852400945894983,0.03852400945895021,0.03852400945895296,0.038523939395391324,0.03852400492464652,0.03852400917313373,2.7478019859472624e-15,-4.5343036894629485e-09
2540.8202563921736,0.038527601333165,0.0385276013331656,0.03852760133316946,0.03852752994369892,0.03852759671343355,0.038527601041969374,3.858025010572419e-15,-4.619732048294356e-09
2544.8920837261358,0.03853135896277271,0.03853135896277407,0.03853135896277711,0.03853128621232391,0.03853135425534742,0.038531358666055227,3.039235529911366e-15,-4.70742664987478e-09
2548.9639110600974,0.038535286121958834,0.03853528612196031,0.038535286121961713,0.03853521197411463,0.038535281324486435,0.0385352858195705,1.4016565685892601e-15,-4.797473876494429e-09
2553.035738394059,0.038539386764366794,0.03853938676436785,0.038539386764368064,0.03853931118131525,0.03853938187440383,0.038539386456153304,2.1510571102112408e-16,-4.889964017040782e-09
2557.107565728021,0.03854366503125894,0.03854366503126011,0.0385436650312592,0.03854358797372286,0.038543660046268066,0.038543664717060826,-9.08995101411847e-16,-4.984992044154701e-09
2561.179393061983,0.038548125260191274,0.038548125260192315,0.03854812526019019,0.038548046687355716,0.03854812017753502,0.03854812493984212,-2.123301534595612e-15,-5.082657295041315e-09
2565.2512203959445,0.03855277199423236,0.038552771994232474,0.038552771994229906,0.03855269186367039,0.03855276681116879,0.038552771667558584,-2.5673907444456745e-15,-5.1830636865757285e-09
2569.3230477299066,0.038557609991769354,0.038557609991768535,0.038557609991766176,0.03855752825936349,0.03855760470544768,0.038557609658591306,-2.3592239273284576e-15,-5.286320853281623e-09
2573.3948750638683,0.03856264423694352,0.03856264423694276,0.03856264423694019,0.03856256085680263,0.03856263884439951,0.038562643897075415,-2.5673907444456745e-15,-5.39254324527505e-09
2577.46670239783,0.03856787995076091,0.03856787995076095,0.03856787995075772,0.03856779487512971,0.03856787444890946,0.03856787960400894,-3.226585665316861e-15,-5.501851488287635e-09
2581.538529731792,0.038573322602923794,0.038573322602924,0.03857332260291974,0.038573235782087004,0.0385733169885518,0.038573322249084975,-4.260480856999038e-15,-5.614372203255336e-09
2585.6103570657538,0.038578977924436916,0.038578977924436576,0.03857897792443078,0.03857888930662081,0.03857897219419799,0.03857897756329966,-5.793976409762536e-15,-5.730238589185532e-09
2589.6821843997154,0.0385848519210522,0.03858485192105153,0.03858485192104434,0.03858476145231887,0.03858484607146109,0.03858485155239709,-7.188694084447889e-15,-5.849590437034813e-09
2593.7540117336775,0.038590950887615834,0.03859095088761545,0.038590950887606786,0.03859085851174974,0.038590944915040254,0.03859095051121452,-8.666678485980128e-15,-5.972575198298635e-09
2597.825839067639,0.03859728142338363,0.038597281423383555,0.03859728142337495,0.03859718708177021,0.03859727532403563,0.038597281038997386,-8.604228440844963e-15,-6.099347922561282e-09
2601.897666401601,0.038603850448382965,0.03860385044838288,0.03860385044837734,0.03860375407988105,0.03860384421831093,0.03860385005576257,-5.5441762292218755e-15,-6.230071951385252e-09
2605.969493735563,0.03861066522090831,0.03861066522090812,0.03861066522090676,0.03861056676171439,0.038610658855988536,0.038610664819793784,-1.3600232051658168e-15,-6.364919584445072e-09
2610.0413210695247,0.03861773335624207,0.03861773335624182,0.038617733356243564,0.038617632739745264,0.03861772685216952,0.03861773294636218,1.7416623698807143e-15,-6.504072301571906e-09
2614.1131484034863,0.038625062846704174,0.03862506284670342,0.03862506284670695,0.0386249600033306,0.03862505619898158,0.038625062427774866,3.5318969970887792e-15,-6.647721838282106e-09
2618.1849757374484,0.03863266208313925,0.03863266208313765,0.03863266208314215,0.03863255694018826,0.03863265528706723,0.038632661654864286,4.503342143635791e-15,-6.796070414760713e-09
2622.25680307141,0.03864053987797171,0.038640539877970066,0.03864053987797537,0.03864043235944023,0.03864053292863834,0.03864053944004224,5.3013149425851225e-15,-6.949331728123287e-09
2626.3286304053718,0.038648705489966136,0.03864870548996522,0.038648705489970396,0.038648595516359505,0.03864869838223336,0.038648705042059056,5.176414852314792e-15,-7.107731861411004e-09
2630.400457739334,0.03865716865084229,0.03865716865084228,0.03865716865084618,0.03865705613897273,0.0386571613793328,0.038657168192618906,3.899658373995862e-15,-7.2715094848185835e-09
2634.4722850732956,0.03866593959391923,0.038665939593919535,0.03866593959392142,0.03866582445669027,0.038665932153001875,0.03866593912502405,1.887379141862766e-15,-7.440917659806701e-09
2638.544112407257,0.038675029084976546,0.03867502908497676,0.038675029084977094,0.038674911231153485,0.0386750214687525,0.03867502860503742,3.3306690738754696e-16,-7.616224262374516e-09
2642.6159397412193,0.03868444845554844,0.03868444845554895,0.03868444845554799,0.03868432778951227,0.03868444065783595,0.038684447964176125,-9.575673587391975e-16,-7.797712996138184e-09
2646.687767075181,0.03869420963889085,0.03869420963889128,0.038694209638889504,0.03869408606037141,0.038694201653206375,0.03869420913567642,-1.7763568394002505e-15,-7.985684905009727e-09
2650.7595944091427,0.03870432520888303,0.03870432520888201,0.03870432520888085,0.03870419861267449,0.038704317028422426,0.038704324693396346,-1.1587952819525071e-15,-8.18045958056457e-09
2654.831421743105,0.03871480842216958,0.038714808422167034,0.03871480842216796,0.038714678697827076,0.03871480003979086,0.038714807893960375,9.228728892196614e-16,-8.382376175120054e-09
2658.9032490770664,0.038725673263892486,0.03872567326389016,0.038725673263893375,0.038725540295403524,0.03872566467209482,0.03872567272248968,3.2127078775090467e-15,-8.59179534462573e-09
2662.975076411028,0.038736934497397395,0.038736934497396416,0.03873693449740011,0.03873679816282527,0.038736925688295516,0.038736933942305006,3.6914915568786455e-15,-8.809100900120104e-09
2667.0469037449902,0.038748607718353804,0.038748607718353666,0.03874860771835634,0.03874846788945456,0.038748598683652664,0.03874860714904854,2.671474153004283e-15,-9.034701001220391e-09
2671.118731078952,0.03876070941380105,0.038760709413801775,0.03876070941380235,0.03876056595561332,0.03876070014477077,0.03876070882973266,5.759281940243e-16,-9.26903100800791e-09
2675.1905584129136,0.03877325702671047,0.03877325702671186,0.03877325702671105,0.038773109797108796,0.03877324751415684,0.038773256427299285,-8.118505867571457e-16,-9.512555021462532e-09
2679.2623857468757,0.03878626902673113,0.038786269026732406,0.038786269026731955,0.038786117875943035,0.038786259260963823,0.03878626841136554,-4.510281037539698e-16,-9.765768582692402e-09
2683.3342130808373,0.03879976498790428,0.038799764987904696,0.038799764987905105,0.03879960975798759,0.03879975495870365,0.03879976435593942,4.0939474033052647e-16,-1.0029201046035663e-08
2687.406040414799,0.03881376567426284,0.038813765674261994,0.03881376567426261,0.03881360619853778,0.03881375537084308,0.03881376502501844,6.175615574477433e-16,-1.0303418916668416e-08
2691.477867748761,0.03882829313438524,0.0388282931343839,0.03882829313438384,0.03882812923681705,0.03882828254535503,0.038828292467144004,-6.245004513516506e-17,-1.0589028869023576e-08
2695.549695082723,0.03884337080617056,0.038843370806169515,0.03884337080616858,0.03884320230069437,0.03884335991948833,0.03884337012017402,-9.367506770274758e-16,-1.0886681188482239e-08
2699.6215224166845,0.03885902363333111,0.03885902363333105,0.03885902363332913,0.03885885032311587,0.038859012436256786,0.03885902292777685,-1.915134717478395e-15,-1.1197074260838047e-08
2703.6933497506466,0.03887527819539642,0.03887527819539725,0.03887527819539342,0.0388750998720378,0.038875266674438365,0.038875277469433686,-3.83026943495679e-15,-1.152095888828919e-08
2707.7651770846082,0.038892162853381866,0.038892162853383046,0.03889216285337622,0.03889197929601776,0.03889215099423959,0.03889216210610865,-6.827871601444713e-15,-1.1859143458914367e-08
2711.83700441857,0.038909707913731266,0.0389097079137324,0.03890970791372263,0.03890951888806737,0.03890969570123246,0.038909707144190515,-9.769962616701378e-15,-1.2212499934938226e-08
2715.908831752532,0.03892794581371657,0.03892794581371757,0.038927945813706684,0.038927751070949854,0.03892793323174736,0.03892794502089233,-1.0887124535230441e-14,-1.2581970208758175e-08
2719.9806590864937,0.03894691133220739,0.03894691133220833,0.03894691133219888,0.038946710607830885,0.03894689836363394,0.03894691051501929,-9.450773497121645e-15,-1.2968574387983711e-08
2724.052486420456,0.03896664183066167,0.038966641830662375,0.03896664183065628,0.03896643484313354,0.038966628457243274,0.03896664098795947,-6.0923488476305465e-15,-1.3373419101292416e-08
2728.1243137544175,0.038987177530403455,0.03898717753040393,0.038987177530400666,0.03898696397965745,0.03898716373269552,0.03898717666096102,-3.2612801348363973e-15,-1.3797708406371179e-08
2732.196141088379,0.03900856183384629,0.03900856183384655,0.03900856183384346,0.03900834139961372,0.03900854759109078,0.039008560936354617,-3.094746681142624e-15,-1.4242755773385962e-08
2736.2679684223413,0.03903084169941074,0.03903084169941037,0.03903084169940573,0.03903061403931935,0.03903082698941159,0.03903084077246967,-4.6351811278100286e-15,-1.4709998774620203e-08
2740.339795756303,0.039054068082679715,0.03905406808267877,0.03905406808267283,0.039053832830083755,0.039054052881661576,0.03905406712478975,-5.9396931817445875e-15,-1.5201017194987898e-08
2744.4116230902646,0.039078296460098,0.039078296460096765,0.03907829646009094,0.03907805322157842,0.03907828074254292,0.039078295469649964,-5.821731985378165e-15,-1.571755384177642e-08
2748.4834504242267,0.039103587456634226,0.03910358745663301,0.0391035874566281,0.03910333580909143,0.039103571195091044,0.039103586431896924,-4.912736883966318e-15,-1.6261541967155235e-08
2752.5552777581884,0.03913000760586823,0.039130007605867205,0.03913000760586306,0.03912974709310271,0.03912999077072856,0.039130006544974144,-4.142519660632615e-15,-1.6835138644255565e-08
2756.62710509215,0.03915763028077717,0.039157630280775936,0.03915763028077196,0.03915736040941575,0.03915761284000833,0.039157629181705005,-3.975986206938842e-15,-1.7440767607901364e-08
2760.698932426112,0.03918653684732641,0.039186536847324815,0.03918653684732006,0.03918625708190081,0.039186518766149724,0.039186535707881824,-4.7531423241764514e-15,-1.8081175091888557e-08
2764.770759760074,0.03921681811275351,0.039216818112752544,0.039216818112745466,0.03921652786965503,0.03921679935324917,0.03921681693054475,-7.077671781985373e-15,-1.875950337432153e-08
2768.8425870940355,0.03924857616909552,0.03924857616909593,0.039248576169085475,0.039248274809014314,0.03924855668970579,0.03924857494150087,-1.0456913113188193e-14,-1.9479390142573827e-08
2772.9144144279976,0.039281926774685554,0.039281926774687066,0.03928192677467428,0.03928161359297102,0.03928190652958235,0.03928192549881251,-1.2788381464901022e-14,-2.0245104717653284e-08
2776.9862417619593,0.0393170024794096,0.03931700247941137,0.039317002479398865,0.03931667669351876,0.03931698141767273,0.03931700115204328,-1.2503886814840826e-14,-2.1061738637861982e-08
2781.058069095921,0.03935395679541718,0.039353956795419184,0.03935395679540908,0.03935361752819488,0.039353934859940536,0.039353955412952696,-1.0103029524088925e-14,-2.193547864876022e-08
2785.129896429883,0.039392969863518736,0.0393929698635212,0.03939296986351455,0.039392616120382244,0.03939294698951631,0.0393929684218661,-6.647460359943125e-15,-2.287400489159319e-08
2789.2017237638447,0.03943425630014436,0.039434256300147005,0.03943425630014383,0.039433886937159976,0.039434232413060856,0.0394342547945958,-3.1780134079895106e-15,-2.3887086149365633e-08
2793.2735510978064,0.039478076288365894,0.039478076288367435,0.039478076288367005,0.039477689966395155,0.039478051300878426,0.039478074713405795,-4.3021142204224816e-16,-2.4987489008476693e-08
2797.3453784317685,0.03952475160160058,0.03952475160160008,0.0395247516016018,0.0395243467186145,0.03952472540919817,0.03952474995062774,1.7208456881689926e-15,-2.619240190709915e-08
2801.41720576573,0.03957468930660285,0.03957468930660083,0.03957468930660358,0.039574263894885844,0.039574661780877034,0.03957468757150755,2.7478019859472624e-15,-2.7525723797494628e-08
2805.489033099692,0.03962841773152566,0.039628417731523695,0.0396284177315264,0.039627969296855345,0.039628388709680905,0.03962841590202701,2.706168622523819e-15,-2.9021842790077912e-08
2809.560860433654,0.039686642575437706,0.03968664257543649,0.039686642575438934,0.03968616783753574,0.03968661184337488,0.03968664063801387,2.4424906541753444e-15,-3.073206161080533e-08
2813.6326877676156,0.0397503371066537,0.03975033710665338,0.03975033710665616,0.039749831566341216,0.03975030437078419,0.03975033504276318,2.7824964554667986e-15,-3.273586918900451e-08
2817.7045151015773,0.03982089196287217,0.039820891962872626,0.039820891962877296,0.03982034915484957,0.039820856801496975,0.03982088974588561,4.669875597329565e-15,-3.5161375651349136e-08
2821.7763424355394,0.03990037281698645,0.03990037281698742,0.03990037281699403,0.03989978297261876,0.03990033459334525,0.03990037040670071,6.612765890423589e-15,-3.822364216810037e-08
2825.848169769501,0.03999198022338411,0.03999198022338477,0.03999198022339131,0.03999132778948038,0.03999193792441596,0.03999197755584973,6.536438057480609e-15,-4.2298968813692106e-08
2829.9199971034627,0.04010090071077247,0.04010090071077248,0.040100900710777036,0.04010015959360498,0.04010085263822246,0.04010089767881123,4.558853294867049e-15,-4.807255001709754e-08
2833.991824437425,0.04023592909850626,0.040235929098506075,0.040235929098507234,0.040235053384050624,0.040235872266478616,0.040235925513714806,1.1587952819525071e-15,-5.683202745909721e-08
2838.0636517713865,0.04041257139837485,0.04041257139837512,0.040412571398372364,0.04041147781324257,0.04041250039500046,0.04041256691933199,-2.7547408798511697e-15,-7.100337465898443e-08
2842.135479105348,0.040658464779999466,0.04065846478000018,0.0406584647799947,0.04065700652001573,0.04065837006861114,0.040658458805094916,-5.4817261840867104e-15,-9.471138904398879e-08
2846.2073064393103,0.04101835940465263,0.04101835940465289,0.041018359404647486,0.041016339675661005,0.0410182281959231,0.0410183511267825,-5.405398351143731e-15,-1.3120872979083265e-07
2850.279133773272,0.04152825583162356,0.04152825583162272,0.04152825583161962,0.04152580613750194,0.04152809656835019,0.04152824578046076,-3.101685575046531e-15,-1.592632725352927e-07
2854.3509611072336,0.04204965247945144,0.04204965247944947,0.04204965247944802,0.04204850586957741,0.04204957710051283,0.04204964770473509,-1.4502288259166107e-15,-7.537893664116835e-08
2858.4227884411957,0.04214845544880338,0.04214845544880036,0.04214845544879901,0.042150401177487605,0.042148579220229236,0.042148463214822754,-1.3461454173580023e-15,1.237714288768177e-07
2862.4946157751574,0.041823780606673695,0.0418237806066704,0.04182378060666979,0.04182641214277423,0.04182394853847801,0.041823791158974846,-6.106226635438361e-16,1.6793180761254245e-07
2866.566443109119,0.04151312481525131,0.04151312481524856,0.041513124815249304,0.04151464506864868,0.04151322148971195,0.041513130886393725,7.424616477180734e-16,9.667446338595953e-08
2870.638270443081,0.04136091168151804,0.041360911681516295,0.04136091168151725,0.041361362561331834,0.041360939773863035,0.04136091343795917,9.575673587391975e-16,2.809234674050476e-08
2874.710097777043,0.04133758762973246,0.04133758762973158,0.04133758762973157,0.041337290448655105,0.04133756771080641,0.04133758636505612,-1.3877787807814457e-17,-1.991892516900462e-08
2878.7819251110045,0.04140696285719901,0.04140696285719832,0.04140696285719773,0.041406115562373995,0.04140690758164346,0.04140695936705794,-5.898059818321144e-16,-5.527555485551616e-08
2882.8537524449666,0.04154547330360196,0.04154547330360137,0.041545473303601775,0.041544255894427125,0.0415453942066268,0.04154546831323289,4.0245584642661925e-16,-7.909697457425535e-08
2886.9255797789283,0.04170529010438434,0.04170529010438395,0.041705290104384916,0.04170413218032781,0.04170521478279614,0.04170528534984653,9.645062526431047e-16,-7.532158781409226e-08
2890.99740711289,0.041813117036396036,0.0418131170363953,0.04181311703639501,0.04181224160141764,0.04181305974731414,0.04181311341517367,-2.914335439641036e-16,-5.7289081159539457e-08
2895.069234446852,0.04189168765203882,0.04189168765203744,0.041891687652034805,0.041890671741570434,0.04189162129149655,0.04189168345999767,-2.6367796834847468e-15,-6.636054088876575e-08
2899.1410617808137,0.042002229359042,0.04200222935904035,0.04200222935903572,0.04200086771260115,0.04200214079972655,0.04200222377034321,-4.628242233906121e-15,-8.855931379891935e-08
2903.2128891147754,0.042156920101048205,0.04215692010104738,0.04215692010104156,0.042155226473252844,0.0421568101918543,0.042156913168438816,-5.821731985378165e-15,-1.0990919308007108e-07
2907.2847164487375,0.042350307157511355,0.04235030715751175,0.04235030715750669,0.04234830798081452,0.04235017754606932,0.04235029898395047,-5.0584536559483695e-15,-1.2961144243289757e-07
2911.356543782699,0.042578605717380216,0.04257860571738105,0.04257860571737976,0.042576299812754986,0.0425784562802134,0.042578596294427604,-1.2906342661267445e-15,-1.4943716764720394e-07
2915.428371116661,0.04284178178970748,0.04284178178970738,0.042841781789712194,0.04283914207842634,0.042841610737339164,0.04284177100404685,4.8155923693116165e-15,-1.7105236821413072e-07
2919.500198450623,0.043142909068365716,0.043142909068364085,0.043142909068374445,0.04313988441216531,0.0431427130555789,0.04314289670863341,1.0359768598533492e-14,-1.9601278518355247e-07
2923.5720257845846,0.04348794858239082,0.043487948582388455,0.04348794858240088,0.04348446026570755,0.043487722472550006,0.043487934324211046,1.2427558981897846e-14,-2.2610983844983945e-07
2927.6438531185463,0.04388626869599955,0.04388626869599713,0.043886268696008555,0.04388220032384488,0.043886004897982646,0.04388625206006205,1.1428358259735205e-14,-2.637980144812313e-07
2931.7156804525084,0.044352066000034655,0.04435206600003223,0.04435206600004099,0.04434724372471142,0.04435175317463559,0.04435204627036734,8.76382300063483e-15,-3.1282539663529674e-07
2935.78750778647,0.04490717364988957,0.04490717364988692,0.04490717364989219,0.04490132972576053,0.044906794327193626,0.044907149723353655,5.2735593669694936e-15,-3.7932269329049584e-07
2939.8593351204318,0.04558625390942871,0.045586253909425514,0.0455862539094258,0.04557896084045407,0.04558578018362955,0.045586224023766365,2.8449465006019636e-16,-4.737257959658292e-07
2943.931162454394,0.04644552791513785,0.046445527915133386,0.04644552791512898,0.0464360913259303,0.046444914436699306,0.046445489206190446,-4.40619762898109e-15,-6.134784340805499e-07
2948.0029897883555,0.04757160500156138,0.04757160500155508,0.04757160500154783,0.04755897201855173,0.047570782951602615,0.04757155312177612,-7.251144129583054e-15,-8.220499524633218e-07
2952.074817122317,0.049064146909476705,0.04906414690946771,0.049064146909457755,0.04904711656773652,0.04906303752840323,0.04906407687844403,-9.957312752106873e-15,-1.1093810644846602e-06
2956.1466444562793,0.05099822754738352,0.050998227547370815,0.0509982275473579,0.05097536858334342,0.05099673628821465,0.050998133378024675,-1.2913281555171352e-14,-1.4912591561680455e-06
2960.218471790241,0.05361901960966241,0.05361901960964412,0.053619019609630676,0.05358709463284358,0.053616934936316654,0.05361888793649735,-1.3440637491868301e-14,-2.0846733274626494e-06
2964.2902991242026,0.057183742749690764,0.05718374274966895,0.0571837427496587,0.05714457672463026,0.05718119081603872,0.05718358160684453,-1.0248746296070976e-14,-2.551933630225156e-06
2968.3621264581648,0.060382082171742915,0.06038208217173704,0.06038208217173306,0.06035815331522838,0.06038054515633649,0.06038198536063306,-3.975986206938842e-15,-1.5370154005447945e-06
2972.4339537921264,0.06059421037577916,0.06059421037579906,0.06059421037580131,0.06059934448074468,0.06059458029333813,0.060594234211655724,2.248201624865942e-15,3.6991753906562286e-07
2976.505781126088,0.058818236228698376,0.05881823622871983,0.058818236228722294,0.05882838236149865,0.0588189253175702,0.05881828018034295,2.463307335887066e-15,6.890888503696679e-07
2980.57760846005,0.05764121097129077,0.05764121097130365,0.05764121097130029,0.05764256903040728,0.057641319017689194,0.057641218118067876,-3.3584246494910985e-15,1.0804638554684498e-07
2984.649435794012,0.057669296034087686,0.05766929603409492,0.05766929603408538,0.05766174307982742,0.057668818578322026,0.05766926613133238,-9.540979117872439e-15,-4.774557728973172e-07
2988.7212631279735,0.05870004156280002,0.058700041562805,0.05870004156279306,0.058685116563620916,0.05869908135372214,0.058699981137974803,-1.194183640862434e-14,-9.602090828564336e-07
2992.7930904619357,0.06056986289771797,0.0605698628977217,0.06056986289771161,0.060547959828128696,0.06056844710750536,0.06056977369318277,-1.008915173628111e-14,-1.4157902163344782e-06
2996.8649177958973,0.06326738678403629,0.06326738678403894,0.06326738678403211,0.06323767303704574,0.0632654621611311,0.06326726545606692,-6.827871601444713e-15,-1.9246229078367927e-06
3000.936745129859,0.06691996996479203,0.0669199699647956,0.06691996996479016,0.06688038978463767,0.06691740335159592,0.06691980812150003,-5.440092820663267e-15,-2.5666131996809893e-06
3005.008572463821,0.07180157590737878,0.07180157590738401,0.07180157590737754,0.07174851973847712,0.07179813287624424,0.07180135876373117,-6.467049118441537e-15,-3.4430311397631863e-06
3009.080399797783,0.07838494957714695,0.07838494957715533,0.07838494957714837,0.0783124312594633,0.0783802409531411,0.07838465258227774,-6.966649479522857e-15,-4.708624014235219e-06
3013.1522271317444,0.08745939541323332,0.08745939541325022,0.08745939541324341,0.0873574029260909,0.08745276994613718,0.08745897747906702,-6.813993813636898e-15,-6.6254671130389076e-06
3017.2240544657066,0.1003642998861318,0.10036429988616397,0.10036429988615549,0.10021558804269644,0.10035463544616863,0.10036369021250184,-8.479328350574633e-15,-9.664439995338281e-06
3021.295881799668,0.11944249260510274,0.11944249260516121,0.11944249260514854,0.11921641278091988,0.11942779448727453,0.11944156533350554,-1.2670420268534599e-14,-1.4698117886680073e-05
3025.36770913363,0.14888356597089542,0.14888356597100316,0.14888356597098412,0.14852519978088902,0.1488602601023826,0.14888209558925983,-1.9040324872321435e-14,-2.3305868620565606e-05
3029.439536467592,0.19594394212673222,0.1959439421269295,0.19594394212689864,0.19536347715299693,0.1959061893405864,0.1959415602236059,-3.086420008457935e-14,-3.775278634310375e-05
3033.5113638015537,0.2702184357088464,0.2702184357091653,0.270218435709116,0.26933905911471306,0.2701612837655319,0.27021482999248897,-4.929390229335695e-14,-5.715194363342668e-05
3037.5831911355153,0.3676818390946486,0.3676818390949474,0.36768183909488394,0.36676710777483335,0.36762259038346295,0.36767810188737765,-6.34492458573277e-14,-5.9248711484438665e-05
3041.6550184694775,0.4293526857039854,0.4293526857037352,0.42935268570369983,0.4292641325358452,0.42934729617021666,0.42935234734712396,-3.5360603334311236e-14,-5.3895335185294435e-06
3045.726845803439,0.3943272675026166,0.3943272675017317,0.39432726750174824,0.3950561616229004,0.39437472622990544,0.3943302626417774,1.6542323066914832e-14,4.745872817374375e-05
3049.798673137401,0.3197774745379099,0.3197774745369833,0.31977747453701316,0.3204734717037898,0.31982263571498093,0.31978032424539493,2.986499936241671e-14,4.516117799763242e-05
3053.870500471363,0.27095960486596926,0.2709596048652866,0.27095960486530823,0.2713440885939367,0.27098454944404954,0.27096117924642527,2.1649348980190553e-14,2.4944578762953196e-05
3057.9423278053246,0.25374496127918017,0.2537449612787126,0.2537449612787283,0.25393423716063396,0.25375728728670555,0.2537457398459846,1.5709655798445965e-14,1.2326007992946586e-05
3062.0141551392862,0.25063022725565864,0.25063022725528883,0.25063022725530815,0.25076541721865875,0.2506390683010009,0.25063078621064117,1.9317880628477724e-14,8.84104571208244e-06
3066.0859824732484,0.2584128329095868,0.25841283290921657,0.2584128329092336,0.25845719005931694,0.2584158010277514,0.25841302184141046,1.7041923427996153e-14,2.9681185348406913e-06
3070.15780980721,0.2766533144220585,0.27665331442168745,0.27665331442169844,0.2766409007898695,0.2766526356416274,0.276653273653512,1.099120794378905e-14,-6.787800600482896e-07
3074.2296371411717,0.2849979833440585,0.2849979833437617,0.2849979833437824,0.2850482339287586,0.2850013853929543,0.2849981999737969,2.070565940925917e-14,3.4020491925801366e-06
3078.301464475134,0.2803960330604994,0.2803960330602489,0.280396033060283,0.2804687388267733,0.2804008755078241,0.28039634057345325,3.4083846855992306e-14,4.842447575204023e-06
3082.3732918090955,0.29104883278470334,0.29104883278439886,0.2910488327844302,0.2909709350953875,0.2910439298209357,0.2910485262514038,3.136380044566067e-14,-4.902963463171428e-06
3086.445119143057,0.3424965883339615,0.3424965883334937,0.3424965883335067,0.3421874995592284,0.3424767753059884,0.34249534268019,1.2989609388114332e-14,-1.9813027505311e-05
3090.5169464770192,0.43891146279790705,0.43891146279716303,0.4389114627971538,0.43846264974044186,0.4388826816865697,0.4389096524260486,-9.2148511043888e-15,-2.8781110593345538e-05
3094.588773810981,0.5328160035665457,0.5328160035658921,0.5328160035658874,0.5326201004311742,0.5328035191206476,0.5328152187765733,-4.6629367034256575e-15,-1.2484445244487219e-05
3098.6606011449426,0.5313720650210557,0.5313720650217867,0.5313720650218213,0.5316403316867803,0.5313893600285015,0.5313731537293702,3.4638958368304884e-14,1.7295006714768135e-05
3102.7324284789047,0.43080010369515354,0.43080010369674615,0.4308001036968063,0.4313249413863467,0.4308338247113274,0.430802225469726,6.017408793468348e-14,3.3721014581267195e-05
3106.8042558128664,0.31171154492395736,0.3117115449252206,0.31171154492527536,0.31218851908340145,0.31174215744691236,0.31171347099800445,5.4789506265251475e-14,3.06125216917863e-05
3110.876083146828,0.2240485978249266,0.22404859782572686,0.22404859782576378,0.22436895311871266,0.22406915311463174,0.2240498911393759,3.6914915568786455e-14,2.0555288904877678e-05
3114.94791048079,0.1684723573721731,0.16847235737266952,0.16847235737269284,0.1686738423773129,0.16848528743450625,0.1684731709524222,2.3314683517128287e-14,1.2930061836724516e-05
3119.019737814752,0.13353402141377818,0.1335340214140962,0.1335340214141111,0.1336634740364174,0.1335423313485986,0.13353454431862952,1.4904744105592727e-14,8.309934502404026e-06
3123.0915651487135,0.11077775214086878,0.11077775214108233,0.11077775214109072,0.1108645094265067,0.11078332322709977,0.11077810272573298,8.382183835919932e-15,5.571086017439053e-06
3127.1633924826756,0.0953058460366005,0.09530584603674933,0.0953058460367534,0.09536650885602657,0.09530974281959725,0.09530609127528862,4.08006961549745e-15,3.896782847928604e-06
3131.2352198166373,0.08435882324241017,0.08435882324251791,0.08435882324252145,0.08440285571048566,0.0843616526976509,0.08435900132245722,3.5388358909926865e-15,2.8294551329965945e-06
3135.307047150599,0.07634137047077064,0.07634137047085028,0.0763413704708532,0.07637436103236649,0.07634349107421488,0.07634150394611272,2.914335439641036e-15,2.1206033646026246e-06
3139.378874484561,0.07029488800223795,0.07029488800229763,0.07029488800229518,0.07032027240532214,0.07029652018627029,0.0702949907420673,-2.456368441983159e-15,1.6321839726579634e-06
3143.4507018185227,0.065620248080435,0.06562024808048088,0.06562024808047302,0.06564022187473455,0.06562153273661812,0.06562032894968536,-7.854827899222983e-15,1.284656137245932e-06
3147.5225291524844,0.06192910418126765,0.06192910418130402,0.061929104181294936,0.0619451204190344,0.06193013457302287,0.06192916904831001,-9.083012120214562e-15,1.030391718850887e-06
3151.5943564864465,0.05896138983290524,0.05896138983293576,0.05896138983292692,0.058974440562240875,0.05896222964729668,0.058961442705243214,-8.840150833577809e-15,8.398143609214537e-07
3155.666183820408,0.056537841789167285,0.05653784178919409,0.05653784178918743,0.05654862317044611,0.05653853572703486,0.056537885479707596,-6.661338147750939e-15,6.939378407663788e-07
3159.73801115437,0.05453170194475971,0.05453170194478259,0.05453170194478,0.05454071447821348,0.05453228214993876,0.05453173847630895,-2.588207426157396e-15,5.802051561698551e-07
3163.809838488332,0.05285129359974924,0.05285129359976834,0.05285129359976845,0.052858904904209573,0.05285178368664804,0.05285132445841874,1.1102230246251565e-16,4.90086879703644e-07
3167.8816658222936,0.05142897136108871,0.051428971361104726,0.05142897136110404,0.05143545663107872,0.05142938901057634,0.05142899765962381,-6.869504964868156e-16,4.176494716109924e-07
3171.9534931562553,0.050213923236609864,0.05021392323662283,0.050213923236621,0.05021949199338867,0.05021428191270522,0.0502139458224023,-1.8318679906315083e-15,3.586760823903745e-07
3176.0253204902174,0.04916736735331174,0.04916736735332205,0.04916736735332027,0.049172181548733894,0.04916767746512151,0.049167386881511156,-1.7763568394002505e-15,3.101117994619429e-07
3180.097147824179,0.04825927586562404,0.04825927586563325,0.048259275865632265,0.048263462394056766,0.04825954557049091,0.048259292849675554,-9.853229343548264e-16,2.697048576624783e-07
3184.1689751581407,0.04746609582583487,0.047466095825844254,0.04746609582584564,0.047469755337641105,0.0474663315951568,0.047466110673081284,1.3877787807814457e-15,2.3576931254543076e-07
3188.240802492103,0.04676913486059208,0.046769134860601094,0.04676913486060539,0.046772348078842584,0.04676934188540648,0.046769147897794766,4.295175326518574e-15,2.0702480538897783e-07
3192.3126298260645,0.04615339884675554,0.04615339884676326,0.046153398846769306,0.046156231166522434,0.04615358133309365,0.04615341033868153,6.043776590303196e-15,1.8248633038703277e-07
3196.384457160026,0.04560674240458482,0.04560674240459117,0.045606742404596425,0.045609247290447796,0.04560690379168087,0.0456067525677401,5.252742685257772e-15,1.6138708969909432e-07
3200.4562844939883,0.04511923943840022,0.04511923943840538,0.045119239438407475,0.04512146096763226,0.0451193825620513,0.04511924845130942,2.095545958979983e-15,1.4312364592095062e-07
3204.52811182795,0.04468271080273491,0.04468271080273865,0.0446827108027375,0.044684685592304235,0.04468283801909711,0.04468271881373172,-1.1449174941446927e-15,1.2721635846146828e-07
3208.5999391619116,0.04429036572465431,0.04429036572465732,0.04429036572465518,0.044292124407815596,0.04429047900511755,0.04429037285785377,-2.1371793224034263e-15,1.1328046023439953e-07
3212.6717664958737,0.04393652664186345,0.04393652664186696,0.043936526641866036,0.043938095011406976,0.043936627646516645,0.043936533001785225,-9.228728892196614e-16,1.0100464968576528e-07
3216.7435938298354,0.04361641593649502,0.0436164159364981,0.04361641593649814,0.04361781583844874,0.04361650607156007,0.04361642161167546,4.163336342344337e-17,9.013506196975385e-08
3220.815421163797,0.04332598910397003,0.04332598910397126,0.0433259891039706,0.04332723914248925,0.043326069567111575,0.043325994169815904,-6.591949208711867e-16,8.04631403172884e-08
3224.887248497759,0.04306180311652544,0.04306180311652496,0.04306180311652333,0.04306291921448871,0.04306187493289041,0.04306180763758408,-1.6306400674181987e-15,7.181636545172676e-08
3228.959075831721,0.04282091171789046,0.04282091171788947,0.04282091171788858,0.04282190756619591,0.04282097576899396,0.042820915749667454,-8.951173136040325e-16,6.405110448970408e-08
3233.0309031656825,0.042600781510664036,0.042600781510664466,0.04260078151066514,0.04260166893093242,0.04260083855771084,0.04260078510109092,6.730727086790012e-16,5.704704637149449e-08
3237.1027304996446,0.042399224231968166,0.042399224231971004,0.042399224231973266,0.042400013471321336,0.04239927493480758,0.04239922742259415,2.2620794126737565e-15,5.070283657510055e-08
3241.1745578336063,0.04221434173194377,0.04221434173194743,0.0422143417319496,0.042215041704096096,0.04221438666457373,0.04221434455890999,2.1718737919229625e-15,4.4932626300231426e-08
3245.246385167568,0.0420444809939835,0.042044480993986916,0.04204448099398723,0.04204509947759803,0.042044520657312054,0.04204448348882945,3.122502256758253e-16,3.966332513816173e-08
3249.31821250153,0.041888197148513176,0.041888197148515764,0.04188819714851394,0.04188874095129683,0.041888231980914264,0.04188819933884101,-1.824929096727601e-15,3.4832398500272976e-08
3253.3900398354917,0.04174422289180323,0.04174422289180487,0.04174422289179856,0.041744697986967935,0.04174425327789562,0.04174422480183049,-6.3074545586516706e-15,3.0386090747736016e-08
3257.4618671694534,0.04161144306894182,0.0416114430689428,0.04161144306893097,0.04161185470923864,0.041611469346925986,0.04161144471996326,-1.1830814106161824e-14,2.6277983185274412e-08
3261.5336945034155,0.04148887344504743,0.04148887344504833,0.04148887344503327,0.04148922625849359,0.04148889591286491,0.04148887485582252,-1.5057399771478686e-14,2.2467816586380085e-08
3265.605521837377,0.04137564289222099,0.041375642892223424,0.041375642892207805,0.04137594096280312,0.04137566181274803,0.04137564407930185,-1.561945017769517e-14,1.8920524605392508e-08
3269.677349171339,0.04127097837702736,0.041270978377031725,0.041270978377016945,0.041271225313005366,0.04127099398246858,0.04127097935503314,-1.4779844015322396e-14,1.560543685247273e-08
3273.749176505301,0.041174192255698135,0.04117419225570303,0.041174192255689884,0.041174391247631836,0.041174204751319894,0.041174193037549316,-1.314226505400029e-14,1.2495616867613801e-08
3277.8210038392626,0.04108467148014434,0.04108467148014849,0.04108467148013857,0.04108482535035893,0.04108468104746035,0.041084672077265544,-9.91567938868343e-15,9.567311866354178e-09
3281.8928311732243,0.04100186839342268,0.041001868393426004,0.041001868393419016,0.04100197963830435,0.041001875192916516,0.04100186881591459,-6.987466161234579e-15,6.799490512299222e-09
3285.9646585071864,0.04092529285316768,0.04092529285317031,0.040925292853165436,0.040925363679430525,0.040925297026626235,0.0409252931099534,-4.871103520542874e-15,4.173455928069281e-09
3290.036485841148,0.040854505469216214,0.04085450546921759,0.04085450546921445,0.04085453782507856,0.04085450714173464,0.040854505568166485,-3.1363800445660672e-15,1.6725170554066082e-09
3294.1083131751097,0.0407891117798728,0.040789111779872704,0.040789111779870234,0.04078910738191908,0.040789111061584324,0.040789111727915744,-2.4702462297909733e-15,-7.182883801637452e-10
3298.180140509072,0.04072875722203729,0.04072875722203602,0.04072875722203281,0.04072871757840185,0.04072875420960463,0.040728757025252776,-3.2057689836051395e-15,-3.0124313876722653e-09
3302.2519678430335,0.040673122775299476,0.04067312277529798,0.040673122775293974,0.04067304920570598,0.04067311755320438,0.04067312243900019,-4.003741782554471e-15,-5.2220935978231076e-09
3306.323795176995,0.04062192118033758,0.04062192118033596,0.040621921180332206,0.040621814833435306,0.04062191382199387,0.04062192070913772,-3.7539416020138106e-15,-7.3583420884260065e-09
3310.3956225109573,0.04057489364846162,0.040574893648459814,0.040574893648456026,0.04057475551683397,0.04057488421718092,0.04057489304633828,-3.788636071533347e-15,-9.431278896743223e-09
3314.467449844919,0.04053180699269139,0.040531806992689864,0.040531806992684674,0.04053163792584577,0.04053179554251854,0.040531806263037894,-5.190292640122607e-15,-1.1450171324978164e-08
3318.5392771788806,0.040492451121896346,0.04049245112189506,0.04049245112188824,0.0404922518374949,0.04049243769832969,0.0404924502675666,-6.8209327075408055e-15,-1.3423565370374035e-08
3322.6111045128428,0.04045663684873036,0.04045663684872956,0.040456636848722353,0.040456407942285846,0.040456621489344695,0.04045663587207876,-7.20951076615961e-15,-1.5359384868129933e-08
3326.6829318468044,0.04042419396975188,0.04042419396975276,0.04042419396974652,0.04042393592297251,0.040424176704734034,0.04042419287266743,-6.238065619612598e-15,-1.7265018727175008e-08
3330.7547591807665,0.040394969582481705,0.04039496958248409,0.040394969582481705,0.040394682770419334,0.04039495043508632,0.04039496836641487,-2.3869795029440866e-15,-1.9147397771479557e-08
3334.826586514728,0.04036882660947156,0.04036882660947479,0.04036882660947579,0.040368511306611586,0.04036880559641123,0.04036882527545938,1.0061396160665481e-15,-2.1013063560004763e-08
3338.89841384869,0.04034564250394635,0.04034564250394816,0.040345642503948266,0.040345298889345786,0.04034561963571825,0.04034564105263191,1.0408340855860843e-16,-2.2868229913874938e-08
3342.970241182652,0.04032530811533385,0.04032530811533343,0.04032530811532967,0.04032493627690847,0.04032528339649536,0.04032530654698649,-3.760880495917718e-15,-2.4718838066706272e-08
3347.0420685166137,0.04030772669621003,0.0403077266962087,0.040307726696201245,0.04030732663424241,0.04030770012560174,0.04030772501074005,-7.452372052796363e-15,-2.6570606957709852e-08
3351.1138958505753,0.040292813034884765,0.04029281303488365,0.04029281303487475,0.04029238466481849,0.040292784605804,0.04029281123185198,-8.895661984809067e-15,-2.842907964595298e-08
3355.1857231845374,0.040280492700168945,0.040280492700168015,0.040280492700160424,0.04028003585474763,0.04028046240050233,0.04028049077879019,-7.591149930874508e-15,-3.029966568618425e-08
3359.257550518499,0.04027070138686233,0.04027070138686184,0.04027070138685839,0.04027021581765904,0.04027066919918077,0.04027069934601851,-3.4486302702418925e-15,-3.2187681069106855e-08
3363.3293778524608,0.04026338435222002,0.040263384352219836,0.04026338435222343,0.04026286973058755,0.040263350253834,0.04026338219045912,3.594347042223944e-15,-3.4098385837122436e-08
3367.401205186423,0.0402584959351309,0.040258495935131165,0.04025849593514323,0.040257951852604126,0.04025845989811156,0.04025849365066974,1.206673649889467e-14,-3.6037019604528986e-08
3371.4730325203845,0.040255999151059235,0.04025599915105959,0.04025599915107865,0.04025542511922654,0.04025596114222278,0.04025599674178159,1.9061141554033156e-14,-3.8008836807101876e-08
3375.544859854346,0.04025586535693551,0.04025586535693597,0.040255865356960345,0.04025526080679548,0.04025582533779617,0.04025586282039012,2.4376334284426093e-14,-4.0019139800617776e-08
3379.6166871883083,0.04025807398121602,0.04025807398121664,0.040258073981245736,0.04025743826202407,0.04025803190790394,0.04025807131461065,2.909478213908301e-14,-4.2073312701840226e-08
3383.68851452227,0.04026261231523758,0.04026261231523875,0.0402626123152722,0.0402619446928447,0.040262568138384046,0.040262609515432264,3.345240751073675e-14,-4.417685470214927e-08
3387.7603418562317,0.04026947536283571,0.04026947536283719,0.04026947536287074,0.04026877501751316,0.040269429027423455,0.040269472426332,3.354955202539145e-14,-4.6335413735054676e-08
3391.832169190194,0.04027866574595908,0.040278665745960625,0.04027866574598853,0.040277931769700265,0.04027861719113957,0.040278662668889256,2.7908231281514873e-14,-4.8554821052704256e-08
3395.9039965241554,0.0402901936647399,0.040290193664741736,0.04029019366476278,0.040289425058022035,0.04029014282361471,0.04029019044285319,2.1045665210550624e-14,-5.084112702363752e-08
3399.975823858117,0.04030407691116593,0.04030407691116724,0.040304076911184504,0.040303272579146544,0.04030402371052919,0.04030407353981113,1.7263968032921184e-14,-5.3200638047701254e-08
3404.0476511920792,0.040320340936158404,0.04032034093615816,0.04032034093617613,0.040319499684282264,0.04032028529620204,0.04032033741026555,1.797173521111972e-14,-5.5639956121622536e-08
3408.119478526041,0.04033901897053161,0.040339018970530334,0.040339018970550866,0.04033813949951065,0.040338960804510146,0.04033901528459235,2.053218706166149e-14,-5.816602018787753e-08
3412.1913058600026,0.04036015220096975,0.040360152200968585,0.040360152200991366,0.04035923310109086,0.040360091414817924,0.04036014834901225,2.278038868652743e-14,-6.078615066157367e-08
3416.2631331939647,0.04038379000283192,0.040383790002831134,0.04038379000285691,0.04038282974754336,0.04038372649473409,0.04038378597839216,2.5777990853015353e-14,-6.35080970451396e-08
3420.3349605279263,0.04040999023231348,0.0404099902323123,0.04040999023234161,0.04040898717103314,0.040409923892222144,0.040409986028404406,2.930988785010413e-14,-6.634009015737963e-08
3424.406787861888,0.040438819581249626,0.040438819581248675,0.04043881958128082,0.04043777193132837,0.04043875029035074,0.040438815190329463,3.214789545680219e-14,-6.929089793605847e-08
3428.47861519585,0.04047035399867181,0.04047035399867209,0.04047035399870393,0.04046925983642664,0.040470281628784584,0.040470349412605154,3.184258412503027e-14,-7.236988750630724e-08
3432.550442529812,0.040504679184104664,0.04050467918410595,0.040504679184134716,0.0405035364348343,0.040504603597013314,0.040504674394118347,2.876865412559937e-14,-7.558709263361107e-08
3436.6222698637735,0.04054189115858876,0.04054189115858953,0.040541891158616485,0.04054069758546902,0.04054181220530104,0.040541886155224756,2.6957602816679582e-14,-7.895328849039096e-08
3440.6940971977356,0.04058209692052098,0.04058209692052206,0.0405820969205481,0.040580850112263596,0.04058201444044789,0.04058209169358781,2.6041668821363828e-14,-8.248007416639114e-08
3444.7659245316972,0.04062541519465988,0.04062541519466311,0.04062541519468808,0.04062411255178857,0.04062532901469856,0.040625409733172975,2.4973079160162115e-14,-8.617996455351218e-08
3448.837751865659,0.04067197728404136,0.04067197728404526,0.04067197728407231,0.04067061600363123,0.04067188721755284,0.040671971576154264,2.7054747331334283e-14,-9.006649241694031e-08
3452.909579199621,0.04072192803617196,0.040721928036173936,0.040721928036205286,0.040720505094881274,0.040721833881851216,0.04072192206910652,3.134992265785286e-14,-9.415432272036339e-08
3456.9814065335827,0.040775426936758556,0.04077542693675773,0.04077542693679245,0.04077393907194135,0.04077532847737703,0.04077542069672776,3.472222509515177e-14,-9.845938069713567e-08
3461.0532338675443,0.040832649346371014,0.04083264934636807,0.04083264934640311,0.04083109303502968,0.04083254634737285,0.04083264281848991,3.5041414214731503e-14,-1.0299899522170364e-07
3465.1250612015065,0.040893787897941715,0.040893787897938357,0.040893787897969,0.04089215933324879,0.0408936801058768,0.04089378106612717,3.064215547965432e-14,-1.0779206155442367e-07
3469.196888535468,0.04095905407593916,0.04095905407593677,0.04095905407596153,0.04095734914101392,0.04095894121671294,0.040959046922797615,2.475797344914099e-14,-1.1285922383447167e-07
3473.26871586943,0.04102868000148062,0.04102868000148034,0.0410286800014997,0.04102689424005822,0.0410285617783977,0.04102867250818384,1.9359513991901167e-14,-1.1822308264297643e-07
3477.340543203392,0.04110292045168827,0.0411029204516901,0.041102920451701205,0.04110104903525806,0.04110279654325962,0.041102912597833455,1.1102230246251565e-14,-1.2390843048132316e-07
3481.4123705373536,0.04118205514634965,0.041182055146352134,0.041182055146353994,0.04118009283727487,0.041181925203832334,0.04118204690980281,1.8596235662471372e-15,-1.299425197998083e-07
3485.4841978713152,0.0412663913405891,0.0412663913405902,0.041266391340587315,0.04126433245063933,0.041266254985221025,0.04126638269731039,-2.886579864025407e-15,-1.3635536917633306e-07
3489.5560252052774,0.041356266768968086,0.041356266768967184,0.04135626676896478,0.04135410511259925,0.04135612358885324,0.04135625769281591,-2.400857290751901e-15,-1.4318011394565122e-07
3493.627852539239,0.041452052994436876,0.0414520529944348,0.04145205299443502,0.04144978183603863,0.04145190254102625,0.04145204345694449,2.1510571102112408e-16,-1.504534085511322e-07
3497.6996798732007,0.04155415922514148,0.04155415922513951,0.04155415922514252,0.04155177121933947,0.04155400100924961,0.041554149195263144,3.011479954295737e-15,-1.5821588990327928e-07
3501.771507207163,0.04166303667361168,0.041663036673609946,0.04166303667361416,0.04166052379754924,0.041662870160896974,0.04166302611743411,4.211908599671688e-15,-1.6651271297213333e-07
3505.8433345411245,0.0417791835467499,0.041779183546748866,0.04177918354675015,0.04177653702308369,0.04177900815257852,0.04177917242716778,1.2836953722228372e-15,-1.753941703472317e-07
3509.915161875086,0.04190315077187814,0.04190315077187921,0.04190315077187111,0.041900360980976485,0.04190296585546592,0.041903139048222536,-8.104628079763643e-15,-1.849164132927683e-07
3513.9869892090483,0.042035548584546,0.04203554858454912,0.04203554858453001,0.04203260496409665,0.0420353534422572,0.04203553621215671,-1.9116652705264414e-14,-1.9514229192274524e-07
3518.05881654301,0.042177054128766774,0.04217705412876934,0.04217705412874351,0.042173945058657535,0.04217684798643067,0.04217704105850348,-2.583350200424661e-14,-2.0614233867122245e-07
3522.1306438769716,0.0423284202509612,0.04232842025096194,0.04232842025093431,0.04232513292087307,0.04232820225503958,0.04232840642864621,-2.7630675525358583e-14,-2.179959223552741e-07
3526.2024712109337,0.0424904857065776,0.042490485706579234,0.04249048570655684,0.04248700596319354,0.042490254913969405,0.0424904710723512,-2.2391810627908626e-14,-2.3079260982883376e-07
3530.2742985448954,0.04266418704494598,0.04266418704494909,0.04266418704493944,0.04266049921503502,0.04266394241117286,0.042664171532510196,-9.652001420334955e-15,-2.4463377622935267e-07
3534.346125878857,0.042850572495805886,0.04285057249580825,0.042850572495813595,0.04284665918066184,0.042850312861290235,0.0428505560315528,5.342948306008566e-15,-2.5963451801697124e-07
3538.417953212819,0.043050818253292426,0.04305081825329265,0.043050818253312466,0.0430466600889925,0.04305054232735621,0.04305080075529141,1.9817480989559044e-14,-2.759259364396027e-07
3542.489780546781,0.043266247643910793,0.04326624764390964,0.04326624764394128,0.043261823020604245,0.04326595398603594,0.04326622902071986,3.164135620181696e-14,-2.9365787369839413e-07
3546.5616078807425,0.04349835377955404,0.04349835377955326,0.043498353779592665,0.043493638511419554,0.043498040777345176,0.04349833392881942,3.940597848028915e-14,-3.130022080827244e-07
3550.6334352147046,0.04374882644197297,0.04374882644197237,0.04374882644201938,0.04374379337748532,0.04374849228513088,0.0437488052487736,4.7004067305067565e-14,-3.3415684149579183e-07
3554.7052625486663,0.04401958413065741,0.04401958413065605,0.04401958413070954,0.04401420269025983,0.044019226780106356,0.044019561465545406,5.3491933105220824e-14,-3.573505496928808e-07
3558.777089882628,0.04431281244444512,0.04431281244444409,0.04431281244449733,0.04430704806944151,0.04431242959553034,0.04431278816111161,5.3235194030776256e-14,-3.828489137519542e-07
3562.84891721659,0.044631010275319426,0.044631010275321105,0.044631010275367325,0.04462482376756603,0.044630599313703646,0.04463098420779298,4.621997229392605e-14,-4.1096161745857174e-07
3566.9207445505517,0.044977045693976286,0.04497704569397987,0.04497704569401409,0.04497039242045088,0.044976603642503804,0.044977017653244154,3.422262473407045e-14,-4.4205147606279915e-07
3570.9925718845134,0.045354223932669004,0.04535422393267197,0.045354223932691715,0.0453470528617808,0.04535374738698965,0.04535419370259034,1.9741153156616065e-14,-4.765456823249692e-07
3575.0643992184755,0.045766370565666306,0.045766370565667465,0.04576637056567675,0.04575862309260847,0.0457658556157608,0.04576633789799119,9.284240043427872e-15,-5.149499066672836e-07
3579.136226552437,0.046217933912924655,0.046217933912922574,0.04621793391292726,0.04620954241864059,0.04621737604681934,0.04621789852117792,4.683753385137379e-15,-5.578661032359933e-07
3583.208053886399,0.046714111935212806,0.04671411193520899,0.04671411193521027,0.046704998006448666,0.04671350592004141,0.04671407348714286,1.2836953722228372e-15,-6.060151675826853e-07
3587.279881220361,0.04726101057285322,0.047261010572850884,0.047261010572851266,0.047251082787520285,0.04726035030685169,0.047260968681031176,3.8163916471489756e-16,-6.602659991944426e-07
3591.3517085543226,0.04786584278377516,0.04786584278377533,0.047865842783779554,0.047854993934013317,0.04786512111067583,0.0478657969938027,4.225786387479502e-15,-7.216730994949461e-07
3595.4235358882843,0.04853718071973123,0.048537180719732544,0.04853718071973919,0.04852528430095761,0.0485363891940739,0.04853713049533471,6.647460359943125e-15,-7.915256586416008e-07
3599.4953632222464,0.04928527792553172,0.04928527792553228,0.04928527792554043,0.049272183657964465,0.049284406513267716,0.04928522262954753,8.153200337090993e-15,-8.714122645622768e-07
3603.567190556208,0.05012248472726427,0.050122484727263446,0.050122484727277226,0.05010801278882231,0.05012152142016572,0.05012242359714926,1.3780643293159756e-14,-9.633070977288494e-07
3607.6390178901697,0.05106378895797902,0.05106378895797698,0.0510637889579932,0.051047722481722915,0.05106271927194803,0.051063721073943864,1.6216195053431193e-14,-1.0696860289483023e-06
3611.710845224132,0.05212752718354953,0.05212752718354775,0.052127527183558675,0.052109602389855,0.0521263334986774,0.052127451426640346,1.0921819004749977e-14,-1.1936848703514302e-06
3615.7826725580935,0.053336330712158396,0.05333633071215818,0.05333633071216653,0.05331622377564137,0.05333499139428751,0.05333624570845664,8.347489366400396e-15,-1.3393178706702646e-06
3619.854499892055,0.05471839918776969,0.05471839918777086,0.0547183991877845,0.05469570853380278,0.05471688740418103,0.05471830323316071,1.3634926521177704e-14,-1.5117835898345588e-06
3623.9263272260173,0.05630923779022094,0.056309237790222844,0.056309237790241315,0.05628345989792681,0.056307519890679454,0.05630912874755384,1.8471335572201042e-14,-1.7178995433894673e-06
3627.998154559979,0.0581540607246356,0.05815406072463764,0.0581540607246539,0.05812455655356,0.058152093994729974,0.058153935881003954,1.6257828416854636e-14,-1.9667299076681077e-06
3632.0699818939406,0.06031116843954926,0.0603111684395499,0.06031116843955566,0.06027711607745981,0.06030889793143953,0.0603110243049586,5.7592819402429996e-15,-2.2705081103718827e-06
3636.1418092279027,0.06285677401862699,0.06285677401862505,0.06285677401861758,0.06281710068975285,0.06285412799958712,0.06285660603685002,-7.466249840604178e-15,-2.646019037932934e-06
3640.2136365618644,0.06589202962934775,0.06589202962934436,0.0658920296293245,0.06584531213447876,0.06588891291583013,0.0658918317544391,-1.9859114352982488e-14,-3.116713514231262e-06
3644.285463895826,0.06955346638434924,0.06955346638434777,0.06955346638431595,0.06949778214354951,0.06954975036668222,0.0695532304468977,-3.182176744331855e-14,-3.7160176655504085e-06
3648.357291229788,0.07402885780065671,0.07402885780065824,0.07402885780062192,0.07396155664560311,0.07402436515725498,0.07402857253662043,-3.6318170693050433e-14,-4.492643403256058e-06
3652.42911856375,0.079581928787502,0.07958192878750477,0.07958192878747147,0.07949927408771201,0.07957640944131784,0.07958157831059215,-3.329281295094688e-14,-5.519346186921847e-06
3656.5009458977115,0.08659190917351281,0.08659190917351473,0.08659190917349056,0.08648849700510661,0.0865850013684843,0.08659147050209744,-2.416122857340497e-14,-6.907805030431646e-06
3660.5727732316736,0.09561878588020054,0.09561878588019869,0.09561878588019208,0.09548657480203243,0.09560995114636185,0.09561822480503365,-6.6058269965196814e-15,-8.83473383683775e-06
3664.6446005656353,0.1075145539073733,0.10751455390736851,0.10751455390736443,0.10734118778621092,0.10750296460819499,0.10751381784621114,-4.08006961549745e-15,-1.158929917352558e-05
3668.716427899597,0.12361971114047737,0.12361971114047272,0.12361971114044296,0.12338551297196015,0.12360404885709592,0.12361871632675253,-2.976785484776201e-14,-1.566228337680775e-05
3672.788255233559,0.14612309651091485,0.14612309651091018,0.14612309651084043,0.14579548370782613,0.1461011773972517,0.1461217041868895,-6.974976152207546e-14,-2.191911365848065e-05
3676.8600825675207,0.17874267049220433,0.17874267049219705,0.17874267049208842,0.17826547751362568,0.1787107288737334,0.17874064138424386,-1.0863532295957157e-13,-3.194161846364896e-05
3680.9319099014824,0.2280345225728307,0.22803452257281692,0.228034522572674,0.22730754451633828,0.2279858385675335,0.22803142968186713,-1.4291345884487328e-13,-4.868400528343364e-05
3685.0037372354445,0.3058074096204282,0.30580740962040287,0.30580740962020025,0.30465074985690055,0.3057299200952917,0.305802486420749,-2.0261570199409107e-13,-7.748952511116292e-05
3689.075564569406,0.4324357930402797,0.43243579304023294,0.43243579303989393,0.4305584195823843,0.43231000841260186,0.4324278012332256,-3.3900660056929155e-13,-0.0001257846276310759
3693.147391903368,0.6332028046756065,0.6332028046755249,0.6332028046750448,0.630387690097099,0.6330143821831875,0.6331908339746705,-4.801714581503802e-13,-0.00018842249233741448
3697.21921923733,0.8849007296900463,0.8849007296899463,0.8849007296896304,0.8821912675432383,0.8847203335410129,0.8848892743138416,-3.1585845050585704e-13,-0.00018039614893339273
3701.2910465712916,0.9946670848969866,0.9946670848969595,0.9946670848972233,0.9950388924695849,0.9946937547748848,0.9946687917910119,2.637889906509372e-13,2.6669877925211694e-05
3705.3628739052533,0.8229490341537623,0.8229490341538197,0.8229490341542868,0.8257240733611386,0.8231353540455062,0.8229608802148664,4.670708264598034e-13,0.00018631989168649277
3709.4347012392154,0.5771817774281246,0.5771817774281892,0.5771817774284669,0.5795894122136896,0.5773428212199263,0.5771920132102631,2.7766677845875165e-13,0.00016104379173709216
3713.506528573177,0.4007383589332043,0.40073835893325016,0.4007383589333857,0.4022360123995831,0.40083846189469235,0.4007447211741442,1.3555823130673161e-13,0.00010010296144219444
3717.5783559071388,0.29279180914562936,0.2927918091456594,0.29279180914577435,0.2936558569586077,0.29284956200721873,0.29279547992511235,1.1496359419993496e-13,5.775286155934589e-05
3721.650183241101,0.2276745704687844,0.22767457046880363,0.22767457046896075,0.22815785723910226,0.22770687357639474,0.22767662383759843,1.5712431356007528e-13,3.230310759111399e-05
3725.7220105750625,0.18770054809852554,0.18770054809853734,0.1877005480987565,0.18794865905690447,0.18771712238255697,0.18770160179683093,2.191580250610059e-13,1.6574284019632568e-05
3729.793837909024,0.16297046964922968,0.16297046964923692,0.1629704696494993,0.16305910557099318,0.16297636688583364,0.16297084469637005,2.623734562945401e-13,5.8972365967191465e-06
3733.8656652429863,0.14813215271665808,0.14813215271666302,0.14813215271692828,0.14809696018120952,0.14812974767124845,0.14813200000512658,2.6526003615856553e-13,-2.4050454145718714e-06
3737.937492576948,0.1403457754744807,0.14034577547448387,0.14034577547472887,0.14019755099904066,0.14033577941808548,0.14034514016675073,2.449984659591564e-13,-9.996056398398068e-06
3742.0093199109097,0.1382475684884045,0.13824756848840497,0.13824756848862757,0.13797806120818804,0.13822941389973317,0.13824641445027547,2.2259971643734389e-13,-1.81545886717982e-05
3746.0811472448718,0.14148478591706495,0.14148478591706243,0.1414847859172551,0.14106610071869363,0.14145658181357607,0.14148299285628918,1.9267920592369592e-13,-2.8204103486362264e-05
3750.1529745788334,0.15060014019698717,0.1506001401969819,0.15060014019711246,0.14997788006981871,0.15055820521320534,0.15059747394900885,1.305622276959184e-13,-4.193498377655369e-05
3754.224801912795,0.1672097444475105,0.167209744447502,0.16720974444755127,0.16628704252728024,0.16714752309257488,0.16720578802339223,4.926614671774132e-14,-6.222135492711667e-05
3758.296629246757,0.19456054449221424,0.1945605444922007,0.194560544492167,0.1931656900785423,0.1944664109795844,0.19455455835371044,-3.36952687973735e-14,-9.413351261630676e-05
3762.368456580719,0.23873010546437456,0.23873010546435194,0.23873010546422224,0.23655329331363417,0.238583075478333,0.23872075470817827,-1.2970180485183391e-13,-0.0001470299860189539
3766.4402839146805,0.3109255118971293,0.3109255118970919,0.3109255118968596,0.3074062961278149,0.3106876373856408,0.31091038252722447,-2.32314167902814e-13,-0.00023787451145107497
3770.5121112486427,0.43080247739505206,0.4308024773949923,0.4308024773946899,0.4250160510696888,0.4304113679098841,0.4307776015800397,-3.023692407566614e-13,-0.00039110948510817645
3774.5839385826043,0.6239975755472597,0.6239975755471755,0.62399757554694,0.6151403715858895,0.6234006820576911,0.6239596189278176,-2.354783035229957e-13,-0.0005968934894844402
3778.655765916566,0.8743353413725939,0.8743353413725262,0.8743353413725387,0.86526948312097,0.8737329166419909,0.8742970723577411,1.2434497875801753e-14,-0.0006024247305352892
3782.727593250528,0.9999999999999554,1.0,1.000000000000195,1.0004700287195263,1.0000473088931838,1.000003084569139,1.949551631241775e-13,4.730889318382836e-05
3786.79942058449,0.8399028645526556,0.8399028645527742,0.8399028645527661,0.849103947830485,0.8405244357004333,0.8399424097386379,-8.104628079763643e-15,0.0006215711476591501
3790.8712479184514,0.5886039806968673,0.5886039806969612,0.5886039806967648,0.5970629835088133,0.5891684968767257,0.5886398653600394,-1.963984530561902e-13,0.000564516179764496
3794.9430752524136,0.4032174612942647,0.4032174612943213,0.4032174612941742,0.4086741282734461,0.4035807091023502,0.4032405482257985,-1.4710455076283324e-13,0.00036324780802893253
3799.0149025863752,0.2879809450346997,0.28798094503473226,0.2879809450346896,0.2913066412790177,0.28820236317395875,0.28799501808266076,-4.268807529683727e-14,0.00022141813922649245
3803.086729920337,0.21692587374403283,0.21692587374405142,0.2169258737440446,0.21900108901195808,0.21706414933660464,0.21693466304449605,-6.827871601444713e-15,0.00013827559255322197
3807.158557254299,0.171513810692448,0.1715138106924589,0.1715138106924076,0.17286391813138918,0.1716038543659469,0.1715195347031873,-5.132005931329786e-14,9.004367348799946e-05
3811.2303845882607,0.14120144403714038,0.14120144403714802,0.141201444037056,0.14211749867391885,0.14126259309663092,0.14120533157832155,-9.200973316580985e-14,6.114905948290117e-05
3815.3022119222223,0.12012631437505544,0.12012631437506277,0.12012631437496973,0.12077168165761852,0.12016942890851963,0.12012905560273122,-9.303668946358812e-14,4.3114533456858894e-05
3819.3740392561845,0.10494100460146726,0.10494100460147375,0.10494100460138843,0.10541068471651828,0.10497240477342981,0.10494300118602053,-8.532063944244328e-14,3.1400171956061373e-05
3823.445866590146,0.09365918822329528,0.09365918822329808,0.093659188223193,0.09401064771728657,0.09368270010308981,0.09366068334162833,-1.0508260928077107e-13,2.3511879791729418e-05
3827.517693924108,0.08505507238205008,0.08505507238204955,0.08505507238190986,0.08532440907347753,0.08507310106175309,0.08505621890622743,-1.3969381207346032e-13,1.8028679703532835e-05
3831.58952125807,0.07834412238837643,0.07834412238837546,0.07834412238822698,0.07855480236994448,0.07835823237573036,0.07834501976718085,-1.4847845175580687e-13,1.410998735490443e-05
3835.6613485920316,0.07300747131818827,0.07300747131818837,0.0730074713180722,0.07317522357160416,0.07301871190720284,0.07300818625419947,-1.1617096173921482e-13,1.124058901447178e-05
3839.7331759259932,0.06869178944557322,0.06869178944557583,0.06869178944551542,0.06882744743977352,0.06870088373841284,0.06869236790802669,-6.041001032741633e-14,9.094292837005802e-06
3843.8050032599554,0.06515015600415318,0.06515015600415648,0.06515015600415298,0.0652613636067691,0.06515761445834371,0.06515063044554038,-3.497202527569243e-15,7.458454187231345e-06
3847.876830593917,0.06220599427384731,0.06220599427384825,0.06220599427387115,0.06229826184545648,0.06221218503738361,0.06220638810034804,2.2898349882893854e-14,6.190763535363075e-06
3851.9486579278787,0.059730414213378595,0.05973041421337693,0.05973041421338333,0.05980779094083317,0.05973560792525797,0.059730744632470995,6.3976601794024646e-15,5.193711881040786e-06
3856.020485261841,0.05762759149672262,0.05762759149672086,0.057627591496692894,0.05769310438862665,0.057631990553308234,0.05762787137748642,-2.796374243274613e-14,4.399056587375827e-06
3860.0923125958025,0.055825100635941975,0.05582510063594185,0.05582510063589271,0.05588104780947957,0.05582885875211728,0.05582533975250038,-4.914124662747099e-14,3.7581161754299264e-06
3864.164139929764,0.0542673813764681,0.05426738137646879,0.05426738137642163,0.05431553211586269,0.054270616934279224,0.05426758725655224,-4.7156722970953524e-14,3.2355578104339977e-06
3868.2359672637263,0.05291123365890014,0.05291123365890087,0.052911233658877815,0.05295296748525194,0.052914038990338905,0.05291141217397371,-2.305794444268372e-14,2.8053314380313554e-06
3872.307794597688,0.05172265427315451,0.051722654273155984,0.051722654273162985,0.05175905929920871,0.051725102227563435,0.05172281005593059,7.0013439490423934e-15,2.447954407451547e-06
3876.3796219316496,0.05067457840456091,0.05067457840456324,0.05067457840459107,0.05070652199950713,0.050676727068654476,0.05067471514907926,2.7824964554667986e-14,2.1486640912338206e-06
3880.4514492656117,0.04974524249673275,0.04974524249673411,0.049745242496769745,0.049773422795824085,0.04974713863621584,0.04974536317716944,3.5638159090467525e-14,1.8961394817329502e-06
3884.5232765995734,0.04891698079620929,0.04891698079620833,0.048916980796239566,0.04894196475010337,0.0489186623987834,0.04891708782856243,3.123890035539034e-14,1.6816025750696073e-06
3888.595103933535,0.048175329229390745,0.048175329229388456,0.048175329229413665,0.048197581057341836,0.048176827406923875,0.04817542459242545,2.520900155289496e-14,1.498177535419476e-06
3892.666931267497,0.04750835014161314,0.047508350141612275,0.04750835014163873,0.04752825285133926,0.047509690569166416,0.04750843546835835,2.6458002455598262e-14,1.3404275541403776e-06
3896.738758601459,0.046906117826621324,0.04690611782662378,0.046906117826649135,0.046923989662358064,0.04690732184259135,0.04690619447432066,2.5354718324877012e-14,1.2040159675721918e-06
3900.8105859354205,0.046360322529344335,0.046360322529348554,0.04636032252936684,0.04637642966687894,0.04636140798477669,0.04636039163345815,1.8283985436795547e-14,1.0854554281375384e-06
3904.8824132693826,0.045863962723836194,0.04586396272383814,0.045863962723857316,0.045878529158492436,0.04586494464409337,0.04586402524011686,1.9172163856495672e-14,9.81920255223312e-07
3908.9542406033443,0.04541110385513335,0.04541110385513135,0.045411103855156947,0.045424319169144925,0.045411994959771745,0.045411160592688696,2.5597579611513765e-14,8.91104640396434e-07
3913.026067937306,0.044996687612987446,0.04499668761298336,0.044996687613008284,0.045008713125779164,0.04499749872748214,0.044996739260464234,2.4924506902834764e-14,8.111144987818508e-07
3917.097895271268,0.044616379976610256,0.04461637997660638,0.04461637997662404,0.044627353651104436,0.04461712036086251,0.04461642712308148,1.7666423879347803e-14,7.40384256132931e-07
3921.1697226052297,0.04426644926248714,0.044266449262486685,0.0442664492624969,0.044276489646568294,0.04426712687478222,0.044266492414239036,1.021405182655144e-14,6.776122955381991e-07
3925.2415499391914,0.04394366757767572,0.04394366757767793,0.04394366757768242,0.04395287699148648,0.04394428928816716,0.04394370717177975,4.489464355827977e-15,6.217104892292102e-07
3929.3133772731535,0.04364523067053417,0.04364523067053563,0.04364523067053925,0.04365369779998106,0.04364580243499224,0.043645267085898366,3.622102617839573e-15,5.71764456613888e-07
3933.385204607115,0.04336869234602995,0.043368692346030316,0.043368692346033084,0.043376494365537324,0.043369219348079746,0.043368725912449904,2.768618667658984e-15,5.270020494302363e-07
3937.4570319410773,0.04311191048930345,0.043111910489304434,0.04311191048929882,0.043119114808917586,0.04311239725750712,0.043111941494908476,-5.613565168260948e-15,4.867682026829523e-07
3941.528859275039,0.04287300240040531,0.042873002400406965,0.0428730024003898,0.04287966811129609,0.04287345290514373,0.0428730310978162,-1.7166823518266483e-14,4.5050473676533365e-07
3945.6006866090006,0.04265030764292458,0.04265030764292532,0.042650307642902514,0.042656486719328285,0.04265072537697098,0.04265033425437849,-2.280814426214306e-14,4.1773404566014527e-07
3949.6725139429627,0.04244235699098713,0.042442356990986106,0.04244235699096314,0.042448095294363754,0.04244274503683424,0.042442381712622136,-2.2967738821932926e-14,3.8804584813478815e-07
3953.7443412769244,0.04224784635275483,0.04224784635275331,0.0422478463527324,0.04225318447448262,0.04224820743912362,0.04224786935820549,-2.0913826226376386e-14,3.6108637031101454e-07
3957.816168610886,0.042065614775988844,0.04206561477598853,0.042065614775968325,0.042070588747587845,0.04206595132545841,0.04206563621941406,-2.020605904817785e-14,3.3654946987593526e-07
3961.887995944848,0.041894625818514705,0.04189462581851479,0.04189462581849136,0.041899267712669094,0.0418949399878331,0.041894645837159274,-2.3425705819590803e-14,3.141693183106309e-07
3965.95982327881,0.0417339517054609,0.04173395170545934,0.04173395170543163,0.041738290146616605,0.04173424541979882,0.041733970421835284,-2.771394225220547e-14,2.937143394748931e-07
3970.0316506127715,0.04158275980482517,0.04158275980482297,0.04158275980479496,0.04158682040458078,0.04158303478699195,0.04158277732856805,-2.801231469007348e-14,2.7498216897958727e-07
3974.1034779467336,0.04144030103992632,0.04144030103992607,0.04144030103990535,0.04144410676960631,0.041440558835368464,0.04144031746939343,-2.0719537197066984e-14,2.577954423960138e-07
3978.1753052806953,0.041305899926661505,0.04130589992666311,0.041305899926653934,0.04130947143722052,0.04130614192492787,0.04130591535028718,-9.173217740965356e-15,2.4199826476056785e-07
3982.247132614657,0.04117894597910721,0.04117894597910927,0.041178945979106985,0.041182301876713255,0.04117917343234687,0.041178960476582205,-2.282896094385478e-15,2.2745323760564595e-07
3986.318959948619,0.0410588862718168,0.041058886271819375,0.04105888627181622,0.04106204335599181,0.04105910031076768,0.04105889991510824,-3.157196726277789e-15,2.1403894830129833e-07
3990.3907872825807,0.04094521898340674,0.040945218983409186,0.04094521898340311,0.040948192453421496,0.04094542063124937,0.04094523183763724,-6.078471059822732e-15,2.0164784018256166e-07
3994.4626146165424,0.04083748777547395,0.04083748777547417,0.040837487775468986,0.04084029140974898,0.04083767795987674,0.04083749989968739,-5.1833537462186996e-15,1.9018440257367875e-07
3998.5344419505045,0.04073527688496161,0.04073527688495863,0.040735276884961126,0.0407379231974367,0.040735456448583666,0.04073528833279342,2.4980018054066022e-15,1.7956362503845913e-07
