wavenumber_cm-1,NMA_reference,Dense_exact,Sparse_Krylov,Suzuki4_r1,Suzuki4_r2,Suzuki4_r4,Krylov_minus_exact,Suzuki4_r2_minus_exact
0.0,0.04524197960732372,0.04524197960732323,0.045241979607316206,0.04524097091806767,0.045241921954843466,0.045241976089529914,-7.022160630754115e-15,-5.765247976241561e-08
4.071827333961817,0.04544627462079213,0.04544627462079162,0.04544627462078314,0.04544511664858919,0.04544620818884449,0.0454462705621592,-8.479328350574633e-15,-6.643194713079614e-08
8.143654667923634,0.046072722064823414,0.04607272206482264,0.04607272206481124,0.046071108357905656,0.04607262841531534,0.04607271632327002,-1.1393663790215669e-14,-9.364950729479071e-08
12.215482001885452,0.04704571400772608,0.047045714007725406,0.0470457140077117,0.04704357509438895,0.047045588122190285,0.04704570625919375,-1.3704315460216776e-14,-1.2588553512105083e-07
16.28730933584727,0.048150961213808456,0.048150961213808026,0.0481509612137932,0.04814915516812221,0.04815085636968169,0.04815095478380105,-1.4828416272649747e-14,-1.0484412633904316e-07
20.359136669809086,0.04932111199456234,0.04932111199456215,0.04932111199454656,0.04932003132718866,0.04932105238344313,0.04932110839013591,-1.5591694602079542e-14,-5.961111902014204e-08
24.430964003770903,0.04987086721699691,0.04987086721699681,0.04987086721698196,0.049869337878702326,0.04987077490604083,0.04987086149719302,-1.484923295436147e-14,-9.23109559763935e-08
28.50279133773272,0.04914118014997004,0.04914118014996989,0.04914118014996014,0.049139585318584075,0.04914108020619553,0.0491411739005786,-9.749145934989656e-15,-9.994377436067792e-08
32.57461867169454,0.04816095275437931,0.04816095275437892,0.04816095275437169,0.04816082732247133,0.04816094693470602,0.048160952427001774,-7.230327447871332e-15,-5.81967290330665e-09
36.64644600565635,0.04788930474160517,0.04788930474160508,0.04788930474159286,0.047891279770012396,0.04788943533671881,0.047889313024714164,-1.2219392164780629e-14,1.3059511373009203e-07
40.71827333961817,0.04850693430113381,0.04850693430113385,0.04850693430111556,0.048511257993307015,0.04850721783801071,0.04850695224457727,-1.8290924330699454e-14,2.835368768591695e-07
44.790100673579985,0.04986062859513368,0.04986062859513382,0.04986062859511365,0.04986667428333484,0.049861022528099604,0.04986065348527538,-2.0171364578658313e-14,3.939329657823287e-07
48.861928007541806,0.05131506595600795,0.05131506595600814,0.051315065955993625,0.05132052633037459,0.05131541598982264,0.05131508798612401,-1.4516166046973922e-14,3.50033814495998e-07
52.93375534150362,0.05271837425244236,0.05271837425244288,0.05271837425243688,0.05272310891200343,0.05271867263577144,0.05271839295391006,-5.995204332975845e-15,2.983833285591375e-07
57.00558267546544,0.055001771851450436,0.05500177185145103,0.055001771851451206,0.05500704244892656,0.05500210261800652,0.055001792558685224,1.734723475976807e-16,3.307665554855288e-07
61.077410009427254,0.05746221283919756,0.05746221283919784,0.05746221283920135,0.057466566826824786,0.05746247688393357,0.05746222922512977,3.5110803153770576e-15,2.6404473572883003e-07
65.14923734338907,0.05749918479466612,0.05749918479466568,0.057499184794675466,0.05750173933487314,0.057499325128546684,0.057499193269042584,9.783840404509192e-15,1.4033388100187505e-07
69.2210646773509,0.055853382615435015,0.05585338261543496,0.05585338261545204,0.05585680965703073,0.05585358267872617,0.0558533949045517,1.707661789751569e-14,2.000632912113609e-07
73.2928920113127,0.05534594528954779,0.05534594528954821,0.05534594528957162,0.05535205926072241,0.0553463258012841,0.05534596905495221,2.340488913787908e-14,3.805117358909871e-07
77.36471934527452,0.05694928988466673,0.05694928988466709,0.056949289884693555,0.05695843788022653,0.05694987220233082,0.05694932645505758,2.646494134950217e-14,5.823176637276273e-07
81.43654667923634,0.0602927033644579,0.06029270336445819,0.060292703364476515,0.060302592567758426,0.06029333861278438,0.06029274334254137,1.832561880021899e-14,6.35248326191773e-07
85.50837401319816,0.06348532687873054,0.06348532687873097,0.06348532687873325,0.06348925922034972,0.06348557444143377,0.06348534237556704,2.275957200481571e-15,2.4756270279591153e-07
89.58020134715997,0.06373391499302286,0.06373391499302351,0.06373391499301734,0.06373010432655542,0.06373365149550354,0.06373389812310322,-6.175615574477433e-15,-2.634975199700129e-07
93.65202868112179,0.06304413012830899,0.06304413012830991,0.06304413012830043,0.06304132896442258,0.06304392943458306,0.0630441171855556,-9.478529072737274e-15,-2.0069372684561326e-07
97.72385601508361,0.06473175728977294,0.06473175728977368,0.06473175728976535,0.0647329968236762,0.06473181782689025,0.06473176081380491,-8.326672684688674e-15,6.053711656961447e-08
101.79568334904542,0.0676663244064719,0.06766632440647258,0.06766632440646768,0.06766866931666181,0.06766645115681628,0.06766633202562335,-4.898859096158503e-15,1.2675034370690508e-07
105.86751068300724,0.06690262674513758,0.06690262674513801,0.06690262674512454,0.06690294457851606,0.06690261623007766,0.06690262561796077,-1.3475331961387838e-14,-1.0515060350213545e-08
109.93933801696906,0.06178078459280841,0.06178078459280838,0.061780784592780344,0.061781182350386904,0.0617807847407993,0.06178078422035397,-2.8033131371785203e-14,1.4799092507011835e-10
114.01116535093088,0.057029898262497644,0.057029898262497165,0.05702989826246658,0.057033034975586865,0.05703008714691282,0.05702990996260819,-3.058664432842306e-14,1.8888441565695357e-07
118.08299268489269,0.05426822989657659,0.05426822989657621,0.05426822989655287,0.054274060636017696,0.054268602266048925,0.05426825330242153,-2.3342439092743916e-14,3.7236947271479526e-07
122.15482001885451,0.05306811669471411,0.05306811669471382,0.05306811669470344,0.05307586899801139,0.05306861929094142,0.053068148398073486,-1.0380585280245214e-14,5.025962276014595e-07
126.22664735281633,0.052908147429255675,0.052908147429255405,0.052908147429258444,0.05291553192829895,0.0529086286796711,0.05290817781856635,3.039235529911366e-15,4.812504156986863e-07
130.29847468677815,0.05234177116728283,0.05234177116728242,0.05234177116729267,0.05234389484537635,0.05234190853800383,0.0523417798208049,1.0248746296070976e-14,1.3737072140918016e-07
134.37030202073996,0.050637856048413636,0.050637856048413483,0.050637856048423524,0.050636207978855236,0.050637746224208725,0.05063784907489387,1.004057947895376e-14,-1.0982420475813548e-07
138.4421293547018,0.04905472307866445,0.04905472307866476,0.0490547230786731,0.049053185509407723,0.049054621381118345,0.049054716634575134,8.340550472496489e-15,-1.016975464118719e-07
142.5139566886636,0.048284579561363,0.0482845795613632,0.048284579561371006,0.04828396960151155,0.04828454011067823,0.04828457707541169,7.806255641895632e-15,-3.945068496880033e-08
146.5857840226254,0.04833619888180879,0.04833619888180849,0.04833619888181618,0.04833634723624079,0.04833621102461163,0.04833619968665435,7.688294445529209e-15,1.2142803137993319e-08
150.65761135658724,0.049115149569146116,0.049115149569145304,0.049115149569149634,0.04911580781068859,0.0491151973158403,0.04911515265805995,4.3298697960381105e-15,4.7746694993577865e-08
154.72943869054905,0.05032425446644006,0.05032425446643925,0.05032425446643435,0.05032520396214063,0.05032432238306771,0.05032425884692275,-4.898859096158503e-15,6.791662846006297e-08
158.80126602451085,0.05179286555777265,0.051792865557772,0.051792865557756626,0.05179484891152779,0.051793000052418006,0.05179287413071826,-1.5376588891058418e-14,1.3449464600356897e-07
162.8730933584727,0.054356171569267996,0.05435617156926693,0.05435617156924466,0.05436047330368989,0.05435645614941067,0.05435618960466104,-2.2266910537638296e-14,2.84580143741775e-07
166.9449206924345,0.058602515879735355,0.058602515879734016,0.05860251587970945,0.058608276259764794,0.0586028945868032,0.05860253984314263,-2.456368441983159e-14,3.7870706918324837e-07
171.01674802639633,0.06230902554281048,0.06230902554280979,0.062309025542796964,0.062309513241653104,0.06230905732990934,0.062309027545522824,-1.2823075934420558e-14,3.1787099549762665e-08
175.08857536035813,0.0608767326919587,0.060876732691958084,0.06087673269196995,0.06086835522804321,0.060876182247149246,0.06087669786364922,1.186550857568136e-14,-5.504448088375358e-07
179.16040269431994,0.05594007707328723,0.05594007707328649,0.05594007707331424,0.05593089605550605,0.05593947442351636,0.055940038954667724,2.7748636721725006e-14,-6.026497701358546e-07
183.23223002828178,0.05179241786982064,0.05179241786982094,0.05179241786985224,0.05178623540897019,0.05179201323010752,0.05179239229393017,3.130135040052551e-14,-4.046397134166435e-07
187.30405736224358,0.049309116446639364,0.04930911644664016,0.04930911644666794,0.04930544652330946,0.04930887820554289,0.04930910141744777,2.7776392297340635e-14,-2.38241097273717e-07
191.3758846962054,0.0480838621567997,0.04808386215679968,0.04808386215682215,0.048081845881374735,0.04808373444191304,0.048083854147832644,2.2468138460851605e-14,-1.2771488664548025e-07
195.44771203016722,0.047769610118836466,0.04776961011883649,0.04776961011885468,0.04776869206326847,0.04776955730811789,0.047769606889343515,1.8186840922140846e-14,-5.281071860374631e-08
199.51953936412903,0.048045642631087,0.048045642631088625,0.04804564263110622,0.04804505388066835,0.04804561453052275,0.04804564100955121,1.759703494030873e-14,-2.8100565874211725e-08
203.59136669809084,0.048122471402104544,0.04812247140210559,0.0481224714021252,0.04812087490183884,0.048122377789085534,0.04812246564438152,1.9609314172441827e-14,-9.36130200579477e-08
207.66319403205267,0.0473986173553748,0.04739861735537495,0.0473986173553916,0.047396247768560856,0.047398470830753374,0.04739860821844356,1.6653345369377348e-14,-1.4652462157482837e-07
211.73502136601448,0.046562265379528636,0.04656226537952928,0.04656226537953806,0.046560237637263364,0.046562139606230096,0.04656225753071958,8.777700788442644e-15,-1.2577329918522784e-07
215.8068486999763,0.04617589924369873,0.04617589924369933,0.046175899243703473,0.04617436322537266,0.04617580556753168,0.04617589342276467,4.142519660632615e-15,-9.367616764927034e-08
219.87867603393812,0.046320367889051105,0.04632036788905164,0.04632036788905822,0.0463190938338875,0.046320292719249756,0.04632036325805461,6.5780714209040525e-15,-7.5169801883046e-08
223.95050336789993,0.046965589385707766,0.046965589385707884,0.04696558938572269,0.046964156528510506,0.04696550629818903,0.04696558429033304,1.4807599590938025e-14,-8.308751885122145e-08
228.02233070186176,0.04781568317676126,0.04781568317676054,0.04781568317678611,0.04781321046082943,0.04781553359266609,0.04781567389981673,2.5569824035898137e-14,-1.4958409445126053e-07
232.09415803582357,0.04828165607258988,0.04828165607258872,0.04828165607262262,0.048277953304977375,0.04828142455878965,0.04828164159512503,3.390343561449072e-14,-2.3151379906910519e-07
236.16598536978537,0.0485922023556577,0.048592202355656325,0.04859220235569322,0.048588634007083194,0.04859197752545968,0.04859218826977052,3.6894098887074733e-14,-2.248301966475963e-07
240.2378127037472,0.0493249209838704,0.04932492098386949,0.049324920983904785,0.04932174072173748,0.04932472055012066,0.04932490842466228,3.529815328917607e-14,-2.0043374882733334e-07
244.30964003770902,0.04974935986358642,0.04974935986358605,0.04974935986361309,0.04974538616215566,0.04974910684882586,0.049749343970291585,2.704086954352647e-14,-2.5301476019173874e-07
248.38146737167085,0.04877638901502571,0.048776389015025685,0.04877638901504237,0.04877204715058941,0.0487761103949398,0.048776371481799086,1.6688039838896884e-14,-2.7862008588480647e-07
252.45329470563266,0.04730165133091509,0.04730165133091531,0.04730165133092571,0.04729834588774281,0.047301438840744364,0.04730163795390498,1.0401401961956935e-14,-2.124901709449345e-07
256.52512203959446,0.046257447777292945,0.04625744777729341,0.04625744777730259,0.04625526564916404,0.0462573075890348,0.04625743895330324,9.180156634869263e-15,-1.4018825861272788e-07
260.5969493735563,0.045693035553426145,0.045693035553426575,0.04569303555343643,0.04569160926574098,0.045692944063450314,0.04569302979673686,9.853229343548264e-15,-9.148997626162725e-08
264.66877670751813,0.045460087634969164,0.04546008763496965,0.045460087634980016,0.04545913471120286,0.0454600266443136,0.045460083799306245,1.0366707492437399e-14,-6.09906560464224e-08
268.7406040414799,0.0454573378087096,0.04545733780871032,0.045457337808719994,0.0454566932864505,0.045457296703964326,0.04545733522580255,9.672818102046676e-15,-4.110474599583469e-08
272.81243137544175,0.045640982139028584,0.04564098213902962,0.0456409821390368,0.04564055656128611,0.045640955192675074,0.04564098044866174,7.181755190543981e-15,-2.6946354543533335e-08
276.8842587094036,0.046010001461837216,0.04601000146183812,0.04601000146184183,0.04600975277739744,0.04600998602587665,0.04601000049813456,3.712308238590367e-15,-1.543596146735826e-08
280.95608604336536,0.04660248910925951,0.046602489109260375,0.04660248910926076,0.046602411693588815,0.04660248492156653,0.046602488857201356,3.8163916471489756e-16,-4.187693844470708e-09
285.0279133773272,0.04750649519605303,0.04750649519605364,0.04750649519605364,0.04750662252953982,0.04750650458217648,0.04750649580462221,0.0,9.386122837296007e-09
289.09974071128903,0.04888674325849611,0.04888674325849624,0.04888674325849583,0.04888716138583795,0.048886772047563636,0.04888674509909418,-4.0939474033052647e-16,2.8789067393897305e-08
293.1715680452508,0.05100924451564749,0.05100924451564739,0.05100924451564533,0.05101009072388743,0.05100930198206579,0.051009248178827786,-2.060851489460447e-15,5.7466418401652675e-08
297.24339537921264,0.05411551461826156,0.054115514618261716,0.054115514618259676,0.05411683388998131,0.05411560397015419,0.05411552031076394,-2.040034807748725e-15,8.935189247522013e-08
301.3152227131745,0.05782480980976149,0.05782480980976125,0.05782480980975978,0.057826255987068594,0.057824908237348906,0.05782481608758953,-1.4710455076283324e-15,9.842758765671311e-08
305.38705004713626,0.061173936844061534,0.06117393684406142,0.061173936844055136,0.06117495760505978,0.06117400857469366,0.061173941451457416,-6.286637876939949e-15,7.173063223953058e-08
309.4588773810981,0.06483754356894104,0.0648375435689427,0.06483754356892872,0.06483803314322316,0.06483758346420841,0.0648375462073335,-1.3974932322469158e-14,3.989526571601676e-08
313.5307047150599,0.07040266631084115,0.07040266631084521,0.07040266631082283,0.07040125344507162,0.07040258306274504,0.07040266118172826,-2.238487173400472e-14,-8.324810017723561e-08
317.6025320490217,0.07588046613737934,0.0758804661373835,0.07588046613735773,0.07587346395632363,0.07588000886057163,0.07588043723537306,-2.5771051959111446e-14,-4.57276811874352e-07
321.67435938298354,0.07816656647320296,0.0781665664732037,0.07816656647318312,0.0781574961412653,0.07816596169443576,0.0781665280642779,-2.058075931898884e-14,-6.04778767940295e-07
325.7461867169454,0.07648619183357676,0.07648619183357341,0.07648619183356642,0.0764784192273157,0.07648566984813043,0.07648615862811665,-6.994405055138486e-15,-5.219854429805437e-07
329.81801405090715,0.07021764662425933,0.07021764662425505,0.0702176466242678,0.07021165243105654,0.07021724688735584,0.07021762123849881,1.2753686995381486e-14,-3.9973689920647093e-07
333.889841384869,0.06318920788846905,0.0631892078884661,0.0631892078884863,0.0631854616994127,0.06318896040780803,0.06318919220751698,2.0192181260370035e-14,-2.4748065807767006e-07
337.9616687188308,0.057687350998830565,0.05768735099882928,0.05768735099884009,0.05768509443041542,0.057687202580062116,0.05768734160505977,1.0810796702287462e-14,-1.4841876716520375e-07
342.03349605279266,0.05402144514431179,0.054021445144311585,0.054021445144312445,0.054020300710983724,0.05402136929032795,0.05402144033521984,8.604228440844963e-16,-7.585398363596507e-08
346.10532338675443,0.05183587810129577,0.05183587810129632,0.05183587810129322,0.05183565306700645,0.051835861895712786,0.05183587705582674,-3.101685575046531e-15,-1.620558353482293e-08
350.17715072071627,0.05065844917049862,0.05065844917049908,0.050658449170492136,0.05065911513952758,0.05065849069880781,0.05065845176708112,-6.945832797811136e-15,4.1528308729332775e-08
354.2489780546781,0.05019907245326504,0.050199072453265436,0.050199072453253564,0.05020079463348602,0.050199182353728805,0.05019907936231676,-1.1872447469585268e-14,1.0990046336867287e-07
358.3208053886399,0.05032126941045035,0.05032126941045,0.05032126941043567,0.05032425488066631,0.05032146089142452,0.05032128146217353,-1.4328815911568427e-14,1.91480974520708e-07
362.3926327226017,0.05082209299101959,0.050822092991018565,0.050822092991004084,0.05082576493480051,0.05082232797923632,0.05082210777249111,-1.4481471577454386e-14,2.3498821775241874e-07
366.46446005656355,0.05116711348779615,0.05116711348779534,0.05116711348778765,0.051169782651947694,0.05116728189164461,0.05116712404421144,-7.688294445529209e-15,1.6840384926830598e-07
370.53628739052533,0.051229019535260364,0.05122901953526001,0.051229019535263744,0.05123075532874132,0.05122912723890648,0.05122902625869492,3.733124920302089e-15,1.0770364646667252e-07
374.60811472448717,0.051643099473711034,0.05164309947371182,0.051643099473714975,0.0516450353386855,0.05164322102223955,0.051643107082107016,3.157196726277789e-15,1.2154852772894298e-07
378.679942058449,0.05285340284258762,0.05285340284258938,0.052853402842584864,0.05285619746271245,0.05285358071805059,0.052853414012090504,-4.517219931443606e-15,1.7787546120751063e-07
382.7517693924108,0.055086174305091225,0.05508617430509283,0.05508617430508568,0.05509002084482542,0.055086420537980456,0.05508618978652555,-7.147060721024445e-15,2.4623288762820605e-07
386.8235967263726,0.05808568005248889,0.05808568005248962,0.058085680052484795,0.05808884290638614,0.05808588167264214,0.05808569271223068,-4.822531263215524e-15,2.0162015252483956e-07
390.89542406033445,0.06031912363445532,0.06031912363445552,0.06031912363445926,0.06031809503977508,0.06031905325596524,0.06031911913315689,3.740063814205996e-15,-7.037849027863308e-08
394.9672513942962,0.061367154411301694,0.06136715441130207,0.06136715441131679,0.0613637317882253,0.06136693017451678,0.061367140227714785,1.472433286409114e-14,-2.2423678528588065e-07
399.03907872825806,0.06332973248303467,0.06332973248303476,0.06332973248304989,0.0633261393329656,0.06332949932864558,0.06332971776717318,1.5126788710517758e-14,-2.3315438918425357e-07
403.1109060622199,0.06643145121625012,0.06643145121624922,0.06643145121624851,0.06642556111748198,0.0664310680889498,0.06643142702377314,-7.077671781985373e-16,-3.8312729941369916e-07
407.1827333961817,0.06899168635966509,0.06899168635966382,0.06899168635964517,0.0689856822932842,0.06899129233194995,0.06899166143500299,-1.865174681370263e-14,-3.940277138736459e-07
411.2545607301435,0.07216019243508712,0.07216019243508694,0.07216019243506791,0.07216196229587986,0.07216030294012808,0.0721601993492682,-1.902644708451362e-14,1.1050504114540338e-07
415.32638806410534,0.0767807516988976,0.07678075169889882,0.07678075169888043,0.07678964585114653,0.07678132642906486,0.07678078793175504,-1.8388068845354155e-14,5.747301660419257e-07
419.3982153980672,0.07861359641638523,0.07861359641638656,0.07861359641636098,0.07862300179388534,0.07861420496109481,0.0786136347959578,-2.5576762929802044e-14,6.085447082498918e-07
423.47004273202896,0.07687080926348171,0.07687080926348261,0.07687080926346167,0.07688153084928614,0.07687150193583969,0.07687085293398528,-2.0941581801992015e-14,6.926723570832571e-07
427.5418700659908,0.07562326932147106,0.07562326932147119,0.07562326932148461,0.07563426918848198,0.07562397433330136,0.07562331368033842,1.341982081015658e-14,7.050118301654695e-07
431.6136973999526,0.07548695996518028,0.07548695996517925,0.07548695996522567,0.07549638755695082,0.07548755556647514,0.07548699730955057,4.642120021713936e-14,5.956012958940882e-07
435.6855247339144,0.07508759451055282,0.07508759451055182,0.0750875945106133,0.07509367169656032,0.07508796749457695,0.075087617729041,6.147859998861804e-14,3.7298402513763484e-07
439.75735206787624,0.07138900033794594,0.07138900033794528,0.07138900033801213,0.0713881663382006,0.07138892363624567,0.07138899516650433,6.684930387024224e-14,-7.670169960283246e-08
443.8291794018381,0.0658099483914483,0.06580994839144746,0.0658099483915074,0.06580719748999453,0.06580975225030058,0.0658099357593615,5.993816554195064e-14,-1.9614114687982465e-07
447.90100673579985,0.06162506465480857,0.061625064654807875,0.06162506465485516,0.06162361619331373,0.061624958874054614,0.06162505780960125,4.728856195512776e-14,-1.0578075326089786e-07
451.9728340697617,0.05930244475255366,0.05930244475255305,0.059302444752583616,0.05930235913224441,0.05930243157446241,0.059302443810478014,3.056582764671134e-14,-1.3178090639553997e-08
456.0446614037235,0.058341029633886675,0.05834102963388608,0.05834102963390189,0.05834191340570428,0.058341082225497394,0.05834103288299531,1.5813739207004573e-14,5.259161131587753e-08
460.1164887376853,0.058348451366497245,0.0583484513664971,0.058348451366508944,0.05834993541385048,0.058348545089428994,0.05834845724221034,1.1844691893969639e-14,9.37229318945243e-08
464.18831607164714,0.05904779628299131,0.05904779628299151,0.05904779628300937,0.05904926403241264,0.05904789032852696,0.05904780219882503,1.7860712908657206e-14,9.404553544950511e-08
468.26014340560897,0.060256265815952566,0.060256265815952594,0.06025626581598106,0.060257559733877704,0.0602563485222936,0.060256271015335386,2.846334279382745e-14,8.270634100498997e-08
472.33197073957075,0.0620424401940103,0.06204244019400996,0.06204244019404769,0.062044028162279545,0.06204254122365175,0.062042446537317206,3.773370504944751e-14,1.0102964179137253e-07
476.4037980735326,0.06387693602389179,0.06387693602389177,0.06387693602392626,0.06387839246669326,0.06387702823983496,0.06387694180602907,3.4486302702418925e-14,9.221594318709059e-08
480.4756254074944,0.06472008672516508,0.06472008672516573,0.06472008672517926,0.06472108811013004,0.06472014973450889,0.06472009066915656,1.3530843112619095e-14,6.300934315972562e-08
484.5474527414562,0.06531412087875565,0.06531412087875647,0.06531412087874529,0.06531516240711079,0.06531418693007322,0.06531412502021557,-1.1185496973098452e-14,6.605131674941589e-08
488.61928007541803,0.06687336519835137,0.0668733651983519,0.06687336519832929,0.06687440428549873,0.06687343171400038,0.06687336937584393,-2.260691633892975e-14,6.651564848914049e-08
492.69110740937987,0.06981134960761756,0.06981134960761803,0.06981134960758896,0.06981150112346102,0.06981135890097141,0.06981135017546905,-2.907396545737129e-14,9.293353378514446e-09
496.7629347433417,0.07409468555023388,0.07409468555023462,0.07409468555018216,0.0740916630645441,0.07409448540156106,0.07409467284693703,-5.2458037913538647e-14,-2.0014867355144794e-07
500.8347620773035,0.07893639480218369,0.07893639480218463,0.07893639480210457,0.07893065425976327,0.07893600728083976,0.07893637012839493,-8.00609578632816e-14,-3.875213448745196e-07
504.9065894112653,0.08417818573744991,0.0841781857374514,0.0841781857373702,0.08418375922853118,0.08417852982833235,0.08417820721931782,-8.119893646352239e-14,3.440908809548837e-07
508.97841674522715,0.09188790057125285,0.09188790057125577,0.09188790057120376,0.09191816997443067,0.09188985826630205,0.09188802404298699,-5.2013948703688584e-14,1.9576950462812936e-06
513.0502440791889,0.10296648332714395,0.10296648332714924,0.10296648332714502,0.10301778197161414,0.10296981181285958,0.10296669336568597,-4.218847493575595e-15,3.3284857103438314e-06
517.1220714131507,0.113463223348467,0.11346322334847328,0.11346322334852632,0.11350607351020921,0.11346598625741192,0.11346339739665025,5.3040905001466854e-14,2.762908938636066e-06
521.1938987471126,0.11930662518163992,0.11930662518164294,0.11930662518173964,0.11932613413286165,0.11930785987228382,0.11930670259868979,9.670042544485113e-14,1.2346906408805536e-06
525.2657260810744,0.12524869720336498,0.12524869720336212,0.12524869720347517,0.12525945161686053,0.1252493780848919,0.12524873990300656,1.1304845948245656e-13,6.808815297687509e-07
529.3375534150363,0.13335344388816003,0.1333534438881537,0.13335344388826495,0.13336110614385635,0.13335393665835651,0.13335347491242766,1.1124434706744069e-13,4.927702028090231e-07
533.409380748998,0.14398846966580017,0.1439884696657943,0.14398846966590492,0.143996646653212,0.14398899799506965,0.14398850297160398,1.1063372440389685e-13,5.283292753566204e-07
537.4812080829598,0.1617849809597357,0.16178498095973043,0.16178498095985896,0.16179813976610583,0.16178583149084985,0.16178503458251486,1.285360706759775e-13,8.505311194229037e-07
541.5530354169217,0.19040725824504026,0.19040725824503402,0.19040725824516663,0.19042733756705352,0.19040855454192676,0.19040733993960318,1.3261614029147495e-13,1.296296892744353e-06
545.6248627508835,0.22726895793358132,0.22726895793357707,0.2272689579336624,0.22729291542138888,0.22727050468565163,0.22726905540218426,8.532063944244328e-14,1.5467520745604535e-06
549.6966900848453,0.2677498804881042,0.2677498804881087,0.2677498804881135,0.2677923064774515,0.26775266967492295,0.26775005699511456,4.773959005888173e-15,2.7891868142337906e-06
553.7685174188072,0.3244812527044096,0.3244812527044277,0.3244812527043844,0.3245287669890329,0.32448441653822907,0.32448145334280837,-4.3298697960381105e-14,3.163833801389515e-06
557.8403447527689,0.39573510201327605,0.395735102013304,0.39573510201327583,0.3956043970847932,0.3957264238148674,0.3957345508982308,-2.8144153674247718e-14,-8.678198436584683e-06
561.9121720867307,0.44480372829270454,0.4448037282927249,0.4448037282926682,0.4444072662837128,0.44477720688236944,0.444802042894524,-5.67323965583455e-14,-2.6521410355473396e-05
565.9839994206926,0.4838479489299319,0.4838479489299314,0.4838479489297907,0.4835743051373592,0.48382933227661273,0.48384676242036245,-1.4066525722000733e-13,-1.8616653318648257e-05
570.0558267546544,0.5601329426474786,0.560132942647462,0.5601329426472812,0.5603569269367976,0.5601471668370346,0.5601338372581707,-1.80855330711438e-13,1.4224189572531465e-05
574.1276540886162,0.686346671880785,0.6863466718807711,0.6863466718806203,0.6873258887952787,0.6864109841199919,0.6863507432910678,-1.5087930904655877e-13,6.431223922076512e-05
578.1994814225781,0.8127225084139036,0.8127225084139164,0.8127225084138403,0.8142195979595471,0.8128217250278373,0.8127288002330446,-7.605027718682322e-14,9.921661392098269e-05
582.2713087565398,0.8206270752715378,0.8206270752715648,0.8206270752716014,0.8217480380473289,0.8207021108364891,0.8206318405736912,3.6637359812630166e-14,7.503556492438612e-05
586.3431360905016,0.7045668530188436,0.7045668530188541,0.7045668530189796,0.7044327518632518,0.7045585099642039,0.7045663271798538,1.254552017826427e-13,-8.343054650250536e-06
590.4149634244635,0.5319681889116751,0.5319681889116743,0.5319681889117759,0.5311156387001202,0.5319115434233076,0.5319645947899404,1.0158540675320182e-13,-5.6645488366702246e-05
594.4867907584253,0.38603073517850955,0.3860307351785063,0.3860307351785156,0.3853263241765432,0.3859837495639937,0.3860277528554875,9.325873406851315e-15,-4.6985614512551344e-05
598.5586180923871,0.2938082145829779,0.29380821458297585,0.2938082145829467,0.29338358325750924,0.29377984118810857,0.29380641311889244,-2.914335439641036e-14,-2.837339486727597e-05
602.630445426349,0.24248873435491605,0.2424887343549146,0.24248873435492135,0.24225468099465786,0.24247305846841505,0.24248773855164035,6.744604874597826e-15,-1.5675886499560976e-05
606.7022727603107,0.2133439332581032,0.2133439332581017,0.21334393325813444,0.21321107959408364,0.21333502443476732,0.21334336714187208,3.275157922644212e-14,-8.908823334374816e-06
610.7741000942725,0.18743884496693097,0.18743884496692978,0.1874388449669593,0.18734585917393232,0.18743263862567375,0.18743845096159167,2.9531932455029164e-14,-6.206341256032033e-06
614.8459274282344,0.16197671739946967,0.16197671739946926,0.16197671739948363,0.16190967921332478,0.16197225244283714,0.161976434070744,1.4377388168895777e-14,-4.464956632116435e-06
618.9177547621962,0.1443905630665166,0.14439056306651665,0.1443905630665191,0.14434695130824876,0.14438764742652876,0.14439037788855252,2.4424906541753444e-15,-2.915639987888241e-06
622.989582096158,0.13634952005505893,0.136349520055059,0.13634952005506515,0.1363243886890596,0.13634781972967952,0.13634941176931337,6.161737786669619e-15,-1.7003253794667383e-06
627.0614094301199,0.13580192494654988,0.13580192494654983,0.13580192494655424,0.13578955000443935,0.13580106188882038,0.13580186960867066,4.413136522884997e-15,-8.630577294499453e-07
631.1332367640816,0.13548876931340972,0.13548876931340992,0.13548876931339157,0.13547903144717052,0.13548808707270146,0.13548872551847602,-1.8346435481930712e-14,-6.822407084550175e-07
635.2050640980434,0.12702185462246574,0.12702185462246665,0.12702185462242918,0.12700927640206766,0.12702099992068994,0.1270218001249209,-3.7470027081099033e-14,-8.547017767146503e-07
639.2768914320053,0.11563579007499558,0.11563579007499662,0.11563579007498213,0.11562454291653647,0.11563503123352264,0.11563574176916189,-1.4488410471358293e-14,-7.588414739773119e-07
643.3487187659671,0.10812569024174473,0.10812569024174541,0.10812569024178224,0.1081176207012188,0.10812514452136027,0.10812565548561165,3.683164884193957e-14,-5.457203851449988e-07
647.4205460999289,0.10532033099851187,0.10532033099851183,0.10532033099860383,0.10531516401543073,0.1053199793948459,0.10532030857545928,9.199585537800203e-14,-3.5160366593234293e-07
651.4923734338907,0.10655331759948085,0.10655331759948015,0.10655331759961362,0.10655050721405426,0.10655312446203437,0.10655330525716372,1.3346268534775163e-13,-1.9313744578641767e-07
655.5642007678525,0.1111316179134008,0.11113161791340043,0.11113161791354971,0.11113046481008425,0.11113153745990606,0.11113161275762437,1.492833634486601e-13,-8.045349436658356e-08
659.6360281018143,0.11893802621101178,0.11893802621101242,0.11893802621114591,0.11893881218979792,0.11893807532973111,0.11893802928609318,1.3349044092336726e-13,4.9118718689622476e-08
663.7078554357762,0.13165750912847524,0.1316575091284765,0.13165750912857868,0.1316613934374047,0.13165776165220758,0.13165752507062448,1.0216827384113003e-13,2.5252373106465775e-07
667.779682769738,0.15005449055540532,0.1500544905554068,0.15005449055547498,0.15006196894564428,0.1500549740403563,0.15005452103305955,6.819544928760024e-14,4.834849495205518e-07
671.8515101036998,0.17499361000806674,0.17499361000806843,0.17499361000807845,0.1750074720595746,0.17499450015628112,0.17499366602664537,1.0019762797242038e-14,8.901482126955074e-07
675.9233374376616,0.20950128138484525,0.20950128138484778,0.20950128138476948,0.20952200904938423,0.2095026136335364,0.2095013652442165,-7.829847881168917e-14,1.3322486886180318e-06
679.9951647716234,0.23991096364053416,0.23991096364053813,0.23991096364039893,0.23992789530600062,0.23991205942012495,0.2399110327376234,-1.39194211712379e-13,1.0957795868182796e-06
684.0669921055853,0.24658477068110093,0.24658477068110554,0.2465847706809629,0.2466029241744814,0.246585954917198,0.24658484550939785,-1.4263590308871699e-13,1.1842360924663176e-06
688.1388194395471,0.25039763401876786,0.2503976340187731,0.2503976340186526,0.2504303140392236,0.25039974653646935,0.25039776718202394,-1.2045919817182948e-13,2.1125176962732972e-06
692.2106467735089,0.2644641565709176,0.264464156570924,0.2644641565708301,0.2644678448164925,0.26446431688401134,0.2644641654545621,-9.386935673205699e-14,1.6031308736064176e-07
696.2824741074708,0.2660999130702576,0.2660999130702623,0.26609991307020237,0.2660298262947253,0.26609516883636897,0.2660996107900911,-5.995204332975845e-14,-4.744233893350103e-06
700.3543014414325,0.2571123604995244,0.25711236049952074,0.2571123604994895,0.2570350729891828,0.2571071032988047,0.2571120252142313,-3.1252778143198157e-14,-5.257200716035637e-06
704.4261287753943,0.2635600448193443,0.26356004481932793,0.26356004481927076,0.263514387220044,0.2635568351900676,0.26355983861568083,-5.717648576819556e-14,-3.2096292603145393e-06
708.4979561093562,0.29228960494257994,0.29228960494254985,0.29228960494242373,0.2922575955903515,0.2922872573123842,0.2922894527259214,-1.2612133559741778e-13,-2.3476301656555343e-06
712.569783443318,0.34265727836262233,0.3426572783625807,0.3426572783624167,0.3425925391394782,0.34265273181051004,0.3426569862501274,-1.6397994073713562e-13,-4.546552070661125e-06
716.6416107772798,0.3871428638544466,0.3871428638544057,0.38714286385426533,0.3869665273919747,0.38713096272128517,0.3871421061042127,-1.4038770146385104e-13,-1.1901133120550966e-05
720.7134381112417,0.38626759657607346,0.38626759657605103,0.38626759657596144,0.3860624090696465,0.38625387264148375,0.3862667247679659,-8.959499808725013e-14,-1.372393456727794e-05
724.7852654452034,0.380470065131306,0.3804700651313068,0.38047006513127224,0.38042659897534,0.38046711208484146,0.38046987704805413,-3.4583447217073626e-14,-2.9530464653593214e-06
728.8570927791652,0.419677157390451,0.41967715739047506,0.41967715739049954,0.4198477570007046,0.41968843132604994,0.4196778718324977,2.4480417692984702e-14,1.1273935574873661e-05
732.9289201131271,0.49458402331908696,0.4945840233191307,0.4945840233191859,0.49485622695006276,0.49460213242128054,0.49458517241436256,5.517808432387028e-14,1.8109102149832523e-05
737.0007474470889,0.5200167616949152,0.5200167616949586,0.5200167616949086,0.5201226389173267,0.5200240063465167,0.5200172241660929,-4.9960036108132044e-14,7.2446515581026105e-06
741.0725747810507,0.45417497078891,0.4541749707889316,0.45417497078875313,0.45413139557146465,0.45417230486988275,0.45417480497447427,-1.7846835120849391e-13,-2.6659190488498297e-06
745.1444021150126,0.3845613658931277,0.3845613658931234,0.38456136589294354,0.3845376435706584,0.38455988269750774,0.38456127317799393,-1.7985612998927536e-13,-1.4831956156591275e-06
749.2162294489743,0.3553309617944273,0.3553309617943989,0.3553309617942974,0.35535295881986784,0.35533239508523745,0.3553310523049225,-1.0147438445073931e-13,1.4332908385705778e-06
753.2880567829361,0.3373456152224705,0.33734561522243134,0.33734561522242706,0.3373560649742969,0.33734626530176415,0.3373456557958313,-4.274358644806853e-15,6.500793328090282e-07
757.359884116898,0.29915867666353496,0.2991586766635055,0.29915867666356777,0.2991477943103382,0.29915794168593113,0.2991586298639087,6.228351168147128e-14,-7.349775743570319e-07
761.4317114508598,0.26337989149972785,0.26337989149971336,0.2633798914997958,0.2633874680097794,0.2633803841488084,0.2633799226019244,8.243405957841787e-14,4.926490950185602e-07
765.5035387848216,0.24925519383483338,0.24925519383482939,0.24925519383490854,0.24929796577701785,0.24925801070168527,0.24925537216602242,7.915890165577366e-14,2.8168668558814502e-06
769.5753661187834,0.25991278569244786,0.25991278569244886,0.2599127856925031,0.2600042973886794,0.2599188162605105,0.25991316752448107,5.42343947529389e-14,6.030568061643482e-06
773.6471934527452,0.30194567381269527,0.3019456738126998,0.301945673812717,0.3021090735731757,0.30195644068427424,0.30194635550237653,1.715294573045867e-14,1.0766871574419135e-05
777.719020786707,0.38282044280710287,0.3828204428071129,0.38282044280712857,0.3830636678285807,0.3828364819094133,0.38282145843393106,1.5654144647214707e-14,1.60391023003581e-05
781.7908481206689,0.4810842376837926,0.4810842376838122,0.4810842376838783,0.48128414266169833,0.4810975026863807,0.48108507870731715,6.611378111642807e-14,1.3265002568485507e-05
785.8626754546307,0.5069515152481097,0.5069515152481366,0.5069515152481929,0.5068879627159019,0.5069475497110197,0.5069512672859718,5.6288307348495437e-14,-3.965537116901174e-06
789.9345027885925,0.43289946371942417,0.4328994637194428,0.43289946371943505,0.4326952097249421,0.4328862537497616,0.4328986310841825,-7.771561172376096e-15,-1.320996968123822e-05
794.0063301225543,0.3428831020008035,0.34288310200081284,0.3428831020007833,0.3427076301604403,0.34287175391735875,0.34288238678762384,-2.9531932455029164e-14,-1.13480834540991e-05
798.0781574565161,0.2772886844312312,0.27728868443123744,0.2772886844312237,0.2771745094503345,0.27728130976830273,0.27728821979578844,-1.3766765505351941e-14,-7.374662934711562e-06
802.1499847904779,0.2426302149713946,0.2426302149713997,0.24263021497141277,0.24256996789564741,0.2426263222899294,0.2426299697014165,1.3072876114961218e-14,-3.892681470302195e-06
806.2218121244398,0.23618110079362634,0.23618110079363117,0.23618110079367846,0.23616162330930812,0.23617983330641135,0.23618102080062703,4.729550084903167e-14,-1.2674872198192855e-06
810.2936394584016,0.25462030995969614,0.25462030995970086,0.25462030995979534,0.2546285039077976,0.2546208193025634,0.2546203417496138,9.447997939560082e-14,5.093428625535523e-07
814.3654667923633,0.2879784256566167,0.2879784256566204,0.2879784256567468,0.287979494837235,0.28797847126106196,0.287978428145734,1.2639889135357407e-13,4.560444155643495e-08
818.4372941263252,0.31161662101298904,0.3116166210129917,0.3116166210130684,0.3115784376363673,0.3116141369212686,0.31161646420247796,7.671641100159832e-14,-2.4840917230983806e-06
822.509121460287,0.32990631124454844,0.32990631124455166,0.32990631124453207,0.3298746776893929,0.3299042486436073,0.32990618100132646,-1.9595436384634013e-14,-2.062600944374715e-06
826.5809487942488,0.3729787593334063,0.3729787593334117,0.3729787593333216,0.372983568947191,0.3729790448968573,0.3729787769614531,-9.009459844833145e-14,2.85563445612258e-07
830.6527761282107,0.4210836076759737,0.42108360767598263,0.42108360767586595,0.4210923365443807,0.42108415478881467,0.42108364189585223,-1.1668443988810395e-13,5.471128320388985e-07
834.7246034621725,0.41138368316190055,0.41138368316190926,0.41138368316182145,0.41136914332993585,0.4113827506270324,0.4113836245017699,-8.781864124784988e-14,-9.325348768740582e-07
838.7964307961344,0.36676450451092363,0.3667645045109249,0.36676450451089704,0.366764791081196,0.3667645443469609,0.366764507355597,-2.786659791809143e-14,3.9836035969909034e-08
842.8682581300961,0.3528079750326403,0.35280797503263184,0.35280797503271716,0.352850308077363,0.3528107411792145,0.3528081498313749,8.532063944244328e-14,2.7661465826778198e-06
846.9400854640579,0.3842054523675765,0.38420545236755815,0.38420545236777287,0.3842850380029263,0.3842106343360133,0.3842057795323429,2.1471713296250527e-13,5.181968455170161e-06
851.0119127980198,0.4226296557104222,0.4226296557103974,0.42262965571063016,0.42268732609416426,0.4226334128582944,0.42262989292953995,2.3275825711266407e-13,3.7571478970210848e-06
855.0837401319816,0.4000939749181848,0.40009397491815984,0.4000939749182509,0.40008334448655003,0.40009329160461166,0.40009393189942943,9.103828801926284e-14,-6.833135481887354e-07
859.1555674659434,0.34072904159614087,0.3407290415961155,0.3407290415961102,0.34070135088492126,0.3407272456659355,0.3407289283232713,-5.2735593669694936e-15,-1.795930180015226e-06
863.2273947999053,0.30731016502091923,0.30731016502088954,0.3073101650208679,0.307298445757571,0.30730940378516036,0.3073101169976119,-2.1649348980190553e-14,-7.612357291741922e-07
867.299222133867,0.31856671490659144,0.31856671490655164,0.3185667149065204,0.31857522410127,0.31856726518478856,0.31856674960121434,-3.1252778143198157e-14,5.502782369215531e-07
871.3710494678288,0.3750151050697512,0.3750151050696961,0.37501510506963887,0.37503997861107435,0.3750167164232006,0.37501520668803695,-5.723199691942682e-14,1.611353504515911e-06
875.4428768017907,0.4484146448392432,0.4484146448391944,0.44841464483911647,0.4484298963665425,0.44841563308262467,0.44841470716397996,-7.793765632868599e-14,9.882434302554977e-07
879.5147041357525,0.4565086046014508,0.45650860460147186,0.4565086046014008,0.45647471824639285,0.4565064033016771,0.45650846569844883,-7.105427357601002e-14,-2.2012997947795654e-06
883.5865314697143,0.37730226710564474,0.3773022671057288,0.37730226710566706,0.37723570035991,0.3772979382657066,0.377301993887977,-6.17284001691587e-14,-4.328840022160829e-06
887.6583588036762,0.2806241369832981,0.2806241369833765,0.28062413698331296,0.28056576993167553,0.2806203393109765,0.280623897262822,-6.356026815979021e-14,-3.797672399996621e-06
891.7301861376379,0.20936895820100374,0.2093689582010552,0.20936895820099197,0.20933012260413608,0.20936643129840932,0.209368798695217,-6.322720125240266e-14,-2.5269026458774047e-06
895.8020134715997,0.16421602650364317,0.16421602650367526,0.16421602650361242,0.16419158993251898,0.16421443667891292,0.16421592615194416,-6.283862319378386e-14,-1.5898247623380435e-06
899.8738408055616,0.13601475981849856,0.1360147598185199,0.13601475981845237,0.13599933344545084,0.13601375597989787,0.13601469645183942,-6.752931547282515e-14,-1.0038386220323492e-06
903.9456681395234,0.11808743140192965,0.11808743140194405,0.11808743140187257,0.11807774666003794,0.11808680057786973,0.11808739157226834,-7.148448499805227e-14,-6.308240743241322e-07
908.0174954734852,0.10667997958027006,0.10667997958027829,0.10667997958020471,0.10667435379111864,0.10667961198028168,0.10667995635268782,-7.358003095703225e-14,-3.675999966090693e-07
912.089322807447,0.09990654957270165,0.09990654957270578,0.09990654957263322,0.09990441880403374,0.09990640793319772,0.09990654058639689,-7.25669524470618e-14,-1.4163950806667103e-07
916.1611501414088,0.09709056132728204,0.09709056132728486,0.09709056132722071,0.09709225615775019,0.09709066616421301,0.09709056786215611,-6.414313524771842e-14,1.0483692815255186e-07
920.2329774753706,0.09837238623680866,0.09837238623681084,0.09837238623676371,0.09837853122320363,0.09837277730430773,0.09837241078794416,-4.7128967395337895e-14,3.910674968854444e-07
924.3048048093325,0.10348741693882231,0.10348741693882305,0.10348741693880029,0.1034950417123861,0.10348790456768976,0.10348744758407279,-2.275957200481571e-14,4.8762886671605e-07
928.3766321432943,0.10773583020364232,0.10773583020364208,0.10773583020364264,0.10773182391146917,0.1077355756630045,0.10773581421598454,5.551115123125783e-16,-2.545406375814574e-07
932.448459477256,0.10390532881510034,0.10390532881510228,0.10390532881510961,0.10388681834187243,0.10390414585328343,0.10390525446499796,7.327471962526033e-15,-1.1829618188491375e-06
936.5202868112179,0.09572276023892345,0.09572276023892892,0.09572276023892992,0.09570457423197251,0.09572159690024601,0.09572268711277727,9.992007221626409e-16,-1.1633386829135173e-06
940.5921141451797,0.08822810840034588,0.0882281084003531,0.08822810840034877,0.08821453753544935,0.08822724012540295,0.08822805382054077,-4.3298697960381105e-15,-8.682749501470743e-07
944.6639414791415,0.08210660165395875,0.08210660165396558,0.08210660165396315,0.08209745900068556,0.08210601656001347,0.08210656487336292,-2.42861286636753e-15,-5.850939521073739e-07
948.7357688131034,0.07823620422945207,0.0782362042294585,0.07823620422946463,0.07823091756834301,0.07823586558518171,0.07823618293680588,6.13398221105399e-15,-3.386442767872033e-07
952.8075961470652,0.0767455442390604,0.07674554423906728,0.07674554423908407,0.07674323046788757,0.07674539553265008,0.07674553488193542,1.6792123247455493e-14,-1.4870641719400002e-07
956.879423481027,0.07747065890694942,0.07747065890695792,0.07747065890698238,0.07747086713459046,0.0774706712489288,0.07747065966898856,2.4452662117369073e-14,1.2341970875850983e-08
960.9512508149888,0.08048092599435325,0.08048092599436354,0.08048092599439353,0.08048364283599672,0.08048109848221316,0.0804809368183799,2.998989945268704e-14,1.7248784961454433e-07
965.0230781489506,0.08578926186156217,0.08578926186157403,0.08578926186160615,0.08579454948054502,0.08578959881086617,0.08578928302421945,3.212707877509047e-14,3.369492921484474e-07
969.0949054829124,0.09380859152872427,0.09380859152873808,0.0938085915287651,0.09381696588431589,0.09380912710306602,0.09380862519566997,2.7020052861814747e-14,5.355743279422676e-07
973.1667328168743,0.10648524726523534,0.10648524726525181,0.10648524726527189,0.10649742542583521,0.10648602813472911,0.10648529638240736,2.008115895790752e-14,7.808694773014935e-07
977.2385601508361,0.1216420313454608,0.1216420313454802,0.12164203134549638,0.12165399424495497,0.12164279894160793,0.12164207963450786,1.6181500583911657e-14,7.675961277292531e-07
981.3103874847978,0.1268362399909574,0.12683623999097932,0.1268362399909952,0.12684071228687485,0.12683652616015156,0.12683625798104947,1.587618925213974e-14,2.861691722477744e-07
985.3822148187597,0.11969030817617766,0.11969030817620134,0.11969030817621926,0.1196920785743651,0.1196904210421544,0.11969031526596213,1.7916224059888464e-14,1.1286595305581848e-07
989.4540421527215,0.1119016139917395,0.11190161399175726,0.1119016139917745,0.11190304744694299,0.11190170573972037,0.11190161975897653,1.725009024511337e-14,9.174796311572919e-08
993.5258694866834,0.10450308337165282,0.10450308337166159,0.10450308337167587,0.10450062781459062,0.10450292442442732,0.10450307334967317,1.4280243654241076e-14,-1.5894723426335133e-07
997.5976968206452,0.09755669366928935,0.09755669366929906,0.09755669366930604,0.09755355541152248,0.09755648984907977,0.09755668080937929,6.980527267330672e-15,-2.0382021928555538e-07
1001.669524154607,0.09487725181956096,0.0948772518195763,0.09487725181957335,0.09487628944499295,0.09487718713329268,0.09487724770534285,-2.9559688030644793e-15,-6.468628362121809e-08
1005.7413514885689,0.09803397618862283,0.09803397618864575,0.09803397618863265,0.09803553124902899,0.09803407225283597,0.09803398217496019,-1.3100631690576847e-14,9.606419022756274e-08
1009.8131788225306,0.10766706590219818,0.10766706590223223,0.10766706590221639,0.1076710908628428,0.1076673193317754,0.10766708177095342,-1.5834555888716295e-14,2.534295431705358e-07
1013.8850061564924,0.12258417024083783,0.1225841702408846,0.12258417024087778,0.12258984486122786,0.12258453002855568,0.12258419280795145,-6.813993813636898e-15,3.597876710864645e-07
1017.9568334904543,0.13426214743374199,0.1342621474337904,0.13426214743379472,0.13426777131298515,0.13426250857460673,0.13426217015644007,4.3298697960381105e-15,3.6114081633509265e-07
1022.0286608244161,0.13714737510676484,0.13714737510679476,0.1371473751068099,0.137155970707768,0.13714792892119948,0.1371474099810665,1.5154544286133387e-14,5.53814404724573e-07
1026.1004881583779,0.14166203281719375,0.141662032817198,0.14166203281722145,0.14167678365255668,0.1416629787147937,0.14166209231206908,2.3453461395206432e-14,9.458975956944116e-07
1030.1723154923397,0.14983450865377776,0.14983450865376888,0.14983450865379927,0.14984974847857413,0.14983548471415073,0.14983457002536266,3.039235529911366e-14,9.760603818520508e-07
1034.2441428263014,0.15545600952155134,0.15545600952155086,0.15545600952159466,0.15546751116171564,0.15545674773885262,0.15545605596181053,4.3798298321462426e-14,7.382173017600469e-07
1038.3159701602633,0.16447659838665596,0.16447659838667122,0.16447659838673115,0.16448597824109915,0.16447720261741325,0.16447663643064195,5.992428775414282e-14,6.042307420239812e-07
1042.3877974942252,0.1735474265256719,0.17354742652570354,0.17354742652576782,0.17354424766362708,0.17354722421969032,0.17354741381817526,6.428191312579656e-14,-2.023060132194665e-07
1046.4596248281869,0.16342538218521174,0.16342538218526204,0.16342538218528518,0.16340586352370753,0.16342412733077777,0.16342530320415105,2.3148150063434514e-14,-1.2548544842672094e-06
1050.5314521621488,0.1413773633874253,0.14137736338749493,0.14137736338746257,0.1413589647079031,0.1413761776288822,0.141377288714297,-3.236300116782331e-14,-1.1857586127428377e-06
1054.6032794961106,0.12524810669913117,0.1252481066992232,0.12524810669916628,0.12523789955225817,0.12524744502223503,0.1252480649715849,-5.69266855876549e-14,-6.616769881728768e-07
1058.6751068300725,0.11820850238611101,0.11820850238623165,0.11820850238617645,0.11820496985158355,0.11820826728100715,0.1182084874659999,-5.520583989948591e-14,-2.3510522449698978e-07
1062.7469341640342,0.11806582119141038,0.1180658211915699,0.11806582119152528,0.11806586810018485,0.11806581378484615,0.118065820563123,-4.461708780212348e-14,-7.4067237482156045e-09
1066.818761497996,0.1228201772562835,0.12282017725649894,0.1228201772564642,0.12282195708340327,0.1228202782134559,0.12282018340188249,-3.4736102882959585e-14,1.0095695696099583e-07
1070.890588831958,0.13264142433035506,0.132641424330653,0.13264142433062717,0.13264679845040694,0.13264175083115218,0.13264144458780855,-2.584044089815052e-14,3.2650049916482793e-07
1074.9624161659196,0.14959976428503333,0.1495997642854574,0.14959976428544502,0.14961082220365624,0.1496004473003336,0.1495998068445087,-1.2378986724570495e-14,6.830148761849397e-07
1079.0342434998815,0.17640886260732463,0.1764088626079511,0.17640886260795813,0.17642748461794425,0.1764100177516022,0.17640893466418311,7.022160630754115e-15,1.155143651093704e-06
1083.1060708338434,0.2161113854337415,0.21611138543470865,0.21611138543472255,0.21614100635677128,0.21611322386695445,0.21611150013012523,1.3905543383430086e-14,1.8384322457987157e-06
1087.177898167805,0.27523163949219304,0.2752316394937504,0.27523163949375545,0.27528173532087463,0.275234752627774,0.2752318337787175,5.051514762044462e-15,3.113134023624564e-06
1091.249725501767,0.3713090562055592,0.3713090562081098,0.37130905620813603,0.3713962061596328,0.3713144802507544,0.37130939484408804,2.6256774532384952e-14,5.424042644641691e-06
1095.3215528357289,0.5277651464839567,0.5277651464878211,0.5277651464879115,0.5279035843900338,0.5277737655224881,0.5277656846357429,9.037215420448774e-14,8.619034666978997e-06
1099.3933801696905,0.7405581069146381,0.740558106918528,0.7405581069186057,0.7407137164601644,0.7405677941638827,0.7405587117179692,7.771561172376096e-14,9.6872453547725e-06
1103.4652075036524,0.8852456262575846,0.8852456262573289,0.885245626257238,0.8852635267322863,0.8852467537899907,0.8852456967841194,-9.092726571680032e-14,1.127532661793218e-06
1107.5370348376143,0.7882593383922291,0.7882593383880743,0.788259338387823,0.7881003291206039,0.788249465001589,0.7882587222989526,-2.512434704726729e-13,-9.873386485281799e-06
1111.608862171576,0.5687637236492067,0.5687637236453409,0.5687637236450539,0.5685980201651324,0.5687534283433767,0.5687630811745841,-2.8699265186560297e-13,-1.029530196416939e-05
1115.6806895055379,0.39382529940158073,0.39382529939907956,0.39382529939888405,0.3937138668515572,0.3938183739275442,0.3938248671935351,-1.9551027463649007e-13,-6.925471535357275e-06
1119.7525168394998,0.28385427317429623,0.283854273172773,0.2838542731726913,0.2837847562834265,0.2838499511015177,0.28385400341522443,-8.171241461241152e-14,-4.322071255336013e-06
1123.8243441734614,0.21688952269871797,0.21688952269776637,0.2168895226977355,0.2168457363351284,0.2168867999331254,0.21688935275222215,-3.086420008457935e-14,-2.7227646409722084e-06
1127.8961715074233,0.17551156920669586,0.1755115692060729,0.17551156920604627,0.17548322644857647,0.17550980712797928,0.17551145922853933,-2.6617597015388128e-14,-1.762078093603403e-06
1131.9679988413852,0.14970173688813862,0.14970173688771235,0.14970173688767724,0.14968282063002528,0.14970056150331829,0.14970166353775166,-3.5110803153770576e-14,-1.1753843940642827e-06
1136.039826175347,0.13413086927331624,0.13413086927301374,0.1341308692729751,0.13411800658190137,0.13413007098953372,0.13413081947112562,-3.863576125695545e-14,-7.982834800135397e-07
1140.1116535093088,0.1263129366514474,0.12631293665122406,0.1263129366512021,0.12630430865625655,0.12631240276127617,0.12631290336906337,-2.195466031196247e-14,-5.338899478901649e-07
1144.1834808432707,0.1257660985128269,0.12576609851265275,0.12576609851266016,0.1257608641400939,0.12576577751885892,0.12576607854887462,7.41073868937292e-15,-3.2099379382311e-07
1148.2553081772323,0.13379591617417552,0.13379591617403053,0.13379591617405515,0.13379391576395774,0.13379579939105715,0.1337959090064841,2.4619195571062846e-14,-1.1678297337502919e-07
1152.3271355111942,0.1526008612029146,0.15260086120278452,0.15260086120282262,0.1526019706675601,0.15260094107871472,0.15260086636262318,3.81084053202585e-14,7.987593020342132e-08
1156.3989628451561,0.1784469261394632,0.17844692613933816,0.1784469261394055,0.1784485614669499,0.17844703427532127,0.17844693299141318,6.733502644351574e-14,1.0813598311232298e-07
1160.4707901791178,0.18931011316048624,0.1893101131603833,0.18931011316047908,0.1893067878288607,0.18930989520185576,0.18931009937551319,9.578449144953538e-14,-2.1795852753192513e-07
1164.5426175130797,0.1703213543102299,0.1703213543101949,0.17032135431029047,0.1703120533480623,0.17032075312556041,0.17032131642005965,9.556244684461035e-14,-6.011846344911032e-07
1168.6144448470416,0.13959593557707184,0.1395959355770778,0.1395959355771537,0.1395850288214696,0.13959523480454242,0.13959589147761622,7.588374373312945e-14,-7.007725353891381e-07
1172.6862721810032,0.11485068182552458,0.1148506818255271,0.11485068182557563,0.11484244819698086,0.11485015408177897,0.11485064863518459,4.8530623963927155e-14,-5.277437481326919e-07
1176.7580995149651,0.09931707015533017,0.09931707015532278,0.09931707015534717,0.09931169814447109,0.09931672658629014,0.0993170485596654,2.4397150966137815e-14,-3.435690326403229e-07
1180.829926848927,0.09063109853095047,0.09063109853093741,0.0906310985309446,0.09062772311713256,0.0906308833772168,0.09063108501822154,7.188694084447889e-15,-2.1515372061742255e-07
1184.9017541828887,0.08683376529612669,0.08683376529611152,0.0868337652961028,0.0868318049649928,0.08683364124793698,0.08683375751935987,-8.715250743307479e-15,-1.2404817453792738e-07
1188.9735815168506,0.08724932748640239,0.0872493274863867,0.08724932748636137,0.08724854640856644,0.08724927957040768,0.0872493245061389,-2.5326962749261384e-14,-4.7915979017876253e-08
1193.0454088508125,0.09186087965983712,0.0918608796598217,0.0918608796597888,0.09186115965902622,0.09186090046505285,0.09186088101247956,-3.290423489232808e-14,2.0805231149001457e-08
1197.1172361847741,0.09851529312075147,0.09851529312073731,0.09851529312070403,0.09851596914584514,0.09851533951175687,0.09851529608542532,-3.327893516313907e-14,4.6391019553615465e-08
1201.189063518736,0.09942775735320053,0.09942775735318916,0.09942775735316145,0.0994276615173085,0.09942775311028464,0.09942775711533994,-2.771394225220547e-14,-4.242904527718139e-09
1205.260890852698,0.09247700632419284,0.0924770063241836,0.09247700632417688,0.09247669630728902,0.09247698737809307,0.09247700514697707,-6.716849298982197e-15,-1.8946090529770032e-08
1209.3327181866596,0.08570763553001866,0.08570763553000986,0.0857076355300269,0.08570813970300306,0.0857076687630665,0.08570763763503872,1.7041923427996153e-14,3.3233056639936365e-08
1213.4045455206215,0.08292644436686729,0.08292644436685834,0.08292644436689207,0.08292823074768436,0.08292656035078595,0.08292645168584575,3.3736902160796944e-14,1.159839276149155e-07
1217.4763728545834,0.08434163196352326,0.08434163196351456,0.08434163196355822,0.0843452687802063,0.0843418678024083,0.08434164684089022,4.365952044338428e-14,2.3583889373346434e-07
1221.548200188545,0.09034902948626682,0.0903490294862587,0.09034902948630888,0.09035564588752926,0.0903494588265452,0.09034905657413467,5.0182080713057076e-14,4.293402865035434e-07
1225.620027522507,0.1026534559034108,0.10265345590340309,0.10265345590346431,0.10266508009795138,0.1026542109342284,0.10265350355038,6.121492202026957e-14,7.550308253057025e-07
1229.6918548564688,0.12434745159279319,0.12434745159278547,0.12434745159286571,0.12436640242617333,0.12434868264513141,0.12434752928057262,8.024136910478319e-14,1.2310523459374556e-06
1233.7636821904305,0.15621301568904025,0.15621301568903206,0.15621301568914436,0.1562350669396796,0.15621444143396515,0.1562131055581987,1.1229905894083458e-13,1.425744933086781e-06
1237.8355095243924,0.18152597412057814,0.18152597412056884,0.181525974120701,0.18152639890252026,0.18152596655870856,0.18152597310470034,1.3217205108162489e-13,-7.561860276839028e-09
1241.9073368583543,0.1706229179915612,0.1706229179915526,0.17062291799163937,0.17059217278319827,0.17062085853640285,0.170622787089,8.676392937445598e-14,-2.0594551497499225e-06
1245.979164192316,0.13760617436681574,0.13760617436680908,0.1376061743668095,0.13757390677557968,0.13760402443863534,0.13760603788891035,4.163336342344337e-16,-2.1499281737391573e-06
1250.0509915262778,0.11031780985302102,0.11031780985301352,0.11031780985295814,0.11029631733417655,0.11031637839275589,0.1103177189928382,-5.53862511409875e-14,-1.4314602576337432e-06
1254.1228188602397,0.09361297476601803,0.09361297476600836,0.0936129747659443,0.09360017942825297,0.09361212165080024,0.09361292060223893,-6.405986852087153e-14,-8.531152081159288e-07
1258.1946461942014,0.08444945185606385,0.08444945185605057,0.08444945185599499,0.08444222848172611,0.08444896893036515,0.08444942117595565,-5.55805401702969e-14,-4.829256854271824e-07
1262.2664735281633,0.08031091384351616,0.08031091384349619,0.08031091384344907,0.08030749217439398,0.08031068304923601,0.0803108991512219,-4.711508960753008e-14,-2.3079426017535987e-07
1266.3383008621252,0.07997417051072281,0.07997417051069527,0.0799741705106537,0.07997375596027444,0.07997413858990363,0.07997416842075987,-4.157785227221211e-14,-3.192079164882067e-08
1270.4101281960868,0.08258623499846326,0.0825862349984249,0.08258623499839302,0.08258803149077952,0.0825863492905867,0.08258624217338914,-3.189115638235762e-14,1.1429216179026369e-07
1274.4819555300487,0.08685615624954313,0.08685615624948306,0.08685615624946233,0.08685890697207839,0.0868563341124176,0.08685616745927928,-2.0733414984874798e-14,1.778629345333682e-07
1278.5537828640106,0.09366592764031037,0.09366592764021361,0.09366592764019606,0.09366954189500579,0.09366616244668369,0.09366594245523499,-1.7555401576885288e-14,2.3480647007301236e-07
1282.6256101979723,0.10547084703297145,0.10547084703283834,0.10547084703282007,0.10547443917238866,0.10547108327799214,0.10547086198040165,-1.8263168755083825e-14,2.362451538007182e-07
1286.6974375319342,0.11803819421194478,0.11803819421184875,0.11803819421184758,0.1180371471013855,0.11803813814157765,0.11803819085130718,-1.1657341758564144e-15,-5.607027109277851e-08
1290.769264865896,0.12072452475428785,0.1207245247543444,0.12072452475436794,0.12071969237633225,0.12072423036484276,0.12072450647524138,2.353672812205332e-14,-2.9438950165106004e-07
1294.8410921998577,0.11522698695198558,0.11522698695212706,0.11522698695215502,0.11522301298258206,0.11522674602614859,0.11522697201276073,2.796374243274613e-14,-2.4092597847302777e-07
1298.9129195338196,0.10937466300546943,0.10937466300559298,0.109374663005607,0.10937183205737529,0.10937448947738768,0.10937465221453281,1.4016565685892601e-14,-1.735282053050291e-07
1302.9847468677815,0.10087255728792471,0.10087255728801663,0.10087255728801099,0.10086883585603988,0.100872321050221,0.10087254246558937,-5.6343818499726694e-15,-2.3623779563108904e-07
1307.0565742017432,0.09012227568932002,0.09012227568938402,0.09012227568936873,0.09011903909842287,0.09012206868192855,0.09012226267690372,-1.529332216421153e-14,-2.0700745546886612e-07
1311.128401535705,0.08260039103038783,0.08260039103043101,0.08260039103041339,0.08259888989653932,0.08260029556841283,0.08260038503819321,-1.762479051592436e-14,-9.54620181792265e-08
1315.200228869667,0.0796607122477213,0.0796607122477511,0.07966071224773329,0.07966104027117472,0.07966073473345389,0.07966071368451381,-1.7819079545233762e-14,2.248570278584605e-08
1319.2720562036286,0.08099312889006656,0.08099312889008924,0.08099312889006835,0.08099548151720408,0.08099328200909692,0.08099313855616103,-2.0886070650760757e-14,1.5311900768144593e-07
1323.3438835375905,0.08694911264273707,0.08694911264275879,0.0869491126427326,0.08695405645518961,0.08694943293868669,0.08694913283990188,-2.618738559334588e-14,3.202959279052786e-07
1327.4157108715524,0.09831682086792809,0.09831682086795397,0.09831682086792266,0.098324138112319,0.09831729387365302,0.09831685067743073,-3.1308289294429414e-14,4.73005699053175e-07
1331.487538205514,0.11252657803526295,0.11252657803529136,0.11252657803526117,0.11253113275584724,0.11252687104650151,0.11252659647586485,-3.0184188481996443e-14,2.9301121015623544e-07
1335.559365539476,0.11963437786734143,0.11963437786735864,0.11963437786733051,0.11963120636957789,0.11963417327499853,0.11963436497612305,-2.8130275886439904e-14,-2.0459236010905713e-07
1339.6311928734378,0.11760625322635997,0.1176062532263531,0.11760625322632083,0.11760388090496707,0.11760611066283401,0.11760624440788897,-3.226585665316861e-14,-1.425635190871466e-07
1343.7030202073995,0.11158938701281279,0.11158938701278955,0.11158938701276629,0.1115875639102739,0.11158928670382451,0.11158938096030789,-2.325917236589703e-14,-1.0030896503698816e-07
1347.7748475413614,0.10126813928283417,0.10126813928281328,0.10126813928280361,0.10126432328461508,0.10126790656464547,0.10126812483028982,-9.672818102046676e-15,-2.327181678057899e-07
1351.8466748753233,0.09225256689504012,0.09225256689502863,0.09225256689502756,0.09224993023328269,0.09225240513507826,0.09225255683382029,-1.0685896612017132e-15,-1.6175995036504798e-07
1355.918502209285,0.08782977912213119,0.08782977912212775,0.08782977912212508,0.08782853699698298,0.08782970449350867,0.08782977450558897,-2.6645352591003757e-15,-7.462861907614471e-08
1359.9903295432468,0.08656831922352476,0.08656831922352881,0.08656831922352319,0.08656737752734497,0.08656826248214707,0.08656831571078208,-5.620504062164855e-15,-5.6741381745939456e-08
1364.0621568772087,0.0878744358660825,0.08787443586609635,0.08787443586609478,0.08787470945317875,0.08787445527649329,0.08787443711628931,-1.5681900222830336e-15,1.9410396942531882e-08
1368.1339842111706,0.09320620613486272,0.0932062061348913,0.09320620613489543,0.09320871301197285,0.093206366794717,0.09320621623944911,4.121702978920894e-15,1.6065982569313242e-07
1372.2058115451323,0.10405768016506328,0.10405768016511589,0.10405768016512613,0.10406219367381878,0.10405796775587714,0.10405769822610507,1.0241807402167069e-14,2.875907612470696e-07
1376.2776388790942,0.12186394830852518,0.12186394830861141,0.1218639483086394,0.12186922408452758,0.12186428316454423,0.12186396931672652,2.799149800836176e-14,3.3485593281534776e-07
1380.349466213056,0.14574104960081274,0.14574104960090542,0.14574104960095882,0.1457450736717089,0.14574130321267928,0.1457410654831174,5.340172748447003e-14,2.536117738594079e-07
1384.4212935470177,0.16231866795851663,0.16231866795851774,0.16231866795858121,0.1623177845105954,0.16231860936950618,0.1623186642425197,6.347700143294333e-14,-5.858901155897378e-08
1388.4931208809796,0.15818674945627045,0.1581867494561817,0.15818674945623368,0.15818201300333523,0.15818644574345872,0.1581867303530553,5.1986193128072955e-14,-3.037127229710279e-07
1392.5649482149415,0.1495777995261776,0.14957779952609515,0.1495777995261407,0.14957384655625258,0.14957754412867041,0.14957778343279066,4.554689958524705e-14,-2.553974247365698e-07
1396.6367755489032,0.15405221575733802,0.15405221575728845,0.15405221575733388,0.15405070374188584,0.15405211378750738,0.15405220926694568,4.543587728278453e-14,-1.0196978106336019e-07
1400.708602882865,0.1768722849882828,0.17687228498826002,0.17687228498829421,0.1768715946877752,0.176872229418354,0.1768722813185456,3.419486915845482e-14,-5.556990601007783e-08
1404.780430216827,0.2137222678460323,0.2137222678460292,0.21372226784603893,0.21371121753448377,0.2137215249692471,0.21372222058556786,9.71445146547012e-15,-7.428767821171522e-07
1408.8522575507886,0.2360917267214203,0.2360917267214258,0.23609172672139164,0.23604943194832326,0.23608892987542957,0.23609154948476657,-3.416711358283919e-14,-2.7968459962446346e-06
1412.9240848847505,0.22123502866643907,0.22123502866643072,0.22123502866628614,0.22117596338123227,0.22123113324026678,0.22123478197883334,-1.44578793381811e-13,-3.895426163941229e-06
1416.9959122187124,0.19938166512042804,0.19938166512039343,0.19938166512014763,0.19933214794145232,0.1993783996566175,0.199381458334519,-2.4580337765200966e-13,-3.2654637759366167e-06
1421.067739552674,0.18690113908118638,0.18690113908113287,0.18690113908088526,0.18686463297537262,0.18689872984039824,0.18690098649018544,-2.4760749006702554e-13,-2.4092407346354427e-06
1425.139566886636,0.17059252475064876,0.1705925247505927,0.1705925247504086,0.17057129334704513,0.17059112106284852,0.17059243581280076,-1.8410273305846658e-13,-1.4036877441780948e-06
1429.2113942205979,0.15128263153289828,0.1512826315328497,0.15128263153273083,0.15128020487723765,0.15128246510811366,0.1512826209070945,-1.1887713036173864e-13,-1.6642473604777663e-07
1433.2832215545595,0.13998537156995716,0.13998537156991384,0.13998537156983568,0.14000267291964877,0.13998650091760595,0.13998544292775197,-7.815970093361102e-14,1.1293476921137025e-06
1437.3550488885214,0.1396034771499712,0.1396034771499261,0.13960347714984941,0.13964291330448705,0.1396060588740307,0.1396036403801568,-7.668865542598269e-14,2.5817241045833494e-06
1441.4268762224833,0.15024650150986277,0.1502465015098076,0.15024650150972646,0.15031549816855486,0.15025102263662324,0.1502467874206158,-8.112954752448331e-14,4.521126815648646e-06
1445.498703556445,0.17429242424734978,0.17429242424727234,0.174292424247206,0.17440748279770962,0.17429996690343766,0.17429290128697117,-6.63358257213531e-14,7.5426561653157975e-06
1449.5705308904069,0.21822649777024142,0.21822649777012162,0.2182264977700556,0.21841760228648868,0.21823902834327977,0.21822729031451124,-6.603051438958119e-14,1.2530573158142655e-05
1453.6423582243688,0.29205472185111775,0.2920547218509256,0.2920547218508761,0.29235736680072466,0.2920745725915531,0.2920559774467755,-4.951594689828198e-14,1.9850740627491703e-05
1457.7141855583304,0.39521755794279734,0.3952175579425241,0.3952175579425732,0.3955812622575449,0.3952414421188113,0.3952190688745171,4.907185768843192e-14,2.388417628718109e-05
1461.7860128922923,0.4704038441137215,0.4704038441135085,0.47040384411361047,0.47052754817099207,0.47041203128804404,0.4704043625757488,1.0197398481182063e-13,8.187174535545516e-06
1465.8578402262542,0.44108821200042836,0.44108821200047066,0.441088212000564,0.4408908239620838,0.4410752860898801,0.4410873946184464,9.331424521974441e-14,-1.2925910590544376e-05
1469.9296675602159,0.3682919417735128,0.368291941773715,0.368291941773896,0.36809254285441784,0.3682787902198379,0.3682911089798342,1.8102186416513177e-13,-1.3151553877099875e-05
1474.0014948941778,0.32253953751516634,0.32253953751541825,0.3225395375156938,0.3224318571855739,0.32253237874599305,0.3225390833815487,2.7555735471196385e-13,-7.158769425197331e-06
1478.0733222281397,0.2858907513505169,0.2858907513507654,0.28589075135102576,0.285799828249723,0.28588479946687523,0.2858903751202785,2.603472992745992e-13,-5.951883890187304e-06
1482.1451495621013,0.23371190025732316,0.23371190025751207,0.23371190025769803,0.23361988598378355,0.23370595698077085,0.23371152578475576,1.8596235662471372e-13,-5.943276741221526e-06
1486.2169768960632,0.18641149081044872,0.18641149081057135,0.1864114908106961,0.18634450710698233,0.18640717654160974,0.1864112191719454,1.2476131239225197e-13,-4.3142689616082475e-06
1490.288804230025,0.15577661884757474,0.15577661884765273,0.15577661884773314,0.15573430613654807,0.1557738939884887,0.15577644728945433,8.040790255847696e-14,-2.7248591640272046e-06
1494.3606315639868,0.13819087888396384,0.13819087888401466,0.13819087888407294,0.13816525994468118,0.1381892287816426,0.13819077498809282,5.828670879282072e-14,-1.650102372047213e-06
1498.4324588979487,0.13029499774320094,0.13029499774323422,0.13029499774330258,0.13028081228453955,0.13029408419718855,0.13029494022536078,6.836198274129401e-14,-9.135460456721756e-07
1502.5042862319106,0.13145276366071168,0.13145276366073236,0.13145276366082234,0.13144785773980988,0.13145244838893266,0.13145274382178446,8.998357614586894e-14,-3.152717996945942e-07
1506.5761135658722,0.14295349024081436,0.14295349024082477,0.1429534902409243,0.14295827626302646,0.14295380014488868,0.1429535097804206,9.953149415764528e-14,3.099040639109596e-07
1510.647940899834,0.16824539441171285,0.16824539441171488,0.168245394411793,0.16826149592102135,0.16824643454093058,0.16824545995098358,7.813194535799539e-14,1.040129215701402e-06
1514.719768233796,0.2089855802801828,0.20898558028018044,0.20898558028021005,0.20900669747714656,0.20898694623829286,0.20898566637099647,2.961519918187605e-14,1.3659581124259024e-06
1518.7915955677577,0.24631983707541558,0.24631983707542277,0.24631983707540114,0.2463111892560806,0.24631929071023384,0.24631980281572444,-2.1621593404574924e-14,-5.463651889248133e-07
1522.8634229017196,0.24066273682608563,0.2406627368261102,0.24066273682604983,0.24060736195554938,0.24065918292852154,0.24066251323866725,-6.036837696399289e-14,-3.553897588659538e-06
1526.9352502356815,0.2047305207178547,0.2047305207178827,0.20473052071779482,0.2046722178790602,0.20472677797707353,0.20473028525038314,-8.787415239908114e-14,-3.742740809165035e-06
1531.0070775696431,0.17147695966954596,0.17147695966956872,0.171476959669459,0.17143260164398752,0.17147411625526537,0.17147678084689416,-1.097177904085811e-13,-2.843414303344005e-06
1535.078904903605,0.14468345354372103,0.1446834535437341,0.14468345354361475,0.14465187523094605,0.14468143257518778,0.14468332649566248,-1.1934897514720433e-13,-2.020968546317947e-06
1539.150732237567,0.12624787549228206,0.12624787549228342,0.12624787549219307,0.12622842100717518,0.12624663287071008,0.12624779741375705,-9.034439862887211e-14,-1.2426215733329915e-06
1543.2225595715286,0.11725508324882201,0.11725508324881119,0.11725508324879266,0.11724489545993817,0.11725443559770296,0.11725504260346759,-1.85268467234323e-14,-6.476511082292857e-07
1547.2943869054905,0.1162416729357035,0.11624167293567868,0.11624167293574769,0.11623801849993914,0.11624144547625201,0.11624165873838063,6.901423876826129e-14,-2.2745942666879682e-07
1551.3662142394523,0.12037448264862552,0.1203744826485865,0.12037448264872504,0.12037489006357792,0.1203745177860338,0.12037448500086284,1.3854195568541172e-13,3.513744729899404e-08
1555.438041573414,0.12386860847989549,0.12386860847985179,0.12386860848001287,0.12387119798970617,0.12386878634511075,0.12386861985294542,1.610794830853024e-13,1.778652589656815e-07
1559.509868907376,0.12589748142137974,0.12589748142134388,0.12589748142147805,0.1259039273599163,0.1258979091204327,0.1258975085488612,1.3417045252595017e-13,4.276990888119059e-07
1563.5816962413378,0.13355236296799583,0.13355236296796857,0.13355236296805928,0.13356504649747464,0.13355319394849882,0.13355241551364605,9.070522111187529e-14,8.309805302475493e-07
1567.6535235752995,0.15139603808814184,0.15139603808811705,0.1513960380881715,0.15141622847112582,0.15139735513497712,0.1513961212809366,5.445643935786393e-14,1.3170468600720575e-06
1571.7253509092614,0.17675069672313112,0.17675069672310195,0.17675069672310445,0.17677731627917775,0.1767524284427761,0.17675080603754972,2.4980018054066022e-15,1.7317196741584162e-06
1575.7971782432232,0.19238791435702363,0.19238791435698874,0.19238791435695413,0.19241807566134844,0.19238986894972693,0.19238803762842077,-3.4611202792689255e-14,1.9545927381903194e-06
1579.869005577185,0.18997065797404497,0.18997065797401408,0.1899706579740265,0.19001207420283409,0.1899733363119401,0.1899708268080605,1.2434497875801753e-14,2.678337926026453e-06
1583.9408329111468,0.19064913367071368,0.19064913367069186,0.19064913367076267,0.19071585566410776,0.19065344924312402,0.19064940572284325,7.080447339546936e-14,4.315572432161963e-06
1588.0126602451087,0.20926413790421403,0.20926413790419934,0.20926413790427717,0.20937146986586283,0.20927108132935698,0.2092645756349112,7.782663402622347e-14,6.94342515764057e-06
1592.0844875790704,0.2509662616551322,0.25096626165512265,0.2509662616551931,0.25113750281906344,0.250977339782758,0.2509669600562404,7.044365091246618e-14,1.1078127635344437e-05
1596.1563149130322,0.3238867642922139,0.323886764292208,0.3238867642922753,0.3241589550213398,0.3239043732246769,0.32388787441361166,6.733502644351574e-14,1.7608932468937688e-05
1600.2281422469941,0.4395462567931447,0.43954625679313974,0.43954625679321124,0.43993640530458744,0.4395715053658932,0.43954784860778945,7.149836278586008e-14,2.5248572753433507e-05
1604.2999695809558,0.5660266191230618,0.5660266191230555,0.5660266191231519,0.566373726563503,0.5660491255287541,0.5660280384992044,9.636735853746359e-14,2.2506405698563547e-05
1608.3717969149177,0.586868122822077,0.5868681228220705,0.5868681228221722,0.5869065822296047,0.5868707020550067,0.5868682865364943,1.0169642905566434e-13,2.579232936228415e-06
1612.4436242488796,0.4953581793776919,0.4953581793776924,0.49535817937782195,0.49523579161827097,0.4953503354299682,0.49535768593488516,1.2956302697375577e-13,-7.843947724184286e-06
1616.5154515828413,0.4180991297965594,0.418099129796572,0.4180991297967484,0.4180040724695669,0.41809302677082044,0.4180987457438596,1.7641443861293737e-13,-6.1030257515470865e-06
1620.5872789168031,0.4060563490069835,0.4060563490070106,0.40605634900722254,0.4060054407225077,0.40605308628408393,0.40605614373715204,2.1194157540094238e-13,-3.26272292666685e-06
1624.659106250765,0.44167879430822926,0.44167879430826823,0.4416787943084774,0.4415873503105608,0.44167290969475625,0.4416784237052762,2.091660178393795e-13,-5.884613511975001e-06
1628.7309335847267,0.446089312035464,0.4460893120354995,0.44608931203567603,0.4458229503696876,0.4460721187978475,0.4460882287267462,1.765254609153999e-13,-1.719323765198011e-05
1632.8027609186886,0.3659854147327497,0.3659854147327729,0.36598541473288065,0.3656457170100479,0.36596346649293615,0.365984031698087,1.0774714453987144e-13,-2.1948239836755423e-05
1636.8745882526505,0.2684554110334475,0.26845541103346227,0.2684554110335113,0.26819929822920563,0.26843885921925964,0.2684543680367718,4.901634653720066e-14,-1.6551814202625525e-05
1640.9464155866121,0.1986371069309886,0.19863710693099687,0.19863710693101017,0.19847246899195387,0.19862646750943197,0.19863643651256113,1.329492071988625e-14,-1.063942156490083e-05
1645.018242920574,0.15442240896217724,0.15442240896218082,0.154422408962143,0.15431720637616822,0.1544156116117938,0.1544219806579965,-3.783084956410221e-14,-6.7973503870277785e-06
1649.090070254536,0.12622539689779963,0.1262253968978022,0.12622539689769458,0.1261556766822658,0.12622089308901893,0.1262251131226118,-1.0763612223740893e-13,-4.503808783279384e-06
1653.1618975884976,0.10751460027817183,0.10751460027817507,0.10751460027801378,0.10746638667923282,0.10751148646423564,0.10751440409247157,-1.6128764990241962e-13,-3.113813939428778e-06
1657.2337249224595,0.09455371343702508,0.0945537134370283,0.09455371343684515,0.09451905250993652,0.0945514754210317,0.09455357243766274,-1.8314516569972739e-13,-2.2380159965945667e-06
1661.3055522564214,0.08522448076914425,0.08522448076914615,0.08522448076896803,0.08519872007594284,0.08522281781556473,0.0852243760049704,-1.7812140651329855e-13,-1.6629535814216556e-06
1665.3773795903833,0.07828757280930165,0.07828757280930228,0.07828757280916575,0.07826788180563421,0.07828630197079998,0.07828749275191942,-1.3652967645327863e-13,-1.2708385022930369e-06
1669.449206924345,0.07298808835340995,0.07298808835340975,0.07298808835331949,0.07297267553305568,0.07298709385244502,0.07298802570726161,-9.026113190202523e-14,-9.945009647321923e-07
1673.5210342583068,0.06884766390738309,0.0688476639073825,0.06884766390732393,0.06883535358578718,0.06884686977331238,0.06884761388538735,-5.857814233678482e-14,-7.94134070128405e-07
1677.5928615922687,0.06555208715107483,0.06555208715107402,0.06555208715103951,0.06554208254948571,0.06555144190357474,0.065552046509412,-3.4514058278034554e-14,-6.452474992785229e-07
1681.6646889262304,0.06288832029718766,0.06288832029718683,0.0628883202971599,0.06288006590832838,0.06288778804890392,0.06288828677461653,-2.6922908347160046e-14,-5.322482829056563e-07
1685.7365162601923,0.060707875069543546,0.060707875069543726,0.06070787506950523,0.06070097381496243,0.060707430171167524,0.060707847049955695,-3.84969833788773e-14,-4.4489837620204087e-07
1689.8083435941542,0.05890474940258747,0.05890474940258894,0.05890474940253771,0.05889891111659776,0.0589043731131397,0.058904725705182466,-5.122985369254707e-14,-3.762894492387314e-07
1693.8801709281158,0.05740170098321657,0.057401700983218014,0.05740170098315674,0.05739670941661098,0.05740137933752113,0.057401680728121435,-6.127043317150083e-14,-3.2164569688242217e-07
1697.9519982620777,0.056141456335242854,0.05614145633524306,0.056141456335170016,0.05613714744988357,0.05614117874124105,0.056141438855125306,-7.304573612643139e-14,-2.7759400201415874e-07
1702.0238255960396,0.05508093384702007,0.05508093384701907,0.055080933846942404,0.05507718118943235,0.05508069214063642,0.05508091862753428,-7.666783874427097e-14,-2.4170638265180733e-07
1706.0956529300013,0.054187360623445195,0.054187360623444,0.05418736062336946,0.05418406525027856,0.054187148417645555,0.05418734726221481,-7.454453720967535e-14,-2.1220579844716259e-07
1710.1674802639632,0.05343561124079205,0.05343561124079118,0.05343561124071209,0.05343269463833838,0.05343542346813821,0.05343559941858502,-7.908951271673459e-14,-1.8777265296809897e-07
1714.239307597925,0.05280635479441406,0.05280635479441364,0.05280635479432166,0.052803753807684796,0.052806187379486835,0.0528063442545026,-9.198197759019422e-14,-1.6741492680355519e-07
1718.3111349318867,0.05228474979552926,0.05228474979552916,0.05228474979542671,0.05228241293013116,0.05228459941606462,0.05228474032863973,-1.0245276849119023e-13,-1.5037946454049544e-07
1722.3829622658486,0.05185951979500022,0.05185951979499998,0.05185951979489718,0.05185740447080316,0.05185938370453223,0.051859511228138866,-1.0279971318638559e-13,-1.3609046774915035e-07
1726.4547895998105,0.051522301027814944,0.05152230102781393,0.05152230102772293,0.05152037149994685,0.0515221769214445,0.051522293215811116,-9.10035935497433e-14,-1.2410636943127606e-07
1730.5266169337722,0.05126719101122008,0.05126719101121803,0.051267191011145324,0.05126541676173556,0.05126707692180625,0.05126718383018734,-7.270573032513994e-14,-1.140894117790392e-07
1734.598444267734,0.05109045213884219,0.05109045213883991,0.05109045213878389,0.05108880659946329,0.05109034635459957,0.0510904454809883,-5.602462938014696e-14,-1.0578424034651812e-07
1738.670271601696,0.05099034187470877,0.05099034187470703,0.05099034187466634,0.05098880137809677,0.05099024287158909,0.05099033564407596,-4.068967385251199e-14,-9.900311793986649e-08
1742.7420989356576,0.05096705432123617,0.05096705432123483,0.0509670543212059,0.05096559720178432,0.05096696070500119,0.05096704843005287,-2.8928248685389235e-14,-9.361623364012583e-08
1746.8139262696195,0.05102276887256074,0.05102276887255967,0.0510227688725331,0.05102137465148704,0.051022679326344175,0.0510227632379411,-2.6575963651964685e-14,-8.954621549817077e-08
1750.8857536035814,0.05116181204468668,0.051161812044684785,0.051161812044651055,0.051160460640255166,0.051161725278237626,0.05116180658543593,-3.372996326689304e-14,-8.676644715904791e-08
1754.957580937543,0.05139094996030099,0.05139094996029801,0.05139094996025887,0.05138962086295596,0.05139086465704458,0.05139094459358631,-3.9142300511940675e-14,-8.530325343314438e-08
1759.029408271505,0.051719843148960075,0.0517198431489565,0.051719843148921175,0.05171851449235115,0.05171975790644828,0.051719837786565394,-3.53259088647917e-14,-8.524250821873025e-08
1763.1012356054669,0.05216171472638065,0.052161714726376984,0.05216171472635032,0.052160362166534496,0.052161627984514854,0.05216170927019294,-2.666616927271548e-14,-8.674186213059043e-08
1767.1730629394285,0.052734311298720006,0.052734311298716134,0.05273431129869178,0.05273290658058745,0.05273422124801994,0.05273430563496145,-2.4355517602714372e-14,-9.005069619150152e-08
1771.2448902733904,0.05346127899414297,0.05346127899413833,0.05346127899410797,0.05345978802947522,0.05346118345280427,0.05346127298564328,-3.0357660829594124e-14,-9.554133405947907e-08
1775.3167176073523,0.05437414476101329,0.05437414476100784,0.05437414476097388,0.054372524949863395,0.054374041003637893,0.05437413823644587,-3.3958946765721976e-14,-1.0375736994583384e-07
1779.388544941314,0.055515202682855355,0.05551520268284986,0.05551520268282162,0.05551339905758278,0.05551508719393041,0.05551519542124309,-2.824129818890242e-14,-1.1548891944851425e-07
1783.4603722752759,0.056941787265007836,0.05694178726500133,0.056941787264983716,0.05693972677406024,0.05694165537348605,0.05694177897275421,-1.7610912728116546e-14,-1.3189151527870369e-07
1787.5321996092378,0.05873272693948462,0.05873272693947598,0.058732726939458135,0.058730309731258354,0.0587325722616121,0.05873271721535709,-1.784683512084939e-14,-1.546778638852886e-07
1791.6040269431994,0.060998318419391864,0.060998318419380235,0.06099831841935104,0.060995404165688556,0.06099813198444217,0.06099830669957555,-2.919192665373771e-14,-1.8643493806397293e-07
1795.6758542771613,0.06389615495624525,0.06389615495622922,0.06389615495618946,0.06389254073507292,0.06389592379265237,0.06389614042548133,-3.975986206938842e-14,-2.3116357684982436e-07
1799.7476816111232,0.06765699951428346,0.06765699951426209,0.06765699951422063,0.06765238286631155,0.06765670428789033,0.06765698095743448,-4.145295218194178e-14,-2.9522637175205535e-07
1803.8195089450849,0.07262848695201733,0.07262848695198929,0.07262848695194973,0.07262240199403283,0.07262809788168328,0.07262846249736055,-3.95516952522712e-14,-3.890703060005496e-07
1807.8913362790468,0.07935159672911955,0.07935159672908243,0.07935159672903694,0.07934329961238336,0.07935106626343136,0.07935156338806985,-4.549138843401579e-14,-5.304656510718431e-07
1811.9631636130086,0.08869936052915628,0.08869936052910442,0.08869936052905457,0.08868761692810508,0.08869860975865045,0.08869931334224875,-4.984901380566953e-14,-7.507704539722049e-07
1816.0349909469703,0.10213624170554124,0.10213624170546616,0.10213624170542691,0.10211892362452848,0.10213513458205802,0.1021361721220614,-3.9246383920499284e-14,-1.1071234081450054e-06
1820.1068182809322,0.12220663138194209,0.12220663138182909,0.1222066313818164,0.12217996827027909,0.12220492683642402,0.12220652425043196,-1.2698175844150228e-14,-1.7045454050734765e-06
1824.178645614894,0.1533845303995484,0.15338453039936809,0.1533845303993871,0.15334196868469532,0.15338180945470853,0.15338435938694828,1.9012569296705806e-14,-2.7209446595566344e-06
1828.2504729488558,0.20292732957428317,0.20292732957398874,0.2029273295740337,0.2028596575617761,0.20292300360594598,0.20292705768761274,4.496403249731884e-14,-4.325968042756534e-06
1832.3223002828177,0.27782939827990066,0.27782939827945224,0.27782939827951414,0.277736351428612,0.27782345233141925,0.27782902459862036,6.189493362285248e-14,-5.945948032992643e-06
1836.3941276167795,0.36713052759565584,0.36713052759515585,0.36713052759521636,0.36704995201714125,0.3671253859079194,0.3671302045521491,6.050715484207103e-14,-5.141687236476233e-06
1840.4659549507412,0.43841995427894365,0.43841995427873154,0.4384199542787651,0.438375481883968,0.4384171276810484,0.4384197768713753,3.3584246494910985e-14,-2.8265976831365336e-06
1844.537782284703,0.4803367084409621,0.48033670844120846,0.480336708441213,0.48032818742313527,0.48033617467816375,0.48033667504696365,4.551914400963142e-15,-5.337630447077579e-07
1848.609609618665,0.46135408512077103,0.4613540851212536,0.4613540851212544,0.46143430094199134,0.46135920486153303,0.46135440673877126,8.326672684688674e-16,5.119740279446727e-06
1852.6814369526267,0.37210862428243047,0.3721086242828701,0.37210862428287944,0.3722525752732041,0.3721178063626165,0.3721092010707424,9.325873406851315e-15,9.18207974637264e-06
1856.7532642865885,0.2694074513948779,0.2694074513951781,0.26940745139519606,0.2695309267320174,0.2694153259610614,0.26940794605336904,1.7985612998927536e-14,7.874565883303486e-06
1860.8250916205504,0.19486296692846783,0.19486296692865687,0.1948629669286806,0.1949439210283157,0.19486812945031387,0.19486329122433907,2.373101715136272e-14,5.162521656998376e-06
1864.896918954512,0.1478952744232927,0.1478952744234134,0.1478952744234364,0.14794598634691722,0.1478985083668688,0.1478954775709174,2.298161660974074e-14,3.2339434553885216e-06
1868.968746288474,0.11843771940288511,0.11843771940296476,0.11843771940298242,0.11847033402961626,0.11843979928453144,0.1184378500552045,1.7666423879347803e-14,2.0798815666828174e-06
1873.0405736224359,0.09929227471942363,0.09929227471947745,0.09929227471948812,0.09931414772092384,0.09929366959972163,0.09929236234159987,1.0672018824209317e-14,1.3948802441848818e-06
1877.1124009563976,0.08631504841802329,0.08631504841806084,0.08631504841806582,0.08633032904945186,0.08631602288937826,0.08631510963109508,4.98212582300539e-15,9.744713174164588e-07
1881.1842282903594,0.07717012134968348,0.07717012134971084,0.07717012134971322,0.07718118540285479,0.0771708269161151,0.07717016567077437,2.3869795029440866e-15,7.055664042604493e-07
1885.2560556243213,0.07050454896910563,0.07050454896912658,0.07050454896912738,0.07051280732118483,0.07050507560418788,0.0705045820501504,7.91033905045424e-16,5.266350612959103e-07
1889.327882958283,0.06550407056489618,0.06550407056491232,0.06550407056491327,0.06551039507344253,0.06550447386938175,0.06550409589861057,9.43689570931383e-16,4.0330446943181997e-07
1893.399710292245,0.06165934469184483,0.061659344691856945,0.06165934469186141,0.06166429473027131,0.06165966033917634,0.06165936451915656,4.468647674116255e-15,3.1564731939326407e-07
1897.4715376262068,0.058640235873840416,0.05864023587384985,0.058640235873856895,0.05864418266556881,0.0586404875387562,0.058640251681946254,7.042977312465837e-15,2.5166490634498384e-07
1901.5433649601684,0.056225856747843736,0.056225856747851695,0.05622585674785917,0.05622905413909879,0.05622606061955438,0.056225869553715606,7.473188734508085e-15,2.0387170268643118e-07
1905.6151922941303,0.054264202774750636,0.05426420277475753,0.054264202774766686,0.05426682899227031,0.05426437021988199,0.054264213292415195,9.152401059253634e-15,1.6744512445349136e-07
1909.6870196280922,0.05264804118064446,0.05264804118064986,0.052648041180662526,0.05265022430877514,0.0526481803679766,0.052648049923245344,1.2663481374630692e-14,1.3918732674061962e-07
1913.758846962054,0.05130004181957987,0.05130004181958379,0.051300041819599296,0.05130187582645426,0.05130015874209649,0.05130004916358226,1.5508427875232655e-14,1.1692251269956877e-07
1917.8306742960158,0.050163337781043905,0.05016333778104678,0.050163337781061614,0.05016489288212312,0.05016343691686307,0.05016334400775253,1.4835355166553654e-14,9.913581629217294e-08
1921.9025016299777,0.04919537398979555,0.04919537398979767,0.04919537398980959,0.04919670351871242,0.04919545874036061,0.049195379312880615,1.1921019726912618e-14,8.475056294254824e-08
1925.9743289639393,0.04836380264292956,0.0483638026429312,0.048363802642941274,0.04836494771035563,0.04836387563013383,0.04836380722709147,1.0075273948473296e-14,7.298720262893799e-08
1930.0461562979012,0.047643685293679544,0.047643685293681154,0.04764368529369235,0.047644678011247076,0.047643748565478164,0.04764368926756521,1.1199374760906267e-14,6.327179701004493e-08
1934.1179836318631,0.047015548364950116,0.047015548364952316,0.04701554836496682,0.04701641411772535,0.047015603540292494,0.04701555183025757,1.4502288259166107e-14,5.517534017868142e-08
1938.1898109658248,0.04646400780937605,0.04646400780937842,0.046464007809395955,0.04646476688477718,0.046464056182093136,0.046464010847379014,1.7534584895173566e-14,4.8372714715749776e-08
1942.2616382997867,0.04597678061314544,0.045976780613147604,0.04597678061316699,0.04597744938657299,0.045976823227568187,0.045976783289444746,1.9387269567516796e-14,4.261442058256515e-08
1946.3334656337486,0.0455439638461948,0.04554396384619672,0.04554396384621668,0.04554455565618584,0.04554400155297024,0.04554396621422492,1.9963197761541096e-14,3.770677352299412e-08
1950.4052929677102,0.04515750172633092,0.04515750172633276,0.04515750172635013,0.04515802752890723,0.045157535224155505,0.04515750382998122,1.7368051441479793e-14,3.349782274481017e-08
1954.4771203016721,0.04481078676008795,0.04481078676008997,0.04481078676010186,0.044811255623841036,0.04481081662728305,0.04481078863568635,1.189326415129699e-14,2.9867193079846643e-08
1958.548947635634,0.04449835779946688,0.04449835779946865,0.04449835779947523,0.044498777284266176,0.04449838451813185,0.044498359477296225,6.5780714209040525e-15,2.6718663198588288e-08
1962.6207749695957,0.04421566903574127,0.04421566903574226,0.04421566903574565,0.04421604548537406,0.0442156930104179,0.04421567054121237,3.3861802251067274e-15,2.39746756405812e-08
1966.6926023035576,0.04395891152153718,0.04395891152153725,0.04395891152154051,0.04395925029197871,0.04395893309376913,0.04395891287610389,3.2612801348363973e-15,2.1572231882760473e-08
1970.7644296375195,0.04372487401167704,0.04372487401167596,0.04372487401168056,0.04372517965071464,0.043724893471465284,0.04372487523355538,4.6004866582904924e-15,1.9459789321607524e-08
1974.8362569714814,0.04351083353258025,0.04351083353257877,0.04351083353258522,0.04351110992232048,0.043510851127473084,0.04351083463732045,6.446232436729815e-15,1.7594894312356057e-08
1978.908084305443,0.04331446864126078,0.04331446864125988,0.04331446864126928,0.04331471911205342,0.04331448458361884,0.043314469642202896,9.402201239794294e-15,1.5942358960741032e-08
1982.979911639405,0.043133790154487144,0.043133790154487074,0.04313379015449794,0.04313401757665317,0.04313380462733293,0.04313379106312772,1.086630785351872e-14,1.447284585925912e-08
1987.0517389733668,0.042967085440681146,0.042967085440681355,0.04296708544069002,0.0429672922988682,0.04296709860244082,0.04296708626697088,8.666678485980128e-15,1.3161759467028578e-08
1991.1235663073285,0.04281287332295256,0.04281287332295265,0.042812873322958,0.042813061776789924,0.042812885311325585,0.0428128740755404,5.349887199912473e-15,1.1988372933258162e-08
1995.1953936412904,0.04266986734476955,0.04266986734476961,0.04266986734477384,0.04267003927864082,0.04266987827990298,0.04266986803120232,4.232725281383409e-15,1.0935133368250582e-08
1999.2672209752523,0.042536945671692625,0.04253694567169259,0.042536945671697475,0.042537102735807304,0.04253695565880024,0.042536946298578876,4.884981308350689e-15,9.987107647824178e-09
2003.339048309214,0.042413126293382765,0.04241312629338267,0.042413126293389426,0.04241326993784966,0.042413135424918,0.042413126866529705,6.7584826624056404e-15,9.1315353334398e-09
2007.4108756431758,0.04229754648507292,0.04229754648507302,0.04229754648508247,0.04229767798830898,0.04229755484254094,0.04229754700960015,9.450773497121645e-15,8.357467919106742e-09
2011.4827029771377,0.042189445712056545,0.04218944571205699,0.0421894457120694,0.04218956620458509,0.042189453367531674,0.042189446192491285,1.2413681194090032e-14,7.655474684731267e-09
2015.5545303110994,0.04208815133265334,0.04208815133265435,0.04208815133267044,0.04208826181713075,0.04208815835005632,0.04208815177301059,1.6084356069256955e-14,7.017401965070391e-09
2019.6263576450613,0.04199306658774018,0.04199306658774178,0.04199306658776135,0.04199316795588044,0.041993073023917374,0.04199306699159051,1.9567680809018384e-14,6.436175592483551e-09
2023.6981849790232,0.04190366046792255,0.04190366046792473,0.04190366046794832,0.04190375351485849,0.04190366637356181,0.041903660838449694,2.3592239273284576e-14,5.905637083525317e-09
2027.7700123129848,0.04181945912990185,0.041819459129903785,0.04181945912993256,0.04181954456641853,0.041819464550312116,0.04181945946995075,2.8775593019503276e-14,5.42040833051427e-09
2031.8418396469467,0.041740038596850854,0.04174003859685205,0.041740038596884015,0.041740117059846,0.04174004357262993,0.04174003890897093,3.19674842153006e-14,4.975777880000809e-09
2035.9136669809086,0.041665018527623665,0.041665018527624685,0.041665018527655896,0.04166509058908347,0.04166502309523177,0.0416650188141055,3.1211144779774713e-14,4.567607084227099e-09
2039.9854943148703,0.04159405687937135,0.04159405687937235,0.04159405687939978,0.04159412305409478,0.041594061071621814,0.041594057142275945,2.7429447602145274e-14,4.192249464241016e-09
2044.0573216488322,0.041526845319879074,0.041526845319879685,0.04152684531990119,0.04152690607215098,0.041526849166364226,0.04152684556106478,2.15036322082085e-14,3.846484540603878e-09
2048.129148982794,0.04146310527144763,0.04146310527144807,0.04146310527146241,0.04146316102082062,0.04146310879890822,0.04146310549259402,1.4335754805472334e-14,3.5274601503654246e-09
2052.2009763167557,0.04140258448870281,0.04140258448870262,0.041402584488711806,0.041402635615018925,0.04140258772134725,0.04140258469133,9.18709552877317e-15,3.23264463114592e-09
2056.2728036507174,0.04134505408937065,0.04134505408937026,0.04134505408937769,0.04134510093713962,0.041345057049155524,0.04134505427485794,7.431555371084642e-15,2.9597852641005673e-09
2060.3446309846795,0.04129030597063529,0.04129030597063507,0.041290305970643315,0.0412903488528576,0.04129030867750822,0.041290306140235856,8.243405957841787e-15,2.7068731492385645e-09
2064.416458318641,0.04123815055476235,0.04123815055476194,0.04123815055477193,0.04123818975627805,0.0412381530268751,0.04123815070961582,9.992007221626409e-15,2.4721131600125013e-09
2068.488285652603,0.04118841481677288,0.041188414816772115,0.04118841481678289,0.04118845059720426,0.04118841707066965,0.041188414957918175,1.0776102232767926e-14,2.2538975338881606e-09
2072.560112986565,0.04114094055444584,0.04114094055444549,0.04114094055445528,0.041140973150787165,0.041140942605229075,0.04114094068283213,9.7907792984131e-15,2.0507835846172995e-09
2076.6319403205266,0.041095582867115045,0.041095582867115704,0.041095582867122095,0.041095612496016516,0.04109558472859021,0.04109558298360995,6.390721285498557e-15,1.8614745092571106e-09
2080.7037676544883,0.04105220881486247,0.04105220881486395,0.04105220881486771,0.04105223567464913,0.04105221049966601,0.041052208920259285,3.760880495917718e-15,1.6848020617521442e-09
2084.7755949884504,0.04101069623399093,0.04101069623399171,0.041010696233995676,0.04101072050645301,0.04101069775370415,0.041010696329015564,3.969047313034935e-15,1.5197124461630018e-09
2088.847422322412,0.04097093268823031,0.040970932688229655,0.040970932688233874,0.040970954540214446,0.04097093405348252,0.0409709327735497,4.218847493575595e-15,1.3652528621510562e-09
2092.9192496563737,0.040932814538130496,0.040932814538129234,0.04093281453813155,0.040932834122955335,0.0409328157586902,0.040932814614358805,2.3175905639050143e-15,1.2205609647986115e-09
2096.991076990336,0.04089624611360602,0.0408962461136044,0.040896246113605185,0.040896263572320526,0.04089624719845901,0.04089624618130774,7.840950111415168e-16,1.0848546089237132e-09
2101.0629043242975,0.040861138976710155,0.04086113897670908,0.04086113897671047,0.04086115443922143,0.040861139934132755,0.04086113903640593,1.3877787807814457e-15,9.574236750631293e-10
2105.134731658259,0.04082741126353245,0.040827411263533266,0.0408274112635365,0.040827424849612645,0.04082741210115517,0.04082741131570272,3.2335245592207684e-15,8.376219023942255e-10
2109.2065589922213,0.04079498709561625,0.040794987095617616,0.040794987095621876,0.040794998915802856,0.04079498782047859,0.04079498714070177,4.260480856999038e-15,7.248609767973591e-10
2113.278386326183,0.04076379605258355,0.040763796052583935,0.04076379605258808,0.04076380620899217,0.040763796671188006,0.04076379609099132,4.142519660632615e-15,6.186040707456542e-10
2117.350213660145,0.04073377269877649,0.04073377269877682,0.04073377269877869,0.04073378128583273,0.04073377321713771,0.04073377273088499,1.8665624601510444e-15,5.183608889347546e-10
2121.4220409941067,0.04070485615765638,0.04070485615765742,0.04070485615765633,0.04070486326274966,0.04070485658134028,0.040704856183815835,-1.0894063429134349e-15,4.236828596293485e-10
2125.4938683280684,0.04067698972849287,0.04067698972849336,0.04067698972849232,0.0406769954325667,0.04067699006265271,0.04067698974902567,-1.0408340855860843e-15,3.341593529659903e-10
2129.5656956620305,0.04065012054058527,0.04065012054058538,0.0406501205405864,0.04065012491867563,0.04065012078999915,0.0406501205557916,1.0200174038743626e-15,2.4941376741693944e-10
2133.637522995992,0.0406241992408642,0.04062419924086422,0.04062419924086561,0.04062420236258216,0.040624199409964534,0.04062419925102263,1.394717674685353e-15,1.6910031708228246e-10
2137.709350329954,0.04059917971120817,0.040599179711208105,0.04059917971120894,0.04059918164117744,0.04059917980410918,0.04059917971657711,8.326672684688674e-16,9.290107572113016e-11
2141.781177663916,0.04057501881227405,0.040575018812273635,0.040575018812273725,0.04057501961052887,0.040575018832797245,0.04057501881309311,9.020562075079397e-17,2.052361058879626e-11
2145.8530049978776,0.04055167615102137,0.04055167615102025,0.040551676151019435,0.040551675873367436,0.04055167610271868,0.04055167614751328,-8.118505867571457e-16,-4.8301564137265274e-11
2149.9248323318393,0.04052911386944249,0.04052911386944071,0.04052911386943957,0.04052911256778601,0.0405291137556177,0.040529113861814646,-1.1449174941446927e-15,-1.1382301351448021e-10
2153.9966596658014,0.040507296452304484,0.040507296452302596,0.04050729645230152,0.04050729417495077,0.040507296276032285,0.0405072964407505,-1.0755285551056204e-15,-1.7627031084765932e-10
2158.068486999763,0.04048619055195953,0.040486190551957665,0.04048619055195635,0.0404861873438848,0.040486190316102025,0.040486190536659174,-1.3183898417423734e-15,-2.358556405734902e-10
2162.1403143337247,0.04046576482850006,0.04046576482849871,0.0404657648284975,0.04046576073160065,0.04046576453572343,0.040465764809621205,-1.2073675392798577e-15,-2.927752762449387e-10
2166.212141667687,0.04044598980373674,0.04044598980373613,0.0404459898037346,0.04044598485705555,0.04044598945652511,0.040445989781435564,-1.5265566588595902e-15,-3.472110168822873e-10
2170.2839690016485,0.04042683772763638,0.04042683772763657,0.04042683772763306,0.0404268319675706,0.04042683732830496,0.04042683770205822,-3.5110803153770576e-15,-3.99331609446385e-10
2174.35579633561,0.0404082824560134,0.04040828245601395,0.040408282456005605,0.04040827591650453,0.040408282006720454,0.0404082824272934,-8.347489366400396e-15,-4.492934982391894e-10
2178.4276236695723,0.04039029933839626,0.04039029933839661,0.04039029933838098,0.04039029205110425,0.040390298841154616,0.040390299306660174,-1.5626389071599078e-14,-4.972419906379422e-10
2182.499451003534,0.040372865115105225,0.0403728651151059,0.04037286511508373,0.040372857109569824,0.04037286457179348,0.04037286508047145,-2.2169766022983595e-14,-5.433124158904512e-10
2186.5712783374956,0.04035595782268548,0.040355957822686944,0.04035595782266126,0.0403559491264716,0.04035595723505636,0.04035595778526452,-2.5680846338360652e-14,-5.876305830820883e-10
2190.6431056714578,0.04033955670691927,0.04033955670692,0.0403395567068926,0.040339547345749766,0.040339556076606116,0.04033955666681216,-2.7401692026529645e-14,-6.303138844199196e-10
2194.7149330054194,0.040323642142720564,0.04032364214272086,0.04032364214269276,0.04032363214060424,0.04032364147124935,0.040323642100023406,-2.8102520310824275e-14,-6.714715103384172e-10
2198.786760339381,0.04030819556030963,0.04030819556031031,0.040308195560283484,0.040308184939653983,0.040308194849104556,0.040308195515112534,-2.6825763832505345e-14,-7.112057540115124e-10
2202.858587673343,0.04029319937709285,0.040293199377093455,0.04029319937706972,0.04029318815880715,0.040293198627481486,0.04029319932947868,-2.3737956045266628e-14,-7.496119697192327e-10
2206.930415007305,0.040278636934746155,0.04027863693474688,0.04027863693472704,0.040278625138340664,0.04027863614796744,0.040278636884792836,-1.9838297671270766e-14,-7.867794332705458e-10
2211.0022423412665,0.040264492441060167,0.040264492441060784,0.040264492441043895,0.0402644800847342,0.04026449161826918,0.04026449238883996,-1.6889267762110194e-14,-8.227916056813278e-10
2215.0740696752287,0.04025075091612525,0.04025075091612686,0.04025075091611052,0.040250738016851605,0.04025075005840008,0.040250750861706784,-1.6334156249797616e-14,-8.577267784914966e-10
2219.1458970091903,0.04023739814250071,0.04023739814250278,0.040237398142487724,0.040237384716098896,0.04023739725084423,0.04023739808594642,-1.5057399771478686e-14,-8.916585525486909e-10
2223.217724343152,0.04022442061901716,0.04022442061901869,0.04022442061900757,0.040224406680225235,0.040224419694363016,0.040224420560384666,-1.111610803405938e-14,-9.246556714748166e-10
2227.289551677114,0.04021180551792297,0.04021180551792367,0.040211805517917296,0.040211791080463764,0.04021180456114066,0.040211805457266485,-6.376843497690743e-15,-9.567830139278755e-10
2231.3613790110758,0.04019954064509737,0.04019954064509686,0.04019954064509394,0.04019952572173831,0.040199539656995464,0.040199540582467365,-2.914335439641036e-15,-9.881013923740412e-10
2235.4332063450374,0.040187614403076374,0.04018761440307551,0.04018761440307431,0.040187599005686324,0.040187613384407066,0.0401876143385207,-1.2004286453759505e-15,-1.0186684412660796e-09
2239.5050336789996,0.040176015756672026,0.040176015756671346,0.040176015756670715,0.04017599989627202,0.04017601470813336,0.040176015690235024,-6.314393452555578e-16,-1.0485379856040034e-09
2243.576861012961,0.04016473420097287,0.04016473420097229,0.04016473420097158,0.04016471788778355,0.04016473312321114,0.04016473413269496,-7.077671781985373e-16,-1.0777611511580965e-09
2247.648688346923,0.0401537597315397,0.04015375973153948,0.04015375973153933,0.04015374297502697,0.04015375862515345,0.04015375966145867,-1.457167719820518e-16,-1.1063860314020069e-09
2251.720515680885,0.04014308281663035,0.040143082816630656,0.04014308281663215,0.04014306562554595,0.04014308168217226,0.04014308274478093,1.4918621893400541e-15,-1.1344583952799248e-09
2255.7923430148467,0.04013269437129259,0.04013269437129235,0.04013269437129582,0.040132676753711995,0.04013269320927131,0.040132694297705704,3.469446951953614e-15,-1.1620210349505555e-09
2259.8641703488083,0.04012258573318072,0.040122585733180706,0.040122585733186174,0.04012256769654105,0.040122584544065636,0.040122585657886414,5.467848396278896e-15,-1.1891150702991737e-09
2263.9359976827704,0.040112748639978275,0.04011274863997832,0.040112748639985533,0.04011273019110926,0.04011274742419939,0.04011274856300348,7.216449660063518e-15,-1.2157789289202192e-09
2268.007825016732,0.040103175208290556,0.04010317520829087,0.040103175208297516,0.040103156353445905,0.04010317396624107,0.04010317512965991,6.647460359943125e-15,-1.242049796346123e-09
2272.079652350694,0.04009385791391161,0.04009385791391149,0.04009385791391562,0.04009383865879693,0.04009385664594922,0.04009385783364689,4.128641872824801e-15,-1.26796226990189e-09
2276.151479684656,0.040084789573357135,0.04008478957335651,0.040084789573357184,0.040084769923157466,0.04008478827980673,0.040084789491478624,6.730727086790012e-16,-1.2935497811783492e-09
2280.2233070186176,0.04007596332657808,0.0400759633265779,0.0400759633265748,0.040075943285983184,0.0400759620077339,0.04007596324310497,-3.101685575046531e-15,-1.318844006226172e-09
2284.295134352579,0.04006737262077016,0.040067372620770245,0.0400673726207659,0.04006735219399514,0.040067371276894886,0.04006737253571887,-4.343747583845925e-15,-1.343875358217339e-09
2288.3669616865413,0.04005901119519465,0.040059011195194415,0.040059011195192465,0.040058990386001976,0.040059009826521934,0.04005901110857903,-1.949829186997931e-15,-1.3686724809058859e-09
2292.438789020503,0.04005087306694771,0.040050873066947136,0.040050873066948656,0.04005085187866769,0.04005087167368386,0.04005087297878064,1.519617764955683e-15,-1.3932632755842e-09
2296.5106163544647,0.040042952517611155,0.04004295251761066,0.040042952517612876,0.040042930953160576,0.0400429510999366,0.04004295242790433,2.213507155346406e-15,-1.417674061476859e-09
2300.582443688427,0.04003524408072336,0.04003524408072347,0.04003524408072161,0.04003522214262154,0.040035242638793156,0.04003524398948686,-1.8596235662471372e-15,-1.4419303112633841e-09
2304.6542710223885,0.040027742530015044,0.04002774253001527,0.0400277425300058,0.040027720220399035,0.04002774106395885,0.04002774243725647,-9.471590178833367e-15,-1.4660564220947414e-09
2308.72609835635,0.04002044286835658,0.04002044286835653,0.04002044286833895,0.04002042018899644,0.04002044137828064,0.04002044277408216,-1.757621825859701e-14,-1.4900758890656896e-09
2312.7979256903122,0.04001334031737436,0.04001334031737416,0.04001334031735117,0.040013317269687314,0.04001333880336289,0.040013340221589394,-2.2995494397548555e-14,-1.5140112705203101e-09
2316.869753024274,0.04000643030769186,0.0400064303076915,0.04000643030766727,0.04000640689275392,0.04000642876980686,0.040006430210400096,-2.423061751244404e-14,-1.5378846390801115e-09
2320.9415803582356,0.03999970846975057,0.03999970846975009,0.03999970846972775,0.03999968468830855,0.03999970690803341,0.03999970837095462,-2.2336299476677368e-14,-1.5617166795878212e-09
2325.0134076921977,0.03999317062517958,0.039993170625179195,0.03999317062516141,0.03999314647766148,0.03999316903965104,0.039993170524880856,-1.7784385075714226e-14,-1.5855281532139998e-09
2329.0852350261594,0.039986812778675634,0.03998681277867536,0.03998681277866383,0.03998678826520039,0.03998681116933656,0.039986812676874116,-1.1525502774389906e-14,-1.6093387941729098e-09
2333.157062360121,0.0399806311103633,0.039980631110363526,0.03998063111035591,0.03998060623074987,0.039980629477195696,0.03998063100705802,-7.618905506490137e-15,-1.6331678301395591e-09
2337.228889694083,0.03997462196860667,0.03997462196860731,0.03997462196860168,0.03997459672238205,0.0399746203115733,0.03997462186379514,-5.627442956068762e-15,-1.657034010005276e-09
2341.300717028045,0.03996878186324337,0.03996878186324394,0.03996878186323972,0.03996875624964952,0.039968780182288485,0.03996878175692154,-4.225786387479502e-15,-1.6809554581609376e-09
2345.3725443620065,0.03996310745921617,0.03996310745921649,0.03996310745921197,0.03996308147721805,0.03996310575426644,0.03996310735137915,-4.517219931443606e-15,-1.7049500491972402e-09
2349.4443716959686,0.03995759557058197,0.039957595570581886,0.03995759557057546,0.039957569218872974,0.03995759384154655,0.03995759546122379,-6.4254157550180935e-15,-1.7290353385157609e-09
2353.5161990299302,0.03995224315487151,0.03995224315487112,0.03995224315486168,0.039952216431879684,0.03995224140164287,0.03995224304398537,-9.443834603217738e-15,-1.753228250078731e-09
2357.588026363892,0.03994704730778393,0.03994704730778375,0.03994704730777053,0.03994702021167661,0.039947045530238055,0.03994704719536238,-1.321859288694327e-14,-1.7775456939705947e-09
2361.659853697854,0.03994200525819574,0.039942005258196,0.039942005258181645,0.03994197778688389,0.039942003456192,0.039942005144230144,-1.4356571487184056e-14,-1.8020040043476016e-09
2365.7316810318157,0.03993711436346714,0.039937114363467585,0.03993711436345476,0.03993708651460832,0.03993711253684809,0.039937114247947124,-1.2823075934420558e-14,-1.8266194945493197e-09
2369.8035083657774,0.03993237210502847,0.03993237210502828,0.03993237210501718,0.03993234387603078,0.03993237025362001,0.039932371987942264,-1.1095291352347658e-14,-1.8514082697485001e-09
2373.8753356997395,0.03992777608423432,0.039927776084232876,0.03992777608422318,0.03992774747225957,0.03992777420784684,0.03992777596556934,-9.693634783758398e-15,-1.8763860326620474e-09
2377.947163033701,0.03992332401846978,0.03992332401846802,0.03992332401845919,0.0399232950204373,0.039923322116899404,0.03992332389821395,-8.833211939673902e-15,-1.90156861784585e-09
2382.018990367663,0.03991901373750008,0.039919013737499384,0.03991901373749059,0.03991898435008764,0.039919011810527656,0.03991901361564076,-8.791578576250458e-15,-1.926971728016813e-09
2386.090817701625,0.03991484318004742,0.0399148431800477,0.03991484318004004,0.039914813399690746,0.03991484122743708,0.03991484305656962,-7.66053886991358e-15,-1.9526106148637368e-09
2390.1626450355866,0.03991081039058169,0.039910810390582425,0.039910810390578276,0.03991078021347633,0.03991080841208155,0.03991081026546897,-4.1494585545365226e-15,-1.9785008770201173e-09
2394.2344723695483,0.039906913516320884,0.03990691351632256,0.0399069135163228,0.03990688293842465,0.03990691151166469,0.03990691338955681,2.3592239273284576e-16,-2.004657870258164e-09
2398.3062997035104,0.03990315080443425,0.03990315080443637,0.0399031508044393,0.039903119821464786,0.03990314877333923,0.039903150676000435,2.9282132274488504e-15,-2.031097137700222e-09
2402.378127037472,0.03989952059942865,0.03989952059943009,0.039899520599435155,0.0398994892068643,0.039899518541596186,0.039899520469305234,5.065392549852277e-15,-2.0578339032795157e-09
2406.4499543714337,0.03989602134071898,0.03989602134071949,0.03989602134072593,0.039895989533798956,0.03989601925583565,0.039896021208885774,6.439293542825908e-15,-2.0848838419573745e-09
2410.521781705396,0.03989265156037519,0.03989265156037523,0.03989265156038194,0.03989261933409884,0.03989264944811291,0.0398926514268119,6.716849298982197e-15,-2.1122623164449017e-09
2414.5936090393575,0.03988940988103648,0.03988940988103704,0.039889409881044745,0.03988937723016143,0.03988940774105182,0.03988940974572233,7.702172233337023e-15,-2.139985223748031e-09
2418.665436373319,0.03988629501398764,0.039886295013989145,0.03988629501399919,0.03988626193302697,0.03988629284592107,0.03988629487690027,1.0047518372857667e-14,-2.1680680722946377e-09
2422.7372637072813,0.039883305757391053,0.03988330575739304,0.03988330575740455,0.03988327224061061,0.03988330356086603,0.03988330561850619,1.1511624986582092e-14,-2.196527008890836e-09
2426.809091041243,0.03988044099466873,0.03988044099467094,0.0398804409946806,0.03988040703608589,0.039880438769293064,0.03988044085396141,9.658940314238862e-15,-2.225377875031409e-09
2430.8809183752046,0.03987769969303574,0.03987769969303742,0.03987769969304233,0.039877665286415204,0.039877697438400105,0.03987769955047926,4.9057979900624105e-15,-2.2546373171228318e-09
2434.9527457091667,0.03987508090217229,0.03987508090217262,0.039875080902172594,0.039875046041023675,0.039875078617851105,0.03987508075773914,-2.7755575615628914e-17,-2.2843215166656883e-09
2439.0245730431284,0.039872583753037,0.039872583753036886,0.0398725837530342,0.03987254843061234,0.039872581438589384,0.039872583606700054,-2.6853519408120974e-15,-2.3144475017056187e-09
2443.09640037709,0.03987020745681974,0.039870207456819955,0.03987020745681697,0.03987017166610774,0.03987020511178784,0.03987020730855083,-2.9837243786801082e-15,-2.345032112938128e-09
2447.168227711052,0.039867951304024825,0.03986795130402545,0.039867951304022486,0.039867915037745394,0.03986794892793257,0.039867951153793886,-2.9629076969683865e-15,-2.376092878009217e-09
2451.240055045014,0.039865814663685294,0.03986581466368596,0.03986581466368318,0.03986577791428496,0.03986581225603858,0.03986581451146079,-2.7824964554667986e-15,-2.407647380076039e-09
2455.3118823789755,0.03986379698270769,0.0398637969827082,0.039863796982705944,0.03986375974235461,0.03986379454299456,0.03986379682845703,-2.2551405187698492e-15,-2.4397136394460617e-09
2459.3837097129376,0.039861897785346795,0.03986189778534655,0.039861897785344796,0.039861860045924354,0.039861895313036425,0.03986189762903593,-1.7555401576885288e-15,-2.4723101274548576e-09
2463.4555370468993,0.03986011667280489,0.03986011667280357,0.039860116672804924,0.03986007842590576,0.03986011416734779,0.03986011651439878,1.3530843112619095e-15,-2.5054557803438904e-09
2467.527364380861,0.03985845332295944,0.03985845332295704,0.03985845332296452,0.039858414559879214,0.039858450783787296,0.03985845316242223,7.480127628411992e-15,-2.539169742521441e-09
2471.599191714823,0.03985690749021628,0.03985690749021377,0.03985690749022664,0.039856868201946484,0.039856904916741945,0.03985690732751176,1.2871648191747909e-14,-2.573471824529605e-09
2475.6710190487847,0.03985547900549127,0.03985547900548957,0.039855479005504874,0.03985543918271072,0.03985547639710729,0.039855478840581944,1.530026105811544e-14,-2.608382280999688e-09
2479.7428463827464,0.03985416777631625,0.03985416777631616,0.03985416777633271,0.03985412740938239,0.03985416513239416,0.03985416760916317,1.654926196081874e-14,-2.643921998002341e-09
2483.8146737167085,0.03985297378707542,0.03985297378707636,0.039852973787092696,0.03985293286601458,0.039852971106963994,0.03985297361763692,1.6334156249797616e-14,-2.6801123681474692e-09
2487.88650105067,0.03985189709936774,0.03985189709936835,0.03985189709938251,0.03985185561386607,0.03985189438239302,0.039851896927599946,1.4162282457874653e-14,-2.716975332217597e-09
2491.958328384632,0.03985093785250158,0.03985093785250108,0.03985093785251192,0.039850895791896705,0.039850935097967506,0.039850937678359795,1.083855227790309e-14,-2.7545335734568965e-09
2496.030155718594,0.03985009626412447,0.039850096264123246,0.03985009626413003,0.03985005361739515,0.039850093471312825,0.039850096087563694,6.786238238021269e-15,-2.7928104204266724e-09
2500.1019830525556,0.03984937263098887,0.03984937263098761,0.039849372630990476,0.03984932938674344,0.03984936979915766,0.03984937245196293,2.8657631823136853e-15,-2.8318299510887712e-09
2504.1738103865173,0.03984876732985614,0.03984876732985523,0.03984876732985614,0.0398487234763196,0.03984876445823826,0.03984876714831693,9.159339953157541e-16,-2.8716169650500056e-09
2508.2456377204794,0.03984828081854224,0.03984828081854149,0.03984828081854212,0.039848236343543786,0.03984827790634432,0.039848280634439466,6.314393452555578e-16,-2.9121971709122896e-09
2512.317465054441,0.039847913637110495,0.03984791363710928,0.03984791363710832,0.03984786852807026,0.03984791068351227,0.03984791345039183,-9.575673587391975e-16,-2.953597012800291e-09
2516.3892923884027,0.03984766640921501,0.03984766640921371,0.03984766640920924,0.039847620653131535,0.03984766341336964,0.039847666219827264,-4.468647674116255e-15,-2.9958440658783836e-09
2520.461119722365,0.039847539843603556,0.039847539843602675,0.03984753984359671,0.039847493427038354,0.03984753680463621,0.03984753965149198,-5.9674487573602164e-15,-3.038966467361348e-09
2524.5329470563265,0.03984753473578055,0.039847534735780635,0.0398475347357768,0.039847487644842104,0.03984753165278684,0.03984753454088855,-3.837208328860697e-15,-3.082993797753897e-09
2528.604774390288,0.03984765196983941,0.03984765196984006,0.03984765196983925,0.039847604190165996,0.03984764884188363,0.0398476517721076,-8.118505867571457e-16,-3.127956428594647e-09
2532.6766017242503,0.03984789252046895,0.0398478925204694,0.0398478925204695,0.03984784403721156,0.03984788934658347,0.03984789231983547,9.71445146547012e-17,-3.1738859318508617e-09
2536.748429058212,0.0398482574551434,0.03984825745514397,0.039848257455143934,0.03984820825294895,0.039848254234328716,0.03984825725154548,-3.469446951953614e-17,-3.2208152533907963e-09
2540.8202563921736,0.03984874793650824,0.03984874793650892,0.03984874793650978,0.03984869799949898,0.03984874466773072,0.03984874772988058,8.604228440844963e-16,-3.268778199505551e-09
2544.8920837261358,0.03984936522496296,0.039849365224963844,0.0398493652249663,0.039849314536715856,0.03984936190715354,0.03984936501523827,2.456368441983159e-15,-3.3178103042708074e-09
2548.9639110600974,0.03985011068145742,0.039850110681458224,0.03985011068146254,0.039850059224982415,0.039850107313509915,0.03985011046856546,4.315992008230296e-15,-3.367948309129787e-09
2553.035738394059,0.03985098577050942,0.03985098577050986,0.039850985770516614,0.039850933528227,0.03985098235127937,0.03985098555437771,6.751543768501733e-15,-3.419230495960157e-09
2557.107565728021,0.03985199206345766,0.03985199206345817,0.03985199206346696,0.039851939017175,0.039851988591761506,0.03985199184401188,8.784639682346551e-15,-3.471696666257351e-09
2561.179393061983,0.03985313124196459,0.0398531312419653,0.039853131241974975,0.039853077372849134,0.039853127716576904,0.039853131019127484,9.672818102046676e-15,-3.525388397873641e-09
2565.2512203959445,0.03985440510177895,0.0398544051017792,0.03985440510178801,0.03985435039033115,0.039854401521430514,0.03985440487546997,8.81239525796218e-15,-3.5803486841956556e-09
2569.3230477299066,0.03985581555677654,0.03985581555677639,0.039855815556782685,0.039855759982802434,0.03985581192015336,0.03985581532691259,6.293576770843856e-15,-3.6366230304896163e-09
2573.3948750638683,0.03985736464329837,0.03985736464329824,0.039857364643301835,0.03985730818587882,0.03985736094904001,0.0398573644097941,3.594347042223944e-15,-3.6942582326560114e-09
2577.46670239783,0.039859054524802144,0.039859054524802526,0.039859054524803164,0.03985899716226083,0.0398590507714989,0.03985905428756893,6.38378239159465e-16,-3.7533036262304975e-09
2581.538529731792,0.03986088749684772,0.03986088749684904,0.03986088749684628,0.0398608292067166,0.03986088368303861,0.03986088725579381,-2.761679773755077e-15,-3.8138104271889794e-09
2585.6103570657538,0.039862865992439975,0.03986286599244177,0.039862865992435756,0.03986280675142291,0.03986286211660934,0.039862865747469285,-6.016021014687567e-15,-3.875832432775894e-09
2589.6821843997154,0.03986499258775113,0.03986499258775232,0.03986499258774492,0.039864932371685535,0.03986498864832659,0.039864992338763415,-7.403799795469013e-15,-3.939425730070667e-09
2593.7540117336775,0.039867270008250175,0.039867270008250626,0.03986727000824312,0.03986720879206806,0.039867266003601236,0.03986726975514233,-7.507883204027621e-15,-4.004649389877102e-09
2597.825839067639,0.0398697011352713,0.03986970113527121,0.039869701135263794,0.039869638892956125,0.03986969706370656,0.03986970087793696,-7.417677583276827e-15,-4.071564647933901e-09
2601.897666401601,0.039872289013049685,0.03987228901304932,0.039872289013042385,0.039872225717589374,0.03987228487281292,0.03987228875137803,-6.931955010003321e-15,-4.140236396776853e-09
2605.969493735563,0.03987503685625855,0.03987503685625689,0.03987503685625229,0.0398749724795967,0.03987503264552477,0.03987503659013356,-4.6004866582904924e-15,-4.210732117149174e-09
2610.0413210695247,0.03987794805808457,0.039877948058081716,0.039877948058081106,0.0398778825710699,0.039877943774958485,0.039877947787386694,-6.106226635438361e-16,-4.283123231085817e-09
2614.1131484034863,0.039881026198888926,0.03988102619888597,0.03988102619888858,0.03988095957122106,0.039881021841401854,0.039881025923495024,2.609024107869118e-15,-4.3574841165905376e-09
2618.1849757374484,0.039884275055496396,0.03988427505549468,0.03988427505549729,0.039884207255665625,0.0398842706216012,0.03988427477527839,2.609024107869118e-15,-4.433893481536888e-09
2622.25680307141,0.03988769861115996,0.039887698611159685,0.03988769861116141,0.03988762960638381,0.039887694098726015,0.03988769832598372,1.7277845820728999e-15,-4.512433669778826e-09
2626.3286304053718,0.03989130106625753,0.03989130106625832,0.039891301066259315,0.03989123082241408,0.03989129647306659,0.039891300775982644,9.922618282587337e-16,-4.593191729740376e-09
2630.400457739334,0.0398950868497832,0.03989508684978385,0.039895086849784336,0.03989501533133966,0.039895082173524776,0.03989508655426278,4.85722573273506e-16,-4.6762590744098276e-09
2634.4722850732956,0.03989906063169822,0.039899060631698194,0.039899060631698735,0.03989898780163593,0.03989905586996591,0.03989906033077991,5.412337245047638e-16,-4.76173228625143e-09
2638.544112407257,0.03990322733621785,0.0399032273362179,0.03990322733621705,0.039903153155951075,0.039903222486504845,0.03990322702974409,-8.534839501805891e-16,-4.849713054755345e-09
2642.6159397412193,0.039907592156116896,0.039907592156117735,0.0399075921561128,0.039907516585404305,0.039907587215808706,0.039907591843923396,-4.933553565678039e-15,-4.940309029921597e-09
2646.687767075181,0.039912160568140335,0.039912160568141564,0.03991216056812998,0.039912083564989445,0.039912155534508,0.039912160250054556,-1.1581013925621164e-14,-5.033633565521001e-09
2650.7595944091427,0.03991693834962195,0.039916938349622615,0.0399169383496049,0.03991685987018909,0.03991693321981568,0.039916938025463145,-1.7714996136675154e-14,-5.129806933401593e-09
2654.831421743105,0.03992193159642459,0.03992193159642437,0.039921931596405086,0.03992185159490753,0.0399219263674681,0.03992193126600469,-1.9283186158958188e-14,-5.22895626797748e-09
2658.9032490770664,0.03992714674232942,0.03992714674232898,0.03992714674231108,0.03992706517085075,0.03992714141111258,0.03992714640545288,-1.790234627208065e-14,-5.33121639889611e-09
2662.975076411028,0.03993259058001295,0.03993259058001305,0.03993259057999625,0.039932507388493264,0.03993258514328292,0.03993259023647511,-1.67990621413594e-14,-5.436730128594025e-09
2667.0469037449902,0.039938270283767306,0.03993827028376762,0.03993827028375225,0.03993818541978828,0.03993826473811838,0.0399382699333531,-1.536964999715451e-14,-5.545649238436479e-09
2671.118731078952,0.039944193434141094,0.039944193434140615,0.03994419343412824,0.039944106842798546,0.03994418777600541,0.03994419307662434,-1.2372047830666588e-14,-5.658135203423509e-09
2675.1905584129136,0.039950368044700264,0.03995036804469895,0.03995036804468993,0.039950279668446685,0.03995036227033932,0.03995036767984507,-9.020562075079397e-15,-5.774359636279147e-09
2679.2623857468757,0.03995680259113756,0.0399568025911367,0.039956802591127875,0.039956712369609765,0.03995679669663131,0.0399568022186978,-8.826273045769994e-15,-5.894505390735549e-09
2683.3342130808373,0.03996350604298349,0.03996350604298313,0.039963506042971525,0.039963413912812225,0.03996350002421556,0.039963505662699406,-1.1601830607332886e-14,-6.0187675676726116e-09
2687.406040414799,0.03997048789820117,0.03997048789820054,0.039970487898186545,0.0399703937928073,0.039970481750846186,0.039970487509799195,-1.399574900418088e-14,-6.147354354724133e-09
2691.477867748761,0.03997775822100265,0.03997775822100151,0.039977758220987286,0.039977662070375175,0.03997775194051273,0.039977757824195645,-1.4224732503009818e-14,-6.280488781817972e-09
2695.549695082723,0.03998532768326426,0.03998532768326274,0.0399853276832503,0.039985229413716565,0.0399853212648532,0.0399853272777504,-1.244143676970566e-14,-6.4184095399655305e-09
2699.6215224166845,0.03999320760996911,0.0399932076099684,0.039993207609957754,0.03999310714387207,0.03999320104859581,0.03999320719543133,-1.0644263248593688e-14,-6.561372591085135e-09
2703.6933497506466,0.04000141002918227,0.0400014100291823,0.040001410029173484,0.040001307284668566,0.0400014033195293,0.04000140960528513,-8.81239525796218e-15,-6.7096529998700305e-09
2707.7651770846082,0.04000994772712741,0.040009947727126634,0.04000994772712114,0.040009842617767306,0.040009940863579445,0.04000994729351508,-5.495603971894525e-15,-6.863547188928898e-09
2711.83700441857,0.04001883430903748,0.04001883430903617,0.04001883430903671,0.04001872674348515,0.04001882728566188,0.04001883386533593,5.412337245047638e-16,-7.023374284931272e-09
2715.908831752532,0.040028084266574185,0.04002808426657399,0.04002808426658275,0.04002797414817063,0.04002807707709447,0.04002808381238894,8.756884106730922e-15,-7.1894795186655536e-09
2719.9806590864937,0.04003771305272352,0.040037713052724716,0.04003771305273837,0.04003760027905338,0.040037705690488055,0.04003771258763515,1.3655743202889425e-14,-7.362236660590771e-09
2724.052486420456,0.04004773716524873,0.04004773716525007,0.04004773716526184,0.04004762162764847,0.04004772962319877,0.04004773668881074,1.176836406102666e-14,-7.542051302933395e-09
2728.1243137544175,0.040058174239989905,0.04005817423999033,0.04005817423999659,0.04005805582299853,0.04005816651062534,0.040058173751728154,6.25888230132432e-15,-7.729364988329213e-09
2732.196141088379,0.04006904315554397,0.0400690431555435,0.04006904315554424,0.04006892173628406,0.04006903523088403,0.04006904265495493,7.424616477180734e-16,-7.924659470304185e-09
2736.2679684223413,0.040080364151160626,0.040080364151159883,0.04008036415115618,0.04008023959863741,0.040080356022697834,0.04008036363770811,-3.70536934468646e-15,-8.128462049283858e-09
2740.339795756303,0.04009215896007337,0.04009215896007301,0.04009215896006738,0.04009203113437822,0.040092150618721366,0.0400921584331847,-5.627442956068762e-15,-8.341351644125528e-09
2744.4116230902646,0.040104450960967424,0.04010445096096725,0.04010445096096093,0.04010431971236848,0.04010444239700104,0.04010445042002887,-6.321332346459485e-15,-8.563966209795826e-09
2748.4834504242267,0.04011726535089399,0.040117265350893994,0.040117265350885604,0.040117130518793065,0.04011725655388236,0.040117264795247395,-8.389122729823839e-15,-8.797011633032703e-09
2752.5552777581884,0.04013062934372721,0.04013062934372647,0.04013062934371796,0.04013049075545226,0.04013062030245459,0.04013062877266418,-8.51402282009417e-15,-9.04127188394721e-09
2756.62710509215,0.04014457239925473,0.04014457239925344,0.040144572399247576,0.04014442986865737,0.04014456310163102,0.04014457181201256,-5.863365348801608e-15,-9.297622421966523e-09
2760.698932426112,0.04015912648932399,0.04015912648932329,0.04015912648932003,0.040158979815132397,0.040159116922277895,0.040159125885079104,-3.25434124093249e-15,-9.567045392011586e-09
2764.770759760074,0.04017432640918474,0.040174326409184884,0.040174326409180686,0.04017417537305481,0.04017431655853556,0.04017432578704269,-4.198030811863873e-15,-9.850649324016914e-09
2768.8425870940355,0.04019021014447896,0.04019021014447936,0.04019021014447292,0.040190054508672024,0.04019019999478594,0.04019020950346499,-6.446232436729815e-15,-1.0149693425998141e-08
2772.9144144279976,0.04020681930745313,0.040206819307452964,0.04020681930744637,0.0402066588120402,0.04020680884183459,0.04020681864650142,-6.591949208711867e-15,-1.0465618371924279e-08
2776.9862417619593,0.04022419966022017,0.04022419966021918,0.04022419966021345,0.040224034019680194,0.04022418886013401,0.04022419897816076,-5.731526364627371e-15,-1.0800085173401364e-08
2781.058069095921,0.04024240174879995,0.04024240174879873,0.04024240174879279,0.04024223064783252,0.040242390593772215,0.04024240104434163,-5.9396931817445875e-15,-1.1155026513609556e-08
2785.129896429883,0.040261481679960166,0.040261481679959056,0.0402614816799525,0.04026130476826826,0.04026147014724641,0.04026148095166853,-6.557254739192331e-15,-1.1532712645978549e-08
2789.2017237638447,0.040281502084730664,0.04028150208472975,0.04028150208472452,0.04028131897043406,0.04028149014888903,0.040281501331000724,-5.224987109642143e-15,-1.1935840718568791e-08
2793.2735510978064,0.04030253332968742,0.04030253332968673,0.04030253332968565,0.040302343570887036,0.04030252096203345,0.040302532548709843,-1.0824674490095276e-15,-1.2367653283440472e-08
2797.3453784317685,0.040324655062591745,0.040324655062591905,0.0403246550625945,0.04032445815639176,0.04032464223048841,0.0403246542523084,2.5951463200613034e-15,-1.2832103497839586e-08
2801.41720576573,0.040347958217451366,0.04034795821745214,0.04034795821745604,0.04034775358542499,0.040347944883368514,0.040347957375494854,3.899658373995862e-15,-1.3334083628913085e-08
2805.489033099692,0.0403725476634259,0.04037254766342677,0.0403725476634322,0.040372334632013035,0.04037253378367399,0.0403725467870404,5.43315392675936e-15,-1.3879752777667953e-08
2809.560860433654,0.04039854577572818,0.040398545775728635,0.04039854577573672,0.04039832354924801,0.040398531298716074,0.04039854486165972,8.083811398051921e-15,-1.4477012560965008e-08
2813.6326877676156,0.04042609735840364,0.040426097358403565,0.04042609735841224,0.04042586498105533,0.04042608222218625,0.040426096402746164,8.673617379884035e-15,-1.5136217314248857e-08
2817.7045151015773,0.040455376601336954,0.0404553766013368,0.040455376601343726,0.04045513290235897,0.040455360730078334,0.04045537559930981,6.925016116099414e-15,-1.5871258467192728e-08
2821.7763424355394,0.040486597186441264,0.04048659718644151,0.04048659718644716,0.04048634069877789,0.040486580485170454,0.04048659613205834,5.655198531684391e-15,-1.670127105363184e-08
2825.848169769501,0.040520027423023394,0.04052002742302407,0.04052002742302941,0.040519756259022946,0.040520009769624374,0.04052002630858844,5.342948306008566e-15,-1.7653399693451366e-08
2829.9199971034627,0.04055601369101056,0.04055601369101183,0.040556013691016836,0.040555725346056996,0.0405559949235754,0.04055601250632172,5.002942504717112e-15,-1.8767436431310625e-08
2833.991824437425,0.04059501811551537,0.04059501811551669,0.04059501811552211,0.04059470914639914,0.04059499801163695,0.0405950168465608,5.419276138951545e-15,-2.0103879741495412e-08
2838.0636517713865,0.040637681552961644,0.04063768155296175,0.04063768155296897,0.04063734703058531,0.04063765979451135,0.040637680179702984,7.223388553967425e-15,-2.1758450395592543e-08
2842.135479105348,0.04068493320695042,0.04068493320694825,0.04068493320695746,0.040684565750180215,0.04068490931792266,0.04068493169941226,9.207912210484892e-15,-2.3889025591028457e-08
2846.2073064393103,0.04073818804240694,0.04073818804240298,0.04073818804241166,0.04073777607117129,0.04073816127657956,0.04073818635360947,8.680556273787943e-15,-2.676582341876177e-08
2850.279133773272,0.04079970532212178,0.04079970532211807,0.040799705322122536,0.04079922997814485,0.04079967446519046,0.04079970337563231,4.468647674116255e-15,-3.085692761028991e-08
2854.3509611072336,0.040873190532059754,0.04087319053205731,0.04087319053205563,0.04087262122511983,0.04087315361610551,0.04087318820403136,-1.6792123247455493e-15,-3.691595180238538e-08
2858.4227884411957,0.04096452334665659,0.04096452334665506,0.04096452334664727,0.04096381478425897,0.040964477460332126,0.04096452045388779,-7.792377854087817e-15,-4.588632293578421e-08
2862.4946157751574,0.041082181342863434,0.04108218134286298,0.041082181342854185,0.041081271388468704,0.04108212248312992,0.041082177633328026,-8.798517470154366e-15,-5.885973306668513e-08
2866.566443109119,0.04123444529987425,0.04123444529987513,0.04123444529987307,0.0412332943964274,0.041234370913825626,0.04123444061257672,-2.060851489460447e-15,-7.438604950754657e-08
2870.638270443081,0.041399776377084765,0.04139977637708597,0.041399776377094084,0.041398645420435316,0.04139970326838947,0.04139977176921178,8.11156697366755e-15,-7.310869649945761e-08
2874.710097777043,0.04149938615907259,0.041499386159073434,0.04149938615908937,0.041498700694197026,0.041499341575464636,0.04149938334430757,1.5938639297274904e-14,-4.458360879783241e-08
2878.7819251110045,0.04153710382734498,0.04153710382734575,0.041537103827361525,0.04153656729760984,0.04153706854910768,0.041537101594854735,1.577210584358113e-14,-3.5278238073865875e-08
2882.8537524449666,0.04160716342293433,0.04160716342293468,0.04160716342294279,0.04160642957692939,0.04160711517020071,0.04160716036973549,8.104628079763643e-15,-4.82527339751293e-08
2886.9255797789283,0.041738596868586914,0.04173859686858659,0.041738596868584665,0.04173772336464659,0.04173853940746286,0.04173859323190296,-1.9220736113823023e-15,-5.7461123727231556e-08
2890.99740711289,0.041885886453375945,0.04188588645337411,0.04188588645336395,0.04188521896397696,0.041885842234500835,0.04188588364967746,-1.016547956922409e-14,-4.421887327826779e-08
2895.069234446852,0.04201193032954319,0.04201193032953996,0.0420119303295238,0.04201134758716591,0.04201189159890961,0.0420119278727846,-1.6160683902199935e-14,-3.87306303487045e-08
2899.1410617808137,0.042181184027815406,0.042181184027812235,0.04218118402779501,0.04218021436864681,0.04218112034967509,0.04218118000042957,-1.722233466949774e-14,-6.367813714519555e-08
2903.2128891147754,0.04246541331066468,0.0424654133106627,0.04246541331065048,0.042463784519890045,0.042465307027507296,0.04246540659864326,-1.2219392164780629e-14,-1.0628315540162081e-07
2907.2847164487375,0.04292600756860493,0.0429260075686035,0.042926007568596845,0.04292340807200314,0.042925838420758186,0.042925996893574354,-6.654399253847032e-15,-1.6914784531363303e-07
2911.356543782699,0.04365591769306531,0.043655917693063304,0.04365591769305871,0.04365189058728328,0.043655656013494894,0.043655901183334886,-4.593547764386585e-15,-2.616795684098894e-07
2915.428371116661,0.044739138686837404,0.044739138686834434,0.04473913868683066,0.04473378516163979,0.0447387908930271,0.04473911674230969,-3.774758283725532e-15,-3.477938073370712e-07
2919.500198450623,0.04594653941680692,0.04594653941680268,0.04594653941680204,0.0459426541175245,0.04594628573412823,0.04594652338426834,-6.38378239159465e-16,-2.5368267445036174e-07
2923.5720257845846,0.046602830643485825,0.046602830643481426,0.04660283064348823,0.04660268055147347,0.046602816783502574,0.046602829703012646,6.807054919732991e-15,-1.3859978852115429e-08
2927.6438531185463,0.046670119696121094,0.046670119696118936,0.04667011969613455,0.04667172315519658,0.046670218983876105,0.0466701258841396,1.5612511283791264e-14,9.928775716872007e-08
2931.7156804525084,0.0462810381693536,0.04628103816935457,0.04628103816937656,0.046285209356525164,0.04628130370070633,0.04628105483694244,2.1989354781482007e-14,2.6553135176049514e-07
2935.78750778647,0.04546981586302657,0.04546981586302904,0.045469815863050114,0.04547518461343465,0.04547015920420073,0.04546983744528198,2.1073420786166253e-14,3.4334117168799416e-07
2939.8593351204318,0.044660724977499004,0.04466072497750057,0.04466072497751358,0.04466483481359638,0.044660987659188175,0.044660741490561866,1.3010426069826053e-14,2.626816876030724e-07
2943.931162454394,0.04414554859690707,0.0441455485969072,0.044145548596913414,0.04414777364627104,0.044145690172954555,0.04414555748834042,6.217248937900877e-15,1.4157604735776097e-07
2948.0029897883555,0.04391995235199905,0.04391995235199836,0.043919952352003244,0.043920749297682825,0.043920002053634055,0.04391995545898728,4.884981308350689e-15,4.970163569595343e-08
2952.074817122317,0.04390605632839996,0.04390605632839859,0.04390605632840496,0.04390585020571839,0.043906041316301984,0.043906055358250415,6.369904603786836e-15,-1.5012096607480707e-08
2956.1466444562793,0.04405459132774528,0.044054591327742774,0.04405459132775032,0.04405364009230089,0.04405452805500576,0.04405458731413293,7.542577673547157e-15,-6.32727370150632e-08
2960.218471790241,0.04432661233194653,0.04432661233194345,0.0443266123319542,0.044325301471587496,0.044326525792828315,0.044326606850591775,1.0748346657152297e-14,-8.653911513778478e-08
2964.2902991242026,0.04461432169537286,0.04461432169536975,0.04461432169538632,0.04461353073455727,0.04461426927417867,0.04461431837074731,1.657007864253046e-14,-5.2421191082396845e-08
2968.3621264581648,0.044786441021182205,0.044786441021179096,0.04478644102119871,0.044786228869371086,0.044786426542126785,0.04478644009783483,1.9616253066345735e-14,-1.4479052311278107e-08
2972.4339537921264,0.04492720601756848,0.04492720601756523,0.0449272060175821,0.044926564188414536,0.04492716397806058,0.044927203361971396,1.6868451080398472e-14,-4.203950464826134e-08
2976.505781126088,0.045155889251900685,0.045155889251897584,0.0451558892519069,0.0451544848964996,0.045155798069036635,0.04515588350123195,9.318934512947408e-15,-9.11828609492793e-08
2980.57760846005,0.045494138900074005,0.04549413890007112,0.04549413890007153,0.04549204434200694,0.04549400322323497,0.04549413034677907,4.0939474033052647e-16,-1.3567683614795767e-07
2984.649435794012,0.04593595682933376,0.045935956829330674,0.045935956829323436,0.045933245394488974,0.04593578137770144,0.04593594577070126,-7.237266341775239e-15,-1.75451629232104e-07
2988.7212631279735,0.04648146535302135,0.046481465353017025,0.04648146535300453,0.046478142246927576,0.04648125045165564,0.046481451809535876,-1.2496947920936918e-14,-2.1490136138668792e-07
2992.7930904619357,0.04714080226183451,0.04714080226182863,0.04714080226181389,0.047136813005796016,0.047140544386177444,0.04714078601145656,-1.4738210651898953e-14,-2.578756511870117e-07
2996.8649177958973,0.047933680074276924,0.047933680074270395,0.047933680074255094,0.047928917250769115,0.04793337228502591,0.04793366067985949,-1.530026105811544e-14,-3.07789244487211e-07
3000.936745129859,0.048890237115488365,0.04889023711548108,0.04889023711546621,0.04888453623429407,0.048889868791393114,0.04889021390796048,-1.487004963607319e-14,-3.683240879653882e-07
3005.008572463821,0.050053900020959975,0.05005390002095073,0.050053900020938916,0.050047024192747626,0.05005345586946146,0.050053872037019186,-1.181693631835401e-14,-4.441514892747356e-07
3009.080399797783,0.05148679835542093,0.051486798355409286,0.051486798355403283,0.051478409245737634,0.05148625653807144,0.051486764219469544,-6.0021432268797525e-15,-5.418173378429758e-07
3013.1522271317444,0.053279023388501046,0.05327902338848576,0.05327902338848501,0.05326863143957062,0.05327835230862128,0.05327898111032231,-7.494005416219807e-16,-6.710798644768423e-07
3017.2240544657066,0.05556437855429378,0.055564378554275116,0.05556437855427845,0.05555125801555891,0.055563531373794155,0.055564325183710635,3.3306690738754696e-15,-8.471804809617733e-07
3021.295881799668,0.05854781903271964,0.05854781903269826,0.05854781903270468,0.05853085928993352,0.05854672407821604,0.05854775005535327,6.418476861114186e-15,-1.094954482222521e-06
3025.36770913363,0.06255488231543226,0.06255488231540642,0.06255488231541581,0.06253231878832272,0.06255342571261253,0.06255479055898966,9.395262345890387e-15,-1.4566027938811565e-06
3029.439536467592,0.06812378370067282,0.06812378370064005,0.06812378370065308,0.06809269471498351,0.0681217769062323,0.0681236572900809,1.3031242751537775e-14,-2.0067944077467592e-06
3033.5113638015537,0.07618062472247251,0.07618062472242955,0.07618062472244815,0.07613597758672404,0.07617774296622798,0.07618044320292203,1.8596235662471372e-14,-2.8817562015698295e-06
3037.5831911355153,0.08836351091192174,0.08836351091186391,0.0883635109118917,0.0882964508856354,0.08835918279815157,0.08836323829588062,2.7783331191244542e-14,-4.328113712342985e-06
3041.6550184694775,0.10749764274063273,0.10749764274055248,0.1074976427405854,0.10739341723252165,0.10749091645015067,0.10749721908096656,3.291811268013589e-14,-6.726290401812274e-06
3045.726845803439,0.1373841164383683,0.13738411643825538,0.13738411643827958,0.1372264305865181,0.1373739417778538,0.13738347559063835,2.4202861936828413e-14,-1.0174660401568447e-05
3049.798673137401,0.17703877552130642,0.1770387755211548,0.17703877552117314,0.17685050923498224,0.17702663449038106,0.1770380108191049,1.8346435481930712e-14,-1.214103077373796e-05
3053.870500471363,0.20546429987716278,0.20546429987698456,0.20546429987703307,0.20536568804988417,0.20545795689740354,0.20546390037967355,4.851674617611934e-14,-6.342979581019925e-06
3057.9423278053246,0.20018236219576932,0.2001823621955528,0.20018236219562865,0.20021900375506957,0.20018473871773243,0.2001825119478,7.585598815751382e-14,2.3765221796312463e-06
3062.0141551392862,0.18112423661000923,0.18112423660968874,0.18112423660974653,0.18116278070599812,0.18112671525808802,0.18112439272898884,5.77871084317394e-14,2.4786483992789154e-06
3066.0859824732484,0.17151001637851812,0.17151001637800994,0.17151001637804342,0.17149170016908075,0.1715088145431005,0.17150994051938043,3.347322419244847e-14,-1.2018349094533587e-06
3070.15780980721,0.17319020785479092,0.17319020785399267,0.1731902078540178,0.17309312619662923,0.17318387518671324,0.1731898081898109,2.5146551507759796e-14,-6.3326672794239425e-06
3074.2296371411717,0.18840269002171237,0.18840269002057505,0.1884026900205941,0.18819053697005136,0.18838887516247071,0.18840181811843518,1.9040324872321435e-14,-1.3814858104338468e-05
3078.301464475134,0.21573677641736702,0.21573677641624803,0.2157367764162572,0.2154545976787527,0.21571841650784912,0.21573561764640073,9.159339953157541e-15,-1.835990839890722e-05
3082.3732918090955,0.2525249270376558,0.2525249270373157,0.2525249270373017,0.25215323983603233,0.2525007606772147,0.25252340211621976,-1.3988810110276972e-14,-2.416636010099671e-05
3086.445119143057,0.2993548301106727,0.2993548301114072,0.2993548301113948,0.2990064529527188,0.299332305636152,0.2993534097933352,-1.2378986724570495e-14,-2.25244752551923e-05
3090.5169464770192,0.3171657231657784,0.3171657231670879,0.31716572316714076,0.3172647130619601,0.3171723458877702,0.31716614264950416,5.284661597215745e-14,6.622720682303296e-06
3094.588773810981,0.28347035775527235,0.2834703577563956,0.28347035775647633,0.2838102338121574,0.2834924859026248,0.28347175484585324,8.071321389024888e-14,2.212814622920556e-05
3098.6606011449426,0.245238531943979,0.24523853194470113,0.24523853194476283,0.24546851224555705,0.24525346109248805,0.24523947405055857,6.170064459354307e-14,1.492914778691845e-05
3102.7324284789047,0.21275498200778642,0.21275498200822146,0.21275498200827872,0.21300543489538032,0.2127712335999878,0.21275600691066754,5.725975249504245e-14,1.6251591766353046e-05
3106.8042558128664,0.17109235582692814,0.17109235582719995,0.1710923558272416,0.17139156856626614,0.17111172965987495,0.17109357732445693,4.1661118999059e-14,1.937383267500148e-05
3110.876083146828,0.13244647106254456,0.13244647106272525,0.13244647106273702,0.13267623964168956,0.1324613332373285,0.13244740805139163,1.176836406102666e-14,1.4862174603252898e-05
3114.94791048079,0.10567253933742629,0.1056725393375532,0.1056725393375444,0.10582181207277412,0.10568219369049556,0.10567314800531773,-8.798517470154366e-15,9.654352942353728e-06
3119.019737814752,0.08843927145956558,0.08843927145965791,0.08843927145963836,0.0885351899361266,0.08844547623704108,0.08843966265839596,-1.955380302121057e-14,6.204777383167492e-06
3123.0915651487135,0.07715092504774727,0.07715092504781518,0.07715092504779414,0.07721467047702234,0.07715504961981978,0.07715118510283012,-2.1038726316646716e-14,4.1245720046045875e-06
3127.1633924826756,0.06945933398069562,0.06945933398074464,0.06945933398072851,0.06950343483219146,0.06946218811738114,0.06945951394009606,-1.61259894326804e-14,2.8541366365042453e-06
3131.2352198166373,0.06400703858204711,0.06400703858208195,0.06400703858207273,0.06403868193253714,0.06400908687189617,0.06400716773423075,-9.228728892196614e-15,2.0482898142187844e-06
3135.307047150599,0.06000662077942979,0.06000662077945611,0.06000662077945444,0.06003003746573719,0.06000813677176669,0.060006716369950995,-1.6653345369377348e-15,1.515992310581471e-06
3139.378874484561,0.05698543089712484,0.05698543089714818,0.05698543089714848,0.05700320955606248,0.05698658200145904,0.05698550348043011,2.983724378680108e-16,1.151104310863349e-06
3143.4507018185227,0.05464827844786731,0.054648278447890164,0.05464827844788701,0.05466206565496565,0.0546491711730841,0.05464833473908596,-3.157196726277789e-15,8.927251939350178e-07
3147.5225291524844,0.05280372062405368,0.05280372062407573,0.052803720624067914,0.05281460153290085,0.05280442517754417,0.05280376504971767,-7.813194535799539e-15,7.04553468441893e-07
3151.5943564864465,0.05132333366398432,0.051323333664003996,0.05132333366399064,0.05133204620773517,0.051323897797329876,0.0513233692348788,-1.3357370765021415e-14,5.641333258796233e-07
3155.666183820408,0.05011837398465502,0.050118373984670915,0.05011837398465367,0.05012543393840712,0.05011883107907823,0.05011840280555014,-1.7243151351209463e-14,4.570944073176153e-07
3159.73801115437,0.04912590752433894,0.049125907524351566,0.04912590752433721,0.04913168413562194,0.04912628148123496,0.04912593110231214,-1.4356571487184056e-14,3.739568833968643e-07
3163.809838488332,0.04830028083542176,0.04830028083543166,0.04830028083542825,0.04830504405886128,0.048300589131248406,0.048300300272454785,-3.4139358007223564e-15,3.0829581674357565e-07
3167.8816658222936,0.047607712100287414,0.047607712100294276,0.047607712100300514,0.047611662968010095,0.04760796775108169,0.047607728217122815,6.238065619612598e-15,2.5565078741462965e-07
3171.9534931562553,0.04702276409959482,0.04702276409959889,0.04702276409960813,0.04702605476449138,0.04702297695767128,0.047022777517492884,9.235667786100521e-15,2.1285807238341503e-07
3176.0253204902174,0.046525986327883635,0.04652598632788618,0.04652598632789313,0.04652873360428047,0.046526163957967145,0.046525997523862626,6.945832797811136e-15,1.7763008096360888e-07
3180.097147824179,0.04610230310678298,0.04610230310678523,0.046102303106785696,0.04610459781209557,0.04610245139052432,0.04610231245173384,4.649058915617843e-16,1.4828373908620796e-07
3184.1689751581407,0.045739889358172976,0.04573988935817538,0.04573988935816918,0.04574180288038412,0.045740012919191685,0.04573989714365827,-6.196432256189155e-15,1.2356101630750516e-07
3188.240802492103,0.04542937223415842,0.04542937223416093,0.045429372234151354,0.04543096122804574,0.04542947474201251,0.045429378691579245,-9.575673587391975e-15,1.0250785158205655e-07
3192.3126298260645,0.045163254874356656,0.045163254874359654,0.0451632548743468,0.04516456467141639,0.04516333926527664,0.045163260188871145,-1.2850831510036187e-14,8.439091698370094e-08
3196.384457160026,0.04493549436498079,0.04493549436498439,0.044935494364969145,0.04493656148369809,0.04493556300438036,0.04493549868575114,-1.524474990688418e-14,6.863939597256952e-08
3200.4562844939883,0.044741188551029265,0.04474118855103324,0.04474118855101543,0.04474204256780267,0.04474124335463506,0.04474119199885934,-1.7812140651329855e-14,5.4803601816366676e-08
3204.52811182795,0.044576340886765015,0.04457634088676867,0.04457634088674945,0.044577005845692096,0.04457638341189747,0.04457634355985598,-1.9220736113823023e-14,4.252512880026371e-08
3208.5999391619116,0.04443768204595836,0.044437682045961255,0.04443768204594985,0.04443817753135865,0.04443771356098075,0.04443768402428882,-1.1407541578023483e-14,3.1515019496830554e-08
3212.6717664958737,0.04432253338189668,0.04432253338189861,0.044322533381903395,0.044322875340880044,0.044322554919479874,0.04432253473058125,4.7878367936959876e-15,2.153758126705041e-08
3216.7435938298354,0.04422870165059894,0.044228701650600194,0.044228701650617964,0.04422890302798754,0.0442287140488378,0.04422870242248127,1.7770507287906412e-14,1.2398237603239437e-08
3220.815421163797,0.04415439739138746,0.04415439739138943,0.04415439739141283,0.04415446862194764,0.0441544013256769,0.04415439762905078,2.3397950243975174e-14,3.934287465257036e-09
3224.887248497759,0.044098171444378755,0.044098171444382134,0.044098171444412054,0.044098120835099584,0.04409816745216717,0.04409817118170513,2.992051051364797e-14,-3.992214961390239e-09
3228.959075831721,0.044058865564485246,0.04405886556448954,0.044058865564527684,0.0440586995909236,0.044058854064463054,0.04405886482786489,3.8143099789778034e-14,-1.1500026486643833e-08
3233.0309031656825,0.044035574157137845,0.044035574157141266,0.044035574157181845,0.044035297691525366,0.04403555546400628,0.044035572966400476,4.057865155004947e-14,-1.8693134984371085e-08
3237.1027304996446,0.04402761493983897,0.04402761493984003,0.0440276149398756,0.0440272314239957,0.04402758927550418,0.044027613308961086,3.556877015142845e-14,-2.566433585093897e-08
3241.1745578336063,0.04403450691266734,0.04403450691266644,0.04403450691269792,0.04403401848527821,0.04403447441447716,0.0440345048502929,3.147482274812319e-14,-3.2498189285468104e-08
3245.246385167568,0.044055954459944854,0.04405595445994323,0.04405595445997489,0.044055362045084576,0.0440559151864111,0.04405595196974502,3.166217288352868e-14,-3.927353212779261e-08
3249.31821250153,0.044091836746692085,0.04409183674669085,0.044091836746729056,0.044091140108383345,0.044091790681010615,0.0440918338275862,3.82055498349132e-14,-4.6065680235629625e-08
3253.3900398354917,0.04414220184773315,0.044142201847733216,0.044142201847785736,0.04414139961360166,0.04414214889930015,0.04414219849398397,5.252048795867381e-14,-5.2948433068578105e-08
3257.4618671694534,0.04420726527705115,0.044207265277052904,0.04420726527712055,0.04420635493266332,0.04420720528107702,0.04420726147823999,6.764727666919157e-14,-5.999597588179917e-08
3261.5336945034155,0.04428741278794656,0.04428741278794905,0.04428741278803054,0.04428639064207576,0.04428734550318213,0.044287408528828766,8.149037000748649e-14,-6.728476692474672e-08
3265.605521837377,0.04438320750542416,0.044383207505426125,0.044383207505515256,0.04438206862519284,0.044383132609932666,0.0443832027656633,8.913009219568835e-14,-7.48954934598478e-08
3269.677349171339,0.04449540164429192,0.04449540164429231,0.0444954016443754,0.04449413975777794,0.04449531872910673,0.04449539639805965,8.308631560538515e-14,-8.291518557856925e-08
3273.749176505301,0.044624953272813336,0.04462495327281237,0.044624953272878104,0.044623560635215644,0.044624861833228925,0.04462494748824088,6.573214195171317e-14,-9.143958344670633e-08
3277.8210038392626,0.044773048816747665,0.044773048816747825,0.04477304881679213,0.04477151603445661,0.044772948240874175,0.04477304245520413,4.4304837576447653e-14,-1.0057587365025489e-07
3281.8928311732243,0.04494113227911344,0.044941132279116815,0.04494113227914674,0.04493944808389869,0.04494102183318595,0.0449411252942763,2.9927449407551876e-14,-1.10445930866232e-07
3285.9646585071864,0.04513094249822205,0.04513094249822744,0.04513094249825338,0.04512909346108446,0.04513082130798703,0.04513093483489973,2.5944524306709127e-14,-1.2119024040552207e-07
3290.036485841148,0.04534456020830161,0.045344560208306295,0.045344560208328055,0.045342530379092194,0.04534442723558122,0.04534455180095595,2.1760371282653068e-14,-1.329727250740098e-07
3294.1083131751097,0.04558446724099093,0.04558446724099217,0.04558446724100444,0.045582237695375706,0.045584321254222536,0.045584458011879506,1.2274903316011887e-14,-1.4598676963128998e-07
3298.180140509072,0.04585362096414536,0.045853620964143346,0.04585362096413732,0.045851169233488434,0.04585346050130866,0.04585361082098449,-6.022959908591474e-15,-1.604628346862924e-07
3302.2519678430335,0.04615554806999619,0.046155548069993904,0.04615554806996581,0.046152847421617176,0.04615537139180709,0.046155536903006854,-2.8095581416920368e-14,-1.7667818681676994e-07
3306.323795176995,0.046494463202153904,0.04649446320215304,0.04649446320211054,0.046491481726345985,0.046494268232687236,0.046494450880310775,-4.2493786267527867e-14,-1.9496946580127572e-07
3310.3956225109573,0.04687541980126762,0.04687541980126731,0.046875419801220036,0.046872119246178914,0.04687520405218306,0.04687540616751566,-4.727468416731995e-14,-2.1574908425081585e-07
3314.467449844919,0.04730450317355741,0.047304503173556334,0.047304503173512515,0.04730083744766305,0.04730426364670749,0.04730448803866753,-4.381911500317415e-14,-2.395268488414315e-07
3318.5392771788806,0.04778907947307768,0.04778907947307624,0.04778907947304785,0.04778499270475177,0.04778881253430635,0.047789062607684125,-2.839395385478838e-14,-2.6693876989392074e-07
3322.6111045128428,0.04833811953108735,0.04833811953108717,0.04833811953108719,0.04833354353152184,0.04833782074521156,0.04833810065527299,1.3877787807814457e-17,-2.987858756103856e-07
3326.6829318468044,0.048962624017317706,0.04896262401731953,0.04896262401735611,0.048957474930278404,0.04896228793020671,0.04896260278685866,3.658184866139891e-14,-3.360871128205156e-07
3330.7547591807665,0.049676187444454144,0.0496761874444571,0.049676187444522915,0.049670361274024744,0.049675807292110616,0.04967616343245877,6.581540867856006e-14,-3.801523464838641e-07
3334.826586514728,0.050495754864020165,0.05049575486402272,0.05049575486409829,0.0504891214335754,0.0504953221795902,0.050495727536127855,7.557149350745362e-14,-4.3268443251920363e-07
3338.89841384869,0.05144264968718789,0.05144264968719089,0.05144264968725937,0.051435044373525064,0.05144215376320176,0.05144261836763256,6.847994393766044e-14,-4.959239891244582e-07
3342.970241182652,0.0525439886887493,0.052543988688753276,0.05254398868880935,0.052535200952065944,0.05254341583084414,0.052543952513256865,5.607320163747431e-14,-5.728579091368591e-07
3347.0420685166137,0.053834658884157775,0.05383465888416156,0.05383465888420378,0.05382441610597444,0.05383399135943787,0.05383461673357197,4.2223169405275485e-14,-6.675247236839765e-07
3351.1138958505753,0.05536012414262789,0.05536012414263009,0.05536012414265651,0.05534806846711247,0.05535933867264077,0.05536007454779692,2.641636909217482e-14,-7.854699893214412e-07
3355.1857231845374,0.05718048063330905,0.05718048063330932,0.05718048063332383,0.05716613516714799,0.057179546194335004,0.057180421636251526,1.4509227153070015e-14,-9.344389743162762e-07
3359.257550518499,0.05937643137909915,0.05937643137909799,0.05937643137910323,0.05935914985241278,0.059375305925757016,0.059376360326212275,5.2388648974499574e-15,-1.1254533409735257e-06
3363.3293778524608,0.062058277872782036,0.06205827787278052,0.06205827787276207,0.06203716797888525,0.062056903347944906,0.062058191099883794,-1.845051889048932e-14,-1.3745248356178408e-06
3367.401205186423,0.06537977478869975,0.06537977478869883,0.06537977478862689,0.06535357853272282,0.06537806933406135,0.06537966712937962,-7.194245199571014e-14,-1.7054546374850599e-06
3371.4730325203845,0.06956004079027903,0.06956004079027953,0.06956004079014971,0.06952694259524092,0.06955788625229024,0.0695599047872948,-1.2981282715429643e-13,-2.1545379892823346e-06
3375.544859854346,0.07491921969813832,0.07491921969814057,0.0749192196980031,0.07487652930172092,0.07491644097889369,0.07491904430006163,-1.3747336602421e-13,-2.7787192468792243e-06
3379.6166871883083,0.08193838239380177,0.08193838239380544,0.08193838239369296,0.0818819934069383,0.08193471218845265,0.08193815072924253,-1.1247947018233617e-13,-3.6702053527876144e-06
3383.68851452227,0.09136365194112198,0.09136365194112649,0.09136365194101609,0.09128708430428986,0.09135866836646629,0.09136333738178624,-1.10397802011164e-13,-4.983574660194501e-06
3387.7603418562317,0.10439383779115542,0.10439383779116009,0.10439383779101531,0.10428648215336427,0.10438685001343169,0.10439339673246227,-1.4477308241112041e-13,-6.987777728395539e-06
3391.832169190194,0.12303060396148068,0.12303060396148527,0.12303060396130304,0.12287439553033305,0.1230204354846556,0.12302996214316339,-1.8222923170441163e-13,-1.016847682966393e-05
3395.9039965241554,0.15074928862128534,0.15074928862129208,0.1507492886210952,0.15051229426048449,0.1507338594527654,0.15074831475251174,-1.9687029784165588e-13,-1.5429168526676085e-05
3399.975823858117,0.19377592792908216,0.1937759279290935,0.19377592792891213,0.19340042095933546,0.19375147783604463,0.19377438465922475,-1.8138268664813495e-13,-2.4450093048883348e-05
3404.0476511920792,0.26322623257584843,0.2632262325758646,0.2632262325757651,0.26261170359714875,0.26318621679336196,0.26322370680037344,-9.947598300641403e-14,-4.001578250262261e-05
3408.119478526041,0.37632744297162535,0.3763274429716454,0.3763274429717586,0.37534469705531026,0.3762634689155438,0.3763234050446741,1.1318723736053471e-13,-6.397405610159002e-05
3412.1913058600026,0.5413517350574482,0.5413517350574678,0.5413517350580346,0.5401052739243242,0.5412707255783895,0.5413466225153978,5.667688540711424e-13,-8.100947907829781e-05
3416.2631331939647,0.6845571988826604,0.684557198882666,0.6845571988838481,0.6840750846065206,0.6845262201826472,0.684555245685101,1.1821654766208667e-12,-3.097870001878e-05
3420.3349605279263,0.6470476141803249,0.6470476141803152,0.6470476141815228,0.64803877040607,0.6471123366896342,0.6470517010142154,1.2075895838847828e-12,6.472250931899293e-05
3424.406787861888,0.47853272073370223,0.4785327207336939,0.47853272073429937,0.4797910441012202,0.4786145342487405,0.4785378849911464,6.054601264793291e-13,8.181351504660261e-05
3428.47861519585,0.33052355371156017,0.33052355371155806,0.3305235537117125,0.33139535136466436,0.3305801835051177,0.3305271280632168,1.5443202272535927e-13,5.6629793559637154e-05
3432.550442529812,0.2354557434803783,0.23545574348038026,0.2354557434802959,0.2359894433381812,0.23549040640429866,0.23545793129855544,-8.434919429589627e-14,3.4662923918404864e-05
3436.6222698637735,0.17740872719912218,0.1774087271991261,0.17740872719886314,0.1777368532808151,0.1774300391691572,0.17741007233508024,-2.6295632338246833e-13,2.1311970031107075e-05
3440.6940971977356,0.14110752303627672,0.14110752303628138,0.1411075230358859,0.14131658215033255,0.14112110170581102,0.14110838005672202,-3.954891969470964e-13,1.3578669529640264e-05
3444.7659245316972,0.11746932748479955,0.11746932748480372,0.11746932748436975,0.11760777668697316,0.11747831914064391,0.11746989497081387,-4.339723025381659e-13,8.991655840187573e-06
3448.837751865659,0.10145161707346854,0.1014516170734711,0.10145161707309229,0.10154643658183718,0.10145777367347492,0.10145200560261872,-3.788080960021034e-13,6.1566000038176805e-06
3452.909579199621,0.09021447828778502,0.0902144782877854,0.09021447828750338,0.0902811534574714,0.09021880551058956,0.09021475133580005,-2.820105260425976e-13,4.327222804162423e-06
3456.9814065335827,0.08210077091603915,0.0821007709160393,0.08210077091584404,0.08214853674517529,0.08210386859680792,0.0821009663432488,-1.952604744559494e-13,3.097680768615607e-06
3461.0532338675443,0.07610519985032212,0.07610519985032406,0.07610519985018058,0.07613977332621456,0.07610743935687558,0.07610534109674207,-1.4348244814499367e-13,2.239506551524051e-06
3465.1250612015065,0.07159514016092357,0.07159514016092744,0.07159514016079667,0.0716201804582955,0.07159675919751038,0.07159524222985816,-1.3077039451303563e-13,1.6190365829393816e-06
3469.196888535468,0.06815926384740595,0.06815926384741014,0.0681592638472672,0.0681771801569298,0.0681604189102346,0.06815933661625236,-1.429412144204889e-13,1.155062824456654e-06
3473.26871586943,0.06552248427494271,0.06552248427494434,0.06552248427478416,0.06553489885172768,0.06552328072338834,0.06552253439319446,-1.6017742687779446e-13,7.964484440015074e-07
3477.340543203392,0.06349645900831866,0.06349645900831745,0.06349645900815595,0.06350448152176962,0.06349696888328166,0.06349649102221333,-1.6149581671953683e-13,5.09874964207957e-07
3481.4123705373536,0.06194983889286073,0.061949838892859946,0.06194983889270472,0.06195423378667153,0.06195011178674572,0.06194985593145814,-1.552230566304047e-13,2.7289388577350637e-07
3485.4841978713152,0.06078986672387175,0.060789866723873265,0.06078986672373235,0.060791157783671904,0.06078993657177125,0.060789870927674905,-1.40915057400548e-13,6.98478979863082e-08
3489.5560252052774,0.05995071872990534,0.05995071872990818,0.05995071872978507,0.059949255517147325,0.0599506081231147,0.059950711523089346,-1.2310985564312205e-13,-1.1060679348112723e-07
3493.627852539239,0.059385983307210004,0.05938598330721298,0.05938598330710434,0.0593819835918023,0.05938570624672333,0.05938596557137618,-1.0864226185347547e-13,-2.7706048964792895e-07
3497.6996798732007,0.0590637637870535,0.059063763787057265,0.059063763786962875,0.059057340240164055,0.05906332741338746,0.05906373597035572,-9.438977377485003e-14,-4.3637366980292525e-07
3501.771507207163,0.058963508684054575,0.0589635086840589,0.05896350868397741,0.058954684690411735,0.05896291429871717,0.058963470865590895,-8.149037000748649e-14,-5.943853417303413e-07
3505.8433345411245,0.05907403397285847,0.05907403397286097,0.059074033972790554,0.05906275135326472,0.05907327753230491,0.05907398589374275,-7.041589533685055e-14,-7.56440556061444e-07
3509.915161875086,0.059392423272323164,0.05939242327232299,0.05939242327227438,0.05937854335618787,0.05939149544730012,0.05939236433929601,-4.8606951796870135e-14,-9.278250228672569e-07
3513.9869892090483,0.05992363696053265,0.05992363696053269,0.05992363696052028,0.059906935458661645,0.05992252278913582,0.05992356622388151,-1.2413681194090032e-14,-1.1141713968723654e-06
3518.05881654301,0.06068076745323189,0.06068076745323517,0.06068076745326584,0.06066092272083051,0.060679445559693006,0.06068068355723236,3.066991105526995e-14,-1.3218935421624445e-06
3522.1306438769716,0.061685969731886184,0.06168596973189132,0.06168596973196322,0.061662543094512606,0.06168441102287171,0.06168587083217625,7.19008186322867e-14,-1.558709019605642e-06
3526.2024712109337,0.06297219372967766,0.0629721937296832,0.0629721937297957,0.06294459937265905,0.06297035940270442,0.06297207736709562,1.125072257579518e-13,-1.834326978783496e-06
3530.2742985448954,0.06458597003888648,0.06458597003889208,0.0645859700390094,0.06455343026258631,0.06458380862547433,0.06458583295219553,1.1732281812726342e-13,-2.161413417745006e-06
3534.346125878857,0.06659168274183612,0.06659168274184069,0.06659168274189643,0.06655316172790131,0.06658912573269067,0.06659152059066827,5.574707362399067e-14,-2.5570091500143333e-06
3538.417953212819,0.06907805203144471,0.06907805203144898,0.06907805203140932,0.0690321568949914,0.06907500734249795,0.06907785898254178,-3.966271755473372e-14,-3.044688951028829e-06
3542.489780546781,0.07216803140078631,0.07216803140079203,0.07216803140066644,0.072112861842568,0.07216437344629271,0.07216779949940902,-1.2559397966072083e-13,-3.657954499317051e-06
3546.5616078807425,0.07603416073436826,0.07603416073437651,0.07603416073419472,0.07596707544221794,0.07602971500388182,0.07603387892771049,-1.8178514249456157e-13,-4.44573049468433e-06
3550.6334352147046,0.08092291857871803,0.08092291857872835,0.08092291857849997,0.08084016253790363,0.08091743703024004,0.08092257115783259,-2.283867539532025e-13,-5.481548488311949e-06
3554.7052625486663,0.08719440407459435,0.08719440407460766,0.08719440407434555,0.08709049577957949,0.08718752467231566,0.08719396811240929,-2.6210977832619164e-13,-6.879402291992687e-06
3558.777089882628,0.09538902498669911,0.09538902498671731,0.09538902498646033,0.09525571467072934,0.09538020290534843,0.09538846598203814,-2.569749968373003e-13,-8.822081368875523e-06
3562.84891721659,0.1063434553580186,0.10634345535804118,0.10634345535781757,0.10616788904315885,0.106331841724033,0.10634271955776733,-2.2361279494731434e-13,-1.1613634008186824e-05
3566.9207445505517,0.12139966787063282,0.12139966787066048,0.12139966787044533,0.121161030122721,0.1213838879907188,0.12139866822761711,-2.1514734438454752e-13,-1.5779879941682506e-05
3570.9925718845134,0.14279517740921016,0.1427951774092478,0.14279517740898712,0.1424583437988863,0.14277291141193452,0.14279376702913188,-2.6068036618198676e-13,-2.226599731328105e-05
3575.0643992184755,0.17441056045172687,0.17441056045178324,0.1744105604514301,0.17391388632537175,0.1743777365532299,0.17440848151232533,-3.5313418855764667e-13,-3.282389855333023e-05
3579.136226552437,0.22318939066578,0.223189390665867,0.2231893906653474,0.2224221151351429,0.22313869326159289,0.22318617995633813,-5.195843755245733e-13,-5.069740427410263e-05
3583.208053886399,0.30148929790512063,0.3014892979052579,0.3014892979044692,0.3002600686109827,0.301408097265698,0.30148415578058274,-7.887024366937112e-13,-8.120063955990853e-05
3587.279881220361,0.4282103927910612,0.42821039279127965,0.4282103927901677,0.42627936489423657,0.4280829267158496,0.42820232158898147,-1.1119438703133255e-12,-0.0001274660754300716
3591.3517085543226,0.6109177305109682,0.6109177305112828,0.6109177305100953,0.6085128736040977,0.6107594287386162,0.6109077089089737,-1.1874945471390674e-12,-0.0001583017726666247
3595.4235358882843,0.7641570370252581,0.7641570370255611,0.7641570370250835,0.7632355094723982,0.764097389183986,0.7641532652016889,-4.776179451937423e-13,-5.964784157519443e-05
3599.4953632222464,0.7181383250215799,0.7181383250217226,0.7181383250223035,0.7198695650883642,0.7182528851901329,0.7181455795053557,5.808686864838819e-13,0.0001145601684102715
3603.567190556208,0.5383155731734427,0.5383155731734834,0.5383155731743818,0.5404203262933858,0.5384538001611738,0.5383243211473094,8.983924715266767e-13,0.000138226987690393
3607.6390178901697,0.3856676201800038,0.38566762018001727,0.38566762018078665,0.38699976604202047,0.3857547698832942,0.3856731326422394,7.693845560652335e-13,8.714970327694527e-05
3611.710845224132,0.29166946861510745,0.291669468615113,0.2916694686157073,0.2923166463572161,0.2917114751709487,0.29167212180468505,5.943023850818463e-13,4.2006555835694126e-05
3615.7826725580935,0.2392317720229112,0.23923177202291063,0.2392317720232645,0.2394059045110315,0.23924252736103555,0.2392324448603253,3.5388358909926865e-13,1.0755338124918135e-05
3619.854499892055,0.21304902127095324,0.21304902127094566,0.21304902127105282,0.212859368797526,0.2130356128342283,0.21304816145569974,1.0716427745194324e-13,-1.3408436717349259e-05
3623.9263272260173,0.20505304912311148,0.20505304912309485,0.20505304912306846,0.20451122357624718,0.20501609206806543,0.20505069403216428,-2.6395552410463097e-14,-3.6957055029429586e-05
3627.998154559979,0.21247003519300858,0.21247003519297858,0.21247003519290542,0.2114975526070124,0.21240412306723622,0.21246583993462914,-7.316369732279782e-14,-6.591212574236227e-05
3632.0699818939406,0.23669862585846438,0.23669862585841467,0.23669862585829146,0.23510145320743686,0.2365905661323965,0.23669175063920234,-1.2320700015777675e-13,-0.00010805972601815594
3636.1418092279027,0.28382608909948975,0.28382608909940976,0.2838260890992136,0.2812216408222167,0.28364993818362766,0.2838148831758227,-1.9617640845126516e-13,-0.00017615091578210285
3640.2136365618644,0.36690255832325647,0.3669025583231268,0.36690255832281804,0.36259036952316176,0.3666109053123139,0.3668840056449603,-3.0875302314825603e-13,-0.00029165301081290895
3644.285463895826,0.5086615827685834,0.5086615827683701,0.5086615827679634,0.5015831830538242,0.5081832944364931,0.5086311605211637,-4.0678571622265736e-13,-0.00047828833187701925
3648.357291229788,0.7306320070295815,0.7306320070292479,0.7306320070290133,0.720564613040007,0.7299553825830356,0.7305889855682798,-2.345901251032956e-13,-0.0006766244462123039
3652.42911856375,0.9720577175609058,0.972057717560518,0.9720577175611859,0.9647794788725489,0.9715806253310438,0.9720274351668216,6.679101716144942e-13,-0.00047709222947411867
3656.5009458977115,1.0000000000002227,1.0,1.0000000000014084,1.0047629158198588,1.0003328437107553,1.0000212171624403,1.4084289290394736e-12,0.00033284371075525954
3660.5727732316736,0.7736677971125636,0.7736677971125089,0.7736677971133534,0.7838543597192343,0.7743502358738195,0.7737111789621073,8.445466548323566e-13,0.0006824387613105776
3664.6446005656353,0.5321198464758748,0.5321198464758662,0.5321198464761111,0.5399302949250316,0.532639227818361,0.5321528467287064,2.4491519923230953e-13,0.0005193813424948512
3668.716427899597,0.3692505352319214,0.3692505352319163,0.36925053523191737,0.3741135554904749,0.36957349069843703,0.3692710532505781,1.0547118733938987e-15,0.0003229554665207246
3672.788255233559,0.26911086587700456,0.2691108658769984,0.2691108658769507,0.27208801506643876,0.26930864855248754,0.26912343168563924,-4.7684078907650473e-14,0.0001977826754891443
3676.8600825675207,0.20664822932790528,0.20664822932789947,0.20664822932789234,0.2085329824314251,0.2067735324818918,0.20665619063543952,-7.13318293321663e-15,0.00012530315399231218
3680.9319099014824,0.1660655073874367,0.1660655073874306,0.16606550738750794,0.1673111172397111,0.16614838120790662,0.16607077313638516,7.735478924075778e-14,8.287382047603153e-05
3685.0037372354445,0.13853397837047882,0.13853397837047238,0.13853397837064124,0.1393915264575013,0.13859107187748623,0.13853760620365332,1.688649220454863e-13,5.709350701385563e-05
3689.075564569406,0.11911048641197515,0.11911048641196996,0.1191104864121775,0.11972248326347665,0.11915125525494395,0.11911307703224834,2.075423166658652e-13,4.076884297399275e-05
3693.147391903368,0.10493473195749775,0.10493473195749424,0.10493473195766499,0.10538519451098165,0.10496475468943171,0.10493663977849775,1.7075230118734908e-13,3.0022731937473512e-05
3697.21921923733,0.09428484431873807,0.09428484431873638,0.09428484431883315,0.09462528847848349,0.094307543843892,0.09428628681238516,9.676981438389021e-14,2.2699525155628342e-05
3701.2910465712916,0.08608347801393076,0.08608347801392952,0.08608347801397202,0.08634667216298203,0.08610103294554833,0.0860845936025783,4.250766405533568e-14,1.755493161881283e-05
3705.3628739052533,0.07963229638907034,0.07963229638906927,0.07963229638908892,0.07983978544303245,0.07964613994378064,0.07963317613813298,1.965094753586527e-14,1.3843554711373551e-05
3709.4347012392154,0.07446408295596581,0.07446408295596563,0.07446408295599018,0.07463045620459902,0.07447518612417146,0.07446478856330516,2.4549806632023774e-14,1.1103168205836567e-05
3713.506528573177,0.0702573411040106,0.0702573411040106,0.07025734110406265,0.07039273951497255,0.07026637911106823,0.07025791547539176,5.204170427930421e-14,9.038007057621256e-06
3717.5783559071388,0.06678526195701374,0.066785261957012,0.06678526195709236,0.06689690005233974,0.0667927153583194,0.06678573562902537,8.036626919505352e-14,7.453401307408458e-06
3721.650183241101,0.06388425309497525,0.06388425309497117,0.06388425309506285,0.06397737066022549,0.06389047102835509,0.06388464825381031,9.16766662584223e-14,6.217933383914631e-06
3725.7220105750625,0.06143396562792132,0.061433965627916684,0.061433965627987225,0.06151243919281064,0.06143920647257656,0.06143429869274643,7.054079542712088e-14,5.2408446598734004e-06
3729.793837909024,0.05934428477963547,0.05934428477963164,0.05934428477965525,0.059411030247370156,0.05934874293919134,0.05934456810436317,2.360611706109239e-14,4.458159559697639e-06
3733.8656652429863,0.05754665432785971,0.05754665432785812,0.057546654327832535,0.05760389803959433,0.057550478268476604,0.05754689734730465,-2.558370182370595e-14,3.823940618485899e-06
3737.937492576948,0.05598816633458542,0.05598816633458634,0.055988166334537716,0.056037631275618414,0.0559914709803696,0.055988376352094485,-4.862082958467795e-14,3.304645783262783e-06
3742.0093199109097,0.05462745588376036,0.05462745588376112,0.054627455883726486,0.05467049196479383,0.05463033129204008,0.05462763862246758,-3.4632019474400977e-14,2.8754082789586577e-06
3746.0811472448718,0.05343179873243633,0.0534317987324347,0.053431798732424866,0.05346947548093361,0.0534343162677158,0.0534319587275872,-9.832412661836543e-15,2.5175352811046547e-06
3750.1529745788334,0.05237502599804343,0.05237502599804048,0.052375025998039476,0.05240819952348026,0.05237724279354915,0.05237516688050875,-1.0061396160665481e-15,2.2167955086652147e-06
3754.224801912795,0.05143600354358977,0.051436003543587946,0.05143600354358276,0.05146536560184182,0.05143796577093994,0.05143612824763959,-5.1833537462186996e-15,1.962227351992585e-06
3758.296629246757,0.0505975079598638,0.05059750795986324,0.05059750795985204,0.050623622370240415,0.050599253256434364,0.05059761887741654,-1.1199374760906267e-14,1.7452965711262092e-06
3762.368456580719,0.04984538522855588,0.04984538522855598,0.04984538522854622,0.04986871522848382,0.04984694452116324,0.049845484325070945,-9.756084828893563e-15,1.5592926072630076e-06
3766.4402839146805,0.04916791363927469,0.049167913639276625,0.049167913639283356,0.04918884266026433,0.049169312529521926,0.04916800254179163,6.7307270867900115e-15,1.3988902453007657e-06
3770.5121112486427,0.04855531616976799,0.048555316169772225,0.04855531616979308,0.04857416377955561,0.048556575997245006,0.04855539623446976,2.085137618124122e-14,1.2598274727812497e-06
3774.5839385826043,0.04799938352745259,0.047999383527455856,0.047999383527469505,0.04801641778028185,0.048000522193517865,0.04799945589201384,1.3648804308985518e-14,1.138666062008853e-06
3778.655765916566,0.04749318002354154,0.04749318002354062,0.047493180023537265,0.04750862711336014,0.04749421263530253,0.04749324564805722,-3.3514857555871913e-15,1.0326117619099962e-06
3782.727593250528,0.047030812084211567,0.04703081208420769,0.047030812084189,0.04704486395275164,0.04703175146214136,0.047030871783460396,-1.8686441283222166e-14,9.393779336688834e-07
3786.79942058449,0.04660724458027624,0.04660724458027224,0.046607244580236414,0.046620064960128785,0.04660810166145551,0.046607299049344506,-3.582550922587302e-14,8.570811832683822e-07
3790.8712479184514,0.04621815398946536,0.04621815398946353,0.046218153989409656,0.04622988323924462,0.04621893815026075,0.04621820382425151,-5.387357226993572e-14,7.841607972194908e-07
3794.9430752524136,0.04585981016763327,0.04585981016763499,0.04585981016756766,0.045870569167301235,0.045860529483683646,0.04585985588137002,-6.732808754961184e-14,7.19316048655716e-07
3799.0149025863752,0.0455289805166962,0.04552898051669892,0.04552898051662663,0.04553887382605518,0.045529641973739224,0.045529022553346406,-7.229633558480941e-14,6.614570403004616e-07
3803.086729920337,0.04522285181624293,0.04522285181624322,0.045222851816173096,0.04523197025162323,0.045223461482127934,0.04522289056143405,-7.012446179288645e-14,6.096658847140612e-07
3807.158557254299,0.0449389660835591,0.044938966083556436,0.04493896608348745,0.044947388831992376,0.04493952924939725,0.044939001873557205,-6.898648319264566e-14,5.631658408153384e-07
3811.2303845882607,0.04467516764860676,0.044675167648603006,0.04467516764852962,0.04468296401196208,0.04467568894522218,0.044675200777716764,-7.338574192772285e-14,5.212966191769919e-07
3815.3022119222223,0.04442955925079639,0.04442955925079349,0.04442955925072174,0.04443679009208021,0.044430042745297486,0.04442958997749747,-7.174816296640074e-14,4.834945039958183e-07
3819.3740392561845,0.04420046543624358,0.04420046543624266,0.0442004654361851,0.04420718438480047,0.04420091471250248,0.04420049398830273,-5.755812493291046e-14,4.4927625982016384e-07
3823.445866590146,0.043986401895780736,0.043986401895781846,0.043986401895741975,0.04399265635625889,0.043986820121813944,0.04398642847453505,-3.9870884371850934e-14,4.182260320978459e-07
3827.517693924108,0.04378604966300701,0.04378604966300966,0.04378604966298094,0.04379188166377673,0.043786439647638745,0.04378607444696521,-2.872008186827202e-14,3.899846290830733e-07
3831.58952125807,0.043598233308399674,0.043598233308402894,0.04359823330837728,0.04360368021797394,0.043598597549111634,0.04359825645628297,-2.561145739932158e-14,3.6424070874035985e-07
3835.6613485920316,0.04342190243493697,0.04342190243493942,0.043421902434917115,0.043426997569359076,0.043422243158438824,0.04342192408825797,-2.230854390106174e-14,3.407234994007302e-07
3839.7331759259932,0.04325611591393222,0.043256115913932934,0.04325611591391993,0.04326088905369649,0.04325643511069112,0.04325613619918977,-1.3003487175922146e-14,3.191967581847588e-07
3843.8050032599554,0.04310002840516938,0.0431000284051686,0.0431000284051701,0.04310450623675748,0.04310032785890604,0.04310004743572406,1.4988010832439613e-15,2.994537374387263e-07
3847.876830593917,0.0429528787892487,0.04295287878924747,0.04295287878925973,0.0429570852835929,0.04295316010221987,0.04295289666692927,1.2254086634300165e-14,2.8131297239580855e-07
3851.9486579278787,0.04281398020705627,0.04281398020705574,0.04281398020706966,0.0428179369450246,0.04281424482179896,0.042813997023540724,1.39194211712379e-14,2.646147432144863e-07
3856.020485261841,0.042682711455113646,0.042682711455113945,0.042682711455122965,0.042686437908330974,0.04268296067320576,0.04268272729312065,9.020562075079397e-15,2.492180918162168e-07
3860.0923125958025,0.04255850952902732,0.042558509529026914,0.04255850952903179,0.04256202330290508,0.04255874452732479,0.04255852446334758,4.8780424144467815e-15,2.3499829787665405e-07
3864.164139929764,0.04244086314250834,0.042440863142506766,0.04244086314251195,0.042444180187192114,0.04244108498724186,0.0424408772409029,5.1833537462186996e-15,2.2184473509601066e-07
3868.2359672637263,0.04232930707815702,0.04232930707815525,0.04232930707816427,0.042332441872141,0.0423295167372016,0.042329320402137494,9.020562075079397e-15,2.0965904635322774e-07
3872.307794597688,0.04222341724968607,0.04222341724968519,0.04222341724970235,0.04222638296006936,0.042223615603267685,0.04222342985519371,1.7159884624362576e-14,1.9835358249647994e-07
3876.3796219316496,0.042122806374550736,0.04212280637455091,0.04212280637457544,0.04212561499727636,0.04212299422461682,0.042122818312551207,2.4528989950312052e-14,1.8785006591220954e-07
3880.4514492656117,0.042027120171868416,0.042027120171869985,0.04202712017189615,0.04202978265475469,0.04202729825031044,0.04202713148887526,2.6166568911634158e-14,1.7807844045203414e-07
3884.5232765995734,0.041936034013679915,0.04193603401368291,0.04193603401370548,0.04193856036461458,0.041936202989562715,0.04193604475221345,2.2565282975506307e-14,1.6897587980235773e-07
3888.595103933535,0.04184924996853084,0.04184924996853463,0.041849249968549336,0.041851649350841735,0.04184941045446638,0.041849260167523245,1.4703516182379417e-14,1.6048593174528003e-07
3892.666931267497,0.0417664941854767,0.04176649418548014,0.041766494185489784,0.04176877500218728,0.04176664674325466,0.04176650388062962,9.645062526431047e-15,1.5255777451733676e-07
3896.738758601459,0.041687514574233864,0.041687514574235626,0.041687514574248054,0.04168968454266212,0.04168765971980764,0.04168752379833575,1.2427558981897846e-14,1.4514557201278366e-07
3900.8105859354205,0.041612078743598624,0.04161207874359795,0.04161207874361769,0.04161414496154417,0.0416122169515095,0.04161208752680664,1.9741153156616065e-14,1.382079115458401e-07
3904.8824132693826,0.041539972165637366,0.041539972165634646,0.041539972165660737,0.04154194117022442,0.041540103872947896,0.041539980535727834,2.609024107869118e-14,1.3170731325007345e-07
3908.9542406033443,0.0414709965376967,0.04147099653769351,0.04147099653771607,0.04147287435778983,0.041471122147493975,0.0414710045202879,2.25583440816024e-14,1.2560980046372183e-07
3913.026067937306,0.04140496831812847,0.041404968318126394,0.04140496831813208,0.04140676052111122,0.0414050882026498,0.04140497593687804,5.68295410730002e-15,1.198845234057222e-07
3917.097895271268,0.04134171741489092,0.04134171741488922,0.041341717414877355,0.04134342914848951,0.04134183191831686,0.04134172469167132,-1.186550857568136e-14,1.1450342764229848e-07
3921.1697226052297,0.04128108600896217,0.041281086008959536,0.04128108600893911,0.04128272203871146,0.041281195449922696,0.04128109296402148,-2.042810365310288e-14,1.0944096315995688e-07
3925.2415499391914,0.041222927496890056,0.04122292749688755,0.04122292749686538,0.04122449223975037,0.04122303217071397,0.0412229341489977,-2.2169766022983595e-14,1.0467382641904388e-07
3929.3133772731535,0.04116710553882605,0.04116710553882539,0.04116710553880592,0.041168603093392514,0.04116720571955912,0.04116711190539953,-1.9470536294363683e-14,1.0018073372947134e-07
3933.385204607115,0.04111349320012135,0.04111349320012334,0.04111349320010698,0.0411149273738175,0.041113589142342234,0.041113499297340206,-1.6361911825413245e-14,9.594221889175358e-08
3937.4570319410773,0.04106197217607453,0.0410619721760783,0.04106197217606344,0.04106334650967169,0.041062064116533174,0.04106197801898353,-1.4863110742169283e-14,9.194045487437297e-08
3941.528859275039,0.04101243209070679,0.04101243209070993,0.0410124320906974,0.041013749880465245,0.0410125202498047,0.04101243769331047,-1.2524703496552547e-14,8.815909477433159e-08
3945.6006866090006,0.04096476986155676,0.040964769861557906,0.04096476986154863,0.040966034179251196,0.04096485444468802,0.0409647752369067,-9.277301149523964e-15,8.458313011106e-08
3949.6725139429627,0.040918889123455635,0.040918889123454504,0.04091888912344635,0.040920102834508185,0.04091897032221905,0.04091889428372779,-8.153200337090993e-15,8.119876454548702e-08
3953.7443412769244,0.04087469970507128,0.04087469970506822,0.04087469970506249,0.04087586548499597,0.040874777698369294,0.04087470466163534,-5.731526364627371e-15,7.799330107444158e-08
3957.816168610886,0.040832117152743326,0.04083211715273922,0.04083211715274051,0.04083323750208001,0.04083219210778032,0.04083212191622607,1.2906342661267445e-15,7.495504110444084e-08
3961.887995944848,0.04079106229676658,0.04079106229676288,0.04079106229677216,0.0407921395546603,0.040791134369956725,0.040791066877109566,9.277301149523964e-15,7.207319384361366e-08
3965.95982327881,0.040751460855831784,0.040751460855829605,0.04075146085584292,0.040752497212396405,0.040751530193624444,0.0407514652623429,1.3315737401597971e-14,6.933779483908609e-08
3970.0316506127715,0.04071324307581414,0.04071324307581418,0.04071324307582859,0.04071424058340401,0.04071330981544786,0.040713247317215706,1.4412082638415313e-14,6.673963368064584e-08
3974.1034779467336,0.040676343399529684,0.040676343399531016,0.040676343399546004,0.0406773039830262,0.04067640766971816,0.040676347484000515,1.4988010832439613e-14,6.42701871444995e-08
3978.1753052806953,0.040640700164441323,0.040640700164442455,0.040640700164455715,0.04064162563065613,0.04064076208600362,0.04064070409965816,1.3260226250366713e-14,6.192156116330283e-08
3982.247132614657,0.0406062553256366,0.040606255325637004,0.04060625532564537,0.04060714737191385,0.04060631501207326,0.04060625911881186,8.368306048112117e-15,5.968643625869907e-08
3986.318959948619,0.0405729542016775,0.040572954201677815,0.04057295420168066,0.04057381442377272,0.04057301175969768,0.040572957859593126,2.8449465006019636e-15,5.7558019864178966e-08
3990.3907872825807,0.040540745241179496,0.040540745241180114,0.04054074524117878,0.04054157514048142,0.04054080077118238,0.04054074877021623,-1.3322676295501878e-15,5.553000226310445e-08
3994.4626146165424,0.04050957980819567,0.04050957980819705,0.040509579808191754,0.04051038079835735,0.040509633404714196,0.0405095832143615,-5.294376048681215e-15,5.3596517148035705e-08
3998.5344419505045,0.0404794119846915,0.040479411984693604,0.0404794119846837,0.040480185397722225,0.040479463736798955,0.040479415273647,-9.901801600875615e-15,5.175210535113273e-08
