wavenumber_cm-1,NMA_reference,Dense_exact,Sparse_Krylov,Suzuki4_r1,Suzuki4_r2,Suzuki4_r4,Krylov_minus_exact,Suzuki4_r2_minus_exact
0.0,0.029912275335778053,0.029912275335778997,0.029912275335788847,0.02991220392843204,0.029912273446117164,0.02991227526257162,9.84975989659631e-15,-1.8896618332597814e-09
4.071827333961817,0.029923310692905603,0.02992331069290638,0.029923310692918505,0.02992323894131235,0.029923308845583203,0.02992331062267799,1.2125717097077882e-14,-1.8473231763738163e-09
8.143654667923634,0.02995655425918842,0.029956554259188736,0.029956554259205865,0.029956482591847064,0.029956552543284415,0.029956554197983376,1.7128659601794993e-14,-1.7159043214087788e-09
12.215482001885452,0.030012422506038784,0.030012422506038666,0.03001242250605927,0.0300123524410728,0.030012421017174083,0.030012422460136905,2.0605045447652515e-14,-1.4888645837041192e-09
16.28730933584727,0.03009162306853681,0.0300916230685365,0.030091623068557453,0.03009155626117016,0.030091621908390924,0.03009162304460456,2.0951990142847876e-14,-1.1601455768284197e-09
20.359136669809086,0.030195175837369984,0.030195175837369793,0.030195175837389284,0.030195113894268835,0.030195175115689768,0.030195175842631306,1.9491352976075405e-14,-7.216800247678012e-10
24.430964003770903,0.03032444421102111,0.030324444211021147,0.030324444211039192,0.030324388770948018,0.030324444048741406,0.030324444253454055,1.8044593597110747e-14,-1.622797417277777e-10
28.50279133773272,0.03048117845204823,0.03048117845204832,0.030481178452065105,0.03048113128148355,0.030481178984904843,0.030481178540611928,1.6785184353551585e-14,5.328565227946669e-10
32.57461867169454,0.03066757400570199,0.03066757400570209,0.03066757400571711,0.030667537082166036,0.03066757538841514,0.030667574150605354,1.5019235855007196e-14,1.3827130482257921e-09
36.64644600565635,0.030886348913216094,0.030886348913216184,0.030886348913229816,0.03088632450575477,0.03088635132447527,0.030886349126241074,1.363145707422575e-14,2.4112590847613635e-09
40.71827333961817,0.031140846297654942,0.031140846297654776,0.031140846297668,0.031140837054611945,0.031140849946208245,0.031140846592553065,1.3225531780847177e-14,3.6485534697650035e-09
44.790100673579985,0.0314351706664519,0.03143517066645139,0.031435170666463265,0.03143517971915573,0.031435175798698825,0.03143517105944036,1.1872447469585268e-14,5.132247432593218e-09
48.861928007541806,0.03177437105822874,0.03177437105822818,0.031774371058236904,0.03177440214961118,0.03177437796787369,0.03177437156862198,8.722189637211386e-15,6.909645508534901e-09
52.93375534150362,0.03216469091635633,0.03216469091635584,0.03216469091635946,0.0321647485660609,0.03216469995693546,0.032164691567384315,3.622102617839573e-15,9.040579618257993e-09
57.00558267546544,0.03261391592628568,0.032613915926285306,0.032613915926281795,0.03261400564912484,0.03261392752781301,0.03261391674618264,-3.5110803153770576e-15,1.1601527703797299e-08
61.077410009427254,0.03313187056103595,0.03313187056103558,0.033131870561026656,0.03313199916548951,0.033131885252762186,0.03313187158452767,-8.923417560424696e-15,1.4691726606119726e-08
65.14923734338907,0.0337311489075374,0.033731148907537076,0.03373114890752634,0.03373132491935608,0.03373116735018234,0.03373115017794718,-1.0734468869344482e-14,1.844264526512651e-08
69.2210646773509,0.034428230035707934,0.0344282300357078,0.034428230035697574,0.03442846432720161,0.03442825306913425,0.03442823160806721,-1.0227929614359255e-14,2.3033426450880246e-08
73.2928920113127,0.03524525300277132,0.03524525300277145,0.035245253002762295,0.03524555977954772,0.03524528172024936,0.03524525494865872,-9.152401059253634e-15,2.8717477916495593e-08
77.36471934527452,0.03621297509058268,0.03621297509058309,0.03621297509057457,0.03621337353319168,0.03621301096133229,0.03621297750609481,-8.520961713998076e-15,3.5870749197364216e-08
81.43654667923634,0.03737593613714362,0.03737593613714432,0.03737593613713515,0.03737645328569305,0.037375981219816556,0.037375939156756396,-9.173217740965356e-15,4.508267223424234e-08
85.50837401319816,0.038801796085796675,0.03880179608579738,0.03880179608578444,0.03880247203259995,0.03880185341041125,0.038801799907130945,-1.2941037130786981e-14,5.7324613868259267e-08
89.58020134715997,0.0405980290473174,0.040598029047317706,0.040598029047300234,0.04059892546102794,0.04059810324506276,0.04059803397201155,-1.74721348500384e-14,7.419774505218468e-08
93.65202868112179,0.0429362480442617,0.042936248044261646,0.04293624804424341,0.042937453793034736,0.04293634581907196,0.0429362545092973,-1.8235413179468196e-14,9.777481031064683e-08
97.72385601508361,0.046044980722907206,0.04604498072290685,0.046044980722892925,0.04604655425554353,0.04604510707727653,0.046044989061914086,-1.3926360065141807e-14,1.2635436967556313e-07
101.79568334904542,0.0499342703910501,0.04993427039104955,0.04993427039104228,0.04993589202054873,0.049934405014843114,0.04993427932898587,-7.271960811294775e-15,1.3462379356427023e-07
105.86751068300724,0.053636837788835955,0.05363683778883563,0.053636837788836746,0.053637620914669726,0.053636920960950914,0.053636843525633145,1.1171619185290638e-15,8.317211528524604e-08
109.93933801696906,0.05629952939720711,0.056299529397207074,0.05629952939721691,0.05629996053176186,0.05629959214994177,0.0562995338843515,9.83935155574045e-15,6.2752734696081e-08
114.01116535093088,0.05939425714733688,0.05939425714733695,0.059394257147350485,0.059395644653498815,0.05939438779006192,0.05939426600800069,1.3537782006523003e-14,1.3064272497143037e-07
118.08299268489269,0.06440435218745526,0.06440435218745534,0.06440435218746868,0.06440707599819526,0.06440457893869375,0.06440436725533576,1.3336554083309693e-14,2.2675123841076061e-07
122.15482001885451,0.07215353677324143,0.07215353677324189,0.0721535367732559,0.07215769435602445,0.07215387001447288,0.07215355876405384,1.4002687898084787e-14,3.33241230984771e-07
126.22664735281633,0.0838245078017688,0.08382450780176974,0.08382450780178649,0.0838303267259868,0.08382496820689903,0.08382453810805035,1.675048988403205e-14,4.604051292850242e-07
130.29847468677815,0.10160240171163029,0.10160240171163133,0.10160240171164957,0.10161014219664921,0.10160301583314178,0.10160244215250158,1.8235413179468196e-14,6.141215104504827e-07
134.37030202073996,0.1287794092167805,0.12877940921678108,0.12877940921679887,0.12878802821966442,0.12878012796341107,0.12877945697321644,1.7791323969618134e-14,7.187466299907186e-07
138.4421293547018,0.16630048178869677,0.16630048178869727,0.16630048178871587,0.16630144676517292,0.16630079375486836,0.16630050524221748,1.8596235662471372e-14,3.1196617109041647e-07
142.5139566886636,0.1998083074470413,0.19980830744704253,0.1998083074470652,0.19978448134672996,0.19980716056515377,0.19980824118491122,2.2676305277968822e-14,-1.1468818887638843e-06
146.5857840226254,0.20816514854082094,0.20816514854082252,0.2081651485408597,0.20814560896225545,0.20816438320895791,0.20816510804001606,3.7192471324942744e-14,-7.653318646050344e-07
150.65761135658724,0.20988737866379528,0.20988737866379642,0.20988737866384768,0.2099374269902109,0.20989115205778963,0.20988762498403601,5.1264548162066603e-14,3.773393993211638e-06
154.72943869054905,0.2328131551299215,0.23281315512992268,0.23281315512995315,0.23297358137267143,0.23282417198068828,0.23281385983405947,3.047562202596055e-14,1.101685076559944e-05
158.80126602451085,0.2909607943075851,0.2909607943075868,0.29096079430757654,0.2912822372513934,0.2909824923008107,0.2909621767047685,-1.0269562977782698e-14,2.169799322387922e-05
162.8730933584727,0.4003919755200734,0.4003919755200766,0.4003919755200462,0.40095591622846594,0.400429852693913,0.4003943858165241,-3.042011087472929e-14,3.7877173836409206e-05
166.9449206924345,0.5774091078421028,0.5774091078421085,0.5774091078421061,0.5782220271319275,0.577463648573904,0.5774125772315433,-2.4424906541753444e-15,5.454073179544938e-05
171.01674802639633,0.7758399540753796,0.7758399540753863,0.7758399540754222,0.7763691653427118,0.7758755507978441,0.7758422184026351,3.5860203695392556e-14,3.559672245778689e-05
175.08857536035813,0.8075363581895386,0.8075363581895402,0.8075363581895846,0.8069445125685198,0.8074967740183692,0.8075338405266954,4.440892098500626e-14,-3.958417117100321e-05
179.16040269431994,0.6270255990797616,0.6270255990797585,0.6270255990798087,0.6259535545729029,0.6269536639206723,0.6270210232458922,5.0182080713057076e-14,-7.193515908621162e-05
183.23223002828178,0.4284655970329575,0.42846559703295395,0.42846559703296355,0.4276532127409357,0.4284110495306347,0.42846212716402976,9.603429163007604e-15,-5.4547502319257646e-05
187.30405736224358,0.2938378082444614,0.29383780824445893,0.2938378082443949,0.29333019324174864,0.29380372359072,0.29383564009203256,-6.400435736964027e-14,-3.408465373894165e-05
191.3758846962054,0.2113030980557939,0.2113030980557926,0.21130309805568023,0.21099082048066314,0.21128213323289735,0.21130176451002022,-1.1235457009206584e-13,-2.096482289523638e-05
195.44771203016722,0.16019752721112232,0.1601975272111221,0.16019752721100694,0.15999985039146233,0.1601842590737773,0.16019668327465691,-1.1515788322924436e-13,-1.3268137344785158e-05
199.51953936412903,0.1273782172005829,0.12737821720058343,0.12737821720048648,0.12724907661134888,0.12736955109557616,0.12737766600397152,-9.69502256253918e-14,-8.666105007271163e-06
203.59136669809084,0.10551087115099132,0.10551087115099228,0.10551087115091605,0.10542484493442578,0.10550509926044577,0.10551050405025313,-7.623068842832481e-14,-5.77189054651317e-06
207.66319403205267,0.09052224966067464,0.09052224966067549,0.09052224966062065,0.0904651622568336,0.09051841972995193,0.09052200607791942,-5.483113962867492e-14,-3.829930723550645e-06
211.73502136601448,0.08010362255203494,0.08010362255203547,0.08010362255199444,0.08006758229889799,0.08010120444741119,0.08010346876288153,-4.103661854770735e-14,-2.4181046242854887e-06
215.8068486999763,0.07293740479325292,0.07293740479325297,0.072937404793217,0.07291834598744537,0.0729361253350059,0.07293732341949541,-3.597122599785507e-14,-1.279458247072096e-06
219.87867603393812,0.06831481224574054,0.06831481224574039,0.06831481224570399,0.06831141924819717,0.06831458289758027,0.06831479765540142,-3.640143741989732e-14,-2.2934816011621617e-07
223.95050336789993,0.06597185297147377,0.06597185297147352,0.06597185297143585,0.06598539503999724,0.0659727587069137,0.06597191057103283,-3.767819389821625e-14,9.057354401764695e-07
228.02233070186176,0.06607368497740713,0.06607368497740677,0.06607368497737233,0.06610869487499939,0.0660760298122778,0.06607383410948603,-3.444466933899548e-14,2.3448348710208844e-06
232.09415803582357,0.0693148304478691,0.06931483044786917,0.0693148304478404,0.06938065542953478,0.06931924155375509,0.06931511101602247,-2.876865412559937e-14,4.411105885920863e-06
236.16598536978537,0.07692125650552821,0.0769212565055291,0.07692125650550691,0.07703287107782003,0.07692873873655837,0.07692173244012869,-2.2190582704695316e-14,7.48223102926826e-06
240.2378127037472,0.08920514934896667,0.0892051493489683,0.08920514934895417,0.08937265420666822,0.08921637969341466,0.08920586368928504,-1.4127587988355117e-14,1.1230344446361284e-05
244.30964003770902,0.10069572873703542,0.10069572873703736,0.10069572873702967,0.10089213734508204,0.10070889062358533,0.10069656578162932,-7.688294445529209e-15,1.3161886547971569e-05
248.38146737167085,0.10488425761503067,0.1048842576150319,0.10488425761503549,0.10507166642105276,0.10489679766690653,0.10488505476901305,3.594347042223944e-15,1.2540051874634917e-05
252.45329470563266,0.10860245895580278,0.1086024589558024,0.10860245895582815,0.10877358618285517,0.10861387362741654,0.10860318394380565,2.5757174171303632e-14,1.1414671614140559e-05
256.52512203959446,0.1109542735531158,0.11095427355311371,0.11095427355316587,0.11105286441569108,0.11096074544578918,0.11095468292046928,5.215272658176673e-14,6.471892675469215e-06
260.5969493735563,0.0990438898231108,0.09904388982310829,0.09904388982316453,0.09904237671168274,0.09904357890611115,0.09904386690672289,5.6246673985071993e-14,-3.109169971343695e-07
264.66877670751813,0.07947471084618193,0.07947471084618021,0.07947471084622604,0.07944735873244708,0.07947269723178588,0.07947458019293616,4.5824455341403336e-14,-2.0136143943361162e-06
268.7406040414799,0.06403164987586701,0.06403164987586628,0.06403164987590257,0.06401360419225631,0.06403031990657072,0.06403156357866477,3.6290415117434804e-14,-1.3299692955548448e-06
272.81243137544175,0.054057710605956995,0.054057710605956814,0.054057710605985555,0.0540492370162344,0.05405706538892894,0.05405766847031409,2.874089854998374e-14,-6.452170278753444e-07
276.8842587094036,0.04772222398062498,0.04772222398062486,0.0477222239806474,0.047719120017225704,0.04772196485129176,0.047722206769423806,2.2537527399890678e-14,-2.5912933310223707e-07
280.95608604336536,0.04356215745461144,0.04356215745461104,0.043562157454628485,0.04356171477146773,0.043562092450205474,0.0435621528125314,1.7444379274422772e-14,-6.500440556667098e-08
285.0279133773272,0.04072462135693733,0.040724621356936816,0.04072462135695123,0.040725447828225174,0.040724651194719415,0.04072462288566934,1.4412082638415313e-14,2.9837782598851614e-08
289.09974071128903,0.03873444942280884,0.0387344494228083,0.03873444942282008,0.03873587194092634,0.0387345254951727,0.03873445398162605,1.1782241848834474e-14,7.607236440082543e-08
293.1715680452508,0.03732559582643232,0.037325595826431905,0.03732559582644043,0.03732730721928589,0.03732569540381266,0.03732560193933021,8.527900607901984e-15,9.957738075772049e-08
297.24339537921264,0.036351210177956526,0.03635121017795619,0.03635121017796249,0.036353096005813046,0.03635132419094447,0.036351217248101676,6.293576770843856e-15,1.1401298827956596e-07
301.3152227131745,0.0357403986405823,0.035740398640582136,0.03574039864058581,0.035742461005722016,0.03574052623166977,0.035740406599000185,3.677613769070831e-15,1.2759108763277238e-07
305.38705004713626,0.03548262363421963,0.035482623634219744,0.0354826236342217,0.03548496007892835,0.03548277052621898,0.03548263283291933,1.9567680809018384e-15,1.4689199923784146e-07
309.4588773810981,0.035633224581848415,0.035633224581848866,0.035633224581852516,0.03563604852537382,0.03563340427089011,0.035633235867097726,3.649858193455202e-15,1.7968904124365803e-07
313.5307047150599,0.03634039159850687,0.036340391598507285,0.03634039159851348,0.036344093254273756,0.036340629245971166,0.03634040655547176,6.196432256189155e-15,2.3764746388127422e-07
317.6025320490217,0.037877416086029174,0.03787741608602927,0.03787741608603494,0.03788261446501163,0.037877751832056925,0.03787743724688209,5.6690763194922056e-15,3.3574602765346073e-07
321.67435938298354,0.04050621824080739,0.04050621824080711,0.040506218240810556,0.040513381978140445,0.04050668221941707,0.040506247502405585,3.4486302702418925e-15,4.6397860996305607e-07
325.7461867169454,0.04348306176712582,0.043483061767125214,0.04348306176712585,0.04349055912546587,0.04348354623530535,0.043483092302931695,6.38378239159465e-16,4.844681801355333e-07
329.81801405090715,0.044019141866655495,0.044019141866654565,0.044019141866651755,0.04402329809259166,0.04401940610927897,0.044019158456045544,-2.8102520310824275e-15,2.642426244064966e-07
333.889841384869,0.041762263340704285,0.04176226334070304,0.041762263340698755,0.04176382221308417,0.04176235811287752,0.04176226922460067,-4.288236432614667e-15,9.477217447623199e-08
337.9616687188308,0.039714496900373646,0.03971449690037244,0.03971449690037093,0.039715600134891886,0.03971456338226881,0.03971450101862961,-1.5057399771478686e-15,6.648189636998536e-08
342.03349605279266,0.03918276384521075,0.03918276384520997,0.03918276384521334,0.03918405776830885,0.03918284383154303,0.03918276883213996,3.372302437298913e-15,7.998633306388614e-08
346.10532338675443,0.0403429503630032,0.04034295036300311,0.04034295036300971,0.0403446484531487,0.04034305708169714,0.040342957043576176,6.598888102615774e-15,1.067186940276188e-07
350.17715072071627,0.04352173355396405,0.04352173355396444,0.04352173355397117,0.043524056879481486,0.043521880783478004,0.04352174278865149,6.7307270867900115e-15,1.4722951356682668e-07
354.2489780546781,0.04915165828490536,0.049151658284905766,0.04915165828491036,0.04915433738455366,0.04915182808639922,0.04915166893479315,4.593547764386585e-15,1.6980149345618978e-07
358.3208053886399,0.05565434922212144,0.05565434922212174,0.05565434922212491,0.05565452838248605,0.055654356331063026,0.0556543496004767,3.164135620181696e-15,7.1089412828628795e-09
362.3926327226017,0.056780340918345315,0.05678034091834583,0.056780340918351324,0.05677457490721728,0.05677996258437147,0.056780316988150295,5.495603971894525e-15,-3.7833397435738103e-07
366.46446005656355,0.05101682653376633,0.05101682653376695,0.051016826533776184,0.051009749413489895,0.051016363998631825,0.05101679730805994,9.235667786100521e-15,-4.625351351233986e-07
370.53628739052533,0.044814424279907665,0.04481442427990831,0.044814424279919156,0.04481019997627789,0.044814147692925924,0.04481440679822268,1.0845491171806998e-14,-2.765869823867506e-07
374.60811472448717,0.04093721187219818,0.04093721187219859,0.04093721187220863,0.04093594716614401,0.04093712797383874,0.04093720655651159,1.004057947895376e-14,-8.389835984973226e-08
378.679942058449,0.0390747340910023,0.039074734091002754,0.03907473409101167,0.039075902917818914,0.03907480869893011,0.03907473878483625,8.916478666520788e-15,7.46079273569733e-08
382.7517693924108,0.038683457642076986,0.03868345764207737,0.03868345764208752,0.03868702443132721,0.038683688656650075,0.038683472217170216,1.0151601781416275e-14,2.310145727074664e-07
386.8235967263726,0.039577651710219285,0.03957765171021958,0.039577651710232566,0.03958425553683082,0.039578081219814695,0.0395776788327691,1.2982670494210424e-14,4.295095951123429e-07
390.89542406033445,0.041963367859760375,0.04196336785976041,0.041963367859774094,0.04197455828864735,0.04196409772244238,0.04196341397814057,1.3683498778505054e-14,7.29862681972393e-07
394.9672513942962,0.04648323374825464,0.046483233748254416,0.04648323374826622,0.04650177225564586,0.04648444510566789,0.0464833103236013,1.1803058530546195e-14,1.2113574134747784e-06
399.03907872825806,0.05406751104564191,0.05406751104564163,0.0540675110456499,0.05409608989781303,0.054069377107501586,0.05406762898363757,8.271161533457416e-15,1.8660618599578016e-06
403.1109060622199,0.06404516221564234,0.06404516221564184,0.06404516221564965,0.06407681173099762,0.06404720474214137,0.06404529093126228,7.813194535799539e-15,2.0425264995321823e-06
407.1827333961817,0.06941097770932203,0.069410977709321,0.06941097770933181,0.06942019766137261,0.0694114860180742,0.06941100840365531,1.0810796702287462e-14,5.083087531998487e-07
411.2545607301435,0.06422561424023691,0.06422561424023555,0.06422561424023854,0.06421276786259307,0.0642246484716798,0.06422555129468209,2.9837243786801082e-15,-9.657685557523665e-07
415.32638806410534,0.056192423781584885,0.05619242378158387,0.056192423781573485,0.056179864766925415,0.056191512515055886,0.056192364827229405,-1.0387524174149121e-14,-9.11266527986454e-07
419.3982153980672,0.05151039737593014,0.05151039737592927,0.051510397375911704,0.05150446247955567,0.05150996354247088,0.051510369267297754,-1.7569279364693102e-14,-4.3383345839365095e-07
423.47004273202896,0.05077376029148163,0.05077376029148125,0.050773760291464076,0.050773843796079514,0.05077375567096079,0.05077375984946132,-1.717376241217039e-14,-4.620520459297506e-09
427.5418700659908,0.05357363119484989,0.05357363119484999,0.053573631194840966,0.053578814720542184,0.0535739915471137,0.05357365429571246,-9.020562075079397e-15,3.603522637160572e-07
431.6136973999526,0.058976925236673354,0.05897692523667445,0.05897692523667768,0.05898465125780311,0.058977480230452024,0.05897696106638692,3.226585665316861e-15,5.549937775739533e-07
435.6855247339144,0.06439135824053448,0.06439135824053595,0.0643913582405513,0.0643977934151996,0.06439184425691669,0.06439138994128754,1.534883331544279e-14,4.860163807379747e-07
439.75735206787624,0.07034305950470608,0.07034305950470728,0.07034305950473112,0.07035202923545919,0.07034371634398118,0.07034310207721715,2.3842039453825237e-14,6.568392739020323e-07
443.8291794018381,0.0822737023171481,0.08227370231714891,0.08227370231717909,0.08229085375810369,0.0822749065442889,0.08227377966767695,3.0184188481996443e-14,1.2042271399920201e-06
447.90100673579985,0.10244761691788158,0.10244761691788225,0.1024476169179167,0.10246801046751794,0.10244905185945131,0.10244770911568768,3.4458547126803296e-14,1.4349415690673162e-06
451.9728340697617,0.11985007109869109,0.11985007109869196,0.11985007109872477,0.11984240894926657,0.11984965961025337,0.11985004639020089,3.2807090377673376e-14,-4.1148843858695994e-07
456.0446614037235,0.11257641329082409,0.11257641329082511,0.11257641329084965,0.11252722989753455,0.11257323521464273,0.11257621296190051,2.453592884421596e-14,-3.1780761823863024e-06
460.1164887376853,0.08855200408003058,0.08855200408003137,0.08855200408004103,0.0885016275705027,0.0885487202172493,0.08855179667229433,9.658940314238862e-15,-3.283862782074709e-06
464.18831607164714,0.06801594731399381,0.06801594731399425,0.06801594731398897,0.0679817338933557,0.0680137154500442,0.06801580632950305,-5.287437154777308e-15,-2.2318639500557014e-06
468.26014340560897,0.05485731768345007,0.05485731768345032,0.05485731768343348,0.05483586434598775,0.0548559198231801,0.05485722940627166,-1.6840695504782843e-14,-1.3978602702163778e-06
472.33197073957075,0.04679147892496584,0.046791478924966,0.04679147892494635,0.046777759757517294,0.04679058651860969,0.04679142259025137,-1.9644008641961364e-14,-8.924063563051088e-07
476.4037980735326,0.04172800895659153,0.04172800895659175,0.04172800895657526,0.04171885038691697,0.04172741427837549,0.04172797143223088,-1.6486811915683575e-14,-5.946782162605246e-07
480.4756254074944,0.03843057783841483,0.03843057783841528,0.03843057783840208,0.038424189112395035,0.03843016373581596,0.038430551719132615,-1.3204715099135456e-14,-4.141025993220637e-07
484.5474527414562,0.036212238429930016,0.03621223842993103,0.03621223842992003,0.03620760378026001,0.03621193851895749,0.03621221952055584,-1.0998146837692957e-14,-2.9991097354187257e-07
488.61928007541803,0.03468577131454498,0.03468577131454643,0.03468577131453619,0.03468229427308611,0.03468554666077812,0.03468575715528098,-1.0234868508263162e-14,-2.2465376831037887e-07
492.69110740937987,0.033625894968315514,0.033625894968316826,0.03362589496830758,0.03362321093640621,0.033625721802521075,0.03362588405790536,-9.242606680004428e-15,-1.7316579575127333e-07
496.7629347433417,0.03289761302093725,0.032897613020938035,0.03289761302093129,0.0328954904890655,0.032897476269422056,0.032897604407610165,-6.744604874597826e-15,-1.3675151597919433e-07
500.8347620773035,0.032418665649513415,0.03241866564951349,0.03241866564950822,0.03241695266847917,0.03241855543124445,0.03241865870955087,-5.2735593669694936e-15,-1.1021826903934162e-07
504.9065894112653,0.0321394473621063,0.03213944736210609,0.03213944736210069,0.0321380415562086,0.03213935702819556,0.032139441675934965,-5.398459457239824e-15,-9.033391053236972e-08
508.97841674522715,0.03203220140536774,0.03203220140536759,0.03203220140536167,0.03203103269491221,0.03203212641051795,0.0320321966862475,-5.918876500032866e-15,-7.499484964285097e-08
513.0502440791889,0.03208550178440483,0.032085501784404856,0.03208550178439814,0.03208452232302711,0.032085439030194986,0.03208549783693992,-6.716849298982197e-15,-6.27542098702305e-08
517.1220714131507,0.03230217044443844,0.03230217044443843,0.03230217044443158,0.032301348979615375,0.032302117911552145,0.03230216714134621,-6.8486882831564344e-15,-5.253288628409569e-08
521.1938987471126,0.03270000924847097,0.03270000924847087,0.032700009248465174,0.03269932860401792,0.032699965832573195,0.03270000652021515,-5.6968318951078345e-15,-4.341589767559162e-08
525.2657260810744,0.03331568685675568,0.03331568685675548,0.033315686856750626,0.03331514424458058,0.033315652388613275,0.03331568469281158,-4.85722573273506e-15,-3.446814220847694e-08
529.3375534150363,0.03421327985331176,0.03421327985331142,0.034213279853306196,0.03421289071967212,0.03421325534876934,0.03421327831793889,-5.224987109642143e-15,-2.450454208297037e-08
533.409380748998,0.03550086422074548,0.03550086422074501,0.03550086422073986,0.035500671757273734,0.03550085249883067,0.03550086349199081,-5.155598170603071e-15,-1.1721914341955575e-08
537.4812080829598,0.03736170267557071,0.03736170267557002,0.037361702675566086,0.03736179722042251,0.037361709619214825,0.03736170312482127,-3.9343528435153985e-15,6.943644804968674e-09
541.5530354169217,0.04010882971743091,0.040108829717430065,0.04010882971742804,0.04010938231243631,0.04010886645461521,0.04010883204705416,-2.0261570199409107e-15,3.6737185141189066e-08
545.6248627508835,0.04424839492045572,0.04424839492045482,0.04424839492045578,0.044249682329160454,0.04424847945672542,0.04424840026690017,9.575673587391975e-16,8.453627060173163e-08
549.6966900848453,0.050345579142252635,0.05034557914225161,0.05034557914225598,0.05034780496236939,0.05034572477605904,0.05034558834554561,4.371503159461554e-15,1.4563380743015664e-07
553.7685174188072,0.057988774812217855,0.05798877481221672,0.05798877481222337,0.05799130103919526,0.05798894024399588,0.057988785268275216,6.654399253847032e-15,1.6543177916439333e-07
557.8403447527689,0.06541883790575069,0.06541883790574998,0.06541883790575614,0.06542074545854629,0.06541896319362502,0.06541884582865798,6.161737786669619e-15,1.2528787503296446e-07
561.9121720867307,0.07488024683835282,0.07488024683835266,0.07488024683835727,0.07488274473498997,0.07488040971059064,0.0748802571202184,4.6074255521944e-15,1.6287223797428751e-07
565.9839994206926,0.09212884354543949,0.09212884354543989,0.09212884354544615,0.09213309540483668,0.09212911936462072,0.09212886093704692,6.25888230132432e-15,2.7581918082830725e-07
570.0558267546544,0.11852121092489849,0.11852121092489966,0.1185212109249124,0.11852380913243994,0.11852138077839826,0.11852122164823499,1.2739809207573671e-14,1.698534985994371e-07
574.1276540886162,0.13872842888257864,0.13872842888258044,0.13872842888259945,0.13871604118433545,0.13872763438821906,0.138728378892118,1.9012569296705806e-14,-7.944943613835687e-07
578.1994814225781,0.1277368067919951,0.12773680679199667,0.12773680679201363,0.12770865681091195,0.1277349968198477,0.12773669285935907,1.6958656701149266e-14,-1.8099721489639453e-06
582.2713087565398,0.0991320907831168,0.09913209078311794,0.0991320907831277,0.09910668379040066,0.09913045644634366,0.0991319878991923,9.756084828893563e-15,-1.634336774275491e-06
586.3431360905016,0.07591055151933288,0.07591055151933374,0.07591055151933589,0.07589350928189952,0.07590945514297556,0.07591048249922525,2.1510571102112408e-15,-1.0963763581728347e-06
590.4149634244635,0.06145510904681138,0.061455109046812346,0.06145510904680754,0.06144414065977634,0.06145440336482148,0.06145506462062458,-4.808653475407709e-15,-7.056819908632384e-07
594.4867907584253,0.052946621931015174,0.05294662193101634,0.052946621931006764,0.05293926681870403,0.05294614863264247,0.05294659213244659,-9.575673587391975e-15,-4.73298373868114e-07
598.5586180923871,0.048050890707367865,0.04805089070736932,0.0480508907073588,0.04804562532444468,0.04805055176234457,0.04805086936487723,-1.0519363158323358e-14,-3.3894502474846044e-07
602.630445426349,0.04548737588582545,0.04548737588582692,0.04548737588581851,0.045483311524880804,0.045487114121751486,0.04548735940007396,-8.409939411535561e-15,-2.61764075436266e-07
606.7022727603107,0.04468950743865109,0.0446895074386519,0.04468950743864616,0.04468607830154372,0.04468928646147138,0.04468949351817792,-5.745404152435185e-15,-2.2097718052616067e-07
610.7741000942725,0.04553034244933817,0.045530342449337756,0.045530342449334224,0.04552698756060496,0.04553012600207718,0.04553032880825073,-3.5318969970887792e-15,-2.1644726057312713e-07
614.8459274282344,0.047846163790084224,0.047846163790082656,0.0478461637900809,0.047841523748747464,0.0478458630751385,0.04784614481650696,-1.7555401576885288e-15,-3.00714944154179e-07
618.9177547621962,0.050053540235187474,0.05005354023518539,0.05005354023518515,0.0500448688447481,0.0500529748331153,0.050053504514858835,-2.42861286636753e-16,-5.654020700934792e-07
622.989582096158,0.04964950524043726,0.04964950524043576,0.04964950524043396,0.0496381000557655,0.04964875941997335,0.04964945809622242,-1.797173521111972e-15,-7.458204624097298e-07
627.0614094301199,0.0479884660384742,0.04798846603847351,0.047988466038468555,0.04797938926086098,0.047987871995641654,0.04798842848341225,-4.954370247389761e-15,-5.940428318557123e-07
631.1332367640816,0.04747871225081212,0.04747871225081212,0.04747871225080495,0.047473015986927214,0.047478339397277684,0.0474786886787865,-7.167877402736167e-15,-3.728535344360573e-07
635.2050640980434,0.04866478848229145,0.048664788482292005,0.048664788482283124,0.04866156856110335,0.0486645776528949,0.04866477515256092,-8.881784197001252e-15,-2.108293971070374e-07
639.2768914320053,0.05159678205031926,0.051596782050320214,0.05159678205031113,0.05159527069742928,0.05159668290684737,0.05159677577922265,-9.083012120214562e-15,-9.914347284117886e-08
643.3487187659671,0.05659702880712172,0.05659702880712308,0.05659702880711543,0.05659685100944985,0.05659701670996771,0.05659702803557478,-7.646661082105766e-15,-1.209715536770739e-08
647.4205460999289,0.06449672087543327,0.06449672087543559,0.06449672087543054,0.06449781838680133,0.06449679189130829,0.06449672535297851,-5.051514762044462e-15,7.101587269631171e-08
651.4923734338907,0.0769459186897068,0.07694591868971017,0.07694591868970818,0.07694853158083959,0.07694608833977887,0.07694592939470409,-1.9845236565174673e-15,1.6965006870151011e-07
655.5642007678525,0.09701936562386304,0.09701936562386784,0.09701936562386736,0.09702411649038264,0.09701967432766034,0.09701938510662982,-4.85722573273506e-16,3.087037925009195e-07
659.6360281018143,0.13000887948308135,0.13000887948308829,0.13000887948308784,0.1300168940865668,0.13000940039545406,0.13000891236045825,-4.440892098500626e-16,5.209123657701209e-07
663.7078554357762,0.18197788080652727,0.18197788080653696,0.18197788080653804,0.18199029687886836,0.18197868796562194,0.18197793175287807,1.0824674490095276e-15,8.071590849867416e-07
667.779682769738,0.24419602660557746,0.24419602660558615,0.2441960266055894,0.24421056393853738,0.244196972270034,0.24419608630467746,3.247402347028583e-15,9.456644478600396e-07
671.8515101036998,0.26480921153311543,0.26480921153311476,0.2648092115331173,0.26481792446033403,0.2648097797379955,0.2648092474298352,2.55351295663786e-15,5.682048807575946e-07
675.9233374376616,0.21765284363882106,0.2176528436388144,0.2176528436388137,0.21765533631113645,0.21765300762674777,0.2176528540265448,-6.938893903907228e-16,1.6398793337146778e-07
679.9951647716234,0.15817761371454298,0.15817761371453706,0.15817761371453293,0.1581787948900561,0.15817769161060188,0.15817761865410832,-4.135580766728708e-15,7.789606482067057e-08
684.0669921055853,0.11741206727242956,0.1174120672724254,0.11741206727242,0.11741360041941792,0.11741216717084028,0.1174120735855376,-5.398459457239824e-15,9.989841488755591e-08
688.1388194395471,0.09387019421543978,0.09387019421543676,0.09387019421543345,0.09387235111555725,0.0938703338760136,0.09387020302511988,-3.3029134982598407e-15,1.39660576839451e-07
692.2106467735089,0.08182674493705686,0.08182674493705433,0.08182674493705527,0.08182976198032724,0.08182693964912312,0.08182675720770907,9.43689570931383e-16,1.9471206878785008e-07
696.2824741074708,0.07810728520245508,0.07810728520245225,0.07810728520245597,0.07811161081544059,0.07810756381181036,0.07810730275050641,3.7192471324942744e-15,2.7860935811196974e-07
700.3543014414325,0.08152585412694852,0.08152585412694491,0.08152585412694792,0.08153177312066166,0.08152623470631172,0.08152587808678291,3.011479954295737e-15,3.8057936681268334e-07
704.4261287753943,0.08907525789917937,0.08907525789917506,0.0890752578991757,0.08908081906404779,0.08907561380973805,0.08907528028167672,6.38378239159465e-16,3.559105629935555e-07
708.4979561093562,0.08998750489859825,0.08998750489859413,0.08998750489859195,0.08998822480880685,0.08998754654831244,0.08998750745527745,-2.1788126858268697e-15,4.164971831310815e-08
712.569783443318,0.07883626348893467,0.07883626348893198,0.07883626348892714,0.0788340323399456,0.07883611498248219,0.07883625407002637,-4.8433479449272454e-15,-1.485064497902533e-07
716.6416107772798,0.06609987674679532,0.06609987674679398,0.06609987674678694,0.06609874972092579,0.06609980131064895,0.06609987195792036,-7.0360384185619296e-15,-7.543614502503182e-08
720.7134381112417,0.057615659836211155,0.05761565983621068,0.05761565983620246,0.057616383021347785,0.057615705461777064,0.05761566269861217,-8.215650382226158e-15,4.562556638748605e-08
724.7852654452034,0.05304985461076719,0.053049854610767354,0.05304985461075864,0.053052247467246946,0.05305000926370905,0.0530498643609585,-8.715250743307479e-15,1.5465294169597632e-07
728.8570927791652,0.05134229416355019,0.051342294163550614,0.05134229416354086,0.05134640242728489,0.051342560656818456,0.051342310977114405,-9.756084828893563e-15,2.664932678420051e-07
732.9289201131271,0.05204730507277689,0.05204730507277709,0.05204730507276515,0.052053613183257796,0.052047714814796996,0.05204733093115389,-1.194183640862434e-14,4.0974201990368053e-07
737.0007474470889,0.05542447914232254,0.055424479142322444,0.05542447914230909,0.05543408963643774,0.055425103768560836,0.05542451856657957,-1.3357370765021415e-14,6.246262383921564e-07
741.0725747810507,0.06253157648421392,0.06253157648421451,0.06253157648420085,0.06254651567676606,0.06253254772691494,0.06253163778916783,-1.3655743202889425e-14,9.712427004315849e-07
745.1444021150126,0.07520904031233482,0.07520904031233717,0.07520904031232212,0.07523208881857507,0.07521053907212771,0.07520913491790317,-1.5057399771478686e-14,1.4987597905385952e-06
749.2162294489743,0.09388425238704178,0.09388425238704627,0.0938842523870322,0.09391467913365076,0.0938862318230751,0.09388437734584518,-1.4072076837123859e-14,1.9794360288233337e-06
753.2880567829361,0.10860954147930771,0.10860954147931354,0.10860954147930768,0.10863238375978983,0.10861103014442061,0.10860963549536633,-5.856426454897701e-15,1.4886651070744605e-06
757.359884116898,0.10204998263539031,0.10204998263539544,0.10204998263539695,0.10205397260579666,0.10205024670720039,0.10204999937891764,1.5126788710517758e-15,2.6407180495069404e-07
761.4317114508598,0.08281191661189655,0.08281191661190034,0.08281191661190401,0.08280978390360931,0.08281178133271154,0.08281190813221347,3.677613769070831e-15,-1.352791887954119e-07
765.5035387848216,0.06712639394291488,0.06712639394291789,0.06712639394291973,0.06712577546172382,0.067126355634331,0.06712639155971835,1.8457457784393227e-15,-3.8308586886026674e-08
769.5753661187834,0.05767940634765556,0.057679406347658224,0.05767940634765488,0.05768091328705466,0.057679505204661675,0.05767941260480902,-3.344546861683284e-15,9.885700345130255e-08
773.6471934527452,0.05263927286901065,0.05263927286901265,0.052639272869004695,0.05264245335373861,0.05263947984454295,0.05263928593886753,-7.951972413877684e-15,2.0697553030496474e-07
777.719020786707,0.05048900206592427,0.05048900206592528,0.05048900206591568,0.05049370782338321,0.050489307685765566,0.05048902135354922,-9.596490269103697e-15,3.056198402892618e-07
781.7908481206689,0.0504942626338391,0.05049426263383926,0.050494262633830486,0.05050074615447476,0.050494683365123534,0.05049428917975781,-8.770761894538737e-15,4.207312842771649e-07
785.8626754546307,0.052517381935368875,0.052517381935368625,0.05251738193536199,0.05252633943645104,0.05251796300669285,0.052517418594087414,-6.63358257213531e-15,5.81071324223803e-07
789.9345027885925,0.05695153147469383,0.05695153147469297,0.05695153147468673,0.05696430653185154,0.05695236011121746,0.05695158375011991,-6.2450045135165055e-15,8.286365244872251e-07
794.0063301225543,0.06486659306054292,0.064866593060541,0.0648665930605313,0.06488564339088877,0.06486782879531333,0.06486667101874313,-9.700573677662305e-15,1.2357347723285228e-06
798.0781574565161,0.07839938325780363,0.07839938325780013,0.07839938325778721,0.07842907030978755,0.07840130919243217,0.07839950476141544,-1.292022044907526e-14,1.925934632038273e-06
802.1499847904779,0.10114775863291739,0.10114775863291173,0.10114775863289872,0.10119459481061514,0.10115079744371908,0.10114795034968664,-1.3003487175922146e-14,3.038810807348691e-06
806.2218121244398,0.13610745817546768,0.13610745817545994,0.1361074581754497,0.13617320908874417,0.1361117239318371,0.13610772728936543,-1.0241807402167069e-14,4.265756377158647e-06
810.2936394584016,0.17213071380419154,0.1721307138041863,0.1721307138041834,0.17218473777851714,0.17213421441306087,0.17213093456678924,-2.886579864025407e-15,3.5006088745792585e-06
814.3654667923633,0.17304394563099337,0.17304394563099623,0.17304394563099737,0.1730414957893587,0.17304377213477307,0.17304393445968042,1.1379786002407855e-15,-1.7349622316586988e-07
818.4372941263252,0.13754368583315593,0.1375436858331617,0.13754368583315837,0.1375152227379745,0.13754182200989026,0.13754356800581058,-3.3306690738754696e-15,-1.8638232714418557e-06
822.509121460287,0.1020061853818453,0.10200618538184913,0.1020061853818461,0.10198411875785159,0.10200474117468805,0.10200609409702842,-3.039235529911366e-15,-1.4442071610831775e-06
826.5809487942488,0.07863795522382254,0.07863795522382451,0.07863795522382473,0.07862528548734411,0.07863712506070257,0.0786379027381371,2.220446049250313e-16,-8.30163121939842e-07
830.6527761282107,0.06462294567170125,0.06462294567170236,0.064622945671703,0.06461630582913751,0.064622509462858,0.0646229180768675,6.38378239159465e-16,-4.362088443649048e-07
834.7246034621725,0.05629442618021402,0.05629442618021498,0.05629442618021443,0.05629128464880838,0.05629421852609729,0.056294413025801564,-5.551115123125783e-16,-2.0765411769263498e-07
838.7964307961344,0.05143655597619199,0.051436555976192865,0.051436555976190956,0.0514355476799929,0.051436487628156426,0.051436551622359265,-1.908195823574488e-15,-6.834803643884779e-08
842.8682581300961,0.048906389132478106,0.04890638913247859,0.048906389132474554,0.048906873238400775,0.048906418093434524,0.048906390923880126,-4.038436252074007e-15,2.8960955932022525e-08
846.9400854640579,0.048222806402604644,0.04822280640260406,0.04822280640259788,0.04822459119731194,0.04822291993770229,0.048222813531568376,-6.1825544683813405e-15,1.1353509822564778e-07
851.0119127980198,0.04938912688113833,0.04938912688113674,0.049389126881130355,0.049392380724214126,0.04938933564948143,0.04938914001615661,-6.38378239159465e-15,2.0876834469496508e-07
855.0837401319816,0.05290941809869762,0.05290941809869496,0.052909418098690535,0.05291472126359755,0.05290975943962277,0.0529094395905896,-4.427014310692812e-15,3.4134092780774283e-07
859.1555674659434,0.05990982337865638,0.05990982337865239,0.05990982337864918,0.05991826155150472,0.059910367298806826,0.059909857637025714,-3.2057689836051395e-15,5.439201544374384e-07
863.2273947999053,0.0717409241528812,0.07174092415287574,0.07174092415287087,0.0717535154273614,0.07174173615438745,0.07174097530111487,-4.871103520542874e-15,8.120015117102364e-07
867.299222133867,0.08617436333517389,0.08617436333516788,0.08617436333515961,0.08618841178713763,0.08617526836077478,0.08617442032725102,-8.271161533457416e-15,9.050256069009777e-07
871.3710494678288,0.09070215886144535,0.09070215886144113,0.09070215886143011,0.09070942583871866,0.0907026236200158,0.09070218807555688,-1.1018963519404679e-14,4.647585746669902e-07
875.4428768017907,0.07933565474074132,0.0793356547407391,0.07933565474072728,0.0793366444697137,0.07933571338836078,0.07933565835529321,-1.1823875212257917e-14,5.8647621675733674e-08
879.5147041357525,0.06543360230209738,0.06543360230209569,0.06543360230208488,0.06543384818625052,0.06543361385798425,0.0654336029641915,-1.0810796702287462e-14,1.1555888565495387e-08
883.5865314697143,0.05635318117125219,0.056353181171250565,0.05635318117124096,0.05635432875298364,0.05635325160522041,0.05635318555295772,-9.603429163007604e-15,7.043396984401928e-08
887.6583588036762,0.05186587080794672,0.051865870807945205,0.051865870807935935,0.05186814086126174,0.05186601345435036,0.05186587973510632,-9.270362255620057e-15,1.426464051532128e-07
891.7301861376379,0.050879934465708924,0.05087993446570751,0.050879934465697434,0.05088353772505365,0.05088016195636916,0.05087994871889278,-1.0075273948473296e-14,2.2749066164867715e-07
895.8020134715997,0.05278497639433272,0.05278497639433111,0.0527849763943203,0.052789444418591985,0.05278525869838428,0.0527849940833693,-1.0803857808383555e-14,2.823040531757526e-07
899.8738408055616,0.05592067647335814,0.05592067647335602,0.05592067647334514,0.0559217557578724,0.05592074471309626,0.055920680743495176,-1.0873246747422627e-14,6.823974024044999e-08
903.9456681395234,0.055872799522457654,0.05587279952245523,0.05587279952244504,0.05586574999678667,0.05587235424845043,0.05587277161341192,-1.0193235144839718e-14,-4.452740047997117e-07
908.0174954734852,0.05190979146724207,0.05190979146723987,0.051909791467230196,0.0519010308014329,0.051909238901684765,0.05190975685316886,-9.672818102046676e-15,-5.525655551036346e-07
912.089322807447,0.04820201738964456,0.048202017389642714,0.04820201738963286,0.04819683043779815,0.04820169222873292,0.048201997054224587,-9.853229343548264e-15,-3.251609097948416e-07
916.1611501414088,0.04637036861868216,0.0463703686186805,0.04637036861867059,0.0463687699579159,0.046370272012593965,0.04637036263596025,-9.908740494779522e-15,-9.66060865331686e-08
920.2329774753706,0.0462156683237934,0.046215668323791925,0.04621566832378461,0.04621687183850301,0.04621575091726629,0.04621567360569035,-7.313594174718219e-15,8.259347436534448e-08
924.3048048093325,0.04748966117699336,0.04748966117699263,0.04748966117699187,0.04749341304788025,0.047489907673339084,0.047489676776933575,-7.632783294297951e-16,2.4649634645240726e-07
928.3766321432943,0.05026396171125239,0.0502639617112525,0.05026396171126124,0.050270670404901775,0.050264399360126645,0.050263989360263994,8.743006318923108e-15,4.376488741478224e-07
932.448459477256,0.05500801016050804,0.05500801016050828,0.05500801016052378,0.05501889980201725,0.05500871896304692,0.0550080549150632,1.549455008742484e-14,7.088025386348118e-07
936.5202868112179,0.06275669908835137,0.06275669908835096,0.0627566990883649,0.06277422245842411,0.06275783881022755,0.06275677103803193,1.3933298959045715e-14,1.1397218765835104e-06
940.5921141451797,0.07536707298974513,0.07536707298974418,0.07536707298974836,0.07539530383543402,0.0753689087286544,0.07536718887173378,4.1772141301521515e-15,1.835738910216378e-06
944.6639414791415,0.09504618419465356,0.09504618419465298,0.0950461841946438,0.09508830474816037,0.09504892264285317,0.0950463570499927,-9.173217740965356e-15,2.7384482001874266e-06
948.7357688131034,0.11912188758799672,0.11912188758799808,0.1191218875879851,0.11916510975420158,0.11912469439000331,0.11912206469687953,-1.2975731600306517e-14,2.806802005234088e-06
952.8075961470652,0.130369944405111,0.13036994440511535,0.13036994440511437,0.13038038569417873,0.13037061006609477,0.13036998621010304,-9.71445146547012e-16,6.656609794208901e-07
956.879423481027,0.120349530142758,0.12034953014276158,0.12034953014276784,0.12033576972169613,0.1203486162117734,0.12034947216762543,6.25888230132432e-15,-9.139309881806001e-07
960.9512508149888,0.10924212383791947,0.10924212383791848,0.10924212383792281,0.10923211315005178,0.10924145538406976,0.10924208138531143,4.3298697960381105e-15,-6.684538487178315e-07
965.0230781489506,0.1100544821094078,0.11005448210940058,0.11005448210940459,0.11005530975767061,0.11005451949233529,0.11005448422073454,4.010680676458378e-15,3.738293470612053e-08
969.0949054829124,0.1254087573286243,0.12540875732860943,0.12540875732861556,0.12542013379343128,0.12540947913102696,0.1254088026112377,6.13398221105399e-15,7.218024175303928e-07
973.1667328168743,0.15220099109372948,0.1522009910937061,0.15220099109371146,0.15221630558353919,0.15220197172837616,0.1522010527499084,5.35682609381638e-15,9.806346700502733e-07
977.2385601508361,0.16886426891394204,0.16886426891391476,0.1688642689139132,0.16886374696452036,0.168864239708666,0.16886426713468225,-1.5543122344752192e-15,-2.92052487749217e-08
981.3103874847978,0.15249994143590548,0.15249994143588344,0.15249994143587717,0.15248214318338052,0.15249880588071715,0.15249987009488666,-6.2727600891321345e-15,-1.135555166287272e-06
985.3822148187597,0.1241484201618388,0.12414842016182444,0.12414842016182001,0.12413164885140539,0.12414734839927963,0.1241483528051135,-4.427014310692812e-15,-1.0717625448103396e-06
989.4540421527215,0.1049569958121524,0.10495699581214374,0.10495699581214202,0.10494632295616414,0.10495631281318647,0.10495695287355442,-1.7208456881689926e-15,-6.829989572659789e-07
993.5258694866834,0.09680765397268419,0.09680765397267896,0.09680765397267611,0.09680153544167767,0.09680726110943363,0.09680762925386506,-2.8449465006019636e-15,-3.9286324532428196e-07
997.5976968206452,0.09754998732895794,0.09754998732895512,0.09754998732894997,0.09754682030620838,0.09754978181859222,0.09754997436479518,-5.1486592766991635e-15,-2.0551036289395697e-07
1001.669524154607,0.10666578897737107,0.10666578897737075,0.10666578897736571,0.10666483981235843,0.10666572319769073,0.10666578476347467,-5.037636974236648e-15,-6.57796800224153e-08
1005.7413514885689,0.12615208778837989,0.12615208778838263,0.1261520877883799,0.12615341699432744,0.1261521642361169,0.12615209246027861,-2.7200464103316335e-15,7.644773425408147e-08
1009.8131788225306,0.16128520908057936,0.16128520908058508,0.16128520908058597,0.16128964487229494,0.16128547826564638,0.1612852257748823,8.881784197001252e-16,2.691850612968061e-07
1013.8850061564924,0.2211631504075891,0.22116315040759754,0.2211631504076023,0.22117170016155663,0.2211636734309586,0.2211631829128579,4.746203430272544e-15,5.230233610653556e-07
1017.9568334904543,0.3112115077641952,0.3112115077642068,0.3112115077642126,0.31122022037723274,0.311212033565304,0.3112115403229608,5.773159728050814e-15,5.258010972175597e-07
1022.0286608244161,0.3941228177930532,0.3941228177930678,0.39412281779307073,0.39411023278484536,0.39412199752253907,0.3941227659847336,2.942091015256665e-15,-8.202705287230216e-07
1026.1004881583779,0.37933715441240695,0.3793371544124221,0.37933715441242155,0.3792920811232367,0.37933429249861805,0.37933697483319895,-5.551115123125783e-16,-2.8619138040530956e-06
1030.1723154923397,0.28557299837654404,0.2855729983765565,0.2855729983765551,0.28552741240862084,0.2855701125568525,0.2855728174373789,-1.3877787807814457e-15,-2.8858197039793865e-06
1034.2441428263014,0.2003224305005069,0.20032243050051607,0.20032243050051649,0.20029190002011033,0.2003204994176126,0.20032230944989146,4.163336342344337e-16,-1.9310829034724364e-06
1038.3159701602633,0.14520825591042447,0.1452082559104313,0.1452082559104318,0.14518993018077786,0.14520709782598132,0.14520818333245275,4.996003610813204e-16,-1.1580844499758935e-06
1042.3877974942252,0.1117180783452863,0.11171807834529167,0.11171807834528975,0.11170743640380842,0.11171740720146123,0.1117180363065282,-1.915134717478395e-15,-6.71143830441312e-07
1046.4596248281869,0.09106708844855292,0.09106708844855775,0.0910670884485554,0.09106130153800002,0.09106672544001689,0.09106706574238775,-2.345346139520643e-15,-3.6300854086568357e-07
1050.5314521621488,0.07800297897240643,0.07800297897241086,0.07800297897241176,0.07800054170735507,0.07800282908438172,0.0780029696460758,9.020562075079397e-16,-1.4988802914117638e-07
1054.6032794961106,0.06964995621569606,0.06964995621570018,0.06964995621570254,0.06965016275033327,0.06964997512936554,0.06964995749636455,2.3592239273284576e-15,1.891366535611283e-08
1058.6751068300725,0.06445906926780733,0.06445906926781153,0.06445906926781104,0.06446173659737865,0.06445924594276749,0.06445908047209824,-4.85722573273506e-16,1.7667495595674598e-07
1062.7469341640342,0.06163876172679573,0.061638761726801036,0.06163876172679584,0.06164414806874849,0.06163911338434861,0.061638783948689164,-5.197231534026514e-15,3.516575475745465e-07
1066.818761497996,0.060894214261480006,0.06089421426148775,0.06089421426147731,0.06090309822101594,0.06089479166152114,0.06089425070748672,-1.0443035325380379e-14,5.774000333899632e-07
1070.890588831958,0.06235903631614171,0.0623590363161532,0.06235903631614184,0.06237298792979542,0.06235994140975169,0.06235909342014604,-1.1358969320696133e-14,9.050935984925013e-07
1074.9624161659196,0.0666797608821132,0.06667976088213005,0.06667976088212546,0.06670167377257456,0.06668118136408283,0.06667985048579977,-4.593547764386585e-15,1.4204819527713353e-06
1079.0342434998815,0.07520344669105637,0.07520344669108123,0.07520344669108911,0.07523811099846256,0.07520569318031843,0.07520358838944285,7.882583474838611e-15,2.2464892372037193e-06
1083.1060708338434,0.08975525234395103,0.08975525234398761,0.08975525234400913,0.08980749858717912,0.0897586379460966,0.08975546588388877,2.1524448889920222e-14,3.3856021089961885e-06
1087.177898167805,0.1098841411226062,0.1098841411226507,0.10988414112268305,0.10994725926001507,0.10988822918962346,0.10988439892514787,3.23491233800155e-14,4.088066972759985e-06
1091.249725501767,0.12905587754021353,0.12905587754024025,0.12905587754027023,0.12910668949223542,0.12905915821771527,0.12905608425544643,2.9976021664879227e-14,3.280677475014926e-06
1095.3215528357289,0.13951483968645376,0.13951483968644363,0.13951483968646758,0.13954126007865283,0.13951652390767053,0.13951494547261106,2.3953061756287752e-14,1.684221226899707e-06
1099.3933801696905,0.12967105723052189,0.12967105723049466,0.1296710572305221,0.12967409869983573,0.12967122037270304,0.1296710669990442,2.7450264283856995e-14,1.6314220838142823e-07
1103.4652075036524,0.10507271874382022,0.10507271874379825,0.10507271874382594,0.10506833608896934,0.10507240827079477,0.10507269876133359,2.768618667658984e-14,-3.1047300348696627e-07
1107.5370348376143,0.08413197434133927,0.08413197434132628,0.08413197434134644,0.08412916590493563,0.0841317754293438,0.08413196154050968,2.015054789694659e-14,-1.9891198248245257e-07
1111.608862171576,0.07118413819483138,0.07118413819482439,0.07118413819483624,0.07118340861117953,0.07118408064034318,0.07118413440955201,1.1851630787873546e-14,-5.7554481208699215e-08
1115.6806895055379,0.0640909370947115,0.06409093709470766,0.0640909370947135,0.06409140843202134,0.06409096157284135,0.0640909385465084,5.842548667089886e-15,2.447813368666729e-08
1119.7525168394998,0.060870315834407863,0.060870315834405476,0.060870315834407156,0.06087146603228008,0.06087038716615395,0.06087032028418421,1.6792123247455493e-15,7.133174847323565e-08
1123.8243441734614,0.06056819775536092,0.06056819775535921,0.06056819775535791,0.06056994252241159,0.060568309914987295,0.06056820481448915,-1.2975731600306517e-15,1.121596280850845e-07
1127.8961715074233,0.06308606532276705,0.06308606532276546,0.06308606532276242,0.06308875512120372,0.06308624107206245,0.06308607642740921,-3.039235529911366e-15,1.757492969906016e-07
1131.9679988413852,0.06914959091349267,0.06914959091349067,0.06914959091348659,0.0691541207234711,0.0691498889583442,0.0691496097764692,-4.08006961549745e-15,2.980448535333524e-07
1136.039826175347,0.0804453919092927,0.08044539190928972,0.0804453919092846,0.08045291400339119,0.08044588834473733,0.08044542334984314,-5.1209037010835345e-15,4.964354476111321e-07
1140.1116535093088,0.0989510058552463,0.09895100585524176,0.09895100585523706,0.09895872282761331,0.09895152010592648,0.09895103848870365,-4.704570066849101e-15,5.14250684716111e-07
1144.1834808432707,0.12104938874133213,0.12104938874132691,0.121049388741331,0.12103403074273103,0.1210484045663091,0.12104932680241597,4.093947403305265e-15,-9.841750178152253e-07
1148.2553081772323,0.12786778748331476,0.12786778748331257,0.12786778748333336,0.12779780329243443,0.1278632399258285,0.12786750046580997,2.0788926136106056e-14,-4.547557484080311e-06
1152.3271355111942,0.11142804671927163,0.11142804671927252,0.11142804671930125,0.11134267757006533,0.11142248721241739,0.11142769570063456,2.8727020762175925e-14,-5.559506855129515e-06
1156.3989628451561,0.09176865830677645,0.09176865830677791,0.09176865830681236,0.0917086365255849,0.091764746726274,0.09176841130737934,3.444466933899548e-14,-3.911580503918044e-06
1160.4707901791178,0.0792488000219836,0.07924880002198478,0.07924880002202152,0.07921422605106457,0.07924654553643175,0.07924865764419312,3.673450432728487e-14,-2.2544855530354235e-06
1164.5426175130797,0.07320697795169723,0.0732069779516984,0.07320697795172668,0.07318951596025648,0.07320583744034476,0.07320690589911028,2.8282931552325863e-14,-1.1405113536366862e-06
1168.6144448470416,0.07170245672101126,0.07170245672101218,0.0717024567210273,0.07169650037854657,0.07170206427502517,0.07170243188007505,1.5126788710517758e-14,-3.924459870130459e-07
1172.6862721810032,0.07373854772282577,0.07373854772282605,0.07373854772282795,0.07374143577337573,0.073738728930069,0.07373855906589785,1.9012569296705806e-15,1.8120724294690138e-07
1176.7580995149651,0.07926666052688475,0.07926666052688461,0.07926666052687341,0.07927783751850294,0.07926737749008379,0.07926670563585722,-1.1199374760906267e-14,7.169631991849057e-07
1180.829926848927,0.0891589997185462,0.08915899971854618,0.08915899971852359,0.08917975578647873,0.08916033345854574,0.08915908366421672,-2.2593038551121936e-14,1.3337399995538846e-06
1184.9017541828887,0.10551562939070315,0.10551562939070361,0.10551562939067571,0.1055495379567719,0.10551780718519543,0.10551576644144592,-2.7894353493707058e-14,2.1777944918255354e-06
1188.9735815168506,0.13236706230025264,0.13236706230025372,0.1323670623002338,0.13242101242890092,0.13237052327761634,0.1323672800387583,-1.992850329202156e-14,3.4609773626181894e-06
1193.0454088508125,0.1760580630300777,0.17605806303007895,0.17605806303007768,0.17614194287624002,0.1760634389413079,0.17605840115925087,-1.27675647831893e-15,5.37591122895531e-06
1197.1172361847741,0.23957605820653224,0.23957605820653277,0.23957605820655345,0.23968928030336492,0.23958332089747178,0.23957651509578334,2.067790383364354e-14,7.262690939008332e-06
1201.189063518736,0.2960946069101897,0.2960946069101897,0.2960946069102299,0.2961881553276709,0.29610065931635443,0.29609498845038645,4.0190073491430667e-14,6.052406164747115e-06
1205.260890852698,0.29095907661860476,0.29095907661860704,0.2909590766186437,0.2909919474920389,0.2909613134936401,0.2909592193393014,3.6637359812630166e-14,2.236875033034824e-06
1209.3327181866596,0.24688205652541012,0.2468820565254188,0.24688205652542286,0.24690620643269304,0.24688376800916506,0.2468821667502614,4.052314039881821e-15,1.711483746252851e-06
1213.4045455206215,0.2196230571909983,0.21962305719101577,0.2196230571909865,0.2196746150815015,0.21962655328793768,0.21962328010697343,-2.9282132274488504e-14,3.496096921906666e-06
1217.4763728545834,0.21621156663983596,0.21621156663986102,0.2162115666398103,0.21628554954544746,0.2162165349439763,0.21621188269603528,-5.0709436649754025e-14,4.968304115282596e-06
1221.548200188545,0.2092827664385036,0.20928276643852786,0.2092827664384741,0.20934771178084613,0.20928715451783875,0.20928304597740044,-5.3762549967473205e-14,4.388079310885251e-06
1225.620027522507,0.1830103482481472,0.18301034824816398,0.18301034824812615,0.18306267991235178,0.18301389369366564,0.1830105742563405,-3.783084956410221e-14,3.5454455016570297e-06
1229.6918548564688,0.15821729888473512,0.15821729888474548,0.1582172988847268,0.158277101017131,0.15822130437428444,0.1582175535409123,-1.867950238931826e-14,4.005489538966289e-06
1233.7636821904305,0.14712569877283663,0.14712569877284323,0.1471256987728452,0.14720604224716957,0.14713103126492685,0.147126037066917,1.970645868709653e-15,5.3324920836206324e-06
1237.8355095243924,0.14975620102674642,0.14975620102675072,0.1497562010267819,0.14987032507200887,0.1497637417878026,0.14975667890965558,3.116951141635127e-14,7.5407610518885004e-06
1241.9073368583543,0.16597486607168968,0.1659748660716915,0.16597486607176684,0.16614488310394668,0.16598607754162872,0.16597557625236956,7.532863222081687e-14,1.1211469937211227e-05
1245.979164192316,0.1991994134640621,0.19919941346406056,0.199199413464183,0.19946532230108102,0.19921693366783144,0.19920052306411648,1.2242984404053914e-13,1.7520203770882148e-05
1250.0509915262778,0.2580930729573905,0.25809307295738393,0.25809307295751777,0.25852476392040435,0.2581215085277096,0.2580948737545073,1.3383738561856262e-13,2.8435570325668902e-05
1254.1228188602397,0.35756142373094185,0.3575614237309279,0.35756142373100847,0.358250274935071,0.35760680489894486,0.35756429766209463,8.054668043655511e-14,4.5381168016944695e-05
1258.1946461942014,0.5069738561071719,0.5069738561071508,0.5069738561071357,0.5078544112505065,0.5070319177553296,0.5069775330617374,-1.509903313490213e-14,5.806164817878656e-05
1262.2664735281633,0.6482540472821523,0.6482540472821365,0.6482540472820375,0.6485993351747237,0.6482769009240129,0.6482554937611176,-9.903189379656396e-14,2.285364187637473e-05
1266.3383008621252,0.639342151049638,0.6393421510496433,0.6393421510495504,0.638602096780329,0.6392932386905793,0.6393390503099977,-9.29256671611256e-14,-4.891235906401281e-05
1270.4101281960868,0.5115484975023309,0.5115484975023517,0.5115484975023338,0.5106617470844792,0.5114897424471027,0.5115447728183004,-1.787459069646502e-14,-5.875505524899349e-05
1274.4819555300487,0.39808319218517574,0.39808319218520205,0.39808319218521454,0.3975719297363449,0.3980492671509683,0.39808104118743987,1.2490009027033011e-14,-3.392503423377269e-05
1278.5537828640106,0.3175501077184275,0.3175501077184491,0.31755010771844666,0.3173055285755463,0.3175338696545017,0.31754907806462274,-2.4424906541753444e-15,-1.623806394740468e-05
1282.6256101979723,0.26129071167280704,0.26129071167282014,0.26129071167281165,0.2611675864368509,0.2612825306526104,0.2612901928159087,-8.493206138382448e-15,-8.181020209718781e-06
1286.6974375319342,0.23541200631196305,0.23541200631196885,0.2354120063119755,0.23535642337710141,0.23540829275229289,0.23541177049737247,6.661338147750939e-15,-3.7135596759607647e-06
1290.769264865896,0.24179468572426327,0.24179468572426188,0.2417946857242894,0.241792644833681,0.24179450355571988,0.24179467351347791,2.7505775435088253e-14,-1.8216854200114874e-07
1294.8410921998577,0.27973687908684,0.2797368790868307,0.2797368790868685,0.27978278176543026,0.2797398569854268,0.27973706694302736,3.780309398848658e-14,2.977898596101536e-06
1298.9129195338196,0.32915276869911964,0.3291527686991084,0.32915276869913107,0.32921232599121164,0.32915666760235746,0.3291530151608421,2.2648549702353193e-14,3.898903249033303e-06
1302.9847468677815,0.3293416506232582,0.32934165062325954,0.3293416506232532,0.32935564114888954,0.3293425916832134,0.32934171047612043,-6.328271240363392e-15,9.410599538517417e-07
1307.0565742017432,0.2721097418698672,0.2721097418698818,0.2721097418698584,0.2720944305018267,0.27210876342503254,0.2721096803752714,-2.3370194668359545e-14,-9.78444849253357e-07
1311.128401535705,0.2181506168772487,0.21815061687727183,0.21815061687725293,0.2181396992302832,0.21814991229597272,0.21815057249291275,-1.890154699424329e-14,-7.045812991102185e-07
1315.200228869667,0.19196114757428898,0.19196114757432078,0.19196114757431695,0.19196203972996065,0.19196120399983452,0.19196115111542178,-3.83026943495679e-15,5.64255137336378e-08
1319.2720562036286,0.190799250965892,0.19079925096593464,0.19079925096594774,0.19081144341776235,0.19080003804283774,0.19079930055841599,1.3100631690576847e-14,7.870769030970948e-07
1323.3438835375905,0.19888946658289852,0.19888946658295256,0.19888946658297993,0.19890770228964072,0.19889064443657,0.19888954080570873,2.736699755701011e-14,1.1778536174456011e-06
1327.4157108715524,0.18720714014566922,0.1872071401457311,0.18720714014576215,0.18722326282361942,0.1872081807291017,0.18720720570689794,3.1058489113888754e-14,1.0405833706095269e-06
1331.487538205514,0.1569875277227873,0.1569875277228569,0.15698752772288632,0.1570025147276284,0.15698849607949497,0.156987588750811,2.942091015256665e-14,9.683566380702668e-07
1335.559365539476,0.13188987507545,0.13188987507553362,0.13188987507556343,0.1319080749877335,0.13189105453232308,0.13188994946138785,2.980948821118545e-14,1.1794567894574115e-06
1339.6311928734378,0.11843630588419297,0.11843630588430103,0.11843630588433438,0.11846116533116689,0.11843792128810098,0.1184364078315079,3.334832410217814e-14,1.6154037999482895e-06
1343.7030202073995,0.1148325240552445,0.11483252405539278,0.11483252405543079,0.1148683717309892,0.11483485844239798,0.11483267145367503,3.80112608056038e-14,2.3343870051983906e-06
1347.7748475413614,0.1198651088786146,0.11986510887882885,0.11986510887886918,0.11991906192867585,0.11986862813803092,0.11986533118378194,4.032885136950881e-14,3.5192592020699687e-06
1351.8466748753233,0.13457803265574175,0.13457803265606647,0.1345780326561072,0.13466269097974182,0.13458356204888813,0.13457838205195857,4.0745185003743245e-14,5.5293928216682e-06
1355.918502209285,0.1629023834228023,0.1629023834233164,0.1629023834233607,0.16304031249004503,0.16291140142544538,0.16290295340641758,4.4297898682543746e-14,9.018002128990954e-06
1359.9903295432468,0.2125703906572747,0.21257039065811223,0.2125703906581613,0.2127979264744651,0.21258527831499713,0.21257133179701604,4.907185768843192e-14,1.4887656884898792e-05
1364.0621568772087,0.2928139647386721,0.2928139647399931,0.2928139647400345,0.2931584122419589,0.29283650946062467,0.29281538996853906,4.141131881851834e-14,2.254472063156765e-05
1368.1339842111706,0.39267148989379463,0.39267148989543726,0.3926714898954355,0.3930202408641165,0.3926942921950394,0.392672930726829,-1.7763568394002505e-15,2.2802299602109333e-05
1372.2058115451323,0.4494135072239766,0.4494135072247939,0.4494135072247509,0.4494582339576429,0.4494162962123421,0.4494136808074586,-4.3021142204224816e-14,2.788987548185684e-06
1376.2776388790942,0.4286867787186215,0.4286867787176292,0.42868677871759986,0.4283591842379255,0.4286650583242422,0.4286854010652363,-2.936539900133539e-14,-2.172039338704801e-05
1380.349466213056,0.3528074427886428,0.3528074427868085,0.35280744278680637,0.35231925121372726,0.3527751644845636,0.3528053975327361,-2.1094237467877974e-15,-3.2278302244892476e-05
1384.4212935470177,0.2585695299136416,0.25856952991217996,0.2585695299121838,0.258165909655684,0.2585428522639801,0.25856783986549137,3.83026943495679e-15,-2.667764819985763e-05
1388.4931208809796,0.18676149294898028,0.1867614929480789,0.18676149294807748,0.18649284764639032,0.1867437345673932,0.18676036794387685,-1.4155343563970746e-15,-1.7758380685684028e-05
1392.5649482149415,0.14201455685384953,0.14201455685334324,0.1420145568533178,0.1418368312525017,0.14200280719412303,0.14201381248438147,-2.5451862839531714e-14,-1.1749659220211539e-05
1396.6367755489032,0.11509190421296689,0.11509190421271076,0.11509190421265744,0.11496489588325275,0.11508350815073276,0.11509137231060597,-5.331846075762314e-14,-8.396061977999913e-06
1400.708602882865,0.09672254732070235,0.09672254732058302,0.09672254732052218,0.09662699732953633,0.09671623162147357,0.09672214722496278,-6.084022174945858e-14,-6.315699109457618e-06
1404.780430216827,0.08174095949604376,0.08174095949597385,0.08174095949591652,0.08167132862238963,0.0817363560957534,0.08174066785913772,-5.732914143408152e-14,-4.603400220445919e-06
1408.8522575507886,0.07011349912086942,0.07011349912081428,0.07011349912074438,0.07006401510204312,0.07011022603314175,0.07011329173625379,-6.990241718796142e-14,-3.273087672533981e-06
1412.9240848847505,0.06171695847520156,0.061716958475154626,0.061716958475066884,0.061681203564338045,0.061714592072424516,0.06171680851566995,-8.77423134149069e-14,-2.366402730109851e-06
1416.9959122187124,0.05565358869653814,0.05565358869649865,0.05565358869641285,0.05562695955911996,0.055651825210922025,0.05565347692692225,-8.579942312181288e-14,-1.7634855766224256e-06
1421.067739552674,0.051160260335714976,0.05116026033568218,0.051160260335619635,0.05113984756833089,0.0511589077405154,0.051160174595842246,-6.254718964981976e-14,-1.3525951667800462e-06
1425.139566886636,0.04774254285089675,0.04774254285086944,0.04774254285083451,0.047726511580353306,0.04774147999973179,0.04774247546842274,-3.493039191226899e-14,-1.062851137656473e-06
1429.2113942205979,0.04509124959427765,0.04509124959425503,0.04509124959423996,0.04507840743011076,0.04509039773140828,0.0450911955810158,-1.5064338665382593e-14,-8.518628467485412e-07
1433.2832215545595,0.043010200464764316,0.0430102004647458,0.04301020046474428,0.04299974597816201,0.04300950663725945,0.04301015646647963,-1.519617764955683e-15,-6.938274863532712e-07
1437.3550488885214,0.04137366841320984,0.041373668413194696,0.04137366841320241,0.04136504674065848,0.0413730959450307,0.04137363210646515,7.716050021144838e-15,-5.72468163997919e-07
1441.4268762224833,0.04010349717320173,0.040103497173189166,0.04010349717319995,0.0400963152705733,0.04010302007150878,0.04010346691113298,1.0783041126671833e-14,-4.771016803850614e-07
1445.498703556445,0.039158566773203035,0.03915856677319187,0.03915856677320221,0.039152542626906116,0.03915816637229247,0.0391585413729349,1.033895191682177e-14,-4.004008994015762e-07
1449.5705308904069,0.03853332718228687,0.038533327182276464,0.038533327182286616,0.03852825903281905,0.03853299010541971,0.03853330579575869,1.0151601781416275e-14,-3.370768567531601e-07
1453.6423582243688,0.038261772469447584,0.03826177246943824,0.03826177246944986,0.03825751617086606,0.03826148913568871,0.038261754488865124,1.1622647289044608e-14,-2.833337495247723e-07
1457.7141855583304,0.03839973699720994,0.03839973699720155,0.038399736997215016,0.03839615661509946,0.03839949845061669,0.038399721855556436,1.346839306748393e-14,-2.38546584860333e-07
1461.7860128922923,0.03886001088925104,0.03886001088924346,0.038860010889255996,0.03885682256205637,0.038859798885539386,0.03885999743832508,1.2538581284360362e-14,-2.120037040712064e-07
1465.8578402262542,0.0391289274576863,0.039128927457679284,0.0391289274576892,0.039125783258496395,0.039128719834219415,0.039128914306017094,9.91567938868343e-15,-2.076234598691329e-07
1469.9296675602159,0.03901219564934471,0.039012195649338624,0.03901219564934762,0.039009399793791005,0.039012011787317676,0.039012184014322986,8.992806499463768e-15,-1.838620209484998e-07
1474.0014948941778,0.03918887643944043,0.03918887643943559,0.03918887643944679,0.039186804757064916,0.03918874030661664,0.03918886782648396,1.1199374760906267e-14,-1.3613281894808704e-07
1478.0733222281397,0.04014218975617437,0.04014218975617021,0.040142189756186164,0.040140895622427654,0.04014210493188477,0.04014218439273891,1.5952517085082718e-14,-8.48242854428749e-08
1482.1451495621013,0.04215484319817041,0.042154843198166606,0.04215484319818391,0.042154362008656056,0.04215481234330393,0.04215484125760747,1.7305601396344628e-14,-3.085486267873083e-08
1486.2169768960632,0.04570549207356751,0.04570549207356407,0.04570549207357788,0.04570598598726694,0.045705526293191204,0.04570549426522429,1.3808398868775384e-14,3.421962713190396e-08
1490.288804230025,0.05173697391666142,0.05173697391665865,0.051736973916667726,0.05173881245923157,0.051737098169808746,0.05173698182984146,9.076073226310655e-15,1.2425315009528815e-07
1494.3606315639868,0.06193414088074104,0.061934140880738925,0.061934140880740986,0.06193800794803377,0.06193440119046401,0.06193415744355436,2.060851489460447e-15,2.603097250877817e-07
1498.4324588979487,0.07843091687243149,0.07843091687242913,0.07843091687242058,0.07843777015431007,0.07843137749857224,0.07843094617047122,-8.548717289613705e-15,4.60626143103382e-07
1502.5042862319106,0.09939554206166616,0.0993955420616635,0.09939554206164701,0.09940544031442716,0.09939620620568214,0.09939558428742509,-1.6486811915683575e-14,6.641440186416769e-07
1506.5761135658722,0.1086946323378626,0.10869463233786168,0.10869463233784667,0.1087043666562594,0.10869528318287407,0.10869467368389489,-1.5015766408055242e-14,6.508450123843268e-07
1510.647940899834,0.09405638472391183,0.09405638472391263,0.09405638472390054,0.09406293233875875,0.09405682056327523,0.09405641238249432,-1.2087553180606392e-14,4.3583936260027656e-07
1514.719768233796,0.07281277900365347,0.07281277900365349,0.07281277900364279,0.07281666804568278,0.07281303723935441,0.0728127953819482,-1.0699774399824946e-14,2.582357009200953e-07
1518.7915955677577,0.057376669098495967,0.05737666909849484,0.057376669098484975,0.05737898867303735,0.057376822998265506,0.057376678857617325,-9.867107131356079e-15,1.5389977066349037e-07
1522.8634229017196,0.047766826397728404,0.04776682639772703,0.04776682639771836,0.047768231081238614,0.04776691954227618,0.047766832303452654,-8.673617379884035e-15,9.314454915004822e-08
1526.9352502356815,0.04179413315400135,0.04179413315400029,0.04179413315399302,0.04179498443064766,0.04179418953368421,0.04179413672769278,-7.271960811294775e-15,5.63796839214703e-08
1531.0070775696431,0.037933707224859,0.03793370722485788,0.03793370722485167,0.03793421111602133,0.03793374050980473,0.03793370933337739,-6.2103100439969694e-15,3.3284946847345065e-08
1535.078904903605,0.03532145486382917,0.03532145486382805,0.035321454863821766,0.03532173379967702,0.035321473183089744,0.035321456022742004,-6.286637876939949e-15,1.8319261690935562e-08
1539.150732237567,0.03347644593541362,0.03347644593541277,0.03347644593540426,0.03347657559668158,0.03347645431813075,0.03347644646374558,-8.507083926190262e-15,8.382717978094867e-09
1543.2225595715286,0.032123446954538115,0.03212344695453774,0.03212344695452512,0.032123475784346496,0.032123448622353556,0.032123447056692234,-1.2621848011207248e-14,1.667815816008833e-09
1547.2943869054905,0.031098698769717024,0.03109869876971699,0.031098698769701536,0.0310986587195512,0.031098695848981464,0.031098698580625153,-1.5452916724001398e-14,-2.920735524963858e-09
1551.3662142394523,0.030300857244714187,0.03030085724471383,0.030300857244699737,0.030300769927990356,0.030300851174656983,0.03030085685571807,-1.4092893518835581e-14,-6.070056846052552e-09
1555.438041573414,0.029664869852294513,0.029664869852293392,0.029664869852280843,0.02966475019973128,0.02966486162768118,0.02966486932653569,-1.2548989625216223e-14,-8.224612213503235e-09
1559.509868907376,0.02914758141210946,0.02914758141210779,0.02914758141209432,0.029147439917034303,0.02914757173240192,0.02914758079399095,-1.3471862514435884e-14,-9.6797058701803e-09
1563.5816962413378,0.02871951013027698,0.028719510130275103,0.02871951013026359,0.028719354269932173,0.028719499494113662,0.028719509451456713,-1.1515094433534045e-14,-1.0636161441174297e-08
1567.6535235752995,0.028359982476538505,0.02835998247653671,0.02835998247653109,0.028359817636249604,0.02835997124320278,0.028359981759829178,-5.620504062164855e-15,-1.123333393318604e-08
1571.7253509092614,0.028054160720507374,0.028054160720506004,0.02805416072050552,0.028053990809093435,0.028054149150880746,0.02805415998247536,-4.822531263215524e-16,-1.156962525783456e-08
1575.7971782432232,0.02779117257631039,0.02779117257630963,0.027791172576313094,0.027791000444644873,0.027791160860738413,0.027791171829043875,3.462508058049707e-15,-1.171557121801281e-08
1579.869005577185,0.027562902470739475,0.027562902470739226,0.027562902470747167,0.027562730201816564,0.027562890748351384,0.027562901723074743,7.941564073021823e-15,-1.1722387841667237e-08
1583.9408329111468,0.027363191263390922,0.02736319126339102,0.02736319126340254,0.027363020376717,0.027363179635718125,0.02736319052177685,1.1522033327437953e-14,-1.1627672893976815e-08
1588.0126602451087,0.02718729464962275,0.027187294649622926,0.02718729464963548,0.027187126247381475,0.027187283190341263,0.027187293918739183,1.255592851912013e-14,-1.1459281662462573e-08
1592.0844875790704,0.02703150926138452,0.02703150926138481,0.02703150926139616,0.027031344134344364,0.027031498023376864,0.02703150854459117,1.1352030426792226e-14,-1.1238007944364137e-08
1596.1563149130322,0.026892909827050053,0.026892909827050705,0.02689290982706,0.026892748532200524,0.026892898847583214,0.026892909126714912,9.294648384283732e-15,-1.0979467491428752e-08
1600.2281422469941,0.02676916133364197,0.026769161333643026,0.026769161333649722,0.026769004251697374,0.026769150638203655,0.026769160651384738,6.696032617270475e-15,-1.069543937096129e-08
1604.2999695809558,0.026658382760847827,0.0266583827608491,0.02665838276085317,0.02665823013923157,0.026658372366015284,0.026658382097721967,4.0696612746415894e-15,-1.039483381662376e-08
1608.3717969149177,0.02655904687061486,0.026559046870616138,0.02655904687061763,0.02655889885585204,0.02655903678621743,0.026559046227245083,1.4918621893400541e-15,-1.0084398708448683e-08
1612.4436242488796,0.02646990559713059,0.026469905597131884,0.0264699055971288,0.02646976225943358,0.0264698958278919,0.02646990497381748,-3.084338340286763e-15,-9.76923998294299e-09
1616.5154515828413,0.026389933878795242,0.02638993387879661,0.02638993387878815,0.026389795230841364,0.02638992442558728,0.026389933275594538,-8.458511668862911e-15,-9.45320932990712e-09
1620.5872789168031,0.026318286958616297,0.026318286958617428,0.0263182869586059,0.026318152969969085,0.026318277819422916,0.026318286375399957,-1.152897222134186e-14,-9.139194512286508e-09
1624.659106250765,0.026254267650830797,0.02625426765083146,0.02625426765081921,0.026254138259070345,0.026254258821491867,0.02625426708733448,-1.2250617187348212e-14,-8.829339592786312e-09
1628.7309335847267,0.026197301077583734,0.026197301077583876,0.026197301077573044,0.026197176196934648,0.026197292552372322,0.02619730053344371,-1.0831613383999183e-14,-8.525211554061274e-09
1632.8027609186886,0.02614691507735256,0.026146915077352267,0.02614691507734382,0.026146794605399135,0.026146906849423907,0.026146914552134113,-8.44810332800705e-15,-8.22792835947217e-09
1636.8745882526505,0.02610272497777311,0.026102724977772745,0.02610272497776633,0.026102608800707652,0.026102717039516023,0.026102724470993047,-6.415007414162233e-15,-7.938256722100911e-09
1640.9464155866121,0.026064421775880423,0.026064421775880364,0.02606442177587522,0.026064309772624226,0.026064414119192733,0.02606442128702423,-5.14518982974721e-15,-7.656687631141246e-09
1645.018242920574,0.026031763022609247,0.026031763022609424,0.026031763022603658,0.026031655068067615,0.026031755639115358,0.026031762551144682,-5.766220834146907e-15,-7.383494066148799e-09
1649.090070254536,0.026004565895529755,0.02600456589552992,0.026004565895523267,0.02600446186318667,0.026004558776754377,0.026004565440917875,-6.654399253847032e-15,-7.1187755447399415e-09
1653.1618975884976,0.025982702084800094,0.0259827020848,0.025982702084793804,0.025982601848814138,0.025982695222308987,0.025982701646504524,-6.196432256189155e-15,-6.86249101294889e-09
1657.2337249224595,0.025966094226785932,0.02596609422678525,0.025966094226779937,0.025965997663719532,0.025966087612301375,0.025966093804280204,-5.311723283440983e-15,-6.614483873818022e-09
1661.3055522564214,0.02595471370851304,0.02595471370851193,0.02595471370850671,0.025954620698807107,0.025954707334013012,0.025954713301287242,-5.221517662690189e-15,-6.374498918298999e-09
1665.3773795903833,0.025948579742642607,0.025948579742641347,0.025948579742636004,0.02594849017193498,0.025948573600448395,0.025948579350208726,-5.342948306008566e-15,-6.142192952168779e-09
1669.449206924345,0.025947759684541154,0.02594775968453999,0.02594775968453639,0.025947673444923502,0.025947753767400786,0.025947759306438167,-3.6012859361278515e-15,-5.917139205696698e-09
1673.5210342583068,0.025952370638087623,0.02595237063808657,0.025952370638087592,0.02595228762939968,0.025952364939261913,0.025952370273886707,1.0234868508263162e-15,-5.698824655231416e-09
1677.5928615922687,0.025962582484634615,0.02596258248463392,0.025962582484640347,0.025962502615907834,0.025962576997993106,0.025962582133945842,6.4254157550180935e-15,-5.4866408152887125e-09
1681.6646889262304,0.025978622583460096,0.02597862258345975,0.02597862258347027,0.025978545774649583,0.02597861730359547,0.025978622245939085,1.0519363158323358e-14,-5.2798642784235295e-09
1685.7365162601923,0.02600078255309277,0.026000782553092405,0.026000782553103865,0.026000708737285962,0.026000777475466474,0.02600078222844989,1.1459583282302788e-14,-5.077625930827168e-09
1689.8083435941542,0.02602942778619753,0.026029427786197133,0.026029427786205952,0.026029356912569367,0.02602942290733555,0.02602942747421085,8.819334151866087e-15,-4.87886158209716e-09
1693.8801709281158,0.02606501073793894,0.026065010737938734,0.02606501073794285,0.026064942775852064,0.026065006055702278,0.02606501043847143,4.1147640850169864e-15,-4.682236456193811e-09
1697.9519982620777,0.026108089671429916,0.02610808967142987,0.026108089671429427,0.026108024616303283,0.026108085185401333,0.026108089384453304,-4.440892098500626e-16,-4.4860285382253284e-09
1702.0238255960396,0.02615935565656037,0.02615935565656016,0.026159355656557817,0.026159293538507433,0.026159351368614085,0.026159355382191277,-2.3418766925686896e-15,-4.287946074599258e-09
1706.0956529300013,0.026219672614973297,0.026219672614972957,0.02621967261497142,0.026219613511870885,0.026219668530138022,0.026219672353528452,-1.536964999715451e-15,-4.084834935580428e-09
1710.1674802639632,0.026290138919841465,0.026290138919841607,0.026290138919842207,0.026290082977677365,0.026290135047643406,0.026290138671922994,6.002143226879753e-16,-3.8721982009715106e-09
1714.239307597925,0.02637218622754627,0.026372186227547303,0.026372186227550377,0.026372133693104254,0.026372182584165668,0.026372185994177438,3.073929999430902e-15,-3.6433816345826653e-09
1718.3111349318867,0.026467745511675893,0.026467745511677212,0.02646774551168134,0.026467696786862897,0.026467742123533523,0.02646774529452756,4.128641872824801e-15,-3.3881436892202466e-09
1722.3829622658486,0.026579539472758026,0.026579539472758935,0.02657953947276247,0.026579495208286556,0.026579536382703745,0.026579539274541503,3.535366444040733e-15,-3.0900551908907836e-09
1726.4547895998105,0.026711620122867263,0.026711620122867496,0.02671162012286997,0.02671158138596972,0.026711617401261205,0.026711619948036516,2.473715676742927e-15,-2.7216062910284666e-09
1730.5266169337722,0.02687038261944281,0.026870382619442888,0.02687038261944374,0.02687035120395069,0.026870380384646574,0.026870382475492966,8.534839501805891e-16,-2.2347963132829385e-09
1734.598444267734,0.02706641525873246,0.02706641525873298,0.027066415258731952,0.02706639426324741,0.027066413715302082,0.027066415158618046,-1.0269562977782698e-15,-1.5434308969775046e-09
1738.670271601696,0.027317045090474015,0.027317045090474557,0.027317045090473172,0.027317039912949814,0.02731704459470793,0.027317045056757455,-1.384309333829492e-15,-4.957666256688587e-10
1742.7420989356576,0.027643770675246072,0.027643770675246097,0.02764377067524537,0.0276437899768672,0.02764377179760843,0.027643770744034173,-7.251144129583054e-16,1.1223623350153922e-09
1746.8139262696195,0.028032754815867367,0.028032754815866836,0.028032754815866406,0.028032806848521923,0.02803275809346293,0.02803275502106246,-4.3021142204224816e-16,3.277596093836932e-09
1750.8857536035814,0.02834369587774482,0.028343695877744008,0.028343695877743616,0.028343768891737398,0.02834370052276397,0.028343696169279134,-3.920475055707584e-16,4.645019962418173e-09
1754.957580937543,0.028474273947919897,0.028474273947919425,0.02847427394791869,0.02847433189812589,0.028474277594030907,0.028474274176130646,-7.355227538141662e-16,3.646111482180636e-09
1759.029408271505,0.02858444482732455,0.028584444827324574,0.028584444827323263,0.02858447314689753,0.02858444653108304,0.028584444932730914,-1.3114509478384662e-15,1.7037584676415918e-09
1763.1012356054669,0.02878940021353047,0.028789400213530658,0.028789400213529295,0.028789406350109435,0.028789400467348146,0.028789400227326793,-1.3634926521177704e-15,2.5381748786079683e-10
1767.1730629394285,0.029096874924321624,0.02909687492432201,0.029096874924320792,0.02909686782471186,0.02909687431495693,0.029096874883609604,-1.2177758801357186e-15,-6.093650792293737e-10
1771.2448902733904,0.029497513800359667,0.029497513800360135,0.029497513800359584,0.029497499201223975,0.029497512703664373,0.02949751372889914,-5.516420653606247e-16,-1.0966957619817919e-09
1775.3167176073523,0.029990518338103567,0.029990518338103896,0.029990518338103338,0.029990499581222053,0.029990516973063826,0.029990518249738304,-5.585809592645319e-16,-1.365040070561152e-09
1779.388544941314,0.030584425629874328,0.030584425629874745,0.030584425629872746,0.030584404686525516,0.030584424125781294,0.030584425532779517,-1.9984014443252818e-15,-1.5040934504828574e-09
1783.4603722752759,0.031295892089727696,0.031295892089728425,0.0312958920897249,0.03129587016459695,0.03129589052575424,0.031295891988911806,-3.524958103184872e-15,-1.5639741862694123e-09
1787.5321996092378,0.03214991050623442,0.032149910506235474,0.032149910506231644,0.03214988835030958,0.03214990893197651,0.03214991040483793,-3.83026943495679e-15,-1.5742589662415263e-09
1791.6040269431994,0.03318159292413289,0.033181592924133925,0.0331815929241304,0.0331815709802445,0.03318159136923511,0.03318159282403815,-3.524958103184872e-15,-1.554898813871386e-09
1795.6758542771613,0.03443965689370754,0.034439656893708655,0.03443965689370582,0.034439635332852124,0.034439655370411784,0.03443965679570289,-2.8380076066980564e-15,-1.5232968705869432e-09
1799.7476816111232,0.0359922167253826,0.035992216725384045,0.03599221672538227,0.03599219538210151,0.035992215224604114,0.035992216628918834,-1.7763568394002505e-15,-1.5007799308852654e-09
1803.8195089450849,0.037936163192375846,0.0379361631923779,0.037936163192376866,0.037936141360284156,0.03793616167088488,0.03793616309476383,-1.033895191682177e-15,-1.5214930218498957e-09
1807.8913362790468,0.040412555446131315,0.04041255544613389,0.04041255544613228,0.04041253142468355,0.040412553797966044,0.040412555340750944,-1.609823385706477e-15,-1.6481678452584525e-09
1811.9631636130086,0.04363257500398636,0.043632575003989614,0.043632575003986665,0.04363254515200965,0.04363257300062263,0.043632574876536656,-2.949029909160572e-15,-2.003366986191857e-09
1816.0349909469703,0.04792278379578947,0.047922783795793976,0.04792278379579062,0.04792274055977697,0.047922780961363515,0.047922783616465695,-3.3584246494910985e-15,-2.8344304611738202e-09
1820.1068182809322,0.053806954757791146,0.05380695475779783,0.05380695475779591,0.05380688252695812,0.05380695010662411,0.05380695446482565,-1.915134717478395e-15,-4.651173717007406e-09
1824.178645614894,0.062159165495631934,0.06215916549564131,0.062159165495641315,0.06215903191394316,0.06215915698185888,0.06215916496077893,6.938893903907228e-18,-8.513782429053762e-09
1828.2504729488558,0.07449617306281464,0.0744961730628278,0.07449617306282773,0.07449591184129709,0.0744961564913888,0.07449617202305625,-6.938893903907228e-17,-1.6571438998802535e-08
1832.3223002828177,0.09352014073851124,0.09352014073853065,0.09352014073852857,0.09351962653338201,0.09352010817406207,0.09352013869628052,-2.0816681711721685e-15,-3.256446858002082e-08
1836.3941276167795,0.12391683605906982,0.12391683605910003,0.12391683605909674,0.12391591492678145,0.12391677776322337,0.12391683240385977,-3.2890357104520263e-15,-5.829587666761338e-08
1840.4659549507412,0.17198495818032514,0.17198495818037213,0.17198495818036957,0.17198401120104623,0.17198489837912181,0.17198495443259787,-2.55351295663786e-15,-5.980125031279648e-08
1844.537782284703,0.2354659898906625,0.23546598989072584,0.23546598989072562,0.2354686111407225,0.2354661566713644,0.2354660003598955,-2.220446049250313e-16,1.667806385496906e-07
1848.609609618665,0.27524322427381387,0.27524322427386966,0.2752432242738737,0.2752562143887013,0.2752440490580056,0.2752432760243228,4.052314039881821e-15,8.24784135933232e-07
1852.6814369526267,0.25382242379690434,0.2538224237969328,0.2538224237969397,0.25383801313529003,0.2538234135355243,0.2538224858975523,6.8833827526759706e-15,9.897385914725554e-07
1856.7532642865885,0.21726972313996665,0.21726972313997497,0.21726972313998055,0.21727371333101653,0.2172699771922159,0.21726973909279718,5.578870698741412e-15,2.5405224093888457e-07
1860.8250916205504,0.20864701829067062,0.20864701829066468,0.2086470182906681,0.20863487197378552,0.20864624906128165,0.2086469700577444,3.4139358007223564e-15,-7.692293830241503e-07
1864.896918954512,0.2331581959634191,0.23315819596339704,0.233158195963398,0.23313156593529177,0.23315650852641043,0.23315809013855018,9.71445146547012e-16,-1.6874369866137773e-06
1868.968746288474,0.26516709238029373,0.2651670923802469,0.26516709238024394,0.26514336424401885,0.2651655892681275,0.2651669981185646,-2.942091015256665e-15,-1.5031121193831432e-06
1873.0405736224359,0.24896988616989507,0.2489698861698303,0.24896988616982405,0.2489695848861739,0.24896986820828623,0.24896988505800846,-6.2450045135165055e-15,-1.7961544057643053e-08
1877.1124009563976,0.1897216531000357,0.18972165309998118,0.1897216530999755,0.1897315813279344,0.18972228318558437,0.18972169262983962,-5.689893001203927e-15,6.300856031926649e-07
1881.1842282903594,0.13620590649590106,0.1362059064958652,0.13620590649586187,0.13621380820934675,0.13620640780604915,0.13620593794473812,-3.3306690738754696e-15,5.01310183947945e-07
1885.2560556243213,0.10103742980329716,0.10103742980327453,0.10103742980327327,0.1010422030346542,0.10103773262086065,0.10103744879989376,-1.2628786905111156e-15,3.0281758611749865e-07
1889.327882958283,0.07910028001214774,0.0791002800121329,0.07910028001213196,0.07910306725520795,0.07910045683226936,0.07910029110446568,-9.43689570931383e-16,1.7682013646325156e-07
1893.399710292245,0.06506138415293153,0.06506138415292136,0.06506138415291969,0.06506305428751145,0.06506149009282272,0.06506139079856112,-1.6653345369377348e-15,1.0593990136531506e-07
1897.4715376262068,0.055686479745611986,0.055686479745604665,0.05568647974560238,0.0556875202368846,0.055686545728199525,0.055686483884414,-2.282896094385478e-15,6.598259486012559e-08
1901.5433649601684,0.04915871026643234,0.04915871026642694,0.0491587102664243,0.04915938391191426,0.04915875296423369,0.0491587129443339,-2.6367796834847468e-15,4.26978067555317e-08
1905.6151922941303,0.0444432406556582,0.04444324065565403,0.04444324065565061,0.04444369194425685,0.04444326923665997,0.04444324244781843,-3.4208746946262636e-15,2.8581005936945125e-08
1909.6870196280922,0.040928705269354125,0.04092870526935088,0.04092870526934632,0.04092901650563266,0.04092872495673004,0.04092870650346447,-4.558853294867049e-15,1.9687379164412544e-08
1913.758846962054,0.03823906724342361,0.038239067243421104,0.03823906724341557,0.038239287126316246,0.03823908112825533,0.03823906811342068,-5.537237335317968e-15,1.3884834226818299e-08
1917.8306742960158,0.03613403687819771,0.036134036878195656,0.03613403687818935,0.036134195287094883,0.03613404685741551,0.03613403750310157,-6.3074545586516706e-15,9.979219853240018e-09
1921.9025016299777,0.03445469249012022,0.03445469249011819,0.03445469249011193,0.034454808377047084,0.03445469976718263,0.03445469294544399,-6.25888230132432e-15,7.277064437150038e-09
1925.9743289639393,0.03309267511948174,0.033092675119480365,0.0330926751194746,0.03309276087088451,0.03309268048111745,0.03309267545459341,-5.766220834146907e-15,5.361637085699034e-09
1930.0461562979012,0.03197209133268021,0.03197209133267972,0.03197209133267469,0.03197215526418678,0.03197209530718985,0.03197209158073295,-5.0306980803327406e-15,3.974510130733133e-09
1934.1179836318631,0.03103851391199333,0.0310385139119928,0.03103851391198848,0.03103856174209321,0.03103851686277169,0.03103851409579218,-4.31946145518225e-15,2.9507788885940744e-09
1938.1898109658248,0.030252085670120995,0.030252085670120003,0.030252085670115794,0.030252121416968435,0.030252087852579528,0.030252085805695616,-4.208439152719734e-15,2.1824595256014767e-09
1942.2616382997867,0.02958307256880314,0.029583072568801723,0.02958307256879737,0.029583099111010983,0.0295830741659693,0.029583072667641406,-4.354155924701786e-15,1.597167578748504e-09
1946.3334656337486,0.029008922643742694,0.029008922643741462,0.029008922643737403,0.029008942079868618,0.029008923789083967,0.02900892271422292,-4.0592529337857286e-15,1.145342504865754e-09
1950.4052929677102,0.02851227588521885,0.028512275885218236,0.02851227588521501,0.02851228976947586,0.028512276677609735,0.028512275933548124,-3.226585665316861e-15,7.923914996377235e-10
1954.4771203016721,0.02807958951813711,0.028079589518137188,0.028079589518134943,0.02807959901816971,0.02807959003187974,0.028079589548980016,-2.2447321779139884e-15,5.137425519718963e-10
1958.548947635634,0.027700170471875642,0.02770017047187623,0.02770017047187386,0.027700176476381635,0.027700170763536203,0.02770017048878334,-2.3696322681843185e-15,2.916599739499759e-10
1962.6207749695957,0.027365482776468695,0.027365482776469583,0.027365482776466117,0.027365485969891155,0.027365482889623403,0.027365482782176917,-3.4659775050016606e-15,1.1315381964749349e-10
1966.6926023035576,0.02706864403904359,0.02706864403904438,0.027068644039041044,0.027068644954239215,0.027068644007625493,0.02706864403568253,-3.337607967779377e-15,-3.141888832436379e-11
1970.7644296375195,0.02680405417235614,0.026804054172356484,0.02680405417235436,0.026804053228282693,0.026804054023050753,0.02680405416160108,-2.123301534595612e-15,-1.4930573097315936e-10
1974.8362569714814,0.02656711806923365,0.026567118069233443,0.02656711806923142,0.026567115598284764,0.026567117823217,0.026567118052414223,-2.022687572988957e-15,-2.4601644332822303e-10
1978.908084305443,0.026354035968105757,0.026354035968105254,0.026354035968101902,0.026354032236187323,0.026354035642321225,0.026354035946286172,-3.3514857555871913e-15,-3.257840282266944e-10
1982.979911639405,0.026161643236138597,0.02616164323613808,0.02616164323613387,0.026161638457585804,0.026161642844245266,0.026161643210176878,-4.208439152719734e-15,-3.9189281333951165e-10
1987.0517389733668,0.02598728666961916,0.025987286669619008,0.025987286669614827,0.025987281018401556,0.025987286222704804,0.025987286640212003,-4.180683577104105e-15,-4.469142035612439e-10
1991.1235663073285,0.02582872808382014,0.025828728083820175,0.025828728083815266,0.025828721702042978,0.025828727590941517,0.025828728051536083,-4.909267437014364e-15,-4.928786580260525e-10
1995.1953936412904,0.025684068510449968,0.02568406851044948,0.025684068510443376,0.025684061514866158,0.02568406797904753,0.025684068475755634,-6.102757188486407e-15,-5.314019502211664e-10
1999.2672209752523,0.025551688108931502,0.025551688108930392,0.025551688108924043,0.025551680595974666,0.025551687545150588,0.025551688072212687,-6.349087922075114e-15,-5.637798040913911e-10
2003.339048309214,0.025430198169135658,0.025430198169134253,0.02543019816912877,0.02543019021884049,0.02543019757807628,0.025430198130712876,-5.4817261840867104e-15,-5.910579733980903e-10
2007.4108756431758,0.025318402497547302,0.025318402497546147,0.025318402497541564,0.02531839417662803,0.025318401883459896,0.02531840245768797,-4.583139423530724e-15,-6.140862505998879e-10
2011.4827029771377,0.025215266143505572,0.025215266143504965,0.025215266143501325,0.025215257507790436,0.025215265509945788,0.025215266102433208,-3.639449852599341e-15,-6.335591773432014e-10
2015.5545303110994,0.025119889910186637,0.025119889910186446,0.02511988991018363,0.02511988100655707,0.02511988926013859,0.02511988986808845,-2.8171909249863347e-15,-6.500478558213452e-10
2019.6263576450613,0.02503148945672534,0.02503148945672516,0.025031489456722605,0.025031480324670754,0.02503148879270103,0.025031489413758597,-2.5569824035898137e-15,-6.640241308197847e-10
2023.6981849790232,0.024949378068374748,0.024949378068374398,0.024949378068372115,0.024949368741246914,0.0249493773924944,0.024949378024672363,-2.282896094385478e-15,-6.758799978023866e-10
2027.7700123129848,0.02487295237558789,0.02487295237558727,0.024872952375586187,0.02487294288161791,0.024872951689644828,0.02487295233126229,-1.0824674490095276e-15,-6.859424417360316e-10
2031.8418396469467,0.02480168045794453,0.024801680457943554,0.024801680457945015,0.024801670821072496,0.024801679763457915,0.024801680413090894,1.4606371667724716e-15,-6.944856391355447e-10
2035.9136669809086,0.024735091887574886,0.024735091887573522,0.02473509188757833,0.024735082128130133,0.02473509118583323,0.02473509184227403,4.808653475407709e-15,-7.017402908759962e-10
2039.9854943148703,0.024672769358292164,0.024672769358290807,0.024672769358298017,0.024672759493554217,0.024672768650389535,0.024672769312613016,7.20951076615961e-15,-7.079012723232303e-10
2044.0573216488322,0.024614341617735635,0.024614341617735028,0.024614341617742817,0.024614331662398008,0.024614340904601007,0.024614341571737086,7.788908407135864e-15,-7.13134020585704e-10
2048.129148982794,0.02455947747536763,0.02455947747536764,0.024559477475375277,0.02455946744192262,0.02455947675778856,0.024559477429098857,7.636252741249905e-15,-7.175790794899939e-10
2052.2009763167557,0.02450788070282942,0.0245078807028297,0.02450788070283683,0.024507870601890608,0.024507879981473198,0.024507880656331915,7.129713486264677e-15,-7.213565023089785e-10
2056.2728036507174,0.02445928567768939,0.024459285677689922,0.02445928567769639,0.0244592755182624,0.024459284953120657,0.024459285630998376,6.467049118441537e-15,-7.245692656976388e-10
2060.3446309846795,0.02441345364905625,0.02441345364905688,0.02441345364906392,0.024413443438765475,0.02441345292175136,0.02441345360220138,7.039507865513883e-15,-7.27305517894683e-10
2064.416458318641,0.02437016952546219,0.024370169525462563,0.024370169525472364,0.024370159270742695,0.024370168795821295,0.02437016947846812,9.80118763926896e-15,-7.296412675439345e-10
2068.488285652603,0.024329239103039343,0.024329239103039434,0.024329239103051715,0.024329228809299823,0.024329238371397152,0.024329239055926908,1.2281842209915794e-14,-7.316422814818146e-10
2072.560112986565,0.024290486666229745,0.02429048666622992,0.024290486666243033,0.02429047633799097,0.02429048593286464,0.02429048661901659,1.3114509478384662e-14,-7.333652782270939e-10
2076.6319403205266,0.024253752904793372,0.02425375290479386,0.02425375290480744,0.024253742545805555,0.02425375216993441,0.02425375285749393,1.3579415369946446e-14,-7.348594510681039e-10
2080.7037676544883,0.02421889310026363,0.0242188931002644,0.02421889310027814,0.02421888271360711,0.024218892364096738,0.02421889305288941,1.3742479376688266e-14,-7.361676615524892e-10
2084.7755949884504,0.024185775542676754,0.024185775542677514,0.02418577554269088,0.02418576513084836,0.02418577480535034,0.024185775495236605,1.3367779105877275e-14,-7.373271750099608e-10
2088.847422322412,0.02415428014470106,0.024154280144701588,0.02415428014471524,0.024154269709688928,0.024154279406331164,0.02415428009720191,1.3652273755937472e-14,-7.383704238306255e-10
2092.9192496563737,0.02412429722548783,0.024124297225488,0.02412429722550311,0.024124286768835452,0.02412429648616213,0.024124297177934878,1.510944147575799e-14,-7.393258678878301e-10
2096.991076990336,0.024095726440858622,0.024095726440858643,0.024095726440875417,0.024095715963720506,0.0240957257006403,0.024095726393255888,1.6774776012695725e-14,-7.402183414828567e-10
2101.0629043242975,0.024068475840015625,0.024068475840015712,0.0240684758400334,0.02406846534320494,0.024068475098946163,0.024068475792365734,1.7687240561059525e-14,-7.410695494758368e-10
2105.134731658259,0.02404246103192918,0.024042461031929533,0.024042461031946825,0.024042450515959202,0.024042460290030834,0.02404246098423352,1.7291723608536813e-14,-7.418986987250964e-10
2109.2065589922213,0.024017604447044916,0.02401760444704529,0.02401760444706088,0.024017593912164906,0.02401760370432277,0.024017604399303435,1.558822515512759e-14,-7.427225223732847e-10
2113.278386326183,0.023993834682033525,0.023993834682033435,0.023993834682046772,0.023993824128260406,0.023993833938477586,0.023993834634244995,1.3336554083309693e-14,-7.435558488366745e-10
2117.350213660145,0.023971085917060493,0.023971085917060098,0.023971085917071894,0.023971075344207234,0.023971085172648458,0.023971085869223474,1.1796119636642288e-14,-7.444116399690781e-10
2121.4220409941067,0.02394929739653326,0.023949297396533023,0.023949297396544757,0.02394928680423251,0.02394929665123152,0.023949297348645916,1.1733669591507123e-14,-7.453015045399969e-10
2125.4938683280684,0.023928412965529357,0.023928412965529344,0.02392841296554132,0.02392840235325382,0.023928412219293954,0.02392841291758884,1.1976530878143876e-14,-7.46235389453842e-10
2129.5656956620305,0.023908380655173644,0.023908380655173686,0.02390838065518435,0.023908370022254606,0.023908379907951294,0.02390838060717625,1.066507993030541e-14,-7.472223916005216e-10
2133.637522995992,0.023889152311137248,0.023889152311137005,0.023889152311144895,0.02388914165678076,0.023889151562866615,0.023889152263078688,7.889522368742519e-15,-7.482703900940635e-10
2137.709350329954,0.023870683260198693,0.023870683260198068,0.023870683260203387,0.02387067258350027,0.023870682510811637,0.023870683212074396,5.3186621773448906e-15,-7.493864313812271e-10
2141.781177663916,0.02385293201046862,0.023852932010467762,0.02385293201047088,0.023852921310425615,0.023852931259891103,0.023852931962273935,3.119032809806299e-15,-7.505766598525643e-10
2145.8530049978776,0.02383585998144187,0.023835859981440975,0.023835859981441606,0.023835849256964258,0.02383585922959428,0.023835859933171787,6.314393452555578e-16,-7.518466960121373e-10
2149.9248323318393,0.02381943126052694,0.023819431260526155,0.02381943126052448,0.023819420510446904,0.02381943050732487,0.023819431212176185,-1.6757428777935957e-15,-7.532012860633763e-10
2153.9966596658014,0.023803612383121654,0.02380361238312124,0.023803612383118473,0.023803601606202106,0.023803611628476284,0.02380361233468471,-2.768618667658984e-15,-7.546449576345537e-10
2158.068486999763,0.023788372133663863,0.02378837213366373,0.023788372133660772,0.023788361328605574,0.023788371377482263,0.023788372085134644,-2.959438250016433e-15,-7.561814681367185e-10
2162.1403143337247,0.023773681365396516,0.023773681365396607,0.023773681365393817,0.02377367053084502,0.02377368060758225,0.023773681316768755,-2.789435349370706e-15,-7.578143564057616e-10
2166.212141667687,0.02375951283686062,0.023759512836861,0.023759512836859113,0.023759501971411988,0.02375951207731432,0.02375951278812799,-1.887379141862766e-15,-7.595466790244476e-10
2170.2839690016485,0.023745841063360997,0.023745841063361674,0.023745841063360248,0.023745830165566955,0.023745840301980466,0.02374584101451693,-1.4259426972529354e-15,-7.613812080808913e-10
2174.35579633561,0.023732642181855793,0.023732642181856705,0.023732642181854495,0.023732631250227912,0.023732641418536232,0.023732642132893517,-2.2100377083944522e-15,-7.633204728019205e-10
2178.4276236695723,0.023719893827898745,0.02371989382789933,0.02371989382789635,0.023719882860912183,0.023719893062532773,0.02371989377881089,-2.9802549317281546e-15,-7.653665583251534e-10
2182.499451003534,0.023707575023417585,0.023707575023417967,0.02370757502341544,0.023707564019515456,0.023707574255896306,0.023707574974197204,-2.525757381022231e-15,-7.675216608105107e-10
2186.5712783374956,0.023695666074253587,0.02369566607425435,0.02369566607425361,0.023695655031849873,0.02369566530446684,0.023695666024894202,-7.389922007661198e-16,-7.697875115120212e-10
2190.6431056714578,0.023684148476500123,0.023684148476501327,0.023684148476502628,0.023684137393981244,0.023684147704335436,0.02368414842699453,1.3010426069826053e-15,-7.721658902559714e-10
2194.7149330054194,0.023673004830784307,0.023673004830785466,0.023673004830788293,0.02367299370651132,0.023673004056127284,0.023673004781124767,2.8275992658421956e-15,-7.746581813516951e-10
2198.786760339381,0.02366221876373186,0.023662218763732736,0.023662218763735986,0.023662207596043257,0.023662217986466835,0.023662218713910686,3.2508717939805365e-15,-7.772659009475102e-10
2202.858587673343,0.023651774855935823,0.023651774855936333,0.023651774855939528,0.0236517636431492,0.023651774075946094,0.023651774805945512,3.1953606427492787e-15,-7.799902390637214e-10
2206.930415007305,0.02364165857581833,0.02364165857581854,0.023641658575821595,0.023641647316231567,0.02364165779298604,0.02364165852565134,3.0531133177191805e-15,-7.828325002123826e-10
2211.0022423412665,0.023631856218840765,0.02363185621884046,0.023631856218844213,0.023631844910733026,0.02363185543304666,0.023631856168489264,3.7539416020138106e-15,-7.857937980859653e-10
2215.0740696752287,0.023622354851572325,0.023622354851571412,0.023622354851576034,0.023622343493205383,0.023622354062696242,0.023622354801028526,4.621303340002214e-15,-7.888751700491081e-10
2219.1458970091903,0.02361314226017983,0.0236131422601785,0.02361314226018273,0.02361313084979905,0.02361314146810088,0.023613142209436194,4.229255834431456e-15,-7.920776187719802e-10
2223.217724343152,0.023604206902942557,0.0236042069029412,0.023604206902944486,0.023604195438777478,0.023604206107539043,0.023604206851991674,3.2855662635000726e-15,-7.954021573330916e-10
2227.289551677114,0.023595537866437113,0.023595537866435926,0.023595537866439024,0.02359552634670155,0.023595537067586162,0.023595537815271305,3.0982161280945775e-15,-7.988497641164827e-10
2231.3613790110758,0.02358712482507073,0.02358712482506969,0.02358712482507314,0.023587113247963143,0.023587124022648325,0.023587124773681998,3.4486302702418925e-15,-8.024213654644896e-10
2235.4332063450374,0.02357895800367446,0.023578958003673614,0.02357895800367731,0.023578946367378548,0.023578957197555855,0.0235789579520549,3.694961003830599e-15,-8.061177593499114e-10
2239.5050336789996,0.023571028142896085,0.02357102814289545,0.023571028142899374,0.02357101644558068,0.02357102733295537,0.02357102809103766,3.923944502659538e-15,-8.099400802819012e-10
2243.576861012961,0.023563326467154103,0.02356332646715363,0.023563326467157572,0.023563314706973367,0.023563325653264623,0.02356332641504877,3.941291737419306e-15,-8.138890082720618e-10
2247.648688346923,0.023555844654940594,0.023555844654940403,0.02355584465494345,0.02355583283003401,0.023555843836974726,0.023555844602580162,3.0461744238152733e-15,-8.179656778295463e-10
2251.720515680885,0.023548574811277683,0.02354857481127776,0.023548574811279484,0.02354856291976982,0.023548573989107036,0.023548574758654007,1.7243151351209463e-15,-8.22170723863147e-10
2255.7923430148467,0.02354150944215236,0.023541509442152705,0.023541509442152497,0.02354149748215268,0.023541508615647303,0.02354150938925722,-2.0816681711721685e-16,-8.265054023126606e-10
2259.8641703488083,0.023534641430768742,0.02353464143076922,0.023534641430765873,0.02353462940037115,0.023534640599798717,0.0235346413775935,-3.3480163086352377e-15,-8.309705042119919e-10
2263.9359976827704,0.023527964015472923,0.023527964015473187,0.02352796401546724,0.023527951912755373,0.02352796317990622,0.02352796396200903,-5.946632075648495e-15,-8.355669663118181e-10
2268.007825016732,0.02352147076921737,0.023521470769217623,0.023521470769211336,0.02352145859224212,0.023521469928921682,0.023521470715456468,-6.286637876939949e-15,-8.402959404685273e-10
2272.079652350694,0.023515155580445785,0.02351515558044626,0.02351515558044172,0.023515143327258525,0.023515154735287737,0.023515155526379637,-4.541506060107281e-15,-8.451585230273562e-10
2276.151479684656,0.023509012635286743,0.023509012635287565,0.023509012635285414,0.02350900030391585,0.023509011785131848,0.023509012580906805,-2.1510571102112408e-15,-8.501557166584739e-10
2280.2233070186176,0.02350303640095565,0.023503036400956537,0.023503036400956846,0.02350302398941121,0.02350303554566793,0.02350303634625299,3.0878077872387166e-16,-8.552886072987764e-10
2284.295134352579,0.023497221610273778,0.023497221610274333,0.02349722161027662,0.023497209116547405,0.023497220749715816,0.02349722155523931,2.2863655413374318e-15,-8.605585168075525e-10
2288.3669616865413,0.02349156324722046,0.023491563247220532,0.023491563247223655,0.023491550669284766,0.023491562381254015,0.023491563191845196,3.1225022567582528e-15,-8.659665172439102e-10
2292.438789020503,0.023486056533441848,0.02348605653344207,0.023486056533444353,0.02348604386925036,0.023486055661928087,0.023486056477717527,2.282896094385478e-15,-8.715139825088425e-10
2296.5106163544647,0.023480696915647404,0.02348069691564785,0.023480696915648896,0.023480684163132388,0.02348069603844558,0.023480696859565123,1.0443035325380379e-15,-8.772022726255546e-10
2300.582443688427,0.023475480053825045,0.023475480053825337,0.02347548005382552,0.023475467210896744,0.023475479170792648,0.023475479997375332,1.8388068845354155e-16,-8.830326886366535e-10
2304.6542710223885,0.023470401810218637,0.023470401810219033,0.023470401810219216,0.02347038887476546,0.023470400921212227,0.02347040175339264,1.8388068845354155e-16,-8.890068056710554e-10
2308.72609835635,0.023465458239016638,0.02346545823901739,0.023465458239018498,0.023465445208903726,0.02346545734389137,0.023465458181805305,1.106753577673203e-15,-8.951260219158819e-10
2312.7979256903122,0.023460645576696842,0.02346064557669785,0.02346064557670012,0.02346063244976458,0.02346064467530588,0.023460645519090752,2.2690183065776637e-15,-9.013919714806473e-10
2316.869753024274,0.02345596023298368,0.02345596023298429,0.02345596023298796,0.023455947007046635,0.023455959325177984,0.023455960174972704,3.670674875166924e-15,-9.078063058221009e-10
2320.9415803582356,0.023451398782374646,0.023451398782374476,0.02345139878237908,0.02345138545522107,0.02345139786800374,0.023451398723948785,4.603956105242446e-15,-9.143707353775898e-10
2325.0134076921977,0.02344695795619969,0.02344695795619905,0.023446957956203204,0.023446944525591134,0.023446957035111998,0.023446957897349626,4.152928001488476e-15,-9.210870538511884e-10
2329.0852350261594,0.023442634635176637,0.023442634635176172,0.02344263463517866,0.023442621098846265,0.02344263370721907,0.0234426345758932,2.4875934645507414e-15,-9.27957103519228e-10
2333.157062360121,0.023438425842428483,0.02343842584242851,0.023438425842429056,0.023438412198079277,0.02343842490744556,0.023438425782702076,5.447031714567174e-16,-9.34982952172092e-10
2337.228889694083,0.02343432873693252,0.02343432873693287,0.023434328736931923,0.02343431498223581,0.023434327794766344,0.02343432867675288,-9.471590178833367e-16,-9.421665253528388e-10
2341.300717028045,0.023430340607373226,0.02343034060737363,0.023430340607372202,0.023430326739967984,0.02343033965786366,0.023430340546729943,-1.429412144204889e-15,-9.495099706491317e-10
2345.3725443620065,0.023426458866375045,0.023426458866375118,0.02342645886637456,0.02342644488386622,0.02342645790935961,0.023426458805257382,-5.585809592645319e-16,-9.570155085070198e-10
2349.4443716959686,0.023422681045088236,0.023422681045087882,0.023422681045089672,0.023422666945045977,0.023422680080402408,0.023422680983485628,1.790234627208065e-15,-9.646854738643018e-10
2353.5161990299302,0.023419004788108527,0.023419004788107742,0.023419004788112263,0.023418990568066473,0.02341900381558553,0.02341900472601038,4.520689378395559e-15,-9.725222120671173e-10
2357.588026363892,0.023415427848708124,0.023415427848706965,0.02341542784871314,0.023415413506161973,0.02341542686817867,0.02341542778610368,6.175615574477433e-15,-9.805282939756577e-10
2361.659853697854,0.023411948084359927,0.02341194808435842,0.02341194808436515,0.023411933616765662,0.023411947095652176,0.023411948021238284,6.727257639838058e-15,-9.887062453473039e-10
2365.7316810318157,0.023408563452537313,0.02340856345253593,0.023408563452542375,0.02340854885731012,0.023408562455477056,0.023408563388887808,6.446232436729815e-15,-9.970588729646401e-10
2369.8035083657774,0.023405272006775345,0.023405272006774117,0.023405272006779654,0.02340525728128709,0.0234052710011852,0.023405271942586726,5.537237335317968e-15,-1.0055889176907584e-09
2373.8753356997395,0.023402071892974708,0.023402071892973504,0.023402071892977824,0.023402057034552372,0.023402070878674096,0.023402071828235314,4.31946145518225e-15,-1.0142994083528478e-09
2377.947163033701,0.0233989613459377,0.023398961345936473,0.023398961345940307,0.023398946351861995,0.02339896032274313,0.023398961280635847,3.833738881908744e-15,-1.0231933425530748e-09
2382.018990367663,0.02339593868612334,0.023395938686122244,0.023395938686127073,0.02339592355362686,0.023395937653848307,0.02339593862024728,4.829470157119431e-15,-1.0322739364687639e-09
2386.090817701625,0.02339300231660938,0.02339300231660846,0.023393002316614106,0.023392987042874326,0.02339300127506399,0.023393002250147125,5.64479019082853e-15,-1.0415444721967315e-09
2390.1626450355866,0.0233901507202493,0.02339015072024889,0.0233901507202539,0.023390135302405933,0.023390149669240478,0.023390150653188797,5.009881398621019e-15,-1.0510084122450358e-09
2394.2344723695483,0.023387382457016992,0.023387382457017387,0.023387382457021016,0.023387366892141114,0.023387381396347967,0.023387382389346015,3.6290415117434804e-15,-1.060669420349658e-09
2398.3062997035104,0.023384696161527548,0.023384696161528752,0.02338469616153133,0.023384680446638228,0.02338469509099758,0.02338469609323333,2.5777990853015353e-15,-1.0705311706549203e-09
2402.378127037472,0.023382090540726656,0.023382090540728255,0.023382090540730795,0.0233820746727837,0.02338208946013079,0.023382090471795798,2.5396351688300456e-15,-1.080597465674682e-09
2406.4499543714337,0.023379564371740803,0.023379564371742254,0.023379564371744994,0.023379548347642765,0.02337956328086973,0.023379564302159428,2.7408630920433552e-15,-1.0908725242564365e-09
2410.521781705396,0.02337711649988126,0.023377116499882025,0.023377116499884932,0.02337710031646303,0.023377115398521615,0.023377116429635296,2.9073965457371287e-15,-1.1013604091225648e-09
2414.5936090393575,0.02337474583679578,0.023374745836795593,0.02337474583679866,0.023374729490826453,0.023374744724730005,0.0233747457658712,3.066991105526995e-15,-1.112065588920741e-09
2418.665436373319,0.023372451358761318,0.023372451358760715,0.02337245135876351,0.02337243484694196,0.0233724502357682,0.02337245128714452,2.796374243274613e-15,-1.1229925149514042e-09
2422.7372637072813,0.02337023210511454,0.02337023210511408,0.023370232105116157,0.023370215424074567,0.023370230970968072,0.023370232032791677,2.078198724220215e-15,-1.1341460062763709e-09
2426.809091041243,0.02336808717681183,0.02336808717681171,0.023368087176813022,0.02336807032310592,0.023368086031280738,0.023368087103768396,1.3114509478384662e-15,-1.145530972163078e-09
2430.8809183752046,0.023366015735116492,0.023366015735116673,0.023366015735117342,0.023365998705221505,0.02336601457796408,0.02336601566133732,6.696032617270475e-16,-1.1571525924958248e-09
2434.9527457091667,0.023364017000409333,0.023364017000409576,0.02336401700040983,0.02336399979072133,0.023364015831393463,0.0233640169258789,2.5326962749261384e-16,-1.1690161130784027e-09
2439.0245730431284,0.023362090251119454,0.023362090251119454,0.023362090251119655,0.02336207285795059,0.02336208906999231,0.023362090175821647,2.0122792321330962e-16,-1.181127144006533e-09
2443.09640037709,0.02336023482277094,0.02336023482277095,0.023360234822771334,0.023360217242346392,0.02336023362927955,0.02336023474668995,3.8510861166685117e-16,-1.1934913994593455e-09
2447.168227711052,0.023358450107145975,0.023358450107146312,0.023358450107146468,0.023358432335600064,0.02335844890103128,0.023358450030265637,1.5612511283791264e-16,-1.206115030766286e-09
2451.240055045014,0.0233567355515589,0.023356735551559534,0.023356735551558955,0.023356717584930995,0.023356734332555317,0.023356735473862297,-5.793976409762536e-16,-1.219004217012376e-09
2455.3118823789755,0.023355090658240964,0.023355090658241276,0.02335509065824012,0.023355072492471055,0.023355089426075747,0.023355090579710167,-1.1553258350005535e-15,-1.2321655293301426e-09
2459.3837097129376,0.023353514983833385,0.02335351498383316,0.023353514983832313,0.023353496614759054,0.023353513738227378,0.023353514904450437,-8.465450562766819e-16,-1.2456057817133992e-09
2463.4555370468993,0.023352008138991107,0.023352008138990413,0.023352008138990403,0.023351989562343283,0.023352006879658348,0.02335200805873794,-1.0408340855860843e-17,-1.2593320657117157e-09
2467.527364380861,0.023350569788094317,0.023350569788093252,0.023350569788092912,0.02335055099949216,0.023350568514741512,0.023350569706952345,-3.400058012914542e-16,-1.2733517400220773e-09
2471.599191714823,0.02334919964906684,0.023349199649065632,0.023349199649063495,0.023349180644013395,0.023349198361393056,0.023349199567017153,-2.1371793224034263e-15,-1.2876725762056562e-09
2475.6710190487847,0.02334789749330391,0.023347897493303196,0.023347897493299297,0.02334787826718114,0.02334789619100058,0.023347897410327483,-3.899658373995862e-15,-1.3023026164404872e-09
2479.7428463827464,0.023346663145709837,0.023346663145709785,0.023346663145704966,0.02334664369377278,0.023346661828459635,0.023346663061786743,-4.81906181626357e-15,-1.3172501492353383e-09
2483.8146737167085,0.023345496484844963,0.02334549648484547,0.02334549648484062,0.02334547680221607,0.02334549515232142,0.02334549639995425,-4.850286838831153e-15,-1.3325240494355128e-09
2487.88650105067,0.023344397443185106,0.02334439744318568,0.02334439744318176,0.023344377524848733,0.023344396095052254,0.023344397357305008,-3.9170056087556304e-15,-1.3481334243392595e-09
2491.958328384632,0.02334336600749531,0.023343366007495564,0.02334336600749193,0.023343345848291883,0.023343364643407846,0.02334336592060357,-3.632510958695434e-15,-1.3640877177811817e-09
2496.030155718594,0.023342402219321073,0.02334240221932104,0.023342402219316275,0.023342381813941028,0.02334240083892401,0.023342402131395153,-4.763550665032312e-15,-1.3803970293213563e-09
2500.1019830525556,0.023341506175600064,0.023341506175599887,0.023341506175593538,0.023341485518576777,0.023341504778528185,0.02334150608661689,-6.349087922075114e-15,-1.3970717013811473e-09
2504.1738103865173,0.02334067802939688,0.023340678029396548,0.02334067802938864,0.023340657115099375,0.023340676615273972,0.02334067793933254,-7.906869603502287e-15,-1.4141225759822795e-09
2508.2456377204794,0.023339917990765218,0.023339917990765163,0.023339917990755698,0.023339896813391152,0.02333991655920403,0.02333991789959557,-9.46465128492946e-15,-1.431561133524717e-09
2512.317465054441,0.02333922632774477,0.02333922632774526,0.023339226327735753,0.023339204881311856,0.023339224878345947,0.023339226235444557,-9.506284648352903e-15,-1.4493993123754212e-09
2516.3892923884027,0.023338603367494302,0.02333860336749522,0.023338603367486773,0.023338581645831937,0.02333860189984581,0.023338603274037435,-8.44810332800705e-15,-1.467649411723837e-09
2520.461119722365,0.023338049497569874,0.02333804949757095,0.023338049497563827,0.023338027494310302,0.02333804801124632,0.023338049402929013,-7.12277459236077e-15,-1.4863246293461696e-09
2524.5329470563265,0.023337565167353587,0.023337565167354746,0.023337565167349562,0.023337542875923,0.023337563661916225,0.023337565071500792,-5.1833537462186996e-15,-1.5054385203716603e-09
2528.604774390288,0.023337150889642385,0.023337150889643637,0.023337150889640567,0.023337128303250933,0.023337149364638134,0.02333715079254893,-3.0704605524789486e-15,-1.5250055038218413e-09
2532.6766017242503,0.023336807242403543,0.023336807242404653,0.023336807242403192,0.0233367843540343,0.02333680569736412,0.023336807144039427,-1.4606371667724716e-15,-1.5450405330130756e-09
2536.748429058212,0.023336534870706197,0.023336534870706773,0.023336534870705486,0.023336511673104528,0.023336533305147407,0.023336534771040328,-1.2871648191747909e-15,-1.565559366173419e-09
2540.8202563921736,0.023336334488840132,0.02333633448884002,0.02333633448883753,0.023336310974501943,0.023336332902261506,0.023336334387840604,-2.491062911502695e-15,-1.586578514400916e-09
2544.8920837261358,0.02333620688263374,0.02333620688263309,0.02333620688263058,0.023336183043793188,0.023336205274517626,0.023336206780267838,-2.508410146262463e-15,-1.608115463708204e-09
2548.9639110600974,0.023336152911982523,0.023336152911982037,0.023336152911981472,0.023336128740599014,0.02333615128179374,0.02333615280821691,-5.655198531684391e-16,-1.630188296852797e-09
2553.035738394059,0.0233361735136043,0.023336173513604442,0.02333617351360642,0.023336149001347475,0.023336171860788197,0.02333617340840426,1.97758476261356e-15,-1.6528162449791495e-09
2557.107565728021,0.0233362697040338,0.023336269704034164,0.023336269704037516,0.02333624484226798,0.023336268028014712,0.023336269597362364,3.3514857555871913e-15,-1.6760194516962645e-09
2561.179393061983,0.023336442582873478,0.023336442582873762,0.02333644258287657,0.023336417362642563,0.02333644088305455,0.023336442474692493,2.806782584130474e-15,-1.6998192124695333e-09
2565.2512203959445,0.02333669333632293,0.02333669333632329,0.0233366933363247,0.023336667748333668,0.023336691612085434,0.023336693226593267,1.4085954624931674e-15,-1.7242378566595384e-09
2569.3230477299066,0.02333702324100579,0.02333702324100643,0.023337023241007546,0.02333699727560936,0.0233370214917075,0.02333702312968688,1.1171619185290638e-15,-1.749298927933296e-09
2573.3948750638683,0.023337433668115824,0.02333743366811652,0.02333743366811817,0.02333740731528787,0.02333743189308935,0.023337433555165123,1.6479873021779667e-15,-1.7750271703864673e-09
2577.46670239783,0.02333792608790751,0.023337926087907915,0.02333792608790957,0.023337899337227568,0.023337924286458967,0.023337925973280615,1.654926196081874e-15,-1.8014489483464402e-09
2581.538529731792,0.023338502074560334,0.023338502074559994,0.02333850207456049,0.023338474915189974,0.02333850024596813,0.023338501958211067,4.961309141293668e-16,-1.8285918647331645e-09
2585.6103570657538,0.023339163311446642,0.023339163311445445,0.023339163311444498,0.023339135732105963,0.02333916145496033,0.02333916319332729,-9.471590178833367e-16,-1.8564851149427408e-09
2589.6821843997154,0.023339911596837504,0.023339911596835943,0.023339911596834673,0.023339883585780086,0.023339909711676272,0.023339911476898952,-1.2698175844150228e-15,-1.8851596707281093e-09
2593.7540117336775,0.023340748850084768,0.023340748850083415,0.023340748850082554,0.023340720395069903,0.023340746935435187,0.023340748728276,-8.604228440844963e-16,-1.914648228157345e-09
2597.825839067639,0.023341677118319887,0.02334167711831859,0.023341677118318513,0.02334164820658254,0.02334167517333313,0.023341676994586873,-7.632783294297951e-17,-1.944985460883286e-09
2601.897666401601,0.023342698583714214,0.023342698583712747,0.023342698583713357,0.02334266920193421,0.023342696607504633,0.023342698458000525,6.106226635438361e-16,-1.9762081138186005e-09
2605.969493735563,0.023343815571356164,0.023343815571354544,0.023343815571354603,0.023343785705624783,0.023343813562999517,0.023343815443603286,5.898059818321144e-17,-2.0083550274219153e-09
2610.0413210695247,0.023345030557800416,0.023345030557798935,0.02334503055779777,0.023345000193583917,0.023345028516331183,0.023345030427947267,-1.1657341758564144e-15,-2.041467751789927e-09
2614.1131484034863,0.023346346180352615,0.02334634618035142,0.023346346180350305,0.023346315302452746,0.023346344104761326,0.023346346048335395,-1.1136924715771102e-15,-2.0755900921598514e-09
2618.1849757374484,0.02334776524716044,0.02334776524715954,0.02334776524715894,0.023347733839671984,0.023347763136390663,0.02334776511291209,-6.002143226879753e-16,-2.1107688756571985e-09
2622.25680307141,0.02334929074819046,0.02334929074818974,0.023349290748188083,0.02334925879445564,0.023349288601135932,0.02334929061164074,-1.6583956430338276e-15,-2.1470538090484492e-09
2626.3286304053718,0.02335092586717975,0.023350925867179313,0.02335092586717552,0.02335089334973889,0.023350923682681254,0.0233509257282552,-3.7921055184853e-15,-2.1844980581386952e-09
2630.400457739334,0.023352673994661885,0.0233526739946616,0.02335267399465619,0.02335264089519964,0.023352671771503575,0.023352673853285367,-5.4088677980956845e-15,-2.2231580257270345e-09
2634.4722850732956,0.023354538742177133,0.023354538742176977,0.023354538742170607,0.023354505041464517,0.0233545364790827,0.023354538598267596,-6.369904603786836e-15,-2.263094277948907e-09
2638.544112407257,0.023356523957793664,0.02335652395779365,0.02335652395778656,0.02335648963562502,0.023356521653422432,0.023356523811266183,-7.0915495697931874e-15,-2.3043712181480824e-09
2642.6159397412193,0.023358633743080018,0.023358633743080198,0.023358633743071823,0.023358598778204114,0.023358631396021984,0.023358633593845126,-8.375244942016025e-15,-2.3470582144469176e-09
2646.687767075181,0.023360872471687482,0.023360872471687485,0.023360872471677247,0.023360836841732714,0.02336087008045846,0.023360872319650863,-1.0238337955215115e-14,-2.3912290238181644e-09
2650.7595944091427,0.02336324480972166,0.023363244809721316,0.023363244809709454,0.023363208491114843,0.023363242372758063,0.023363244654783902,-1.1862039128729407e-14,-2.4369632527221352e-09
2654.831421743105,0.02336575573810719,0.023365755738106824,0.023365755738094948,0.023365718705984966,0.023365753253760724,0.02336575558016415,-1.1875916916537221e-14,-2.4843461003676293e-09
2658.9032490770664,0.02336841057717716,0.023368410577177583,0.023368410577167837,0.023368372805288518,0.023368408043708152,0.0233684104161193,-9.745676488037702e-15,-2.5334694307710404e-09
2662.975076411028,0.023371215013748513,0.023371215013749492,0.023371215013743694,0.023371176474346618,0.023371212429317684,0.023371214849459004,-5.797445856714489e-15,-2.5844318074508266e-09
2667.0469037449902,0.023374175130979204,0.023374175130980092,0.023374175130977986,0.02337413579470479,0.02337417249364023,0.02337417496333407,-2.105954299835844e-15,-2.6373398603896092e-09
2671.118731078952,0.023377297441352137,0.02337729744135284,0.02337729744135347,0.023377257277105688,0.023377294749044358,0.023377297270220653,6.279698983036042e-16,-2.692308483792649e-09
2675.1905584129136,0.023380588923176893,0.023380588923178243,0.02338058892318076,0.023380547897977107,0.02338058617371612,0.02338058874842137,2.5153490401663703e-15,-2.749462123252666e-09
2679.2623857468757,0.023384057061056677,0.023384057061058762,0.02338405706106261,0.023384015139882277,0.02338405425212338,0.02338405688253025,3.847616669716558e-15,-2.808935382903055e-09
2683.3342130808373,0.02338770989083202,0.02338770989083418,0.023387709890839194,0.02338766703644856,0.02338770701995983,0.023387709708377703,5.0133508455729725e-15,-2.8708743507466217e-09
2687.406040414799,0.023391556049599024,0.023391556049600803,0.02339155604960616,0.02339151222236779,0.023391553114163053,0.023391555863049997,5.35682609381638e-15,-2.935437750511971e-09
2691.477867748761,0.02339560483149162,0.02339560483149298,0.02339560483149704,0.02339555998915701,0.02339560182869458,0.023395604640670625,4.0592529337857286e-15,-3.002798398821227e-09
2695.549695082723,0.023399866250023566,0.023399866250024225,0.023399866250025818,0.023399820347475175,0.023399863176879573,0.023399866054741134,1.592476150946709e-15,-3.073144651949411e-09
2699.6215224166845,0.023404351107915517,0.023404351107914886,0.023404351107914393,0.023404304096923664,0.023404347961232506,0.02340435090796867,-4.926614671774132e-16,-3.146682379939758e-09
2703.6933497506466,0.02340907107549096,0.023409071075489247,0.023409071075488674,0.023409022904412154,0.023409067851852452,0.02340907087066356,-5.724587470723463e-16,-3.2236367950022604e-09
2707.7651770846082,0.023414038778910497,0.023414038778908658,0.023414038778909844,0.02341398939235583,0.023414035474653535,0.023414038568971327,1.186550857568136e-15,-3.3042551229878203e-09
2711.83700441857,0.023419267899728674,0.02341926789972723,0.023419267899730055,0.023419217238190092,0.02341926451091816,0.023419267684428847,2.824129818890242e-15,-3.388809070165033e-09
2715.908831752532,0.023424773287523865,0.02342477328752276,0.023424773287526273,0.0234247212869547,0.023424769809924934,0.023424773066595014,3.514549762329011e-15,-3.4775978242918004e-09
2719.9806590864937,0.02343057108767603,0.02343057108767539,0.023430571087679066,0.023430517679017097,0.023430567516723354,0.02343057086082901,3.677613769070831e-15,-3.5709520340709844e-09
2724.052486420456,0.02343667888675239,0.023436678886752136,0.023436678886755487,0.023436623995394385,0.02343667521751457,0.02343667865367474,3.3514857555871913e-15,-3.6692375665614563e-09
2728.1243137544175,0.023443115878428317,0.02344311587842824,0.023443115878431654,0.023443059423600737,0.02344311210556776,0.023443115638781792,3.4139358007223564e-15,-3.772860478895579e-09
2732.196141088379,0.023449903053449562,0.023449903053449597,0.02344990305345343,0.023449844947523932,0.023449899171176743,0.023449902806867238,3.833738881908744e-15,-3.8822728538889795e-09
2736.2679684223413,0.023457063417847094,0.023457063417847018,0.02345706341785069,0.023457003565539213,0.02345705941986793,0.023457063163930102,3.670674875166924e-15,-3.997979086678427e-09
2740.339795756303,0.023464622244483806,0.023464622244483826,0.023464622244487074,0.02346456054193824,0.023464618123939913,0.023464621982797987,3.247402347028583e-15,-4.120543913022079e-09
2744.4116230902646,0.023472607364094577,0.023472607364095087,0.023472607364097623,0.02347254369782837,0.023472603113493615,0.023472607094165755,2.536165721878092e-15,-4.250601471494919e-09
2748.4834504242267,0.02348104950332132,0.023481049503322294,0.023481049503322284,0.02348098374900116,0.023481045114456006,0.023481049224629628,-1.0408340855860843e-17,-4.388866287757809e-09
2752.5552777581884,0.023489982678928822,0.02348998267892968,0.023489982678926352,0.0234899146999509,0.023489978142783533,0.02348998239090282,-3.327199626923516e-15,-4.536146146205677e-09
2756.62710509215,0.02349944465951088,0.02349944465951133,0.023499444659506537,0.023499374305343882,0.0234994399661534,0.02349944436152131,-4.791306240647941e-15,-4.693357927992858e-09
2760.698932426112,0.023509477508687367,0.02350947750868753,0.02350947750868374,0.02350940461292907,0.023509472647141486,0.023509477200039295,-3.7921055184853e-15,-4.861546044204745e-09
2764.770759760074,0.023520128227224442,0.023520128227224508,0.02352012822722387,0.02352005260531166,0.023520123185319125,0.02352012790714747,-6.38378239159465e-16,-5.041905382779932e-09
2768.8425870940355,0.023531449515924698,0.023531449515925115,0.023531449515928102,0.023531370962421794,0.023531444280116144,0.02353144918356159,2.987193825632062e-15,-5.23580897041076e-09
2772.9144144279976,0.02354350068684861,0.023543500686849586,0.023543500686854443,0.02354341897221882,0.023543495242008012,0.02354350034124184,4.85722573273506e-15,-5.444841574137049e-09
2776.9862417619593,0.0235563487578796,0.023556348757880763,0.02355634875788519,0.02355626362461918,0.023556343087039085,0.023556348397954723,4.427014310692812e-15,-5.670841678184768e-09
2781.058069095921,0.023570069775444877,0.023570069775445637,0.023570069775448833,0.023569980933426583,0.023570063859491917,0.02357006939999138,3.1953606427492787e-15,-5.915953719959344e-09
2785.129896429883,0.023584750423204546,0.02358475042320475,0.02358475042320707,0.023584657544032463,0.023584744240512746,0.023584750030853394,2.321060010856968e-15,-6.18269200419741e-09
2789.2017237638447,0.023600489991923716,0.02360048999192333,0.02360048999192476,0.023600392702040004,0.023600483517900308,0.02360048958111841,1.429412144204889e-15,-6.474023022534636e-09
2793.2735510978064,0.023617402809257074,0.02361740280925613,0.02361740280925633,0.02361730068146501,0.023617396015786992,0.023617402378218282,2.0122792321330962e-16,-6.793469137927888e-09
2797.3453784317685,0.023635621260306296,0.02363562126030519,0.023635621260303653,0.02363551380326343,0.023635614115064013,0.023635620806988732,-1.536964999715451e-15,-7.145241176509387e-09
2801.41720576573,0.023655299574180326,0.02365529957417966,0.02365529957417569,0.023655186219264195,0.023655292039768943,0.023655299096218187,-3.969047313034935e-15,-7.534410716852902e-09
2805.489033099692,0.02367661861379892,0.023676618613798984,0.023676618613792413,0.023676498698539605,0.02367661064666457,0.023676618108436707,-6.571132527000145e-15,-7.967134414005317e-09
2809.560860433654,0.023699791993968437,0.023699791993968912,0.023699791993960474,0.023699664740945182,0.023699783543018067,0.0236997914579734,-8.43769498715119e-15,-8.450950845367844e-09
2813.6326877676156,0.02372507397874795,0.023725073978748675,0.023725073978739856,0.023724938468422684,0.02372506498357153,0.02372507340829826,-8.819334151866087e-15,-8.995177144810462e-09
2817.7045151015773,0.02375276979263556,0.023752769792635967,0.023752769792628053,0.023752624927973365,0.023752760181190175,0.02375276918317367,-7.913808497406194e-15,-9.611445792034878e-09
2821.7763424355394,0.023783249251678962,0.023783249251678865,0.023783249251671863,0.023783093711494355,0.02378323893723714,0.023783248597719242,-7.0013439490423934e-15,-1.0314441724335044e-08
2825.848169769501,0.023816965029534492,0.023816965029534592,0.023816965029528032,0.02381679720611802,0.02381695390660506,0.02381696432440614,-6.5607241861442844e-15,-1.1122929532286774e-08
2829.9199971034627,0.023854477500770327,0.023854477500771205,0.023854477500764953,0.023854295415231735,0.02385446543956183,0.023854476736266297,-6.251943407420413e-15,-1.2061209374997217e-08
2833.991824437425,0.023896489085617485,0.023896489085618648,0.023896489085613485,0.023896290271061948,0.023896475924400723,0.023896488251511243,-5.162537064506978e-15,-1.3161217924523294e-08
2838.0636517713865,0.023943892591524883,0.023943892591525646,0.02394389259152205,0.023943673928851442,0.02394387812590298,0.02394389167489324,-3.594347042223944e-15,-1.4465622664994182e-08
2842.135479105348,0.023997840621515387,0.023997840621515432,0.02399784062151243,0.023997598103860766,0.02399782458903481,0.02399783960576681,-3.0010716134398763e-15,-1.603248062087559e-08
2846.2073064393103,0.024059847448932307,0.02405984744893169,0.024059847448928046,0.024059575835987047,0.024059829506504694,0.024059846312380628,-3.642919299551295e-15,-1.7942426995543048e-08
2850.279133773272,0.024131942245752314,0.024131942245751676,0.02413194224574661,0.02413163454343743,0.02413192193567903,0.024131940959470688,-5.065392549852277e-15,-2.031007264452489e-08
2854.3509611072336,0.024216905897009137,0.024216905897009467,0.024216905897003965,0.02421655255180346,0.024216882594386993,0.02421690442150792,-5.502542865798432e-15,-2.330262247399184e-08
2858.4227884411957,0.024318648195418374,0.024318648195419755,0.024318648195414926,0.024318235806912267,0.024318621024116038,0.024318646475336953,-4.829470157119431e-15,-2.7171303717404838e-08
2862.4946157751574,0.024442828947611347,0.024442828947612544,0.02444282894760859,0.02444233813831002,0.024442796641281416,0.02444282690294003,-3.95516952522712e-15,-3.2306331127635035e-08
2866.566443109119,0.024597918430105326,0.024597918430105274,0.024597918430100976,0.02459732018516602,0.02459787909342516,0.024597915941108862,-4.298644773470528e-15,-3.9336680114632205e-08
2870.638270443081,0.024797078522460415,0.024797078522459486,0.024797078522454295,0.024796327648624626,0.024797029204554552,0.024797075402742074,-5.190292640122607e-15,-4.931790493351018e-08
2874.710097777043,0.025061626547533883,0.025061626547532617,0.02506162654752765,0.02506064955055219,0.025061562451555885,0.025061622494124264,-4.964778588245622e-15,-6.409597673104339e-08
2878.7819251110045,0.02542759601948746,0.025427596019486774,0.02542759601948372,0.02542626815438157,0.025427509006479852,0.02542759051837659,-3.0531133177191805e-15,-8.701300692123826e-08
2882.8537524449666,0.02595809363385432,0.025958093633854352,0.025958093633854203,0.02595619687543989,0.025957969482819778,0.02595808578698539,-1.491862189340054e-16,-1.2415103457438792e-07
2886.9255797789283,0.026763657882409475,0.026763657882409232,0.02676365788241109,0.02676082211655021,0.02676347245430013,0.026763646165400373,1.8561541192951836e-15,-1.854281091034915e-07
2890.99740711289,0.028012232609549093,0.02801223260954837,0.028012232609550238,0.028007987616996285,0.02801195521248641,0.028012215083586898,1.8665624601510444e-15,-2.773970619630861e-07
2895.069234446852,0.02977783580315244,0.029777835803151985,0.029777835803152634,0.029772510647138352,0.029777487667577714,0.029777813804007028,6.487865800153259e-16,-3.4813557427126884e-07
2899.1410617808137,0.031356362669391284,0.03135636266939146,0.03135636266939078,0.03135323431560075,0.031356156596945566,0.03135634962053039,-6.800116025829084e-16,-2.0607244589215812e-07
2903.2128891147754,0.03137532945228743,0.03137532945228802,0.03137532945228683,0.031376152066848156,0.03137537959845695,0.031375332565136776,-1.186550857568136e-15,5.0146168932563295e-08
2907.2847164487375,0.03047055626707968,0.03047055626708027,0.030470556267080142,0.030471117405576825,0.030470590059139394,0.030470558361589326,-1.2836953722228372e-16,3.379205912312777e-08
2911.356543782699,0.03008278489605625,0.030082784896057143,0.030082784896059447,0.030080575900534857,0.030082639926248964,0.030082775731268722,2.3037127760972e-15,-1.4496980817874094e-07
2915.428371116661,0.030657241280329556,0.03065724128033127,0.030657241280335267,0.030651309510877384,0.030656855786511936,0.030657216961586006,3.9968028886505635e-15,-3.8549381933469795e-07
2919.500198450623,0.032394834087595525,0.032394834087597565,0.03239483408760146,0.032383607331734156,0.03239410633257583,0.03239478820336963,3.892719480091955e-15,-7.27755021738552e-07
2923.5720257845846,0.03570427533620463,0.035704275336205835,0.035704275336208166,0.03568549365449883,0.03570305921847752,0.035704198678214664,2.3314683517128287e-15,-1.2161177283115387e-06
2927.6438531185463,0.040783015361746985,0.04078301536174671,0.040783015361746604,0.04075903311131681,0.04078146279879717,0.04078291748212924,-1.0408340855860843e-16,-1.552562949536096e-06
2931.7156804525084,0.04532006238862065,0.04532006238861863,0.04532006238861783,0.045311840671599525,0.045319524291868,0.045320028330237065,-8.049116928532385e-16,-5.380967506296574e-07
2935.78750778647,0.044276759940145065,0.04427675994014215,0.044276759940144086,0.04429866226612382,0.04427815788469112,0.04427684773814001,1.9359513991901167e-15,1.3979445489670228e-06
2939.8593351204318,0.03911252224502966,0.03911252224502687,0.03911252224503026,0.039139268103836854,0.03911423113595841,0.03911262964698787,3.3861802251067274e-15,1.7088909315399192e-06
2943.931162454394,0.03464178807722929,0.03464178807722714,0.03464178807722893,0.03465960905654636,0.0346429253106993,0.03464185953747567,1.790234627208065e-15,1.1372334721565514e-06
2948.0029897883555,0.03195419681417556,0.031954196814174045,0.03195419681417466,0.03196403545481167,0.03195482255858402,0.03195423610366688,6.175615574477433e-16,6.257444099752596e-07
2952.074817122317,0.030610403132324986,0.03061040313232459,0.030610403132325693,0.030614784136730116,0.03061067848494068,0.03061042037284279,1.1032841307212493e-15,2.7535261609007433e-07
2956.1466444562793,0.03023390763559683,0.030233907635598065,0.030233907635599792,0.030234052644632806,0.03023390983765625,0.03023390767071723,1.7277845820728999e-15,2.202058185102329e-09
2960.218471790241,0.030726703115502876,0.03072670311550536,0.030726703115507015,0.030722564343029734,0.030726427571882684,0.030726685634041684,1.654926196081874e-15,-2.755436226756225e-07
2964.2902991242026,0.03219223957738746,0.03219223957739066,0.0321922395773925,0.032183360241619344,0.03219165583955521,0.032192202644833676,1.8388068845354155e-15,-5.837378354509037e-07
2968.3621264581648,0.03447347292584183,0.03447347292584647,0.034473472925848986,0.03446330834088138,0.03447280751278412,0.03447343085393742,2.518818487118324e-15,-6.654130623451326e-07
2972.4339537921264,0.03586711859746274,0.03586711859746861,0.03586711859747258,0.03586821647023492,0.03586719150319811,0.03586712319661013,3.969047313034935e-15,7.290572949514296e-08
2976.505781126088,0.034434600551072676,0.034434600551077534,0.03443460055108366,0.03444754691011584,0.03443544622128258,0.034434653978444245,6.127043317150083e-15,8.456702050435583e-07
2980.57760846005,0.031876403235785056,0.031876403235787436,0.031876403235794964,0.031888296124194054,0.0318771790501208,0.03187645224814303,7.528699885739343e-15,7.758143333660983e-07
2984.649435794012,0.02997407534020901,0.029974075340209603,0.02997407534021819,0.029981331655739348,0.029974548546397622,0.029974105235859357,8.586881206085195e-15,4.7320618801888203e-07
2988.7212631279735,0.028857382712133294,0.028857382712132975,0.02885738271214231,0.02886117400803011,0.028857630045857192,0.028857398340689497,9.336281747707176e-15,2.4733372421675837e-07
2992.7930904619357,0.028263128098616135,0.028263128098615763,0.02826312809862481,0.028264714391053283,0.028263231813387336,0.028263134657375687,9.048317650695026e-15,1.0371477157308795e-07
2996.8649177958973,0.027995600181672246,0.027995600181672582,0.027995600181680524,0.027995715586325833,0.027995608192090345,0.02799560069835455,7.941564073021823e-15,8.010417763132383e-09
3000.936745129859,0.027946638969597985,0.027946638969599827,0.027946638969606967,0.027945652136016106,0.027946575357461242,0.027946634966347996,7.140121827120538e-15,-6.361213858441239e-08
3005.008572463821,0.02806203288566092,0.028062032885663904,0.028062032885670506,0.028060096849593496,0.02806190768334904,0.028062024997265983,6.602357549567728e-15,-1.2520231486290445e-07
3009.080399797783,0.028318965774674926,0.02831896577467787,0.02831896577468322,0.028316096640783352,0.028318780103307302,0.028318954073304644,5.349887199912473e-15,-1.8567137056654803e-07
3013.1522271317444,0.028714812445882684,0.028714812445884322,0.028714812445886487,0.028710921389445213,0.028714560610760855,0.028714796573638006,2.1649348980190553e-15,-2.518351234666316e-07
3017.2240544657066,0.029262746800893896,0.0292627468008941,0.029262746800892272,0.029257642855078956,0.029262416485595584,0.029262725982313158,-1.8283985436795547e-15,-3.303152985162372e-07
3021.295881799668,0.029991660503038,0.02999166050303778,0.029991660503033583,0.029985030114873013,0.02999123145510702,0.0299916334624396,-4.198030811863873e-15,-4.290479307597628e-07
3025.36770913363,0.030949684533706726,0.030949684533706757,0.030949684533703014,0.030941044913276254,0.030949125552467392,0.03094964930549271,-3.74353326115795e-15,-5.589812393652638e-07
3029.439536467592,0.03221200123368157,0.03221200123368179,0.03221200123367986,0.032200615095495065,0.03221126465958877,0.03221195481519629,-1.9359513991901167e-15,-7.365740930243003e-07
3033.5113638015537,0.03389522654271342,0.033895226542713514,0.033895226542712646,0.03387995133748762,0.03389423850891667,0.033895164280090505,-8.673617379884035e-16,-9.880337968407038e-07
3037.5831911355153,0.03618324715157878,0.03618324715157843,0.036183247151577023,0.036162264684021186,0.03618189009818549,0.03618316163810443,-1.4085954624931674e-15,-1.357053392943286e-06
3041.6550184694775,0.0393744272895966,0.03937442728959557,0.03937442728959243,0.03934474469846016,0.039372507687888754,0.039374306332250884,-3.1433189384699745e-15,-1.9196017068193183e-06
3045.726845803439,0.04397030971612753,0.04397030971612538,0.04397030971612116,0.04392681087539191,0.04396749671012938,0.04397013246983575,-4.218847493575595e-15,-2.813005995999651e-06
3049.798673137401,0.050846002848614395,0.050846002848610454,0.05084600284860599,0.05077961986516398,0.05084170998550398,0.050845732364980516,-4.461708780212348e-15,-4.292863106471201e-06
3053.870500471363,0.061573135975269845,0.061573135975263614,0.06157313597525921,0.0614674839920135,0.06156630362967951,0.061572705495130844,-4.40619762898109e-15,-6.832345584101285e-06
3057.9423278053246,0.07894418343557114,0.07894418343556207,0.07894418343555669,0.07877106674612216,0.07893298900624203,0.07894347813369018,-5.384581669432009e-15,-1.1194429320043886e-05
3062.0141551392862,0.10713803321878962,0.10713803321877627,0.10713803321876542,0.10686377161202854,0.10712030590674998,0.1071369163539524,-1.0852430065710905e-14,-1.7727312026288855e-05
3066.0859824732484,0.14721169323750255,0.14721169323748448,0.14721169323746833,0.14687954356787133,0.147190262231591,0.1472103431464002,-1.6153745008296028e-14,-2.143100589346858e-05
3070.15780980721,0.1783961274621148,0.1783961274621007,0.17839612746210362,0.1783016931034192,0.17839011072953728,0.17839574852300427,2.914335439641036e-15,-6.016732563424165e-06
3074.2296371411717,0.16457014029252265,0.16457014029252154,0.16457014029255748,0.1648475068501408,0.16458805743408098,0.16457126866975336,3.594347042223944e-14,1.7917141559437022e-05
3078.301464475134,0.12387455445316302,0.12387455445316689,0.12387455445320313,0.12419275087341632,0.12389504086347701,0.12387584446781855,3.6234903966203547e-14,2.048641031011933e-05
3082.3732918090955,0.09011122290839492,0.09011122290839758,0.09011122290841529,0.09032655291799421,0.09012507503619467,0.09011209512187016,1.7708057242771247e-14,1.385212779708711e-05
3086.445119143057,0.06873175575823753,0.06873175575823871,0.06873175575824077,0.06886317719979186,0.06874020852549052,0.06873228797989825,2.0539125955565396e-15,8.452767251809767e-06
3090.5169464770192,0.055721386653258126,0.05572138665325869,0.055721386653253484,0.05580240782219736,0.05572659757114663,0.05572171474480037,-5.204170427930421e-15,5.210917887944755e-06
3094.588773810981,0.0476136410119985,0.04761364101199896,0.04761364101199309,0.04766547789123848,0.04761697476291407,0.04761385090468127,-5.870304242705515e-15,3.3337509151090683e-06
3098.6606011449426,0.04238134279201182,0.04238134279201232,0.04238134279200981,0.04241581438287215,0.04238355948723464,0.04238148234770474,-2.5118795932144167e-15,2.2166952223234837e-06
3102.7324284789047,0.038903345974149094,0.03890334597414914,0.03890334597415054,0.03892702806021855,0.03890486852662247,0.03890344182211191,1.394717674685353e-15,1.5225524733278317e-06
3106.8042558128664,0.03655093064575399,0.0365509306457533,0.03655093064575795,0.03656759053956747,0.036552001354155955,0.036550998042428284,4.649058915617843e-15,1.0707084026548297e-06
3110.876083146828,0.03496189735738103,0.03496189735738035,0.03496189735738748,0.03497376548232956,0.03496265967168119,0.03496194533493519,7.126244039312724e-15,7.623143008367306e-07
3114.94791048079,0.033923786706966726,0.03392378670696683,0.03392378670697418,0.03393221656106828,0.03392432766535719,0.03392382074539987,7.348288644237755e-15,5.40958390360391e-07
3119.019737814752,0.033313400103149364,0.03331340010314994,0.03331340010315462,0.033319216988335836,0.033313772755309744,0.03331342354217445,4.676814491233472e-15,3.7265215980381017e-07
3123.0915651487135,0.03306555400030657,0.033065554000306946,0.03306555400030698,0.033069240968102195,0.03306578936080378,0.03306556879195234,3.469446951953614e-17,2.3536049683497984e-07
3127.1633924826756,0.033158068980830124,0.033158068980830166,0.033158068980824906,0.03315986169495372,0.033158182121277156,0.03315807607293705,-5.259681579161679e-15,1.131404469903452e-07
3131.2352198166373,0.03360722255381597,0.03360722255381627,0.03360722255380588,0.033607145839748664,0.03360721493823829,0.03360722203690755,-1.0387524174149121e-14,-7.6155779807352e-09
3135.307047150599,0.03447206053065849,0.03447206053065873,0.03447206053064346,0.03446991691505353,0.03447191925154792,0.034472051589532926,-1.527250548249981e-14,-1.4127911081296407e-07
3139.378874484561,0.035869311416975386,0.035869311416974414,0.03586931141695605,0.035864613947399024,0.03586900482648351,0.03586929205508457,-1.8367252163642434e-14,-3.0659049090470125e-07
3143.4507018185227,0.03800495195593986,0.03800495195593695,0.03800495195591891,0.03799677058656226,0.03800441969752335,0.03800491836675029,-1.8041124150158794e-14,-5.322584136005504e-07
3147.5225291524844,0.04123604491850196,0.041236044918497125,0.041236044918480846,0.04122269559848943,0.041235177762453036,0.04123599021398947,-1.6278645098566358e-14,-8.671560440889903e-07
3151.5943564864465,0.046191055699558635,0.04619105569955218,0.04619105569953892,0.04616948677476316,0.046189655755362005,0.04619096740142711,-1.3260226250366713e-14,-1.399944190176583e-06
3155.666183820408,0.054001524885934855,0.05400152488592538,0.05400152488591569,0.05396615248273824,0.05399923009956492,0.05400138016494405,-9.686695889854491e-15,-2.294786360455825e-06
3159.73801115437,0.06670562083727787,0.0667056208372618,0.0667056208372512,0.06664653461432885,0.06670178875454957,0.06670537918443337,-1.058875209736243e-14,-3.832082712221241e-06
3163.809838488332,0.08760080627524497,0.08760080627521771,0.0876008062751974,0.08750409192561778,0.08759453562096549,0.08760041086402857,-2.0317081350640365e-14,-6.270654252224506e-06
3167.8816658222936,0.11918715371866001,0.11918715371862262,0.11918715371858737,0.11905628742675187,0.1191786741909038,0.11918661903989645,-3.524958103184872e-14,-8.479527718818769e-06
3171.9534931562553,0.15053713227157808,0.1505371322715583,0.15053713227153034,0.15046652107645994,0.15053256827479744,0.1505368444688836,-2.7949864644938316e-14,-4.563996760853506e-06
3176.0253204902174,0.1493687647428769,0.1493687647429043,0.1493687647429177,0.1494623555962752,0.14937482836222654,0.14936914691189512,1.3378187446733136e-14,6.063619322232983e-06
3180.097147824179,0.11709550155378427,0.11709550155382514,0.11709550155385721,0.11723861857190962,0.11710475596134388,0.11709608483831974,3.207156762385921e-14,9.254407518741181e-06
3184.1689751581407,0.08576603046489621,0.0857660304649253,0.08576603046495046,0.08586977608042057,0.08577273535112631,0.08576645304672817,2.516042929556761e-14,6.704886201011617e-06
3188.240802492103,0.06514015779025803,0.06514015779027556,0.06514015779028945,0.0652044608592175,0.06514431278269328,0.06514041965442456,1.3891665595622271e-14,4.1549924177236575e-06
3192.3126298260645,0.05250369155388929,0.05250369155389963,0.05250369155390482,0.05254345940817186,0.05250626085989253,0.05250385347538884,5.190292640122607e-15,2.569305992898563e-06
3196.384457160026,0.04460935820230529,0.0446093582023117,0.04460935820231392,0.044634891540516725,0.04461100760083831,0.04460946214458217,2.220446049250313e-15,1.6493985266138877e-06
3200.4562844939883,0.03946931040737773,0.039469310407382475,0.0394693104073859,0.03948643401475086,0.039470416329206726,0.039469380096246696,3.427813588530171e-15,1.1059218242501223e-06
3204.52811182795,0.03597696006624065,0.0359769600662451,0.035976960066250514,0.03598891498163832,0.0359777319625856,0.03597700870295374,5.412337245047638e-15,7.718963404984569e-07
3208.5999391619116,0.03351139755251203,0.03351139755251705,0.03351139755252333,0.03352003919649351,0.033511955330657456,0.033511432694493234,6.279698983036042e-15,5.577781404045301e-07
3212.6717664958737,0.03171208679807988,0.03171208679808571,0.0317120867980921,0.031718519693298634,0.031712501838912985,0.03171211294422058,6.390721285498557e-15,4.1504082727572555e-07
3216.7435938298354,0.030361255065603953,0.030361255065609064,0.030361255065615884,0.030366163156741333,0.03036157156975309,0.030361275001681835,6.8209327075408055e-15,3.1650414402534244e-07
3220.815421163797,0.02932225910919512,0.02932225910919784,0.029322259109204944,0.02932608166369273,0.029322505464459237,0.029322274624347066,7.101957910649048e-15,2.463552613955755e-07
3224.887248497759,0.02850633171424677,0.028506331714246772,0.028506331714252854,0.028509360274154034,0.028506526761197717,0.028506343995879407,6.081940506774686e-15,1.9504695094457736e-07
3228.959075831721,0.027853989285486686,0.027853989285485634,0.027853989285488902,0.027856423084134354,0.027854145898910984,0.02785399914500728,3.2682190287403046e-15,1.5661342534986633e-07
3233.0309031656825,0.027324257372391855,0.027324257372391515,0.027324257372392347,0.02732623613608681,0.027324384581219906,0.027324265378820215,8.326672684688674e-16,1.27208828391151e-07
3237.1027304996446,0.026888212239379043,0.02688821223937935,0.026888212239378824,0.02688983624163594,0.026888316522778254,0.0268882188010343,-5.273559366969494e-16,1.042833989023384e-07
3241.1745578336063,0.026524987509429464,0.02652498750943009,0.026524987509427875,0.026526330199131996,0.02652507361296201,0.02652499292537122,-2.2169766022983595e-15,8.610353191898512e-08
3245.246385167568,0.02621923432696116,0.026219234326962146,0.026219234326958475,0.026220350496217803,0.026219305790471943,0.026219238820260695,-3.670674875166924e-15,7.146350979730931e-08
3249.31821250153,0.02595946415011158,0.025959464150112646,0.025959464150108913,0.025960395346970845,0.025959523657548483,0.025959467889898728,-3.733124920302089e-15,5.950743583657547e-08
3253.3900398354917,0.025736942117663888,0.025736942117664398,0.02573694211766146,0.02573772031283554,0.025736991734053447,0.02573694523406227,-2.9386215683047112e-15,4.961638904940613e-08
3257.4618671694534,0.025544932390577504,0.02554493239057751,0.025544932390575408,0.025545582511517846,0.025544973725798198,0.025544934985027364,-2.1024848528838902e-15,4.133522068724971e-08
3261.5336945034155,0.025378173600256657,0.025378173600257046,0.02537817360025588,0.02537871531465368,0.02537820792429912,0.02537817575277884,-1.1657341758564144e-15,3.4324042073874406e-08
3265.605521837377,0.02523250783945326,0.02523250783945336,0.02523250783945362,0.025232956831477853,0.0252325361648957,0.025232509613845062,2.6020852139652106e-16,2.8325442342352902e-08
3269.677349171339,0.02510461404299277,0.02510461404299166,0.025104614042992836,0.02510498294058724,0.02510463718492602,0.025104615490605567,1.1761425167122752e-15,2.3141934361869954e-08
3273.749176505301,0.024991813570020588,0.02499181357001852,0.024991813570018485,0.024992112628119,0.02499183219019974,0.02499181473254373,-3.469446951953614e-17,1.8620181219813903e-08
3277.8210038392626,0.02489192651985661,0.02489192651985514,0.02489192651985127,0.024892164130288715,0.024891941159649857,0.024891927431394015,-3.86843335142828e-15,1.4639794716775345e-08
3281.8928311732243,0.02480316421990446,0.024803164219904104,0.024803164219895694,0.024803347296485857,0.02480317532517374,0.02480316490854033,-8.409939411535561e-15,1.1105269634437143e-08
3285.9646585071864,0.024724047853345955,0.024724047853346386,0.024724047853335762,0.024724182125910658,0.024724055793444822,0.02472404834234223,-1.0623446566881967e-14,7.940098436381993e-09
3290.036485841148,0.024653346214224898,0.024653346214225887,0.02465334621421635,0.024653436455414332,0.024653351296651704,0.024653346522945492,-9.537509670920485e-15,5.082425817010128e-09
3294.1083131751097,0.024590027622122593,0.02459002762212366,0.024590027622118583,0.024590077823952693,0.02459003010392691,0.024590027766751836,-5.0758008907081376e-15,2.4818032524909217e-09
3298.180140509072,0.024533222432837763,0.02453322243283827,0.024533222432839785,0.024533235945361893,0.024533222529577688,0.02453322242694512,1.5161483180037294e-15,9.673941855914414e-11
3302.2519678430335,0.024482193558820656,0.024482193558820756,0.024482193558828608,0.024482173199899177,0.024482191451653538,0.024482193413808,7.851358452271029e-15,-2.107167218490247e-09
3306.323795176995,0.02443631310184735,0.02443631310184677,0.024436313101859373,0.024436261244684298,0.024436308943182498,0.024436312827304473,1.260450077644748e-14,-4.158664270587087e-09
3310.3956225109573,0.024395043691462406,0.024395043691461313,0.024395043691477002,0.024394962334888356,0.02439503760949982,0.02439504329545355,1.5688839116734243e-14,-6.081961493459298e-09
3314.467449844919,0.024357923476675036,0.024357923476673975,0.02435792347669111,0.02435781430192188,0.024357915579071052,0.024357922965969867,1.71355984956989e-14,-7.897602922329883e-09
3318.5392771788806,0.02432455397614698,0.02432455397614628,0.024324553976162535,0.024324418392965848,0.024324544352990474,0.024324553356407482,1.6254358969902682e-14,-9.623155806937067e-09
3322.6111045128428,0.024294590181642678,0.024294590181642567,0.024294590181656816,0.024294429365950304,0.024294578907884418,0.02429458945757633,1.4249018631673493e-14,-1.1273758149243918e-08
3326.6829318468044,0.024267732450159424,0.024267732450160156,0.0242677324501727,0.024267547374898536,0.024267719587603025,0.024267731625644728,1.2545520178264269e-14,-1.2862557130510766e-08
3330.7547591807665,0.024243719825415466,0.02424371982541711,0.024243719825428455,0.02424351128594111,0.0242437054243541,0.024243718903604914,1.1345091532888318e-14,-1.4401063008762094e-08
3334.826586514728,0.02422232450880654,0.024222324508808055,0.024222324508819327,0.024222093143824293,0.02422230860937161,0.02422232349221063,1.1272233146897292e-14,-1.589943644450531e-08
3338.89841384869,0.024203347260338556,0.02420334726033861,0.024203347260348715,0.024203093569205976,0.02420332989361456,0.02420334615089666,1.0106498971040878e-14,-1.736672404842321e-08
3342.970241182652,0.02418661355631958,0.024186613556318414,0.024186613556324753,0.02418633791335104,0.0241865947452664,0.024186612355459946,6.338679581219253e-15,-1.881105201467781e-08
3347.0420685166137,0.02417197036628369,0.02417197036628316,0.02417197036628582,0.024171673032565393,0.02417195012649629,0.024171969074971107,2.6575963651964685e-15,-2.0239786870795973e-08
3351.1138958505753,0.024159283439330173,0.024159283439331602,0.02415928343933201,0.02415896457245256,0.02415926177966105,0.02415928205810317,4.0592529337857286e-16,-2.1659670553647592e-08
3355.1857231845374,0.02414843501171881,0.024148435011720957,0.02414843501171967,0.02414809467375635,0.02414841193478753,0.024148433540719997,-1.2871648191747909e-15,-2.3076933426680046e-08
3359.257550518499,0.02413932186459288,0.02413932186459413,0.024139321864590446,0.024138960028598007,0.024139297367202866,0.024139320303596917,-3.684552662974738e-15,-2.4497391264838297e-08
3363.3293778524608,0.024131853674178333,0.024131853674177653,0.024131853674171738,0.024131470229397222,0.024131827747650155,0.0241318520226139,-5.915407053080912e-15,-2.5926527497804885e-08
3367.401205186423,0.024125951607503963,0.024125951607501778,0.024125951607496626,0.02412554636348623,0.02412592423793627,0.024125949864470864,-5.152128723651117e-15,-2.7369565506335514e-08
3371.4730325203845,0.02412154712525886,0.02412154712525749,0.02412154712525759,0.024121119814998995,0.024121518293726437,0.02412154528954088,1.0061396160665481e-16,-2.8831531051487502e-08
3375.544859854346,0.02411858096029124,0.02411858096029209,0.024118580960297623,0.024118131242510207,0.02411855064298368,0.02411857903036224,5.533767888366015e-15,-3.031730841027147e-08
3379.6166871883083,0.02411700224580771,0.024117002245809607,0.024117002245816078,0.02411652970646767,0.024116970414119584,0.0241170002198355,6.4705185653934905e-15,-3.183169002343722e-08
3383.68851452227,0.024116767771861135,0.024116767771862904,0.024116767771866412,0.024116271924986478,0.024116734392440522,0.024116765647712864,3.507610868425104e-15,-3.337942238237912e-08
3387.7603418562317,0.024117841352415237,0.024117841352416552,0.024117841352417648,0.024117321640268204,0.024117806387168674,0.02411783912765852,1.096345236817342e-15,-3.4965247877605243e-08
3391.832169190194,0.02412019328829067,0.024120193288290615,0.024120193288292274,0.024119649080942537,0.024120156694346268,0.02412019096018971,1.6583956430338276e-15,-3.659394434696317e-08
3395.9039965241554,0.02412379991379962,0.024123799913797834,0.024123799913800655,0.024123230508131248,0.024123761643435073,0.024123797479311607,2.8206603719382883e-15,-3.827036276077278e-08
3399.975823858117,0.024128643216966377,0.02412864321696379,0.02412864321696462,0.024128047835115074,0.024128603217500225,0.024128640672735183,8.326672684688674e-16,-3.999946356428308e-08
3404.0476511920792,0.024134710524959444,0.024134710524957612,0.024134710524953664,0.02413408831222108,0.024134668738604974,0.0241347078673056,-3.948230631323213e-15,-4.178635263848984e-08
3408.119478526041,0.024141994247820223,0.024141994247819997,0.02414199424781223,0.02414134427000964,0.02414195061150311,0.024141991472728216,-7.768091725424142e-15,-4.3636316886253024e-08
3412.1913058600026,0.02415049167481537,0.024150491674816244,0.024150491674807966,0.0241498129150806,0.024150446119955662,0.024150488777918873,-8.278100427361323e-15,-4.555486058169245e-08
3416.2631331939647,0.024160204818800317,0.024160204818800834,0.02416020481879466,0.024159496173877564,0.024160157271058236,0.02416020179536655,-6.17214612752548e-15,-4.7547742597353615e-08
3420.3349605279263,0.024171140304898253,0.024171140304897545,0.02417114030489179,0.02417040058078773,0.024171090683882627,0.02417113714981062,-5.755812493291046e-15,-4.962101491853832e-08
3424.406787861888,0.024183309300601443,0.02418330930060008,0.024183309300592547,0.024182537207634046,0.02418325751953705,0.024183306008339452,-7.532169332691296e-15,-5.178106303113661e-08
3428.47861519585,0.024196727485110887,0.024196727485110425,0.024196727485101065,0.02419592163237005,0.024196673450461254,0.024196724049725404,-9.360567876370851e-15,-5.403464917175249e-08
3432.550442529812,0.024211415056369607,0.024211415056370738,0.024211415056361638,0.02421057394542556,0.024211358667413047,0.024211411471454333,-9.10035935497433e-15,-5.638895769072283e-08
3436.6222698637735,0.024227396774832138,0.024227396774834008,0.024227396774828797,0.024226518792739227,0.024227337923189242,0.024227393033492788,-5.2111093218343285e-15,-5.885164476582272e-08
3440.6940971977356,0.024244702043564246,0.024244702043566345,0.024244702043566064,0.02424378545506334,0.024244640612674943,0.02424469813838722,-2.8102520310824275e-16,-6.143089140153712e-08
3444.7659245316972,0.024263365024797073,0.024263365024798967,0.024263365024800775,0.02426240796364771,0.024263300889337126,0.024263360947811854,1.807581861967833e-15,-6.413546184066976e-08
3448.837751865659,0.024283424793558737,0.024283424793559712,0.02428342479356007,0.024282425252923345,0.024283357818792987,0.024283420536196577,3.5735303605122226e-16,-6.697476672562486e-08
3452.909579199621,0.02430492552952478,0.024304925529524346,0.024304925529521154,0.024303881351312766,0.02430485557059138,0.02430492108257357,-3.191891195797325e-15,-6.995893296612987e-08
3456.9814065335827,0.024327916748752076,0.02432791674875021,0.02432791674874186,0.024326825611817617,0.02432784364986962,0.024327912102306178,-8.347489366400396e-15,-7.309888058748548e-08
3461.0532338675443,0.024352453577497647,0.02435245357749475,0.024352453577480643,0.024351312984569874,0.024352377171087163,0.024352448720902004,-1.4106771306643395e-14,-7.640640758629913e-08
3465.1250612015065,0.02437859707090159,0.02437859707089822,0.024378597070880637,0.024377404334110085,0.024378517176614038,0.024378591992689668,-1.7583157152500917e-14,-7.989428418148092e-08
3469.196888535468,0.024406414579930445,0.02440641457992771,0.024406414579911526,0.024405166804769632,0.02440633100357029,0.024406409267756096,-1.618497003086361e-14,-8.357635742153868e-08
3473.26871586943,0.024435980170657914,0.024435980170657973,0.024435980170646295,0.024434674238211006,0.024435892702989747,0.024435974611219966,-1.1678158440275865e-14,-8.746766822637086e-08
3477.340543203392,0.02446737510070889,0.024467375100712327,0.02446737510070411,0.02446600764792353,0.0244672835161308,0.02446736927966439,-8.215650382226158e-15,-9.158458152622173e-08
3481.4123705373536,0.024500688358523214,0.024500688358527395,0.0245006883585212,0.024499255756310536,0.02450059241359458,0.024500682260392224,-6.196432256189155e-15,-9.594493281459004e-08
3485.4841978713152,0.024536017272047884,0.0245360172720494,0.02453601727204507,0.024534515600940172,0.024535916703857623,0.024536010880112053,-4.3298697960381105e-15,-1.0056819177775567e-07
3489.5560252052774,0.024573468194546894,0.02457346819454652,0.024573468194543015,0.024571893217607648,0.024573362718899,0.024573461490738597,-3.5041414214731503e-15,-1.0547564751814398e-07
3493.627852539239,0.024613157276450758,0.024613157276451154,0.024613157276444243,0.024611504409077372,0.024613046585835182,0.024613150241222067,-6.9111383282915995e-15,-1.1069061597174246e-07
3497.6996798732007,0.024655211333561834,0.02465521133356301,0.024655211333548366,0.024653475609782396,0.02465509509488728,0.024655203945736105,-1.4644535584196205e-14,-1.1623867572987945e-07
3501.771507207163,0.024699768823578213,0.024699768823578487,0.024699768823556966,0.02469794485838809,0.02469964667564466,0.024699761060190208,-2.152097944296827e-14,-1.2214793382661626e-07
3505.8433345411245,0.024746980944815165,0.024746980944814034,0.024746980944792427,0.0247450628920152,0.02474685249548576,0.024746972780934007,-2.160771561676711e-14,-1.2844932827452138e-07
3509.915161875086,0.02479701287320573,0.02479701287320364,0.02479701287318982,0.02479499437811947,0.024796877696232254,0.024797004281732742,-1.3822276656583199e-14,-1.3517697138726303e-07
3513.9869892090483,0.024850045156245573,0.024850045156244355,0.024850045156240137,0.0248479193026045,0.024849902787702244,0.02485003610768793,-4.218847493575595e-15,-1.4236854211160943e-07
3518.05881654301,0.024906275285601808,0.02490627528560192,0.024906275285604743,0.02490403453576461,0.02490612521986932,0.0249062657478147,2.824129818890242e-15,-1.5006573260076261e-07
3522.1306438769716,0.024965919473675467,0.024965919473675952,0.024965919473682138,0.024963555601220756,0.024965761158914513,0.024965909411574158,6.186023915333294e-15,-1.5831476143923773e-07
3526.2024712109337,0.02502921466365453,0.02502921466365437,0.02502921466365952,0.025026718677218302,0.025029047496693036,0.025029204038890536,5.152128723651117e-15,-1.671669613324822e-07
3530.2742985448954,0.02509642080761086,0.025096420807609873,0.02509642080761134,0.025093782864648435,0.025096244128153707,0.025096409578204647,1.4675760606763788e-15,-1.7667945616597902e-07
3534.346125878857,0.025167823453162475,0.025167823453161643,0.025167823453160192,0.02516503276208731,0.025167636537220046,0.025167811573085848,-1.4502288259166107e-15,-1.8691594159611635e-07
3538.417953212819,0.02524373668635348,0.02524373668635371,0.0252437366863499,0.025240781395232247,0.025243538738765354,0.02524372410505318,-3.809452753245068e-15,-1.9794758835539605e-07
3542.489780546781,0.025324506486933702,0.025324506486934614,0.025324506486929906,0.02532137355659204,0.025324296632845383,0.025324493148788197,-4.7080395138010545e-15,-2.0985408923090976e-07
3546.5616078807425,0.025410514562478222,0.025410514562479176,0.02541051456247434,0.02540718962147763,0.025410291837601306,0.025410500406179294,-4.836409051023338e-15,-2.2272487787064477e-07
3550.6334352147046,0.025502182740157083,0.025502182740157628,0.02550218274015016,0.025498649918623564,0.02550194607960794,0.025502167698000573,-7.466249840604178e-15,-2.3666054968854433e-07
3554.7052625486663,0.025599978009922184,0.025599978009922808,0.02559997800991152,0.025596219748633495,0.02559972623539871,0.025599962006993427,-1.128958038165706e-14,-2.51774524097359e-07
3558.777089882628,0.025704418331064054,0.025704418331065584,0.025704418331052657,0.0257004151614971,0.025704150136069213,0.025704401284297605,-1.2927159342979166e-14,-2.681949963709296e-07
3562.84891721659,0.02581607933625411,0.02581607933625584,0.025816079336244302,0.02581180962643986,0.025815793269020025,0.02581606115334609,-1.1539380562197721e-14,-2.8606723581625637e-07
3566.9207445505517,0.025935602094331184,0.02593560209433183,0.0259356020943228,0.025931041754314557,0.025935296538030943,0.02593558267248193,-9.027500968983304e-15,-3.05556300886356e-07
3570.9925718845134,0.02606370212647458,0.026063702126473395,0.0260637021264666,0.026058824265876343,0.026063375276214454,0.026063681350926692,-6.79664657887713e-15,-3.2685025894152453e-07
3575.0643992184755,0.02620117991161219,0.02620117991160974,0.026201179911603135,0.02619595444018648,0.0262008297475913,0.026201157653944294,-6.6058269965196814e-15,-3.501640184408461e-07
3579.136226552437,0.026348933168039042,0.026348933168036933,0.026348933168028634,0.02634332632812912,0.026348557424129657,0.026348909284167773,-8.298917109073045e-15,-3.7574390727643237e-07
3583.208053886399,0.02650797126194547,0.026507971261944655,0.02650797126193504,0.026501945079250033,0.02650756738877915,0.02650794558977637,-9.613837503863465e-15,-4.038731655046923e-07
3587.279881220361,0.026679432173363896,0.026679432173364596,0.02667943217335322,0.026672943809306703,0.02667899729480297,0.02667940453002337,-1.1376316555455901e-14,-4.348785616267725e-07
3591.3517085543226,0.026864602550540646,0.026864602550543095,0.026864602550528697,0.0268576035355881,0.02686413341214425,0.026864572729099347,-1.43982048506075e-14,-4.6913839884393793e-07
3595.4235358882843,0.027064941510934873,0.027064941510937215,0.02706494151092012,0.027057376833202317,0.027064434418689734,0.027064909276509605,-1.7093965132275457e-14,-5.070922474807726e-07
3599.4953632222464,0.02728210900895629,0.027282109008955963,0.027282109008936208,0.027273916026068514,0.02728155975612278,0.027282074094059184,-1.975503094442388e-14,-5.492528331839386e-07
3603.567190556208,0.027517999797914344,0.027517999797911495,0.027517999797890644,0.02750910693188191,0.027517403577277947,0.02751796189687569,-2.085137618124122e-14,-5.962206335481668e-07
3607.6390178901697,0.02777478428080974,0.02777478428080756,0.027774784280787296,0.02776510944508835,0.027774135578912364,0.027774743043052063,-2.026503964636106e-14,-6.487018951971402e-07
3611.710845224132,0.02805495789108546,0.028054957891086866,0.02805495789107045,0.028044406585214312,0.028054250360087057,0.02805491291297136,-1.6417422976644502e-14,-7.075309998091917e-07
3615.7826725580935,0.028361401096927356,0.028361401096930344,0.02836140109692138,0.028349864086101143,0.028360627398536044,0.02836135191182983,-8.965050923848139e-15,-7.736983942997766e-07
3619.854499892055,0.02869745271785799,0.028697452717859246,0.028697452717853286,0.02868480319098248,0.028696604332170646,0.028697398784006716,-5.960509863456309e-15,-8.483856886003227e-07
3623.9263272260173,0.029067000031216903,0.029067000031216914,0.029067000031199632,0.029053090099311934,0.029066067021161393,0.029066940716722094,-1.7281315267680952e-14,-9.33010055520489e-07
3627.998154559979,0.02947459020008093,0.029474590200079927,0.02947459020004005,0.029459246554423158,0.029473560919286552,0.029474524764350873,-3.987782326575484e-14,-1.0292807933742765e-06
3632.0699818939406,0.02992556897444437,0.029925568974443418,0.029925568974384417,0.029908587466416336,0.029924429702519694,0.02992549654499032,-5.900141486492316e-14,-1.139271923723817e-06
3636.1418092279027,0.03042625454880807,0.03042625454880727,0.03042625454874458,0.030407393374958885,0.030424989032696616,0.030426174092073086,-6.268943697484985e-14,-1.2655161106545076e-06
3640.2136365618644,0.030984157110683447,0.030984157110682867,0.030984157110623852,0.030963128178363573,0.030982745983489667,0.03098406739508036,-5.901529265273098e-14,-1.41112719320019e-06
3644.285463895826,0.031608258291768,0.03160825829176881,0.03160825829170703,0.03158471618999269,0.03160667833027649,0.03160815784045764,-6.178391132038996e-14,-1.5799614923178718e-06
3648.357291229788,0.03230936988908348,0.03230936988908493,0.03230936988901879,0.03228289767695004,0.03230759305687315,0.03230925691911183,-6.61415366920437e-14,-1.776832211780599e-06
3652.42911856375,0.033100598535512595,0.03310059853551373,0.03310059853545393,0.033070689257768245,0.03309859073815918,0.03310047087863927,-5.97993876638725e-14,-2.007797354555696e-06
3656.5009458977115,0.033997953498964756,0.03399795349896483,0.033997953498914414,0.03396398590113426,0.03399567294831393,0.033997808497624266,-5.041800310578992e-14,-2.280550650900215e-06
3660.5727732316736,0.03502115006693452,0.035021150066933404,0.035021150066887545,0.03498235634246306,0.03501854510824667,0.035020984436031556,-4.585914981092287e-14,-2.6049586867374352e-06
3664.6446005656353,0.036194683520047455,0.03619468352004657,0.036194683520003997,0.03615010597130669,0.036191689711643625,0.0361944931612047,-4.2570114100470846e-14,-2.9938084029415557e-06
3668.716427899597,0.03754928248400791,0.037549282484008385,0.03754928248396606,0.03749771454457912,0.03754581862218672,0.03754906223271872,-4.232725281383409e-14,-3.4638618216648043e-06
3672.788255233559,0.0391239019141185,0.039123901914119984,0.03912390191407839,0.039063806778289176,0.039119864547424714,0.03912364519080436,-4.159173006001993e-14,-4.037366695269773e-06
3676.8600825675207,0.04096849576145185,0.04096849576145389,0.04096849576143194,0.04089789242575208,0.04096375150587844,0.040968194082631665,-2.1947721418058563e-14,-4.744255575443723e-06
3680.9319099014824,0.04314793548058166,0.043147935480583745,0.04314793548060284,0.04306423651595231,0.04314231007647791,0.0431475777627628,1.9095836023552692e-14,-5.625404105834286e-06
3685.0037372354445,0.0457476440218869,0.04574764402188903,0.045747644021948176,0.045647420458826936,0.045740906469138996,0.04574721557235164,5.914713163690521e-14,-6.73755275003296e-06
3689.075564569406,0.04888185073317365,0.04888185073317594,0.048881850733257896,0.04876048454441578,0.04887368983352346,0.04888133175771749,8.195527589904827e-14,-8.160899652477627e-06
3693.147391903368,0.05270594034566531,0.052705940345667605,0.05270594034575413,0.052557099541755824,0.052695929257527516,0.0527053036936836,8.652800698172314e-14,-1.0011088140089719e-05
3697.21921923733,0.05743535482310001,0.057435354823102615,0.05743535482317686,0.05725018143390952,0.05742289620508781,0.057434562497678227,7.424616477180734e-14,-1.2458618014805911e-05
3701.2910465712916,0.0633752671564484,0.06337526715645156,0.06337526715649881,0.06314108743991291,0.0633595059938209,0.06337426476828097,4.7253867485608225e-14,-1.5761162630661962e-05
3705.3628739052533,0.07096848704540538,0.0709684870454094,0.07096848704541897,0.07066670225592486,0.07094816801952836,0.07096719473813666,9.575673587391975e-15,-2.0319025881038177e-05
3709.4347012392154,0.08087521810430409,0.0808752181043099,0.08087521810428468,0.08047774318487733,0.08084844463529554,0.08087351522334715,-2.5229818234606682e-14,-2.677346901436284e-05
3713.506528573177,0.09411037455420329,0.09411037455421212,0.094110374554161,0.09357341357698365,0.09407418739808088,0.09410807283335872,-5.1111892496180644e-14,-3.6187156131239906e-05
3717.5783559071388,0.11228858749215803,0.11228858749217083,0.11228858749209186,0.11154135378265836,0.11223820063321747,0.11228538243221674,-7.896461262646426e-14,-5.0386858953352376e-05
3721.650183241101,0.1380772700481011,0.13807727004811948,0.1380772700480029,0.13700082560787585,0.1380046365089105,0.13807264965357427,-1.1657341758564144e-13,-7.263353920897164e-05
3725.7220105750625,0.17605987127389572,0.1760598712739234,0.17605987127375405,0.17444645407129417,0.17595092585528996,0.1760529405946373,-1.69336766830952e-13,-0.00010894541863343266
3729.793837909024,0.234391977821114,0.23439197782115892,0.23439197782088167,0.23186780809634644,0.23422140844950554,0.23438112624604593,-2.772504448245172e-13,-0.00017056937165338404
3733.8656652429863,0.32774620971880103,0.3277462097188766,0.3277462097184337,0.3236459854174733,0.32746900301536336,0.3277285732147176,-4.4286796452297494e-13,-0.00027720670351322196
3737.937492576948,0.4804356880043794,0.4804356880045065,0.48043568800387526,0.47376442773243976,0.4799849451692994,0.48040701190891755,-6.312173006506328e-13,-0.00045074283520707414
3742.0093199109097,0.7152059995026964,0.7152059995028832,0.7152059995021763,0.7057654290206529,0.7145711936136374,0.7151656267926533,-7.068789997788372e-13,-0.0006348058892458042
3746.0811472448718,0.9689569434176284,0.9689569434177763,0.9689569434175802,0.9621902297160593,0.968512275665233,0.9689287091815642,-1.9606538614880265e-13,-0.00044466775254325963
3750.1529745788334,1.000000000000064,1.0,1.0000000000008575,1.0045278574715508,1.0003155448777314,1.0000201190418854,8.575362642204709e-13,0.000315544877731444
3754.224801912795,0.7671065328348682,0.7671065328346971,0.7671065328359158,0.7766619279572774,0.7677475908784097,0.767147301011593,1.2186918141310343e-12,0.0006410580437126168
3758.296629246757,0.5184959293882422,0.5184959293881043,0.5184959293890405,0.5258042235405129,0.5189829637831236,0.5185268885153848,9.362510766663945e-13,0.00048703439501929235
3762.368456580719,0.3512576994250949,0.351257699425006,0.3512576994255423,0.35580322773472967,0.35156026891487374,0.3512769313483023,5.362932320451819e-13,0.00030256948986773224
3766.4402839146805,0.24881019552237368,0.24881019552231814,0.24881019552255665,0.2515903925175111,0.24899532376080036,0.24882196300845622,2.3850366126509925e-13,0.00018512823848221283
3770.5121112486427,0.1852192212206659,0.1852192212206303,0.18521922122069173,0.1869772819225367,0.185336371580002,0.18522666818018374,6.142308883738679e-14,0.00011715035937168161
3774.5839385826043,0.14414787004531987,0.14414787004529553,0.1441478700452647,0.14530808917196972,0.14422524008560458,0.14415278855466143,-3.083644450896372e-14,7.737004030905492e-05
3778.655765916566,0.11647428408446005,0.11647428408444227,0.11647428408438228,0.11727167669833066,0.11652749481187084,0.11647766693980523,-5.99936766931819e-14,5.321072742857369e-05
3782.727593250528,0.09709729121154259,0.09709729121152953,0.09709729121149006,0.09766524117102227,0.09713521358164764,0.09709970223247504,-3.9468428525424315e-14,3.79223701181125e-05
3786.79942058449,0.08306972177240222,0.08306972177239298,0.08306972177238384,0.08348685526080539,0.08309758847886106,0.08307149355440699,-9.145462165349727e-15,2.786670646807987e-05
3790.8712479184514,0.07262082502974049,0.07262082502973383,0.07262082502972991,0.07293534083101297,0.0726418458565488,0.07262216159979613,-3.913536161803677e-15,2.1020826814974192e-05
3794.9430752524136,0.06464522690148197,0.06464522690147707,0.06464522690145452,0.06488777206100506,0.06466144399369456,0.06464625807242286,-2.2551405187698492e-14,1.6217092217482576e-05
3799.0149025863752,0.05842833993316823,0.058428339933164694,0.05842833993311938,0.058619054521427835,0.058441096028704016,0.05842915106213586,-4.53109771925142e-14,1.2756095539322165e-05
3803.086729920337,0.05349352218134768,0.05349352218134481,0.053493522181302135,0.053646035651987854,0.053503726390211954,0.05349417106210814,-4.2674197509029455e-14,1.020420886714557e-05
3807.158557254299,0.0495138909483144,0.0495138909483117,0.049513890948295086,0.049637670038821205,0.049522174989736885,0.04951441774174251,-1.6611712005953905e-14,8.284041425186961e-06
3811.2303845882607,0.04625967968904771,0.04625967968904511,0.04625967968905293,0.04636145350432892,0.046266492771235415,0.04626011295394647,7.820133429703446e-15,6.81308219030452e-06
3815.3022119222223,0.04356581261508294,0.04356581261508041,0.04356581261510337,0.043650463720888016,0.04357148079129737,0.043566173081152425,2.296079992802902e-14,5.668176216958032e-06
3819.3740392561845,0.04131135512968936,0.04131135512968672,0.04131135512971809,0.04138249199159235,0.04131611944530812,0.04131165812242363,3.137073933956458e-14,4.764315621401394e-06
3823.445866590146,0.03940615014477547,0.03940615014477309,0.03940615014480319,0.03946648396129322,0.039410191759266654,0.039406407182441115,3.0100921755149557e-14,4.041614493563439e-06
3827.517693924108,0.03778192212881986,0.037781922128818174,0.037781922128842016,0.03783352045149491,0.037785379229722284,0.037782141997689284,2.3842039453825237e-14,3.4571009041098333e-06
3831.58952125807,0.03638622856749343,0.03638622856749288,0.036386228567511565,0.03643068945905131,0.03638920798891292,0.036386418060459905,1.8686441283222166e-14,2.979421420037931e-06
3835.6613485920316,0.035178267615537696,0.035178267615537856,0.0351782676155546,0.03521684144857057,0.03518085296608851,0.03517843204883873,1.6743550990128142e-14,2.5853505506573393e-06
3839.7331759259932,0.034125920984055605,0.03412592098405501,0.034125920984074375,0.0341595970542871,0.034128178428402725,0.03412606456483582,1.9366452885805074e-14,2.257444347716908e-06
3843.8050032599554,0.033203634486708614,0.033203634486706976,0.03320363448672979,0.033233203552459595,0.033205616921232216,0.03320376057849588,2.2815083156046967e-14,1.9824345252397735e-06
3847.876830593917,0.03239087654025258,0.03239087654025063,0.032390876540270466,0.03241697661626397,0.03239262665135933,0.03239098785739869,1.9838297671270766e-14,1.7501111087003807e-06
3851.9486579278787,0.031671001819970526,0.031671001819969076,0.031671001819986284,0.03169415214452182,0.03167255435306752,0.03167110057190901,1.7208456881689926e-14,1.552533098442277e-06
3856.020485261841,0.03103040312432355,0.031030403124323317,0.031030403124336876,0.03105102965561763,0.031031786587306508,0.03103049112387748,1.3558598688234724e-14,1.3834629831906142e-06
3860.0923125958025,0.030457871051037384,0.03045787105103753,0.030457871051041054,0.030476325817225165,0.0304591090073701,0.030457949796633153,3.524958103184872e-15,1.237956332569845e-06
3864.164139929764,0.02994410540334166,0.029944105403342004,0.02994410540333164,0.029960681338721207,0.029945217463678033,0.029944176142060446,-1.0363238045485446e-14,1.1120603360288694e-06
3868.2359672637263,0.02948133867559175,0.029481338675592408,0.029481338675566213,0.02949628110456684,0.029482341265468802,0.029481402451981446,-2.6194324487249787e-14,1.0025898763942054e-06
3872.307794597688,0.029063043230141077,0.02906304323014066,0.029063043230103124,0.029076558835499134,0.029063950189595,0.029063100924340373,-3.753594657318615e-14,9.069594543407999e-07
3876.3796219316496,0.028683701601674938,0.028683701601673328,0.02868370160163929,0.0286959654865031,0.028684524657473426,0.028683753959442594,-3.403874404561691e-14,8.230558000976718e-07
3880.4514492656117,0.028338624869327173,0.02833862486932369,0.02833862486930278,0.028349786161063244,0.028339374009763604,0.028338672525871945,-2.0910356779424433e-14,7.491404399144475e-07
3884.5232765995734,0.028023807954330664,0.028023807954327688,0.028023807954315895,0.028033994284376834,0.028024491728861827,0.028023851453367495,-1.1792650189690335e-14,6.837745341395363e-07
3888.595103933535,0.02773581351993908,0.027735813519939995,0.027735813519931665,0.0277451346290022,0.02773643928036999,0.027735853329023407,-8.330142131640628e-15,6.257604299939046e-07
3892.666931267497,0.027471678199795357,0.027471678199797685,0.027471678199793372,0.027480228858314467,0.027472252295664693,0.02747171472274077,-4.3125225612783424e-15,5.740958670084895e-07
3896.738758601459,0.027228836385453925,0.027228836385453953,0.027228836385456603,0.02723669877364402,0.027229364323294092,0.027228869972463727,2.6506574712925612e-15,5.279378401390478e-07
3900.8105859354205,0.02700505791843003,0.02700505791842736,0.02700505791843685,0.02701230357707583,0.027005544492319438,0.02700508887440304,9.488937413593135e-15,4.865738920771523e-07
3904.8824132693826,0.026798396865014142,0.026798396865011547,0.02679839686502384,0.026805088303121536,0.026798846264173153,0.026798425456386644,1.2292250550771655e-14,4.4939916160613436e-07
3908.9542406033443,0.02660714917956117,0.026607149179560426,0.02660714917957014,0.026613341206048642,0.026607565077484106,0.026607175639970983,9.71445146547012e-15,4.15897923679992e-07
3913.026067937306,0.02642981753832846,0.026429817538328976,0.02642981753833598,0.026435558370523516,0.026430203166986212,0.0264298420733323,7.004813395994347e-15,3.8562865723595907e-07
3917.097895271268,0.026265081990245093,0.026265081990246634,0.026265081990253812,0.026270414180878367,0.026265440202147133,0.02626510478126765,7.178285743592028e-15,3.582119004995332e-07
3921.1697226052297,0.02611177535153061,0.02611177535153314,0.02611177535153918,0.026116736567362256,0.0261121086718565,0.026111796559179667,6.040307143351242e-15,3.3332032335978146e-07
3925.2415499391914,0.025968862488520726,0.025968862488522725,0.025968862488523932,0.025973486167094793,0.025969173159094236,0.025968882255381957,1.2073675392798577e-15,3.1067057151140665e-07
3929.3133772731535,0.025835422802681605,0.025835422802681793,0.0258354228026754,0.02583973870850757,0.025835712819216785,0.025835441255688863,-6.394190732450511e-15,2.90016534992138e-07
3933.385204607115,0.02571063536490664,0.025710635364905574,0.025710635364890218,0.02571467006226769,0.025710906508673345,0.025710652617357114,-1.5355772209346696e-14,2.7114376777159777e-07
3937.4570319410773,0.02559376625121817,0.025593766251217134,0.025593766251196262,0.025597543507569098,0.02559402011605885,0.02559378240448951,-2.0872192862952943e-14,2.5386484171427415e-07
3941.528859275039,0.02548415771533711,0.025484157715336554,0.025484157715316178,0.025487698846685433,0.02548439573079913,0.02548417286035713,-2.0376061948823576e-14,2.3801546257529171e-07
3945.6006866090006,0.025381218900064163,0.025381218900063444,0.025381218900044796,0.025384543067668124,0.02538144235127397,0.025381233118574424,-1.8648277366750676e-14,2.234512105243891e-07
3949.6725139429627,0.025284417842702054,0.025284417842700687,0.025284417842681914,0.02528754230876436,0.025284627887495345,0.025284431208348418,-1.8773177457021006e-14,2.1004479465805415e-07
3953.7443412769244,0.025193274572661867,0.02519327457266074,0.02519327457264339,0.025196214921362037,0.025193472256392752,0.025193287151937558,-1.7350704206720025e-14,1.9768373201237144e-07
3957.816168610886,0.025107355134118194,0.025107355134117854,0.025107355134105426,0.025110125463241505,0.025107541402496707,0.025107366987178654,-1.2427558981897846e-14,1.86268378853105e-07
3961.887995944848,0.025026266394781387,0.025026266394782087,0.025026266394775766,0.02502887948233067,0.025026442105037086,0.02502627757615405,-6.321332346459485e-15,1.7571025499873993e-07
3965.95982327881,0.024949651524893666,0.02494965152489499,0.024949651524894194,0.02495211897434218,0.024949817455508314,0.02494966208409672,-7.945033519973776e-16,1.659306133258709e-07
3970.0316506127715,0.02487718604940858,0.024877186049409375,0.024877186049411484,0.02487951841666406,0.024877342908624485,0.024877196031492237,2.1094237467877974e-15,1.5685921510993905e-07
3974.1034779467336,0.02480857439183158,0.024808574391831446,0.02480857439183573,0.024810781296495114,0.024808722825108986,0.024808583837853407,4.2847669856627135e-15,1.4843327754074376e-07
3978.1753052806953,0.024743546841010322,0.024743546841009854,0.024743546841017938,0.0247456370641071,0.024743687437577516,0.024743555788452377,8.083811398051921e-15,1.4059656766249318e-07
3982.247132614657,0.024681856882770362,0.024681856882770678,0.024681856882782044,0.02468383845279818,0.02468199018139076,0.024681865365905244,1.136590821460004e-14,1.332986200829056e-07
3986.318959948619,0.024623278847116778,0.02462327884711828,0.024623278847130736,0.024625159115979584,0.024623405341177393,0.024623286897330284,1.2455314557513475e-14,1.2649405911266398e-07
3990.3907872825807,0.02456760582908151,0.024567605829082687,0.024567605829093883,0.02456939153924338,0.024567725971093198,0.024567613475157672,1.1195905313954313e-14,1.2014201051027684e-07
3994.4626146165424,0.0245146478474528,0.024514647847452848,0.02451464784746077,0.0245163451914567,0.024514762053042708,0.024514655115830276,7.920747391310101e-15,1.1420558986008356e-07
3998.5344419505045,0.024464230210806855,0.02446423021080587,0.024464230210809852,0.02446584488412765,0.024464338862261594,0.0244642371258044,3.982925100842749e-15,1.0865145572483415e-07
