wavenumber_cm-1,NMA_reference,Dense_exact,Sparse_Krylov,Suzuki4_r1,Suzuki4_r2,Suzuki4_r4,Krylov_minus_exact,Suzuki4_r2_minus_exact
0.0,0.043532520024356036,0.04353252002435702,0.04353252002435222,0.043540090657612426,0.043533007542227255,0.04353255074490367,-4.801714581503802e-15,4.875178702332117e-07
4.071827333961817,0.043604150506381,0.04360415050638189,0.04360415050637851,0.04361188912504345,0.0436046491869389,0.04360418193187603,-3.3792413312028202e-15,4.986805570081354e-07
8.143654667923634,0.04382449173998854,0.04382449173998883,0.043824491739987745,0.04383276077345761,0.043825025247217354,0.04382452536318256,-1.0824674490095276e-15,5.335072285270193e-07
12.215482001885452,0.044210787320155695,0.044210787320155355,0.04421078732015483,0.04422002034850679,0.044211383565182116,0.04421082490009782,-5.273559366969494e-16,5.962450267613106e-07
16.28730933584727,0.0447950064212375,0.044795006421237016,0.04479500642123664,0.04480576241042576,0.04479570140003576,0.044795050226580105,-3.7470027081099033e-16,6.949787987459155e-07
20.359136669809086,0.04562966377281053,0.0456296637728104,0.045629663772813,0.04564271585737023,0.04563050737840391,0.04562971694852536,2.6020852139652106e-15,8.436055935132081e-07
24.430964003770903,0.046798348151922284,0.04679834815192247,0.046798348151928064,0.04681483136144814,0.04679941370610835,0.046798415320132854,5.592748486549226e-15,1.065554185879225e-06
28.50279133773272,0.04843459290776303,0.04843459290776315,0.048434592907766985,0.04845626083081408,0.04843599372634388,0.048434681211956,3.837208328860697e-15,1.4008185807296014e-06
32.57461867169454,0.05075634872091094,0.050756348720910505,0.050756348720909464,0.050786040562206376,0.05075826827382194,0.050756469727190265,-1.0408340855860843e-15,1.9195529114349186e-06
36.64644600565635,0.05413073968093845,0.05413073968093753,0.05413073968093291,0.054173262435214295,0.0541334885650737,0.05413091296954925,-4.621303340002214e-15,2.7488841361639205e-06
40.71827333961817,0.059198412439994734,0.05919841243999345,0.059198412439987656,0.05926223655944893,0.0592025378981205,0.05919867250935427,-5.793976409762536e-15,4.125458127050841e-06
44.790100673579985,0.06710934156623503,0.06710934156623366,0.0671093415662259,0.0672097226800098,0.06711582921473737,0.06710975055019397,-7.757683384568281e-15,6.487648503708532e-06
48.861928007541806,0.07990743365954527,0.07990743365954411,0.0799074336595329,0.0800706294883708,0.07991798086616443,0.0799080985650578,-1.1213252548714081e-14,1.0547206620317717e-05
52.93375534150362,0.10066739232552295,0.10066739232552228,0.10066739232550613,0.10092522824513085,0.10068406386790218,0.10066844335168508,-1.6153745008296028e-14,1.667154237990076e-05
57.00558267546544,0.1302825963947132,0.1302825963947131,0.13028259639469217,0.1305980798511041,0.13030304155345224,0.13028388550323886,-2.09277040141842e-14,2.0445158739140767e-05
61.077410009427254,0.15385241960887655,0.15385241960887724,0.15385241960886217,0.15395793379802247,0.15385936172527265,0.15385285770294074,-1.50712775592865e-14,6.942116395403097e-06
65.14923734338907,0.14470491498238144,0.1447049149823829,0.14470491498237925,0.14447146215380785,0.14468984789051675,0.14470396512973965,-3.635980405647388e-15,-1.5067091866133309e-05
69.2210646773509,0.11567447861022095,0.11567447861022237,0.11567447861022039,0.11539824910603545,0.11565656176198529,0.11567334876833608,-1.9845236565174673e-15,-1.7916848237084504e-05
73.2928920113127,0.09199453205620184,0.09199453205620285,0.0919945320561935,0.09180787235851769,0.09198241209656086,0.09199376772375062,-9.353628982466944e-15,-1.2119959641995748e-05
77.36471934527452,0.07811000759344917,0.07811000759344973,0.07811000759343002,0.07799723731526774,0.07810268480476076,0.07810954579512287,-1.970645868709653e-14,-7.322788688965409e-06
81.43654667923634,0.07105328987933537,0.07105328987933567,0.07105328987930615,0.0709812733406649,0.07104861222199109,0.07105299485526263,-2.951805466722135e-14,-4.677657344576147e-06
85.50837401319816,0.06710396763670678,0.06710396763670717,0.06710396763667319,0.06704646098484937,0.06710022342666692,0.06710373132197572,-3.3986702341337605e-14,-3.744210040249052e-06
89.58020134715997,0.06389829162037479,0.06389829162037548,0.06389829162034542,0.06385049294205875,0.06389517085196902,0.06389809452819932,-3.0059288391726113e-14,-3.120768406458807e-06
93.65202868112179,0.06217466952168594,0.062174669521686717,0.06217466952166304,0.06214019604061033,0.06217241705309035,0.06217452724502624,-2.3675506000131463e-14,-2.2524685963642987e-06
97.72385601508361,0.06204380390288916,0.06204380390288984,0.062043803902872195,0.06201854672264027,0.06204215403581598,0.062043699695308915,-1.7645607197636082e-14,-1.649867073863498e-06
101.79568334904542,0.062703362332189,0.06270336233218952,0.0627033623321762,0.06268750551639454,0.06270232541378024,0.06270329683206295,-1.3322676295501878e-14,-1.0369184092889894e-06
105.86751068300724,0.0643650170421815,0.06436501704218202,0.06436501704216949,0.06435579082405322,0.06436441075842832,0.0643649786908046,-1.2531642390456454e-14,-6.062837537013088e-07
109.93933801696906,0.06464223405664687,0.0646422340566476,0.06464223405663617,0.06462207460665381,0.06464090794746888,0.06464215012104946,-1.1421419365831298e-14,-1.3261091787175605e-06
114.01116535093088,0.06103224741662154,0.06103224741662197,0.061032247416616704,0.0610035814208314,0.06103036108054925,0.061032128039459135,-5.266620473065586e-15,-1.8863360727178202e-06
118.08299268489269,0.05665739902929106,0.05665739902929094,0.056657399029292274,0.05663539878963966,0.056655950685610225,0.05665730737314528,1.3322676295501878e-15,-1.4483436807169459e-06
122.15482001885451,0.05386477292641759,0.053864772926417136,0.05386477292642341,0.053851732760215675,0.0538639139147509,0.05386471856183156,6.2727600891321345e-15,-8.59011666236309e-07
126.22664735281633,0.052662437784247264,0.052662437784246584,0.052662437784257485,0.052656194486895035,0.052662025617683995,0.05266241169092498,1.0901002323038256e-14,-4.121665625883564e-07
130.29847468677815,0.052698613923188316,0.0526986139231874,0.05269861392320196,0.052697656781336415,0.052698548931061476,0.052698609791208446,1.4557799410397365e-14,-6.499212592409043e-08
134.37030202073996,0.05385691846560096,0.05385691846560026,0.05385691846561513,0.0538609623162078,0.05385718155241632,0.05385693508357171,1.487004963607319e-14,2.6308681605469175e-07
138.4421293547018,0.05632316094438148,0.05632316094438103,0.05632316094439303,0.05633316908031084,0.05632381499370663,0.05632320228705711,1.2004286453759505e-14,6.540493256018687e-07
142.5139566886636,0.06065954199154715,0.0606595419915468,0.06065954199155569,0.060678061754850854,0.0606607537799924,0.06065961860494617,8.88872309090516e-15,1.211788445601436e-06
146.5857840226254,0.06792976020365318,0.06792976020365292,0.06792976020365928,0.06796130998756003,0.06793182574955627,0.06792989080752125,6.356026815979021e-15,2.0655459033458445e-06
150.65761135658724,0.07933347667662277,0.0793334766766224,0.07933347667662571,0.07938183785258499,0.07933664391146446,0.079333676947379,3.316791286067655e-15,3.1672348420608287e-06
154.72943869054905,0.0928389655885382,0.09283896558853773,0.0928389655885396,0.09289130433300424,0.09284239357045367,0.09283918232696399,1.8735013540549517e-15,3.427981915937739e-06
158.80126602451085,0.09780157596028281,0.09780157596028266,0.09780157596028816,0.09782371165249835,0.09780302184944871,0.09780166729513218,5.495603971894525e-15,1.4458891660490414e-06
162.8730933584727,0.09008689923540665,0.09008689923540693,0.09008689923542051,0.09008437111716347,0.09008672556224806,0.09008688812362126,1.3586354263850353e-14,-1.7367315886807067e-07
166.9449206924345,0.0813902985915574,0.08139029859155829,0.08139029859157718,0.08138632946215893,0.08139003126830156,0.08139028157937947,1.8887669206435476e-14,-2.6732325672518265e-07
171.01674802639633,0.07798317487326216,0.07798317487326313,0.07798317487328206,0.07798357108065111,0.07798319532122508,0.07798317608494848,1.892930256985892e-14,2.0447961948666382e-08
175.08857536035813,0.08037535452383036,0.080375354523831,0.08037535452384685,0.08038005690944089,0.08037565844607894,0.08037537367987473,1.584843367652411e-14,3.0392224793784894e-07
179.16040269431994,0.08904866248026977,0.08904866248027032,0.08904866248027964,0.08905778763088887,0.08904925726949868,0.08904870004450421,9.3119956190435e-15,5.947892283558742e-07
183.23223002828178,0.10539337060087572,0.10539337060087628,0.1053933706008773,0.10540734852715922,0.10539428428500988,0.10539342834334939,1.0269562977782698e-15,9.136841336021551e-07
187.30405736224358,0.12744639879008188,0.12744639879008277,0.12744639879008096,0.12746205453044665,0.12744742157796504,0.1274464634180976,-1.8041124150158794e-15,1.02278788227661e-06
191.3758846962054,0.13993717096239444,0.1399371709623958,0.13993717096240318,0.13994565814604468,0.13993771805415592,0.13993720542090557,7.382983113757291e-15,5.470917601169134e-07
195.44771203016722,0.13173356232545946,0.13173356232546085,0.13173356232547617,0.13173922879986788,0.13173391679469446,0.1317335844888804,1.532107773982716e-14,3.54469233604382e-07
199.51953936412903,0.12054160896384036,0.12054160896384178,0.1205416089638502,0.12055716222802562,0.12054260425151338,0.12054167154319126,8.423817199343375e-15,9.952876715985104e-07
203.59136669809084,0.12032637869041846,0.12032637869041996,0.12032637869041704,0.12035944393260226,0.12032851093543928,0.12032651300480621,-2.914335439641036e-15,2.1322450193261844e-06
207.66319403205267,0.13488384779460258,0.1348838477946041,0.1348838477946024,0.13494317409339746,0.1348876827146332,0.1348840895020201,-1.6930901125533637e-15,3.834920029088806e-06
211.73502136601448,0.16723997394108903,0.16723997394109075,0.16723997394110376,0.16733414208173295,0.1672460656836563,0.16724035795190773,1.301736496372996e-14,6.091742565550451e-06
215.8068486999763,0.21378976502021776,0.21378976502021968,0.21378976502023192,0.21389340897555392,0.21379646407921488,0.2137901871867021,1.2240208846492351e-14,6.699058995196516e-06
219.87867603393812,0.2396964545741288,0.23969645457413075,0.23969645457408542,0.2397119349579727,0.2396974179160211,0.23969651464394245,-4.5324854980322016e-14,9.633418903420843e-07
223.95050336789993,0.20959560057869328,0.2095956005786953,0.2095956005786003,0.20951955188382088,0.20959061406863777,0.20959528521952925,-9.500733533229777e-14,-4.986510057536364e-06
228.02233070186176,0.15924710336967418,0.15924710336967593,0.1592471033696077,0.15917222981035076,0.15924220299595054,0.1592467936324385,-6.822320486321587e-14,-4.900373725386098e-06
232.09415803582357,0.12174817266336223,0.1217481726633637,0.12174817266333539,0.12170003680849419,0.12174502122569664,0.12174797346102263,-2.8310687127941492e-14,-3.1514376670621624e-06
236.16598536978537,0.09881701988897504,0.09881701988897616,0.09881701988896982,0.09878855838531751,0.09881515475883755,0.09881690196790435,-6.342149028171207e-15,-1.8651301386118924e-06
240.2378127037472,0.08533207364054365,0.08533207364054468,0.08533207364055205,0.08531532744456799,0.08533097460255173,0.08533200413019226,7.369105325949477e-15,-1.0990379929465277e-06
244.30964003770902,0.07759898501383751,0.07759898501383826,0.07759898501385337,0.07758926140416607,0.07759834529535892,0.07759894453023727,1.5112910922709943e-14,-6.397184793421884e-07
248.38146737167085,0.07362730366578668,0.07362730366578678,0.07362730366580673,0.07362219897282286,0.073626965996701,0.07362728226959006,1.995625886763719e-14,-3.376690857759268e-07
252.45329470563266,0.07251966815986083,0.07251966815986056,0.07251966815988896,0.07251817137400547,0.07251956617991193,0.07251966165411808,2.839395385478838e-14,-1.0197994863847537e-07
256.52512203959446,0.07412980453351727,0.07412980453351667,0.0741298045335547,0.07413192346047665,0.07412993829584964,0.07412981291506635,3.802513859341161e-14,1.3376233297390794e-07
260.5969493735563,0.07902239726745981,0.07902239726745877,0.07902239726750054,0.07902921402366594,0.07902283671654046,0.07902242494460138,4.1772141301521515e-14,4.3944908169335495e-07
264.66877670751813,0.08869631665317314,0.08869631665317242,0.08869631665320786,0.08871035276880825,0.08869722526947676,0.08869637393644032,3.544387006115812e-14,9.086163043486861e-07
268.7406040414799,0.105842633092983,0.10584263309298243,0.10584263309300469,0.10586752725610911,0.10584424707667861,0.10584273488215457,2.225997164373439e-14,1.613983696177601e-06
272.81243137544175,0.1326780438401273,0.1326780438401265,0.13267804384013024,0.13271122797315588,0.13268019740613687,0.13267817968092704,3.747002708109903e-15,2.1535660103821908e-06
276.8842587094036,0.1603248009082229,0.1603248009082228,0.1603248009082081,0.16033278379855914,0.16032532218290402,0.16032483379995638,-1.4682699500667695e-14,5.212746812255364e-07
280.95608604336536,0.16069966774843927,0.1606996677484399,0.16069966774841973,0.16064743023543235,0.1606962802744831,0.16069945406721184,-2.017830347256222e-14,-3.387473956811826e-06
285.0279133773272,0.13327945358835988,0.13327945358836044,0.13327945358835047,0.13321258339050923,0.1332751130865109,0.1332791797718568,-9.96425164601078e-15,-4.340501849525724e-06
289.09974071128903,0.10618747475624167,0.10618747475624181,0.10618747475624465,0.1061400722859499,0.10618439683740492,0.10618728058035545,2.8449465006019636e-15,-3.0779188368856847e-06
293.1715680452508,0.08866274396411981,0.08866274396411938,0.08866274396412893,0.08863366663400427,0.08866085546998062,0.08866262481888983,9.547918011776346e-15,-1.8884941387631304e-06
297.24339537921264,0.07848770379059439,0.07848770379059347,0.07848770379060346,0.07847019184493163,0.07848656605895434,0.0784876320050502,9.992007221626409e-15,-1.1377316391364412e-06
301.3152227131745,0.07283588809520658,0.07283588809520623,0.07283588809521394,0.07282537261214253,0.07283520452611549,0.07283584495913926,7.702172233337023e-15,-6.835690907480707e-07
305.38705004713626,0.07000123431061207,0.07000123431061275,0.07000123431061551,0.06999516835059978,0.07000083954887769,0.07000120939289373,2.761679773755077e-15,-3.9476173506469703e-07
309.4588773810981,0.06909144905756842,0.06909144905756938,0.06909144905756757,0.06908847347142481,0.06909125485495178,0.06909143679111247,-1.8041124150158794e-15,-1.942026175982825e-07
313.5307047150599,0.06969148999153824,0.06969148999153876,0.06969148999153682,0.06969092145513682,0.06969145197034325,0.06969148757668292,-1.942890293094024e-15,-3.8021195511439565e-08
317.6025320490217,0.07168606496958281,0.07168606496958332,0.07168606496958395,0.07168764290472841,0.07168616619188949,0.07168607133761162,6.245004513516506e-16,1.0122230616194106e-07
321.67435938298354,0.07519517626901459,0.07519517626901569,0.0751951762690199,0.07519896323744532,0.07519542077014264,0.07519519167426089,4.218847493575595e-15,2.445011269558428e-07
325.7461867169454,0.080591364960886,0.08059136496088755,0.0805913649608957,0.0805977515572482,0.08059177806872715,0.08059139100095572,8.146261443187086e-15,4.131078396030219e-07
329.81801405090715,0.08860289733610786,0.08860289733611043,0.08860289733612085,0.088612710565539,0.08860353271296117,0.08860293739628532,1.0422218643668657e-14,6.353768507438851e-07
333.889841384869,0.10054573071876832,0.10054573071877204,0.10054573071878542,0.10056048682897045,0.10054668678988513,0.1005457910087711,1.3378187446733136e-14,9.56071113084045e-07
337.9616687188308,0.11876033407162558,0.11876033407163045,0.11876033407164792,0.11878268898304116,0.11876178328807244,0.11876042547217569,1.74721348500384e-14,1.44921644198992e-06
342.03349605279266,0.1471970232121762,0.14719702321218317,0.1471970232122025,0.1472311705704321,0.14719923782631664,0.14719716290002915,1.9317880628477724e-14,2.2146141334666858e-06
346.10532338675443,0.19076148682697494,0.19076148682698524,0.19076148682700325,0.19081124890266724,0.19076471410383075,0.19076169038781884,1.8013368574543165e-14,3.2272768455132717e-06
350.17715072071627,0.2474857932901185,0.2474857932901321,0.24748579329015055,0.24754660892149788,0.24748973122892726,0.24748604157918958,1.8457457784393227e-14,3.9379387951621325e-06
354.2489780546781,0.3000173783031805,0.30001737830319175,0.3000173783032156,0.3000940641018066,0.3000223252546624,0.3000176899366464,2.3869795029440866e-14,4.946951470630179e-06
358.3208053886399,0.35303418157652416,0.3530341815765254,0.3530341815765576,0.3531710440641568,0.35304300940395644,0.353034737656331,3.219646771412954e-14,8.827827431057145e-06
362.3926327226017,0.4203114560846228,0.42031145608461284,0.42031145608465315,0.4204625310513457,0.4203212131968562,0.42031207080249194,4.030109579389318e-14,9.757112243380384e-06
366.46446005656355,0.43633464645550657,0.43633464645549147,0.436334646455525,0.4363244853493822,0.43633399670591655,0.4363346054806974,3.352873534367973e-14,-6.497495749213655e-07
370.53628739052533,0.35854108623581277,0.35854108623580044,0.3585410862358164,0.35841140418177936,0.3585327079367653,0.3585405582560276,1.5931700403370996e-14,-8.378299035161074e-06
374.60811472448717,0.26539889597444705,0.2653988959744391,0.26539889597444455,0.2652887011154691,0.26539177387420465,0.2653984471593248,5.440092820663267e-15,-7.122100234457918e-06
378.679942058449,0.20224564619394075,0.2022456461939357,0.20224564619393276,0.20217950601349163,0.2022413716194061,0.20224537683181854,-2.942091015256665e-15,-4.274574529589126e-06
382.7517693924108,0.16624377036606833,0.16624377036606508,0.16624377036605575,0.16620880292580426,0.16624151153625155,0.16624362804516754,-9.325873406851315e-15,-2.258829813528429e-06
386.8235967263726,0.14819449374572738,0.1481944937457249,0.14819449374571153,0.1481798078078755,0.14819354707891227,0.14819443413459782,-1.3378187446733136e-14,-9.466668126345557e-07
390.89542406033445,0.14272035616975706,0.14272035616975495,0.14272035616973933,0.14272091270416634,0.14272039661848318,0.14272035879661557,-1.5626389071599078e-14,4.044872822794865e-08
394.9672513942962,0.1482090838889578,0.1482090838889562,0.1482090838889448,0.1482245356300717,0.14821009028321921,0.14820914744194189,-1.1407541578023483e-14,1.0063942630089695e-06
399.03907872825806,0.16632032843134478,0.1663203284313443,0.1663203284313463,0.16635474421699267,0.16632256612423196,0.16632046967277048,1.9984014443252818e-15,2.2376928876521873e-06
403.1109060622199,0.20209645907119805,0.20209645907119858,0.2020964590712197,0.20215838516550239,0.20210048413701298,0.2020967131055377,2.1121993043493603e-14,4.025065814400319e-06
407.1827333961817,0.26140450916291985,0.26140450916292046,0.2614045091629615,0.26149954022251926,0.2614106845748436,0.26140489888242124,4.1022740759899534e-14,6.175411923159402e-06
411.2545607301435,0.3316663965925139,0.33166639659251224,0.3316663965925696,0.33176052323173527,0.3316725050296335,0.3316667819357196,5.734301922188934e-14,6.108437121288279e-06
415.32638806410534,0.35546103277570557,0.3554610327756997,0.3554610327757536,0.35548221427992854,0.35546237999312175,0.35546111731708013,5.390132784555135e-14,1.3472174220652278e-06
419.3982153980672,0.31767065945290174,0.3176706594528966,0.31767065945292516,0.3176473093842541,0.3176691011439247,0.31767056047798226,2.858824288409778e-14,-1.5583089718607113e-06
423.47004273202896,0.28426856690758157,0.28426856690758046,0.2842685669075955,0.28425684861983047,0.2842677641346406,0.2842685156146614,1.504352198367087e-14,-8.027729398452088e-07
427.5418700659908,0.29066978018682627,0.29066978018682915,0.2906697801868532,0.2906833478312774,0.2906706162632687,0.2906698322469899,2.403632848313464e-14,8.36076439525435e-07
431.6136973999526,0.3404376709016192,0.3404376709016258,0.3404376709016705,0.34047073430955904,0.34043976618977967,0.3404378022998133,4.468647674116255e-14,2.09528815386939e-06
435.6855247339144,0.40516856200564505,0.40516856200565476,0.40516856200569223,0.40517898361524013,0.4051692005993641,0.4051686016889515,3.7470027081099033e-14,6.385937093567051e-07
439.75735206787624,0.40452544841376836,0.40452544841377763,0.4045254484137736,0.4044650979142895,0.40452153465018403,0.4045252015438709,-4.052314039881821e-15,-3.913763593599295e-06
443.8291794018381,0.33051650256089143,0.3305165025608979,0.3305165025608559,0.330436529475857,0.33051133375951597,0.3305161768221472,-4.196643033083092e-14,-5.168801381905119e-06
447.90100673579985,0.2617573865002801,0.26175738650028424,0.26175738650022595,0.26170177845804254,0.26175379597235765,0.26175716028476587,-5.828670879282072e-14,-3.5905279265890933e-06
451.9728340697617,0.2280796171100028,0.22807961711000577,0.22807961710995,0.22804804676532128,0.22807758265300965,0.22807948899620892,-5.576095141179849e-14,-2.0344569961194825e-06
456.0446614037235,0.2221642712965908,0.22216427129659344,0.22216427129655308,0.22214282248739717,0.22216289336277015,0.22216418459127926,-4.035660694512444e-14,-1.3779338232933203e-06
460.1164887376853,0.21700502637064328,0.21700502637064722,0.21700502637063282,0.2169728267857083,0.21700295156014468,0.21700489571560924,-1.4405143744511406e-14,-2.074810502544766e-06
464.18831607164714,0.1879129382154099,0.18791293821541483,0.1879129382154189,0.18787206382722882,0.18791029765995357,0.18791277183275854,4.08006961549745e-15,-2.6405554612585203e-06
468.26014340560897,0.15182247438222288,0.15182247438222715,0.15182247438224108,0.15179015102750137,0.15182038420905092,0.1518223426499334,1.3933298959045715e-14,-2.0901731762335007e-06
472.33197073957075,0.12573469706360998,0.12573469706361312,0.12573469706363352,0.12571327182558145,0.1257333106031646,0.12573460966736735,2.040034807748725e-14,-1.3864604485325227e-06
476.4037980735326,0.10986104633494224,0.10986104633494435,0.10986104633496423,0.10984715345162936,0.10986014623587907,0.1098609895804883,1.9872992140790302e-14,-9.000990652818786e-07
480.4756254074944,0.10097377985386938,0.10097377985387047,0.10097377985388621,0.10096470912721775,0.10097319075812233,0.10097374268786,1.5737411374061594e-14,-5.89095748140811e-07
484.5474527414562,0.09693863107633945,0.09693863107633967,0.09693863107635106,0.09693288991358621,0.09693825614576619,0.09693860739086592,1.1393663790215669e-14,-3.7493057347681713e-07
488.61928007541803,0.09687079903270639,0.09687079903270561,0.09687079903271459,0.09686775962090093,0.09687059706244325,0.09687078622177311,8.978928711655954e-15,-2.0197026236179472e-07
492.69110740937987,0.1007881713595777,0.10078817135957574,0.10078817135958588,0.10078769513281513,0.10078813236632177,0.1007881687785414,1.0144662887512368e-14,-3.8993253972940956e-08
496.7629347433417,0.10884543902521707,0.10884543902521361,0.10884543902522331,0.10884670429854854,0.10884550868804538,0.10884544323194963,9.700573677662305e-15,6.966283176701449e-08
500.8347620773035,0.11867179463902516,0.11867179463902087,0.1186717946390142,0.11867067864564733,0.11867170691285127,0.11867178887314647,-6.675215935558754e-15,-8.772616960639468e-08
504.9065894112653,0.12530439842160104,0.1253043984215978,0.12530439842156268,0.12529837663770624,0.12530399402559683,0.1253043727062564,-3.5110803153770576e-14,-4.0439600096364714e-07
508.97841674522715,0.13177433857894613,0.13177433857894455,0.1317743385788933,0.13176825573742956,0.13177393362821388,0.13177431288131364,-5.1236792586450974e-14,-4.0495073067026155e-07
513.0502440791889,0.14575109949776577,0.14575109949776527,0.14575109949771048,0.14574757153549026,0.14575086247995367,0.14575108442577697,-5.4789506265251475e-14,-2.3701781159957136e-07
517.1220714131507,0.17255767454375212,0.1725576745437514,0.17255767454369986,0.1725567977470475,0.1725576099532896,0.17255767035421837,-5.154210391822289e-14,-6.459046181239714e-08
521.1938987471126,0.21922201359827728,0.21922201359827517,0.2192220135982347,0.2192239441868277,0.21922212972961821,0.21922202078671232,-4.0467629247586956e-14,1.1613134304200301e-07
525.2657260810744,0.2982588624689446,0.2982588624689406,0.29825886246890604,0.29826439315897335,0.29825920858593796,0.29825888411019674,-3.4583447217073626e-14,3.461169973406619e-07
529.3375534150363,0.4248417226296223,0.42484172262961684,0.4248417226295682,0.424851095831669,0.42484231333654454,0.4248417596280669,-4.8627768478581856e-14,5.907069277055754e-07
533.409380748998,0.5800721892352043,0.5800721892352019,0.5800721892351278,0.5800788882848815,0.5800726098754075,0.580072215558675,-7.405187574249794e-14,4.2064020566723315e-07
537.4812080829598,0.6373409809649396,0.6373409809649476,0.6373409809648782,0.6373308505830472,0.6373403321525434,0.6373409401705067,-6.938893903907228e-14,-6.488124042469678e-07
541.5530354169217,0.5212750114115123,0.5212750114115255,0.5212750114114882,0.5212549805268974,0.5212737343344748,0.5212749312013365,-3.730349362740526e-14,-1.2770770507763984e-06
545.6248627508835,0.36744372725824653,0.36744372725825697,0.36744372725825053,0.367427790174067,0.36744271157209735,0.36744366347137924,-6.439293542825908e-15,-1.01568615962222e-06
549.6966900848453,0.2584848673985851,0.25848486739859194,0.25848486739861043,0.2584747644514784,0.2584842234403514,0.2584848269556483,1.8485213360008856e-14,-6.439582405648459e-07
553.7685174188072,0.19141374253588136,0.19141374253588572,0.19141374253591933,0.1914075501645999,0.19141334777498187,0.19141371774260796,3.3612002070526614e-14,-3.947609038545963e-07
557.8403447527689,0.15021206085619207,0.15021206085619473,0.15021206085623376,0.15020823330235222,0.1502118168761779,0.15021204553330597,3.902433931557425e-14,-2.4398001682857107e-07
561.9121720867307,0.1240748087718278,0.12407480877182935,0.12407480877186586,0.12407245450636115,0.1240746588124274,0.12407479935556419,3.6512459722359836e-14,-1.4995940195161594e-07
565.9839994206926,0.106930340787122,0.10693034078712306,0.1069303407871516,0.1069289754519731,0.1069302540133657,0.10693033534151204,2.854660952067434e-14,-8.677375736010351e-08
570.0558267546544,0.09542898793404772,0.09542898793404898,0.09542898793406965,0.09542835612255511,0.09542894809312,0.0954289854387737,2.0664026045835726e-14,-3.9840928986456525e-08
574.1276540886162,0.08769875460131009,0.08769875460131163,0.0876987546013272,0.08769873718590972,0.08769875412536988,0.08769875458148776,1.557087792036782e-14,-4.759417443489511e-10
578.1994814225781,0.08270021199410185,0.08270021199410418,0.08270021199411444,0.08270078550951797,0.08270024941736591,0.08270021435815818,1.0255685189974884e-14,3.742326172562205e-08
582.2713087565398,0.07991421120346937,0.07991421120347254,0.07991421120347875,0.07991544055564474,0.07991429070217024,0.07991421621432579,6.203371150093062e-15,7.94986976943024e-08
586.3431360905016,0.07922041938964373,0.07922041938964744,0.07922041938965278,0.07922248015579535,0.07922055220825079,0.07922042775437112,5.342948306008566e-15,1.3281860335168094e-07
590.4149634244635,0.08091222283211004,0.08091222283211466,0.08091222283212605,0.08091545909699449,0.08091243097516405,0.0809122359338882,1.1393663790215669e-14,2.0814304939331674e-07
594.4867907584253,0.08581582369671711,0.08581582369672322,0.08581582369674494,0.08582082847364501,0.08581614505710448,0.08581584391695787,2.1718737919229625e-14,3.2136038126406863e-07
598.5586180923871,0.09522981465993594,0.09522981465994401,0.09522981465997322,0.09523730718914801,0.09523029517219433,0.09522984488502814,2.921274333544943e-14,4.8051225032264e-07
602.630445426349,0.1089737892190533,0.10897378921906407,0.10897378921910185,0.1089832487910048,0.1089743956771102,0.1089738273630944,3.777533841287095e-14,6.064580461290214e-07
606.7022727603107,0.11942941541755718,0.11942941541756975,0.11942941541761537,0.11943738334394152,0.11942992770333938,0.11942944766135477,4.561628852428612e-14,5.122857696243655e-07
610.7741000942725,0.11836214267634926,0.11836214267635932,0.11836214267640933,0.1183696967031536,0.11836263245952505,0.11836217356836212,5.00155472593633e-14,4.897831657330043e-07
614.8459274282344,0.11557995463594985,0.11557995463595463,0.1155799546360131,0.11559365721886708,0.11558084465291371,0.11558001079515445,5.84671200343223e-14,8.900169590764229e-07
618.9177547621962,0.12108738678294358,0.12108738678294276,0.12108738678301811,0.12111000319427478,0.12108885607119212,0.12108747949519909,7.53563877964325e-14,1.46928824935888e-06
622.989582096158,0.1329957508812121,0.132995750881206,0.1329957508812858,0.13301946620543537,0.13299729681373293,0.13299584850297924,7.979727989493313e-14,1.5459325269362445e-06
627.0614094301199,0.13942165990199645,0.13942165990198763,0.13942165990204483,0.13943143229016822,0.1394223092851053,0.13942170108927773,5.720424134381119e-14,6.493831176679343e-07
631.1332367640816,0.139717560415487,0.1397175604154794,0.1397175604155049,0.13971930235995697,0.13971768824676242,0.1397175687002739,2.550737399076297e-14,1.2783128303106572e-07
635.2050640980434,0.14750554094221818,0.14750554094221283,0.14750554094222945,0.14750876700392127,0.1475057604630167,0.1475055549431761,1.662558979376172e-14,2.1952080386800077e-07
639.2768914320053,0.1624153068871126,0.16241530688710884,0.1624153068871276,0.16241765548048248,0.1624154701884181,0.1624153173527187,1.8762769116165146e-14,1.6330130925279462e-07
643.3487187659671,0.1649288698463978,0.16492886984639496,0.16492886984640415,0.1649248057887793,0.16492862288673885,0.16492885452160544,9.18709552877317e-15,-2.469596561138765e-07
647.4205460999289,0.15174639294859432,0.15174639294859293,0.15174639294859044,0.15174200418822695,0.15174612308452584,0.15174637615164555,-2.4980018054066022e-15,-2.6986406709283983e-07
651.4923734338907,0.14349342108170188,0.14349342108170238,0.1434934210816992,0.1434948950940696,0.14349352391111952,0.14349342767637632,-3.164135620181696e-15,1.0282941714789828e-07
655.5642007678525,0.1506211483520837,0.15062114835208532,0.1506211483520873,0.15063035920915144,0.1506217448278247,0.1506211859576841,1.970645868709653e-15,5.964757393839282e-07
659.6360281018143,0.1773586246680824,0.17735862466808458,0.1773586246680843,0.17737778624558082,0.17735985757035458,0.17735870227744796,-2.7755575615628914e-16,1.2329022699986147e-06
663.7078554357762,0.22867094621533438,0.22867094621533704,0.2286709462153235,0.22870206196041945,0.22867294493813456,0.2286710719801725,-1.354472090042691e-14,1.9987227975193367e-06
667.779682769738,0.2961080463110854,0.296108046311087,0.2961080463110762,0.29614086159800934,0.29611015617316006,0.2961081790946665,-1.0824674490095276e-14,2.1098620730519713e-06
671.8515101036998,0.323268800231344,0.32326880023134047,0.32326880023135834,0.32327336357793446,0.32326910455311253,0.32326881954099046,1.787459069646502e-14,3.043217720599678e-07
675.9233374376616,0.2712385486783912,0.2712385486783839,0.27123854867842434,0.27121928849188237,0.2712373271229363,0.2712384720467113,4.0467629247586956e-14,-1.2215554475725199e-06
679.9951647716234,0.19954978627440306,0.19954978627439696,0.1995497862744432,0.19953190186659894,0.19954864967842473,0.19954971494004312,4.624078897563777e-14,-1.1365959722287045e-06
684.0669921055853,0.14810294975223623,0.14810294975223234,0.1481029497522706,0.148091918299777,0.1481022493432606,0.1481029058040491,3.824718319833664e-14,-7.004089717377315e-07
688.1388194395471,0.11626667812109517,0.11626667812109318,0.116266678121114,0.11626048480121173,0.11626628585687648,0.11626665352261469,2.08305594995295e-14,-3.922642166920287e-07
692.2106467735089,0.09665013943420685,0.09665013943420593,0.09665013943420979,0.09664678655640722,0.09664992805260261,0.09665012619367971,3.858025010572419e-15,-2.113816033183502e-07
696.2824741074708,0.08417902215514313,0.08417902215514242,0.08417902215513401,0.08417734119459719,0.08417891722291085,0.08417901559848885,-8.409939411535561e-15,-1.0493223157048703e-07
700.3543014414325,0.07598847072636637,0.0759884707263656,0.07598847072634965,0.07598783578914257,0.07598843240537,0.07598846835239298,-1.594557819117881e-14,-3.832099559897273e-08
704.4261287753943,0.07049371450764305,0.0704937145076422,0.07049371450762203,0.07049379817322085,0.07049372199286551,0.07049371501067536,-2.017830347256222e-14,7.485223302294841e-09
708.4979561093562,0.06680578082282364,0.06680578082282303,0.06680578082280134,0.06680642284543407,0.06680582397706279,0.06680578356737613,-2.1690982343613996e-14,4.3154239764975344e-08
712.569783443318,0.0644272047173599,0.06442720471735958,0.0644272047173347,0.06442835036466377,0.06442728015129591,0.06442720949210651,-2.488287353941132e-14,7.543393633346884e-08
716.6416107772798,0.06310407384335147,0.06310407384335102,0.06310407384331694,0.06310575308980083,0.06310418360963754,0.06310408077942603,-3.4083846855992306e-14,1.0976628651848674e-07
720.7134381112417,0.06276761105696915,0.06276761105696894,0.06276761105692266,0.06276994855535288,0.06276776332390033,0.06276762067087437,-4.6282422339061213e-14,1.5226693138303826e-07
724.7852654452034,0.06353977680400061,0.0635397768040005,0.06353977680394328,0.06354303486940692,0.06353998866471372,0.06353979017512937,-5.7218119131619e-14,2.118607132228778e-07
728.8570927791652,0.06578999511093171,0.06578999511093152,0.06578999511087186,0.06579464295973592,0.06579029709827594,0.06579001416671258,-5.966060978579435e-14,3.019873444226606e-07
732.9289201131271,0.07012370670501043,0.07012370670501061,0.07012370670497046,0.07013035740142129,0.07012413873506114,0.07012373396548659,-4.0148440128007223e-14,4.320300505261665e-07
737.0007474470889,0.07652423807824887,0.07652423807824978,0.07652423807825176,0.0765326014553242,0.07652478154501241,0.07652427237275136,1.9845236565174673e-15,5.434667626341705e-07
741.0725747810507,0.08127945023812604,0.081279450238127,0.0812794502381598,0.08128615817102504,0.08127988665060622,0.08127947778423877,3.2807090377673376e-14,4.3641247922387993e-07
745.1444021150126,0.07908816594334869,0.07908816594334907,0.07908816594338747,0.07909136285717859,0.07908837414808144,0.07908817908796972,3.83998388642226e-14,2.082047323714864e-07
749.2162294489743,0.07358389316878541,0.07358389316878546,0.07358389316881472,0.0735864306939437,0.07358405753251136,0.07358390353210673,2.926825448668069e-14,1.6436372590744597e-07
753.2880567829361,0.06973403254433536,0.06973403254433541,0.069734032544345,0.06973740641926442,0.06973425009578128,0.06973404624635306,9.58955137519979e-15,2.1755144587187747e-07
757.359884116898,0.0681790404997549,0.06817904049975522,0.06817904049974195,0.0681834573426973,0.06817932471899854,0.06817905839184665,-1.326716514427062e-14,2.842192433211155e-07
761.4317114508598,0.06835361267437799,0.06835361267437846,0.06835361267434338,0.06835914365577099,0.06835396814117285,0.06835363504486185,-3.5083047578154947e-14,3.554667943883594e-07
765.5035387848216,0.06985948151372988,0.06985948151373031,0.06985948151367699,0.06986631460404313,0.06985992025689246,0.06985950911885296,-5.331846075762314e-14,4.38743162148314e-07
769.5753661187834,0.0725766671737407,0.07257666717374103,0.07257666717368264,0.07258514370151549,0.07257721103131332,0.07257670138637265,-5.839773109528323e-14,5.438575722827022e-07
773.6471934527452,0.07661141721660843,0.07661141721660877,0.07661141721656159,0.07662207379530903,0.07661210051220443,0.07661146019440328,-4.718447854656915e-14,6.832955956603826e-07
777.719020786707,0.08229221731051581,0.08229221731051617,0.0822922173104854,0.08230587765190234,0.08229309271697986,0.08229227236438243,-3.076705556992465e-14,8.7540646369344e-07
781.7908481206689,0.0902412236316937,0.0902412236316938,0.09024122363166702,0.090259175538779,0.09024237347804373,0.09024129593637045,-2.67841304690819e-14,1.1498463499265421e-06
785.8626754546307,0.10155364750639488,0.10155364750639478,0.10155364750634789,0.10157797524128144,0.10155520501083405,0.10155374543482362,-4.689304500260505e-14,1.5575044392673876e-06
789.9345027885925,0.11816431983333489,0.1181643198333352,0.1181643198332508,0.11819852904590773,0.1181665090248674,0.1181644574654862,-8.439082765931971e-14,2.189191532206425e-06
794.0063301225543,0.14353284890761375,0.1435328489076144,0.1435328489074944,0.14358298584847445,0.14353605612764508,0.14353305052395457,-1.199873533863638e-13,3.207220030693181e-06
798.0781574565161,0.1835909049499417,0.1835909049499425,0.18359090494980543,0.183666990618985,0.1835957705327696,0.18359121079369997,-1.370847879655912e-13,4.8655828270849355e-06
802.1499847904779,0.24575598805635995,0.24575598805636162,0.24575598805622673,0.2458699349687957,0.2457632737168572,0.2457564460051657,-1.3489209749195652e-13,7.285660495570667e-06
806.2218121244398,0.3240531105912672,0.3240531105912692,0.3240531105911652,0.32419641747996264,0.3240622761259648,0.3240536867324145,-1.0397238625614591e-13,9.165534695598776e-06
810.2936394584016,0.3652718390690224,0.365271839069022,0.3652718390689702,0.3653881228008468,0.36527928575575713,0.36527230729402865,-5.179190409876355e-14,7.446686735135266e-06
814.3654667923633,0.3314643751710429,0.3314643751710404,0.331464375171015,0.33153640520066524,0.3314689973463103,0.3314646659409394,-2.5368596112684827e-14,4.622175269919371e-06
818.4372941263252,0.28263815719928936,0.2826381571992869,0.28263815719926116,0.2827029417142623,0.2826423151629049,0.2826384187841965,-2.5757174171303632e-14,4.15796361796783e-06
822.509121460287,0.26228810270262526,0.2622881027026234,0.2622881027026037,0.26236993009639564,0.2622933493567798,0.26228843270752744,-1.970645868709653e-14,5.246654156354502e-06
826.5809487942488,0.275994248878532,0.2759942488785309,0.2759942488785433,0.2761129717254,0.2760018551095037,0.2759947272108995,1.2378986724570495e-14,7.606230972789785e-06
830.6527761282107,0.32700780358460646,0.32700780358460624,0.32700780358467796,0.32719439186059585,0.32701975117515303,0.3270085548400022,7.172040739078511e-14,1.1947590546790288e-05
834.7246034621725,0.42874011492339226,0.428740114923393,0.4287401149235229,0.42904540441396155,0.4287596569692626,0.42874134361937494,1.2989609388114332e-13,1.9542045869624936e-05
838.7964307961344,0.6040969010032944,0.6040969010032965,0.6040969010034277,0.6045678404436645,0.6041270500974343,0.6040987966015589,1.312283615106935e-13,3.014909413778799e-05
842.8682581300961,0.8469787040425563,0.8469787040425617,0.8469787040426333,0.847462157339283,0.8470097078770574,0.8469806538577013,7.16093850883226e-14,3.100383449572419e-05
846.9400854640579,0.9999999999999888,1.0,1.0000000000000355,0.9998922238425667,0.9999932718149632,0.9999995788743831,3.552713678800501e-14,-6.728185036775081e-06
851.0119127980198,0.8706613890732445,0.870661389073257,0.8706613890733054,0.8699397322494804,0.8706153628978873,0.8706584977934969,4.8405723873656825e-14,-4.602617536964004e-05
855.0837401319816,0.6194163736997591,0.6194163736997678,0.6194163736998217,0.6187420492945606,0.619373312274416,0.619413668217024,5.395683899678261e-14,-4.3061425351709204e-05
859.1555674659434,0.4255224733796562,0.4255224733796614,0.42552247337968424,0.4250804124991814,0.42549423923442947,0.4255206994544345,2.2815083156046967e-14,-2.8234145231953445e-05
863.2273947999053,0.30446264803976036,0.3044626480397637,0.30446264803973866,0.30418929740073813,0.30444519151278243,0.30446155129502067,-2.503552920529728e-14,-1.745652698126321e-05
867.299222133867,0.230708232578148,0.2307082325781502,0.2307082325780958,0.23053492015929078,0.230697166953002,0.23070753738509703,-5.440092820663267e-14,-1.1065625148215519e-05
871.3710494678288,0.18474881295099468,0.1847488129509957,0.18474881295095688,0.18463393912943282,0.18474148017009887,0.18474835229280478,-3.883005028626485e-14,-7.3327808968459696e-06
875.4428768017907,0.15547440740236684,0.15547440740236648,0.155474407402355,0.15539471739987074,0.15546932162713584,0.1554740879186539,-1.149080830487037e-14,-5.085775230645462e-06
879.5147041357525,0.13690354736218313,0.1369035473621826,0.13690354736217394,0.13684585763715182,0.13689986634473403,0.13690331613274978,-8.659739592076221e-15,-3.6810174485757408e-06
883.5865314697143,0.1259562996681069,0.12595629966810595,0.12595629966808983,0.12591282988244856,0.12595352642548804,0.12595612546729784,-1.61259894326804e-14,-2.773242617909455e-06
887.6583588036762,0.1213711127954947,0.12137111279549298,0.12137111279547427,0.12133703657019503,0.1213689390897262,0.12137097625721914,-1.8707257964933888e-14,-2.173705766786438e-06
891.7301861376379,0.12336598338891767,0.12336598338891652,0.12336598338890109,0.12333811957769875,0.12336420610841968,0.12336587175266062,-1.5432100042289676e-14,-1.7772804968424483e-06
895.8020134715997,0.13382894744440005,0.13382894744439977,0.13382894744439344,0.13380499134790927,0.13382741949262186,0.13382885146948437,-6.328271240363392e-15,-1.5279517779076546e-06
899.8738408055616,0.1565716945360181,0.15657169453601805,0.1565716945360137,0.15654951243206955,0.15657027966860607,0.15657160566226647,-4.3576253716537394e-15,-1.4148674119807136e-06
903.9456681395234,0.19434405050965434,0.1943440505096545,0.19434405050963632,0.194320044213939,0.19434251810249073,0.19434395423279946,-1.8179902028236938e-14,-1.5324071637734527e-06
908.0174954734852,0.23181471774636736,0.2318147177463658,0.23181471774633658,0.23178146629402557,0.2318125902728247,0.23181458400463498,-2.9226621123257246e-14,-2.1274735411136447e-06
912.089322807447,0.22663121560285646,0.22663121560285207,0.22663121560284785,0.22658850875894632,0.22662847797257132,0.22663104342350807,-4.218847493575595e-15,-2.7376302807469166e-06
916.1611501414088,0.18251319203876443,0.18251319203875982,0.18251319203878938,0.18247588088601827,0.18251079918438645,0.18251304152724024,2.955968803064479e-14,-2.392854373367559e-06
920.2329774753706,0.14100229697190633,0.1410022969719031,0.1410022969719353,0.14097593451021986,0.14100060676922876,0.1410021906653268,3.219646771412954e-14,-1.6902026743481624e-06
924.3048048093325,0.11406934088178634,0.1140693408817845,0.11406934088179292,0.11405134816364765,0.1140681879181928,0.11406926837510174,8.423817199343375e-15,-1.1529635916968095e-06
928.3766321432943,0.09812573038157335,0.09812573038157262,0.09812573038154972,0.09811324867267933,0.0981249310142626,0.09812568011883077,-2.2898349882893854e-14,-7.993673100115117e-07
932.448459477256,0.08915750983283859,0.08915750983283877,0.08915750983279838,0.08914882576086015,0.0891569539547509,0.0891574748848294,-4.038436252074007e-14,-5.558780878656133e-07
936.5202868112179,0.08495835379279774,0.08495835379279887,0.08495835379275996,0.08495264422101396,0.08495798844867675,0.08495833082613989,-3.8913317013111737e-14,-3.6534412212185785e-07
940.5921141451797,0.08475044857695034,0.08475044857695216,0.08475044857692214,0.0847475489065552,0.0847502630385841,0.08475043691432656,-3.001765502830267e-14,-1.8553836805823565e-07
944.6639414791415,0.08892043567090968,0.08892043567091139,0.08892043567088789,0.088920827398162,0.088920460568495,0.08892043723538519,-2.3495094758629875e-14,2.4897583605909546e-08
948.7357688131034,0.09910949536844224,0.09910949536844386,0.09910949536842115,0.09911441800132942,0.09910980980212383,0.09910951512978645,-2.2717938641392266e-14,3.144336799681957e-07
952.8075961470652,0.11800652949434534,0.1180065294943473,0.1180065294943251,0.1180173873313401,0.11800722313045854,0.11800657308663513,-2.220446049250313e-14,6.936361112430678e-07
956.879423481027,0.14500121720611286,0.1450012172061161,0.14500121720610068,0.14501453641673384,0.14500206813822888,0.1450012706827291,-1.5432100042289676e-14,8.5093211277254e-07
960.9512508149888,0.16207058878252772,0.16207058878253272,0.16207058878252636,0.16207067565118918,0.16207059426952994,0.16207058912487424,-6.356026815979021e-15,5.486997217696299e-09
965.0230781489506,0.14659494785324012,0.1465949478532453,0.1465949478532441,0.14657913965580724,0.14659393745765703,0.14659488435041731,-1.2212453270876722e-15,-1.0103955882800886e-06
969.0949054829124,0.11678861239565676,0.11678861239566017,0.11678861239566732,0.11677272621534891,0.11678759700645741,0.11678854858049573,7.147060721024445e-15,-1.0153892027603417e-06
973.1667328168743,0.09364568236360812,0.09364568236360964,0.09364568236363006,0.09363478292579536,0.09364498577873369,0.09364563858605524,2.042810365310288e-14,-6.965848759477034e-07
977.2385601508361,0.07907233340296076,0.07907233340296164,0.07907233340298694,0.0790652426036754,0.07907188030852812,0.07907230492909856,2.5299207173645755e-14,-4.53094433527923e-07
981.3103874847978,0.07009798134918678,0.07009798134918781,0.07009798134920796,0.07009322244043263,0.07009767732663962,0.07009796224451867,2.015054789694659e-14,-3.040225481920622e-07
985.3822148187597,0.06443175625325809,0.06443175625325949,0.06443175625327027,0.06442842366922936,0.06443154339992932,0.06443174287840275,1.0783041126671833e-14,-2.1285333016984875e-07
989.4540421527215,0.06075701152808945,0.06075701152809133,0.060757011528093846,0.060754602840085006,0.06075685771520988,0.06075700186360142,2.518818487118324e-15,-1.5381288144544758e-07
993.5258694866834,0.05834714436294013,0.058347144362941895,0.05834714436294112,0.058345381193585455,0.05834703178574223,0.05834713728965395,-7.771561172376096e-16,-1.1257719966656365e-07
997.5976968206452,0.056796679866851,0.05679667986685268,0.05679667986685439,0.05679540638296072,0.056796598554164725,0.056796674757938814,1.7069679003611782e-15,-8.13126879578574e-08
1001.669524154607,0.05587720779141012,0.05587720779141213,0.05587720779142161,0.05587633857607265,0.05587715227204543,0.055877204302844964,9.478529072737274e-15,-5.551936670122881e-08
1005.7413514885689,0.05546384746011378,0.055463847460116386,0.05546384746013336,0.05546334142300356,0.05546381509364719,0.05546384542573816,1.697253448895708e-14,-3.236646919924091e-08
1009.8131788225306,0.055498525158441545,0.05549852515844446,0.05549852515846569,0.05549837327830466,0.055498515349798515,0.05549852454057525,2.123301534595612e-14,-9.808645944076044e-09
1013.8850061564924,0.05597340363792498,0.05597340363792838,0.05597340363795374,0.055973624906845335,0.0559734175753854,0.055973404510858006,2.536165721878092e-14,1.3937457014889798e-08
1017.9568334904543,0.0569272147361838,0.056927214736187684,0.056927214736214454,0.05692785826637361,0.056927255521721745,0.05692721729430114,2.6770252681274087e-14,4.07855340611718e-08
1022.0286608244161,0.05845272522759068,0.05845272522759502,0.05845272522761798,0.058453878880466145,0.05845279842123833,0.05845272981947448,2.295386103412511e-14,7.319364330599099e-08
1026.1004881583779,0.06071801716109287,0.06071801716109807,0.06071801716111312,0.06071982554571761,0.060718131918835835,0.06071802436084504,1.5050460877574778e-14,1.1475773776387088e-07
1030.1723154923397,0.06401010800170569,0.06401010800171175,0.0640101080017175,0.0640128065851151,0.06401027923300057,0.06401011874419366,5.745404152435185e-15,1.712312888146883e-07
1034.2441428263014,0.0688197885109789,0.06881978851098573,0.06881978851098347,0.06882376788059019,0.0688200409435622,0.06881980434664522,-2.2620794126737565e-15,2.5243257646689887e-07
1038.3159701602633,0.07600571604880496,0.07600571604881319,0.07600571604879786,0.07601164362789974,0.07600609192710443,0.07600573962624783,-1.5334955527634975e-14,3.758782912421932e-07
1042.3877974942252,0.0871011588368685,0.08710115883687874,0.08710115883683932,0.0871101995180438,0.0871017318772097,0.08710119477763316,-3.942679516200087e-14,5.730403309506249e-07
1046.4596248281869,0.10477398526586507,0.10477398526587765,0.10477398526580957,0.10478809693881642,0.10477487936105362,0.10477404133711961,-6.808442698513772e-14,8.940951759656146e-07
1050.5314521621488,0.13268224852669322,0.13268224852670843,0.1326822485266214,0.1327038419267802,0.1326836163430121,0.1326823343011322,-8.704148513061227e-14,1.3678163036656699e-06
1054.6032794961106,0.16995126365734517,0.16995126365736518,0.16995126365727437,0.16997874255122955,0.1699530050523927,0.16995137286939072,-9.08162434143378e-14,1.7413950275102508e-06
1058.6751068300725,0.19462413715278504,0.1946241371528173,0.19462413715273738,0.19464464277080826,0.19462544037365476,0.19462421894174758,-7.990830219739564e-14,1.303220837467478e-06
1062.7469341640342,0.1829704520729519,0.18297045207300688,0.18297045207295387,0.18297927739322878,0.1829710189294584,0.18297048774244976,-5.3013149425851225e-14,5.668564515282082e-07
1066.818761497996,0.1598344204980894,0.15983442049818003,0.1598344204981529,0.15984218356017627,0.15983492157846044,0.1598344520686763,-2.711719737646945e-14,5.010802804072956e-07
1070.890588831958,0.1506876531593208,0.1506876531594696,0.15068765315945884,0.15070050100217122,0.15068847849917485,0.15068770509938262,-1.0769163338864018e-14,8.253397052460087e-07
1074.9624161659196,0.1611545025914444,0.16115450259169076,0.16115450259169825,0.1611759439718262,0.16115587694354305,0.1611545890344789,7.494005416219807e-15,1.3743518522957299e-06
1079.0342434998815,0.193630169151097,0.19363016915148915,0.19363016915152959,0.1936633553903675,0.19363229593955486,0.1936303029133032,4.043987367197133e-14,2.1267880657149796e-06
1083.1060708338434,0.24542877165858284,0.24542877165906563,0.24542877165913532,0.2454674261810034,0.24543125585587783,0.24542892800468646,6.96942503708442e-14,2.484196812202466e-06
1087.177898167805,0.2833573970043215,0.2833573970044932,0.2833573970045454,0.2833746816265082,0.2833585258935595,0.2833574683319409,5.218048215738236e-14,1.1288890662819462e-06
1091.249725501767,0.2628833674543075,0.2628833674539563,0.2628833674539821,0.2628772820598771,0.2628829931634599,0.2628833441679625,2.581268532253489e-14,-3.742904963743854e-07
1095.3215528357289,0.21254999098826846,0.2125499909878353,0.21254999098787017,0.21254420015375683,0.2125496237858283,0.21254996796692208,3.4861002973229915e-14,-3.672020069955817e-07
1099.3933801696905,0.1768092605491094,0.17680926054881207,0.17680926054886034,0.17681237330347116,0.1768094583188073,0.17680927297038412,4.826694599557868e-14,1.9776999521381455e-07
1103.4652075036524,0.1652741253762119,0.16527412537603225,0.1652741253760826,0.16528785434796767,0.16527499923506367,0.16527418024998153,5.034861416675085e-14,8.738590314139039e-07
1107.5370348376143,0.1750232074280651,0.17502320742795777,0.17502320742800506,0.17504459173131431,0.17502456818310277,0.17502329286040294,4.729550084903167e-14,1.3607551450078859e-06
1111.608862171576,0.19392471072834772,0.19392471072828074,0.19392471072831916,0.19392943866396053,0.1939250073520479,0.19392472926855206,3.8413716652030416e-14,2.96623767159776e-07
1115.6806895055379,0.19437133709336268,0.19437133709331428,0.19437133709334414,0.19433130814442176,0.1943687787133107,0.194371176280532,2.986499936241671e-14,-2.5583800035700044e-06
1119.7525168394998,0.17560245136629798,0.17560245136625566,0.17560245136628463,0.17554425851214464,0.17559874081797128,0.17560221829255993,2.8976820942716586e-14,-3.7105482843802218e-06
1123.8243441734614,0.16137095606347646,0.16137095606343413,0.16137095606346913,0.16132213851045737,0.16136785000343098,0.16137076106694065,3.499978085130806e-14,-3.106060003144062e-06
1127.8961715074233,0.14807756532855376,0.14807756532851343,0.1480775653285479,0.14805283983167042,0.1480759897240015,0.14807746637216196,3.447242491461111e-14,-1.575604511944162e-06
1131.9679988413852,0.12534307033950134,0.12534307033946945,0.12534307033949468,0.12533737310507392,0.1253427003701821,0.12534304699612386,2.5229818234606682e-14,-3.6996928734489565e-07
1136.039826175347,0.10295059404533818,0.1029505940453153,0.10295059404533524,0.10294941998231015,0.10295051272933639,0.10295058883845701,1.9942381079829374e-14,-8.131597890870257e-08
1140.1116535093088,0.08751715615231256,0.08751715615229663,0.08751715615231843,0.08751597295887806,0.08751707651533658,0.08751715108581276,2.180200464607651e-14,-7.963696005419685e-08
1144.1834808432707,0.07793207324922033,0.07793207324920934,0.07793207324923312,0.07793061302167005,0.07793197759202741,0.07793206720162175,2.378652830259398e-14,-9.565718192550143e-08
1148.2553081772323,0.07211946664552239,0.0721194666455141,0.0721194666455312,0.07211795696378068,0.07211936881309303,0.07211946047626053,1.7111312367035225e-14,-9.783242106709e-08
1152.3271355111942,0.06874281256876646,0.06874281256875941,0.06874281256876155,0.06874138251178276,0.0687427203909814,0.06874280676354165,2.1371793224034263e-15,-9.21777780216182e-08
1156.3989628451561,0.06708785388988667,0.06708785388988023,0.06708785388986858,0.06708654324651342,0.06708776968349645,0.0670878485908564,-1.164346397075633e-14,-8.420638378248135e-08
1160.4707901791178,0.06683116182889662,0.06683116182889089,0.06683116182886338,0.06682996808273305,0.06683108531476192,0.06683115701671463,-2.7505775435088253e-14,-7.651412896325649e-08
1164.5426175130797,0.06792004073947387,0.06792004073946949,0.06792004073941511,0.06791894505797612,0.06791997065781806,0.06792003633411119,-5.437317263101704e-14,-7.008165142652345e-08
1168.6144448470416,0.07055078354496974,0.07055078354496747,0.07055078354488982,0.07054976247156364,0.07055071838372814,0.07055077945120476,-7.764622278472189e-14,-6.516123932098772e-08
1172.6862721810032,0.07523915487186786,0.07523915487186762,0.07523915487179039,0.07523818568708583,0.07523909320893686,0.07523915100079297,-7.722988915048745e-14,-6.166293076148577e-08
1176.7580995149651,0.08301576952333357,0.0830157695233346,0.08301576952327804,0.08301483367898947,0.08301571026375908,0.08301576580753915,-5.6565863104651726e-14,-5.925957552443961e-08
1180.829926848927,0.09581219120298776,0.09581219120298942,0.09581219120295141,0.09581127550266923,0.09581213369016857,0.09581218760410863,-3.80112608056038e-14,-5.7512820852978486e-08
1184.9017541828887,0.1169619766254008,0.11696197662540327,0.11696197662536974,0.11696104728258265,0.11696191898028412,0.11696197302969681,-3.352873534367973e-14,-5.76451191502958e-08
1188.9735815168506,0.15029600777245514,0.15029600777245924,0.15029600777242863,0.150294797723439,0.15029593282206816,0.15029600309902785,-3.061439990403869e-14,-7.495039108795787e-08
1193.0454088508125,0.19037973564984215,0.19037973564984648,0.19037973564983857,0.19037699093552035,0.1903795605820017,0.19037972465269787,-7.91033905045424e-15,-1.7506784477649973e-07
1197.1172361847741,0.20477516515037936,0.204775165150379,0.20477516515040006,0.2047694463659312,0.20477479335727558,0.20477514168635386,2.1066481892262345e-14,-3.717931034152855e-07
1201.189063518736,0.1772557462954537,0.17725574629545027,0.17725574629545718,0.177249569891922,0.1772553423888424,0.17725572076870963,6.9111383282915995e-15,-4.0390660785427634e-07
1205.260890852698,0.14280706979496954,0.1428070697949673,0.14280706979494354,0.1428029008899688,0.1428067964403684,0.14280705250801387,-2.375877272697835e-14,-2.7335459890087677e-07
1209.3327181866596,0.12119863389611366,0.12119863389611286,0.12119863389609253,0.12119654587472432,0.12119849598275853,0.12119862515929905,-2.033095913844818e-14,-1.3791335433388507e-07
1213.4045455206215,0.11205372380200661,0.11205372380200547,0.11205372380200686,0.1120533956799711,0.11205369971379371,0.11205372223966417,1.3877787807814457e-15,-2.408821175858833e-08
1217.4763728545834,0.11268613588283288,0.1126861358828307,0.11268613588285316,0.1126874155501661,0.11268621501763906,0.1126861408146714,2.245426067304379e-14,7.913480835897158e-08
1221.548200188545,0.12232339034908896,0.12232339034908661,0.12232339034913309,0.12232547120811063,0.12232352127857778,0.12232339854406425,4.6476711368370616e-14,1.3092949116555452e-07
1225.620027522507,0.14151874335134296,0.14151874335134113,0.14151874335140477,0.14152028887075757,0.14151884297301828,0.14151874962531044,6.36435348866371e-14,9.962167715760195e-08
1229.6918548564688,0.17303188415490348,0.1730318841549017,0.17303188415497978,0.1730391973208569,0.17303235778411316,0.17303191402469204,7.807643420676413e-14,4.736292114615459e-07
1233.7636821904305,0.22152316692461024,0.22152316692460855,0.2215231669246962,0.2215420472989754,0.22152438675749653,0.2215232437965396,8.765210779415611e-14,1.2198328879775566e-06
1237.8355095243924,0.26996106069624465,0.2699610606962459,0.26996106069630477,0.26996964433632487,0.2699616293141411,0.26996109673797314,5.88418203051333e-14,5.686178951580523e-07
1241.9073368583543,0.26749271299899724,0.2674927129990038,0.2674927129990016,0.26746661120255233,0.2674910651206993,0.267492609746276,-2.1649348980190553e-15,-1.647878304478212e-06
1245.979164192316,0.21947970658148952,0.2194797065814966,0.21947970658144966,0.2194450551680942,0.2194775064920788,0.2194795685408173,-4.693467836602849e-14,-2.2000894177864883e-06
1250.0509915262778,0.1765815677366417,0.1765815677366466,0.17658156773656705,0.17655730193823246,0.17658002609134066,0.17658147099530855,-7.954747971439247e-14,-1.5416453059413637e-06
1254.1228188602397,0.1539467488160061,0.15394674881600975,0.15394674881589004,0.15393240677567993,0.15394583801308664,0.15394669166729275,-1.197097976302075e-13,-9.108029231097436e-07
1258.1946461942014,0.14888407455361533,0.14888407455361918,0.1488840745534645,0.1488763213642852,0.14888358276744604,0.14888404370555428,-1.5468182290589993e-13,-4.91786173145714e-07
1262.2664735281633,0.1596548982791611,0.15965489827916604,0.1596548982790009,0.15965171758374705,0.15965469739259497,0.15965488569200514,-1.6514567491299204e-13,-2.0088657107231178e-07
1266.3383008621252,0.18916758651055027,0.1891675865105576,0.18916758651042076,0.18916830488860967,0.18916763389752975,0.18916758951203613,-1.3683498778505054e-13,4.738697215178611e-08
1270.4101281960868,0.24482623182804789,0.2448262318280591,0.24482623182799826,0.2448311894807573,0.2448265493664824,0.2448262517953833,-6.084022174945858e-14,3.175384233056189e-07
1274.4819555300487,0.32880253737717763,0.32880253737718945,0.32880253737723636,0.32881229440547427,0.3288031603356813,0.32880257651869904,4.6906922790412864e-14,6.229584918471254e-07
1278.5537828640106,0.3975926425178006,0.39759264251779325,0.3975926425179438,0.39760526380466765,0.3975934455115181,0.39759269292660415,1.5054624213917123e-13,8.029937248466013e-07
1282.6256101979723,0.36981132286801993,0.3698113228679854,0.3698113228681412,0.36982196154904673,0.3698119966252804,0.3698113651149483,1.5581980150614072e-13,6.737572950110682e-07
1286.6974375319342,0.28007125080608264,0.28007125080604767,0.28007125080614376,0.2800782176338209,0.28007169074748034,0.28007127837168294,9.60898027813073e-14,4.3994143267278574e-07
1290.769264865896,0.20461194883596628,0.20461194883594386,0.20461194883600967,0.20461627254670522,0.20461222162517126,0.2046119659242738,6.580846978465615e-14,2.7278922740126e-07
1294.8410921998577,0.15722354568663685,0.15722354568662564,0.15722354568667735,0.15722630244867503,0.15722371956676853,0.1572235565781386,5.1708637371916666e-14,1.738801428952108e-07
1298.9129195338196,0.12932083850733184,0.12932083850732767,0.12932083850735857,0.1293227014070084,0.12932095596558477,0.12932084586389575,3.089195566019498e-14,1.1745825709286173e-07
1302.9847468677815,0.1133182814777616,0.11331828147776182,0.1133182814777733,0.11331965877582345,0.11331836827904278,0.11331828691348357,1.1476930517062556e-14,8.680128095461814e-08
1307.0565742017432,0.10496890667844308,0.10496890667844701,0.10496890667845733,0.10497007870703691,0.10496898054605547,0.10496891130412672,1.0325074129013956e-14,7.386760846050944e-08
1311.128401535705,0.10230015866484471,0.10230015866485252,0.10230015866487256,0.1023013723601603,0.10230023526021671,0.10230016346283176,2.0039525594484076e-14,7.659536419013513e-08
1315.200228869667,0.10486888483773552,0.10486888483774821,0.10486888483776956,0.104870437649108,0.10486898308855562,0.10486889099620825,2.1344037648418634e-14,9.825080740655245e-08
1319.2720562036286,0.11360733103497893,0.1136073310349989,0.11360733103501292,0.11360967974697658,0.1136074800728609,0.11360734038367833,1.4016565685892601e-14,1.4903786199615965e-07
1323.3438835375905,0.13119903497093993,0.131199034970971,0.1311990349709753,0.1312029484191181,0.13119928387802135,0.1311990505934514,4.3021142204224816e-15,2.489070503597368e-07
1327.4157108715524,0.16266190155900653,0.16266190155905363,0.1626619015590526,0.16266847585701713,0.16266232027121263,0.162661927848354,-1.0269562977782698e-15,4.187121590004672e-07
1331.487538205514,0.21312514333778115,0.21312514333784993,0.2131251433378622,0.21313426150399511,0.21312572374847044,0.2131251797740193,1.226796442210798e-14,5.804106205098414e-07
1335.559365539476,0.2701285266752821,0.27012852667536597,0.2701285266754448,0.2701324113466069,0.270128769230565,0.27012854182401747,7.882583474838611e-14,2.4255519903704226e-07
1339.6311928734378,0.28075219779544736,0.28075219779551647,0.28075219779566496,0.28073924780883375,0.28075135898089193,0.28075214489999184,1.4849232954361469e-13,-8.388146245374983e-07
1343.7030202073995,0.23131990164872387,0.23131990164876698,0.23131990164892166,0.23130041747997238,0.23131864474798067,0.23131982247342875,1.5468182290589993e-13,-1.2569007863116877e-06
1347.7748475413614,0.1769164481396048,0.1769164481396325,0.17691644813975912,0.17690155452772333,0.17691548777146662,0.17691638765042794,1.266209359584991e-13,-9.603681658809649e-07
1351.8466748753233,0.1414223705210246,0.14142237052104425,0.1414223705211334,0.1414124397296515,0.14142173000470287,0.14142233017525538,8.915090887740007e-14,-6.405163413825132e-07
1355.918502209285,0.12190108895719128,0.12190108895720668,0.12190108895726136,0.1218941818150262,0.12190064323004203,0.12190106087734344,5.467848396278896e-14,-4.4572716464963413e-07
1359.9903295432468,0.11297830434641379,0.11297830434642715,0.11297830434644565,0.112972966536432,0.1129779596347138,0.11297828262621742,1.849909114781667e-14,-3.447117133542621e-07
1364.0621568772087,0.11172226583199334,0.11172226583200598,0.11172226583198737,0.11171756729778752,0.11172196209118712,0.11172224668841219,-1.8610113450279187e-14,-3.0374081885775617e-07
1368.1339842111706,0.11742604904041364,0.1174260490404261,0.11742604904038301,0.11742130789622711,0.11742574211975418,0.11742602968977142,-4.309053114326389e-14,-3.0692067191917527e-07
1372.2058115451323,0.13137086882724155,0.13137086882725374,0.131370868827205,0.131365421202131,0.13137051555929619,0.13137084654500114,-4.873879078104437e-14,-3.532679575535269e-07
1376.2776388790942,0.1573004751585745,0.15730047515858667,0.15730047515854076,0.15729345696183375,0.15730001915531644,0.1573004463826479,-4.590772206825022e-14,-4.560032702272121e-07
1380.349466213056,0.20245223901182763,0.20245223901183948,0.202452239011793,0.20244234366522565,0.20245159496267814,0.20245219835232514,-4.649058915617843e-14,-6.44049161335758e-07
1384.4212935470177,0.27620178368598025,0.2762017836859903,0.2762017836859445,0.27618728285054867,0.27620083973097426,0.2762017240908048,-4.579669976578771e-14,-9.439550160417198e-07
1388.4931208809796,0.37048483794559117,0.37048483794559517,0.3704848379455483,0.37046548406922825,0.37048358425495237,0.37048475889092275,-4.6851411639181606e-14,-1.2536906427995653e-06
1392.5649482149415,0.4136759293234694,0.41367592932346814,0.4136759293234287,0.4136569584249534,0.4136747183611721,0.4136758532403971,-3.941291737419306e-14,-1.210962296049889e-06
1396.6367755489032,0.35071822844847156,0.35071822844848943,0.3507182284484994,0.35070483032681254,0.35071738844615685,0.3507181759114555,9.992007221626409e-15,-8.40002332580525e-07
1400.708602882865,0.2587243791241745,0.25872437912423507,0.25872437912431545,0.2587158106876173,0.2587238459748507,0.2587243458436643,8.038014698286133e-14,-5.331493843629964e-07
1404.780430216827,0.19359238270779455,0.19359238270791174,0.19359238270802837,0.1935868073900896,0.19359203561745844,0.19359236103856894,1.166289287368727e-13,-3.4709045329539556e-07
1408.8522575507886,0.1560673847845305,0.15606738478472845,0.1560673847848422,0.156063673624648,0.1560671531995127,0.1560673703175312,1.137423488728473e-13,-2.315852157541709e-07
1412.9240848847505,0.1373931391742202,0.1373931391745484,0.13739313917463905,0.13739068710617705,0.13739298591370097,0.1373931295960724,9.064970996064403e-14,-1.532608474297259e-07
1416.9959122187124,0.132558373412597,0.13255837341314508,0.13255837341319687,0.13255688152368433,0.1325582802134966,0.13255836758868256,5.179190409876355e-14,-9.319964847098738e-08
1421.067739552674,0.1406259571527603,0.14062595715364756,0.1406259571536523,0.1406253414996923,0.14062591908221778,0.14062595477979112,4.746203430272544e-15,-3.807142978651257e-08
1425.139566886636,0.1619046053491521,0.16190460535031076,0.16190460535027265,0.16190505145442458,0.16190463474488193,0.16190460720983538,-3.81084053202585e-14,2.939457116601929e-08
1429.2113942205979,0.1870801274942881,0.18708012749484781,0.1870801274947868,0.1870823866714851,0.187080274067106,0.1870801367387517,-6.100675520315235e-14,1.4657225819170172e-07
1433.2832215545595,0.18808367188375819,0.18808367188296254,0.18808367188291375,0.18808831124142047,0.1880839740197452,0.1880836909581282,-4.879430193227563e-14,3.0213678264834343e-07
1437.3550488885214,0.16027124410817628,0.16027124410702576,0.1602712441069949,0.160275977948175,0.16027155308586,0.16027126362554736,-3.086420008457935e-14,3.0897883424030326e-07
1441.4268762224833,0.1318904491313845,0.1318904491305605,0.131890449130529,0.13189349804306782,0.13189064852061338,0.13189046173231878,-3.1502578323738817e-14,1.993900528851622e-07
1445.498703556445,0.11489277047140639,0.11489277047089694,0.1148927704708567,0.11489430809567161,0.11489287135589145,0.11489277685207702,-4.023170685485411e-14,1.0088499451110788e-07
1449.5705308904069,0.10804030434769449,0.10804030434737973,0.10804030434733668,0.1080408060671476,0.10804033760152432,0.10804030645602504,-4.3048897779840445e-14,3.3254144590766366e-08
1453.6423582243688,0.10902291307557833,0.10902291307537784,0.1090229130753468,0.10902261487821845,0.10902289415123746,0.1090229118884505,-3.104461132608094e-14,-1.8924140379739107e-08
1457.7141855583304,0.11622691566650752,0.1162269156663754,0.11622691566637043,0.11622571306965143,0.11622683851647836,0.11622691081357335,-4.9682480351975755e-15,-7.714989704032948e-08
1461.7860128922923,0.1295657790209851,0.12956577902089372,0.12956577902092128,0.12956326842627183,0.12956561883964737,0.12956576895847638,2.756128658631951e-14,-1.601812463503105e-07
1465.8578402262542,0.1537416073415981,0.15374160734152936,0.1537416073415707,0.15373726081651073,0.15374133114055633,0.1537415900078741,4.132805209167145e-14,-2.762009730372661e-07
1469.9296675602159,0.19633841624701967,0.19633841624695994,0.19633841624697165,0.19633172590171952,0.1963379921157312,0.1963383896450167,1.1712852909795402e-14,-4.241312287489585e-07
1474.0014948941778,0.2633514399202463,0.26335143992017923,0.26335143992011684,0.26334258973539293,0.2633508793191806,0.2633514047655028,-6.23945339839338e-14,-5.606009986225402e-07
1478.0733222281397,0.3396464462521216,0.33964644625203666,0.3396464462518848,0.3396378111470194,0.33964589678066265,0.3396464117561268,-1.5187850976872141e-13,-5.494713740117341e-07
1482.1451495621013,0.35586877931960653,0.3558687793195165,0.3558687793193456,0.35586490716209346,0.3558685258583437,0.3558687632970764,-1.7091883464104285e-13,-2.5346117277225133e-07
1486.2169768960632,0.2901690298142609,0.29016902981419346,0.2901690298140928,0.29016875403271114,0.2901690036002358,0.2901690280334713,-1.0064171718227044e-13,-2.621395767121726e-08
1490.288804230025,0.2173231896404762,0.2173231896404425,0.2173231896403927,0.21732338562876613,0.21732319747433237,0.2173231900598262,-4.979350265443827e-14,7.83388987013467e-09
1494.3606315639868,0.17156657818189203,0.1715665781818896,0.1715665781818728,0.17156743219073084,0.17156663236569622,0.17156658158042057,-1.6819878823071122e-14,5.418380660815458e-08
1498.4324588979487,0.1451335021144123,0.14513350211443188,0.14513350211445036,0.14513842454771508,0.1451338180733416,0.14513352199186708,1.8485213360008856e-14,3.1595890973012963e-07
1502.5042862319106,0.12235074580650716,0.12235074580653005,0.12235074580657497,0.12236017263409917,0.12235134857073021,0.12235078369362666,4.4922399133895397e-14,6.027642001638078e-07
1506.5761135658722,0.10072555863054534,0.10072555863056085,0.10072555863061117,0.10073401063420369,0.10072609835870801,0.10072559254543839,5.032085859113522e-14,5.397281471614113e-07
1510.647940899834,0.08451581455806764,0.08451581455807618,0.08451581455811313,0.08452141237997468,0.08451617188950851,0.08451583700977763,3.69565489322099e-14,3.573314323324084e-07
1514.719768233796,0.07352353890090513,0.07352353890090899,0.07352353890092048,0.07352703349345902,0.07352376194728474,0.07352355291484951,1.149080830487037e-14,2.230463757579848e-07
1518.7915955677577,0.06602377639333959,0.06602377639334059,0.0660237763933233,0.06602600205749451,0.06602391843908091,0.06602378531787215,-1.7291723608536813e-14,1.4204574032283812e-07
1522.8634229017196,0.06072178099292804,0.0607217809929274,0.06072178099289385,0.060723252363521905,0.0607218748921401,0.06072178689237751,-3.354955202539145e-14,9.389921269697954e-08
1526.9352502356815,0.05683219617454453,0.056832196174543013,0.05683219617451719,0.05683320494285863,0.056832260546896655,0.056832200218817616,-2.5826563110342704e-14,6.437235364198379e-08
1531.0070775696431,0.05388617484292833,0.0538861748429265,0.05388617484291943,0.05388688830047383,0.05388622036693821,0.053886177702970155,-7.070732888081466e-15,4.5524011706155054e-08
1535.078904903605,0.051595243728848356,0.0515952437288465,0.05159524372885365,0.051595761311985795,0.05159527675160226,0.05159524580345213,7.147060721024445e-15,3.302275575906011e-08
1539.150732237567,0.04977488215026393,0.04977488215026159,0.04977488215028294,0.04977526534920734,0.04977490659662096,0.049774883686029656,2.1350976542322542e-14,2.4446359374319382e-08
1543.2225595715286,0.0483025982890334,0.048302598289030316,0.04830259828906353,0.048302886576128974,0.048302616678386014,0.04830259944425365,3.32164851180039e-14,1.8389355697923104e-08
1547.2943869054905,0.04709435907539479,0.04709435907539167,0.04709435907542359,0.04709457865282274,0.04709437308007323,0.04709435995514107,3.192585085187716e-14,1.4004681560264576e-08
1551.3662142394523,0.04609085116260027,0.046090851162598125,0.0460908511626174,0.046091019945095124,0.0460908619259423,0.04609085183870741,1.927624726505428e-14,1.0763344174269385e-08
1555.438041573414,0.045249171392232265,0.045249171392230954,0.0452491713922369,0.04524930194963633,0.04524917971641777,0.045249171915099064,5.946632075648495e-15,8.324186819008705e-09
1559.509868907376,0.04453762579575,0.04453762579574895,0.044537625795748055,0.04453772715025698,0.04453763225652633,0.04453762620154805,-8.951173136040325e-16,6.460777378369809e-09
1563.5816962413378,0.04393237242589725,0.04393237242589616,0.043932372425893644,0.04393245118393887,0.04393237744483053,0.043932372741111544,-2.518818487118324e-15,5.0189343653306295e-09
1567.6535235752995,0.04341519430698169,0.043415194306981035,0.04341519430697779,0.043415255392056776,0.04341519819823409,0.04341519455134995,-3.247402347028583e-15,3.891253055887667e-09
1571.7253509092614,0.04297198595058089,0.04297198595058103,0.04297198595058031,0.042972033089647234,0.042971988951955455,0.042971986139043315,-7.147060721024445e-16,3.0013744267698428e-09
1575.7971782432232,0.042591702641297885,0.042591702641297934,0.04259170264130272,0.04259173869487769,0.04259170493530687,0.04259170278531978,4.7878367936959876e-15,2.2940089342005088e-09
1579.869005577185,0.04226561717154552,0.042265617171544576,0.04226561717155313,0.04226564436229263,0.042265618899999795,0.04226561728003501,8.555656183517613e-15,1.7284552192298186e-09
1583.9408329111468,0.04198678535329361,0.0419867853532917,0.04198678535329922,0.041986805427118655,0.04198678662758701,0.04198678543324892,7.521760991835436e-15,1.2742953081623654e-09
1588.0126602451087,0.04174965617397305,0.04174965617397049,0.04174965617397366,0.041749670515460156,0.041749657082448106,0.04174965623094454,3.1710745140856034e-15,9.084776195211752e-10
1592.0844875790704,0.04154978405327549,0.041549784053273225,0.04154978405327211,0.04154979376953923,0.04154978466657536,0.04154978409170213,-1.1171619185290638e-15,6.133021313026177e-10
1596.1563149130322,0.041383614464743174,0.04138361446474154,0.041383614464736714,0.04138362044710757,0.0413836148397476,0.04138361448819888,-4.829470157119431e-15,3.750060539875477e-10
1600.2281422469941,0.041248323205564895,0.041248323205564326,0.041248323205553904,0.04124832617539805,0.041248323388316244,0.041248323216942835,-1.0422218643668657e-14,1.8275191776551125e-10
1604.2999695809558,0.041141695609659024,0.041141695609659495,0.04114169560963951,0.041141696152694064,0.041141695637553245,0.04114169561130898,-1.9984014443252818e-14,2.7893749809937418e-11
1608.3717969149177,0.041062036085599524,0.041062036085600995,0.0410620360855733,0.041062034677745995,0.04106203598903448,0.041062036079431714,-2.769312557049375e-14,-9.656651173139963e-11
1612.4436242488796,0.041008101195737515,0.04100810119573883,0.04100810119571065,0.041008098222478286,0.041008100999351635,0.04100810118329946,-2.8185787037671162e-14,-1.9638719817027805e-10
1616.5154515828413,0.04097905150413524,0.04097905150413563,0.04097905150411187,0.040979047274981015,0.04097905122773304,0.040979051486671296,-2.375877272697835e-14,-2.764025883172927e-10
1620.5872789168031,0.04097441888724507,0.04097441888724533,0.04097441888722478,0.04097441364626478,0.04097441854647291,0.04097441886574013,-2.055300374337321e-14,-3.4077242416774567e-10
1624.659106250765,0.04099408710870059,0.04099408710870124,0.04099408710868388,0.040994081041815025,0.04099408671551341,0.04099408708390763,-1.7361112547575885e-14,-3.931878295171387e-10
1628.7309335847267,0.04103828433690437,0.04103828433690506,0.04103828433689246,0.04103827757638334,0.04103828389985625,0.04103828430936229,-1.2601031329495527e-14,-4.3704881380612903e-10
1632.8027609186886,0.04110758702499009,0.04110758702499021,0.04110758702498276,0.04110757965137831,0.04110758654936246,0.04110758699503233,-7.452372052796363e-15,-4.756277524609054e-10
1636.8745882526505,0.04120293525060673,0.04120293525060658,0.041202935250603714,0.04120292729211458,0.041202934738377196,0.041202935218360576,-2.8657631823136853e-15,-5.122293839088243e-10
1640.9464155866121,0.0413256602917631,0.041325660291762926,0.04132566029176433,0.04132565172096654,0.041325659741401746,0.041325660257136215,1.4016565685892601e-15,-5.503611802404329e-10
1645.018242920574,0.041477525957859626,0.04147752595785931,0.04147752595786431,0.04147751668535093,0.041477525363933856,0.041477525920514825,5.002942504717112e-15,-5.939254504871982e-10
1649.090070254536,0.04166078607301571,0.04166078607301547,0.04166078607302434,0.04166077593739143,0.04166078542556501,0.04166078603233284,8.874845303097345e-15,-6.474504543607651e-10
1653.1618975884976,0.04187826161040231,0.041878261610402236,0.04187826161041713,0.041878250363644925,0.041878260894021926,0.041878261565420384,1.489780521168882e-14,-7.16380309240261e-10
1657.2337249224595,0.04213344242058022,0.04213344242058035,0.042133442420601734,0.0421334297074501,0.04213344161312761,0.04213344236991646,2.1385671011842078e-14,-8.07452736617531e-10
1661.3055522564214,0.04243062045211762,0.042430620452117825,0.04243062045214205,0.04243060578154801,0.04243061952291583,0.042430620393854944,2.4223678618540134e-14,-9.292019931272932e-10
1665.3773795903833,0.04277506407486831,0.04277506407486919,0.04277506407488895,0.04277504678046176,0.0427750629822232,0.042775064006400965,1.9761969838327786e-14,-1.0926459875770789e-09
1669.449206924345,0.04317324695341512,0.04317324695341728,0.0431732469534269,0.04317322613882659,0.04317324564117943,0.04317324687123265,9.617306950815419e-15,-1.3122378531016388e-09
1673.5210342583068,0.04363315044279587,0.04363315044279884,0.04363315044279948,0.04363312490583759,0.043633148835591905,0.04363315034218332,6.38378239159465e-16,-1.6072069369821307e-09
1677.5928615922687,0.04416466656607125,0.044164666566073645,0.04416466656606961,0.044164634692415765,0.04416466456259876,0.044164666440690045,-4.0314973581701e-15,-2.0034748859920626e-09
1681.6646889262304,0.04478014067060448,0.04478014067060563,0.044780140670601855,0.04478010028340496,0.044780138134170734,0.04478014051190113,-3.774758283725532e-15,-2.5364348954504123e-09
1685.7365162601923,0.045495111086312205,0.04549511108631306,0.045495111086314266,0.04549505923092216,0.04549510783126842,0.04549511088266971,1.2073675392798577e-15,-3.255044636607529e-09
1689.8083435941542,0.046329331211011994,0.04632933121101395,0.046329331211025,0.046329263842610144,0.04632932698306304,0.04632933094651545,1.1046719095020308e-14,-4.227950912982781e-09
1693.8801709281158,0.04730820362194362,0.04730820362194698,0.04730820362196292,0.047308115145381614,0.047308198069133486,0.04730820327456176,1.5938639297274904e-14,-5.552813493736597e-09
1697.9519982620777,0.048464826709368414,0.04846482670937307,0.04846482670938227,0.048464709289865564,0.04846481933860395,0.04846482624823023,9.200973316580985e-15,-7.370769120051968e-09
1702.0238255960396,0.04984297069692774,0.04984297069693301,0.04984297069693265,0.04984281320813674,0.049842960807608826,0.04984297007816531,-3.608224830031759e-16,-9.889324185941017e-09
1706.0956529300013,0.0515014956139882,0.05150149561399356,0.051501495613985836,0.051501281999351126,0.05150148219458798,0.051501494774257466,-7.722988915048745e-15,-1.3419405579806476e-08
1710.1674802639632,0.05352106165757175,0.053521061657578424,0.05352106165756874,0.053520768319114405,0.05352104322078672,0.053521060503725786,-9.686695889854491e-15,-1.8436791704434796e-08
1714.239307597925,0.05601458246206891,0.056014582462078515,0.056014582462070826,0.056014173993684815,0.056014556775369026,0.05601458085427273,-7.688294445529209e-15,-2.5686709488603743e-08
1718.3111349318867,0.05914397034572049,0.059143970345732905,0.059143970345727236,0.05914339236585821,0.059143933978593626,0.05914396806907775,-5.6690763194922056e-15,-3.6367139279180893e-08
1722.3829622658486,0.06314779877981648,0.06314779877983132,0.06314779877982298,0.06314696552145502,0.06314774631962185,0.06314779549522934,-8.340550472496489e-15,-5.246020946814145e-08
1726.4547895998105,0.06838855987308984,0.06838855987310799,0.06838855987308742,0.0683873319827419,0.06838848252188795,0.06838855502932044,-2.0566881531181025e-14,-7.735122004026707e-08
1730.5266169337722,0.0754363449147481,0.07543634491477189,0.07543634491473165,0.07543448836415563,0.07543622789176582,0.07543633758561534,-4.023170685485411e-14,-1.1702300606319938e-07
1734.598444267734,0.08522250556995851,0.08522250556999134,0.08522250556992418,0.08521961313018656,0.0852223231462558,0.08522249414311392,-6.715461520201416e-14,-1.8242373553412072e-07
1738.670271601696,0.09933089990614731,0.09933089990619447,0.09933089990609932,0.09932623779892406,0.09933060570655232,0.09933088147518344,-9.514611321037592e-14,-2.941996421479409e-07
1742.7420989356576,0.12055662318495525,0.12055662318502548,0.12055662318491861,0.12054883615603511,0.12055613153555701,0.12055659238021944,-1.0687284390797913e-13,-4.916494684703565e-07
1746.8139262696195,0.15391804793959654,0.15391804793970487,0.1539180479396157,0.15390467385860038,0.15391720318051366,0.15391799500479655,-8.91786644530157e-14,-8.44759191209743e-07
1750.8857536035814,0.2078966290030463,0.20789662900321965,0.20789662900318642,0.20787394425483113,0.20789519583741814,0.20789653919207332,-3.322342401190781e-14,-1.4331658015065418e-06
1754.957580937543,0.29180282390456225,0.29180282390484064,0.291802823904892,0.2917703418280435,0.29180077271747884,0.29180269537764714,5.134781488891349e-14,-2.051187361795659e-06
1759.029408271505,0.39015303729260203,0.390153037293,0.3901530372931186,0.39013465837807515,0.3901518840712427,0.39015296514110887,1.1862733018119798e-13,-1.1532217573106962e-06
1763.1012356054669,0.4215942107953392,0.42159421079571935,0.4215942107958572,0.42163348600030626,0.4215967127329956,0.4215943679005405,1.3783418850721318e-13,2.5019372762447034e-06
1767.1730629394285,0.353925837025305,0.3539258370254258,0.3539258370255244,0.353995856362301,0.35393028240418073,0.3539261159484527,9.85878045867139e-14,4.445378754935891e-06
1771.2448902733904,0.27248629605406854,0.2724862960538706,0.2724862960538897,0.2725478088699319,0.27249019601722335,0.27248654067631045,1.9095836023552692e-14,3.899963352760327e-06
1775.3167176073523,0.2138651343979128,0.21386513439756735,0.21386513439754373,0.21391188103452255,0.21386809430311635,0.2138653199971999,-2.3619994848900205e-14,2.9599055489937243e-06
1779.388544941314,0.17238307146618506,0.172383071465897,0.1723830714658743,0.1724144035033274,0.17238505336983814,0.17238319571036131,-2.2676305277968822e-14,1.98190394115616e-06
1783.4603722752759,0.1461611671782824,0.14616116717809516,0.14616116717808428,0.14617956033281898,0.1461623292239737,0.14616124000446953,-1.0880185641326534e-14,1.1620458785499554e-06
1787.5321996092378,0.13270108263860064,0.13270108263848365,0.13270108263848146,0.13271025864157238,0.13270166041208845,0.13270111881802107,-2.192690473634684e-15,5.777736047929416e-07
1791.6040269431994,0.12881322794654695,0.1288132279464712,0.1288132279464712,0.12881551343333517,0.12881336831733625,0.12881323668178118,0.0,1.403708650427049e-07
1795.6758542771613,0.1329280309134384,0.13292803091338587,0.13292803091338481,0.13292416543015034,0.13292778007311928,0.1329280150912549,-1.0547118733938987e-15,-2.508402665857279e-07
1799.7476816111232,0.14537250933957954,0.14537250933953907,0.14537250933953708,0.14536180499179716,0.1453718227563396,0.1453724661527821,-1.9984014443252818e-15,-6.865831994606886e-07
1803.8195089450849,0.1685667529938184,0.1685667529937824,0.16856675299377896,0.16854683443811838,0.16856547861644774,0.16856667288301577,-3.4416913763379853e-15,-1.2743773346590714e-06
1807.8913362790468,0.20795003416536798,0.20795003416533095,0.2079500341653258,0.2079159179797434,0.20794785352452563,0.20794989711654907,-5.162537064506978e-15,-2.180640805315992e-06
1811.9631636130086,0.27398494504944804,0.27398494504940435,0.2739849450494007,0.2739273549165448,0.27398126561490715,0.2739847138295356,-3.6637359812630166e-15,-3.6794344971946558e-06
1816.0349909469703,0.3843184239073117,0.3843184239072534,0.3843184239072596,0.3842233114529521,0.38431234850403345,0.38431804214164994,6.217248937900877e-15,-6.075403219951703e-06
1820.1068182809322,0.5551289472984562,0.5551289472983774,0.5551289472984052,0.5549933730640506,0.5551202883928381,0.5551284031987145,2.786659791809143e-14,-8.658905539249417e-06
1824.178645614894,0.7382363225343829,0.7382363225343036,0.7382363225343505,0.7381348020135032,0.7382298382468154,0.7382359150489067,4.6851411639181606e-14,-6.4842874881732016e-06
1828.2504729488558,0.7559613099470839,0.7559613099470469,0.7559613099470877,0.7560075923758036,0.7559642601110831,0.75596149520812,4.0745185003743245e-14,2.950164036175096e-06
1832.3223002828177,0.5831635405086765,0.5831635405086705,0.5831635405087034,0.5832752446582797,0.5831706653943525,0.5831639880712963,3.297362383136715e-14,7.124885681997206e-06
1836.3941276167795,0.40140879327892415,0.40140879327892265,0.40140879327894385,0.4014945014282264,0.4014142597884127,0.40140913667137573,2.120525977034049e-14,5.46650949007077e-06
1840.4659549507412,0.27939893484607004,0.27939893484606737,0.27939893484607636,0.2794519730608314,0.2794023173543481,0.27939914732294047,8.992806499463768e-15,3.382508280747043e-06
1844.537782284703,0.20451232790726018,0.2045123279072564,0.20451232790726334,0.20454454517295254,0.20451438232864363,0.2045124569547366,6.938893903907228e-15,2.054421387231997e-06
1848.609609618665,0.15786293920996533,0.1578629392099612,0.15786293920997058,0.1578831632806451,0.15786422867610483,0.15786302020418713,9.381384558082573e-15,1.2894661436391175e-06
1852.6814369526267,0.12760099307788958,0.12760099307788564,0.12760099307789324,0.1276142452382171,0.12760183788896923,0.1276010461401251,7.605027718682322e-15,8.448110835890255e-07
1856.7532642865885,0.10711020642598722,0.10711020642598373,0.10711020642598378,0.10711925453693336,0.10711078313262883,0.10711024264703398,4.163336342344337e-17,5.767066450917957e-07
1860.8250916205504,0.09268652461347389,0.09268652461347056,0.0926865246134611,0.09269293095906715,0.09268693286280769,0.0926865502530153,-9.46465128492946e-15,4.082493371276863e-07
1864.896918954512,0.0821866382721143,0.08218663827211081,0.08218663827209603,0.08219131838126882,0.08218693645613752,0.08218665699818986,-1.4779844015322396e-14,2.981840267063385e-07
1868.968746288474,0.07432046017011268,0.07432046017010943,0.074320460170096,0.07432397190908964,0.07432068386706886,0.07432047421762002,-1.3433698597964394e-14,2.2369695942825452e-07
1873.0405736224359,0.06828106230302272,0.06828106230302039,0.06828106230301266,0.0682837582760375,0.06828123399889682,0.06828107308442383,-7.729927808952652e-15,1.716958764330645e-07
1877.1124009563976,0.06354566700877722,0.06354566700877567,0.06354566700877262,0.06354777758996272,0.06354580139368476,0.06354567544681525,-3.0531133177191805e-15,1.343849090895688e-07
1881.1842282903594,0.05976476590016882,0.05976476590016751,0.05976476590016603,0.05976644612455958,0.05976487285931596,0.05976477261575778,-1.4779844015322396e-15,1.0695914845482157e-07
1885.2560556243213,0.05669807516204142,0.05669807516204021,0.056698075162039105,0.05669943214626829,0.05669816152470514,0.05669808058413504,-1.1032841307212493e-15,8.636266492917377e-08
1889.327882958283,0.054176260372424116,0.054176260372423055,0.054176260372421466,0.05417736987913508,0.05417633096844327,0.054176264804382326,-1.5890067039947553e-15,7.059602021713962e-08
1893.399710292245,0.052077332670703726,0.052077332670702706,0.05207733267070023,0.052078249416901305,0.05207739098792401,0.0520773363315907,-2.4771851236948805e-15,5.831722130200667e-08
1897.4715376262068,0.05031167087506802,0.05031167087506722,0.05031167087506323,0.05031243512292663,0.05031171947967354,0.05031167392605643,-3.989863994746656e-15,4.860460631889163e-08
1901.5433649601684,0.04881226809865601,0.04881226809865589,0.048812268098650025,0.04881290997405673,0.04881230891057083,0.04881227066032604,-5.863365348801608e-15,4.081191494476055e-08
1905.6151922941303,0.04752822993102185,0.04752822993102213,0.04752822993101554,0.0475287723168544,0.047528264408412006,0.04752823209495013,-6.591949208711867e-15,3.44773898736106e-08
1909.6870196280922,0.04642034714367987,0.04642034714367991,0.046420347143673234,0.046420807657862655,0.04642037640908262,0.046420348980362194,-6.675215935558754e-15,2.9265402712308486e-08
1913.758846962054,0.04545802226725959,0.045458022267258896,0.04545802226725316,0.04545841464015085,0.04545804719540991,0.04545802383162791,-5.738465258531278e-15,2.4928151015624067e-08
1917.8306742960158,0.04461709819135161,0.0446170981913497,0.044617098191346766,0.04461743324117755,0.04461711947137344,0.044617099526680436,-2.9351521213527576e-15,2.128002373619209e-08
1921.9025016299777,0.04387829922215831,0.04387829922215557,0.0438782992221564,0.04387858555647565,0.04387831740228645,0.04387830036287436,8.326672684688674e-16,1.8180130879896783e-08
1925.9743289639393,0.04322609527025142,0.04322609527024842,0.04322609527025341,0.043226339797546504,0.04322611079044503,0.04322609624398161,4.989064716909297e-15,1.552019660705506e-08
1930.0461562979012,0.04264786307169281,0.0426478630716898,0.04264786307169841,0.04264807137935974,0.042647876287729265,0.042647863900776885,8.61116733474887e-15,1.3216039464192253e-08
1934.1179836318631,0.04213325901643714,0.04213325901643502,0.042133259016445726,0.04213343565336449,0.042133270217925296,0.04213325971905997,1.0706713293728853e-14,1.1201490277001902e-08
1938.1898109658248,0.04167374479282036,0.041673744792820266,0.041673744792831015,0.04167389348296238,0.04167375421681238,0.04167374538386661,1.0748346657152297e-14,9.423992114454549e-09
1942.2616382997867,0.04126222479337735,0.04126222479337915,0.04126222479338798,0.041262348598769406,0.04126223263475631,0.0412622252850823,8.833211939673902e-15,7.841377165640484e-09
1946.3334656337486,0.040892766222562556,0.04089276622256453,0.04089276622256979,0.040892867668870105,0.040892772642043045,0.0408927666250143,5.259681579161679e-15,6.419478511265897e-09
1950.4052929677102,0.04056038107735972,0.040560381077360666,0.040560381077361346,0.04056046225135048,0.04056038620770052,0.04056038139889131,6.800116025829084e-16,5.130339854331201e-09
1954.4771203016721,0.04026085489541927,0.0402608548954202,0.04026085489541634,0.040260917521168345,0.040260858846280514,0.040260855142915344,-3.864963904476326e-15,3.950860312518234e-09
1958.548947635634,0.03999061119613154,0.03999061119613248,0.03999061119612624,0.03999065669494737,0.03999061405788924,0.039990611375264974,-6.238065619612598e-15,2.861756762118084e-09
1962.6207749695957,0.039746603412297875,0.03974660341229843,0.03974660341229174,0.039746632950071754,0.03974660525906062,0.03974660352771964,-6.689093723366568e-15,1.846762187618367e-09
1966.6926023035576,0.039526228179646565,0.0395262281796469,0.03952622817963938,0.03952624270437845,0.039526229071646046,0.03952622823513657,-7.514822097931528e-15,8.919991481559641e-10
1970.7644296375195,0.039327255358308666,0.039327255358308076,0.039327255358300416,0.039327255629878044,0.03932725534379491,0.03932725535689398,-7.66053886991358e-15,-1.4513168444807434e-11
1974.8362569714814,0.03914777126848623,0.039147771268484385,0.039147771268477564,0.03914775788223876,0.0391477703852297,0.03914777121253595,-6.8209327075408055e-15,-8.832546846693212e-10
1978.908084305443,0.03898613244521674,0.03898613244521419,0.038986132445207766,0.03898610585055346,0.038986130721692304,0.038986132336517085,-6.4254157550180935e-15,-1.7235218877087455e-09
1982.979911639405,0.03884092783345431,0.03884092783345224,0.038840927833445386,0.03884088834832836,0.03884092528976321,0.038840927673266294,-6.855627177060342e-15,-2.543689030243268e-09
1987.0517389733668,0.03871094781057892,0.03871094781057828,0.0387109478105717,0.038710895632588505,0.03871094445915327,0.038710947599681717,-6.5780714209040525e-15,-3.3514250125099565e-09
1991.1235663073285,0.03859515877874807,0.03859515877874868,0.038595158778742714,0.03859509399334759,0.038595154624871585,0.03859515851747088,-5.9674487573602164e-15,-4.153877096457759e-09
1995.1953936412904,0.03849268234294642,0.03849268234294779,0.038492682342942036,0.0384926049291654,0.03849267738511791,0.038492682031191924,-5.752343046339092e-15,-4.957829875806841e-09
1999.2672209752523,0.038402778303048,0.03840277830304962,0.03840277830304511,0.03840268813699939,0.038402772533203254,0.03840277794030665,-4.5102810375396984e-15,-5.769846364578335e-09
2003.339048309214,0.03832483085502742,0.038324830855028275,0.03832483085502519,0.03832472771140023,0.0383248242586321,0.03832483044038279,-3.0878077872387166e-15,-6.5963961723425335e-09
2007.4108756431758,0.03825833752904424,0.038258337529043895,0.038258337529041134,0.03825822108070389,0.038258330085066954,0.03825833706117216,-2.761679773755077e-15,-7.4439769418011e-09
2011.4827029771377,0.038202900499052034,0.038202900499050736,0.03820290049904666,0.038202770314803194,0.03820289217981965,0.03820289997621183,-4.073130721593543e-15,-8.31923108873811e-09
2015.5545303110994,0.03815821998636944,0.038158219986368196,0.03815821998636221,0.03815807552687766,0.0381582107573042,0.0381582194063872,-5.988265439071938e-15,-9.229063992199915e-09
2019.6263576450613,0.038124089553392165,0.03812408955339175,0.03812408955338487,0.03812393016520168,0.03812407937262668,0.03812408891363579,-6.876443858772063e-15,-1.0180765071254871e-08
2023.6981849790232,0.038100393147358504,0.0381003931473584,0.038100393147351405,0.038100218054885865,0.03810038196522083,0.03810039244470419,-6.994405055138486e-15,-1.118213757006492e-08
2027.7700123129848,0.0380871038111452,0.03808710381114488,0.0380871038111371,0.038086912106466746,0.0380870915695051,0.0380871030419375,-7.778500066280003e-15,-1.224163977825432e-08
2031.8418396469467,0.038084284031348545,0.03808428403134808,0.03808428403134029,0.03808407466152581,0.038084270662805696,0.03808428319134995,-7.792377854087817e-15,-1.3368542384206705e-08
2035.9136669809086,0.0380920877459906,0.038092087745990245,0.03809208774598402,0.0380918594975984,0.03809207317288273,0.03809208683031877,-6.224187831804784e-15,-1.4573107512405592e-08
2039.9854943148703,0.038110764087654146,0.038110764087654105,0.03811076408765089,0.03811051556808558,0.038110748220858824,0.03811076309070631,-3.2127078775090467e-15,-1.5866795280428114e-08
2044.0573216488322,0.038140662995342134,0.03814066299534235,0.038140662995342994,0.03814039261034882,0.03814064573283775,0.038140661910704435,6.453171330633722e-16,-1.726250459938017e-08
2048.129148982794,0.03818224289281754,0.03818224289281822,0.03818224289282151,0.038181948819606404,0.03818222411796021,0.038182241713157115,3.2890357104520263e-15,-1.8774858008552275e-08
2052.2009763167557,0.03823608070607875,0.03823608070608039,0.038236080706083926,0.03823576086111332,0.03823606028553969,0.03823607942301419,3.5388358909926865e-15,-2.0420540695897937e-08
2056.2728036507174,0.03830288458219618,0.03830288458219862,0.03830288458220153,0.0383025365826359,0.03830286236349031,0.03830288318614104,2.914335439641036e-15,-2.221870831070616e-08
2060.3446309846795,0.03838350978134364,0.03838350978134563,0.0383835097813481,0.03838313089878547,0.0383834855898658,0.03838350826131986,2.4702462297909733e-15,-2.419147983323544e-08
2064.416458318641,0.0384789783504673,0.03847897835046799,0.03847897835047051,0.038478565455306826,0.038478951985928926,0.038478976693882325,2.518818487118324e-15,-2.6364539065792947e-08
2068.488285652603,0.03859050335981236,0.038590503359812206,0.03859050335981493,0.03859005285409393,0.03859047459194009,0.038590501552189606,2.7269853042355408e-15,-2.8767872119195292e-08
2072.560112986565,0.038719518704756914,0.03871951870475706,0.038719518704758815,0.038719026440806104,0.03871948726807857,0.03871951672940734,1.7555401576885288e-15,-3.143667848953813e-08
2076.6319403205266,0.0388677157617416,0.038867715761741986,0.038867715761741355,0.03886717694312363,0.03886768134923816,0.03886771359936257,-6.314393452555578e-16,-3.441250382568706e-08
2080.7037676544883,0.039037088561327454,0.03903708856132747,0.03903708856132498,0.03903649762168895,0.03903705081666947,0.03903708618951539,-2.491062911502695e-15,-3.774465799633031e-08
2084.7755949884504,0.039229989635128436,0.03922998963512817,0.03922998963512565,0.0392293400891631,0.03922994814312651,0.039229987027779266,-2.518818487118324e-15,-4.149200166086997e-08
2088.847422322412,0.03944919935060832,0.03944919935060736,0.03944919935060648,0.03944848360963271,0.039449153625392114,0.039449196477172814,-8.81239525796218e-16,-4.5725215246095186e-08
2092.9192496563737,0.03969801243075113,0.03969801243074963,0.03969801243075151,0.03969722157302046,0.03969796190104909,0.03969800925531043,1.880440247958859e-15,-5.052970053487371e-08
2096.991076990336,0.03998034655322022,0.03998034655321947,0.0399803465532238,0.03997947003588688,0.039980290543896534,0.03998034303332502,4.3298697960381105e-15,-5.600932293653438e-08
2101.0629043242975,0.04030087956377104,0.040300879563771305,0.040300879563776926,0.040299904858966125,0.04030081727249531,0.04030087564897234,5.620504062164855e-15,-6.229127599843842e-08
2105.134731658259,0.04066522410813524,0.040665224108136194,0.04066522410814104,0.04066413623951384,0.04066515457567076,0.04066521973811602,4.8433479449272454e-15,-6.953246543123237e-08
2109.2065589922213,0.0410801516610047,0.04108015166100603,0.04108015166100847,0.04107893260845891,0.041080073733042885,0.04108014676318016,2.4424906541753444e-15,-7.792796314493033e-08
2113.278386326183,0.04155388242226288,0.04155388242226404,0.04155388242226411,0.04155251035024221,0.04155379469994337,0.04155387690866814,7.632783294297951e-17,-8.772232066439622e-08
2117.350213660145,0.04209646398403566,0.04209646398403605,0.042096463984034584,0.042094912231269425,0.042096364759162695,0.042096457747251195,-1.4641066137244252e-15,-9.922487335251029e-08
2121.4220409941067,0.0427202710083495,0.04272027100834891,0.042720271008346786,0.04271850675102438,0.04272015817766193,0.0427202639161094,-2.123301534595612e-15,-1.1283068698103582e-07
2125.4938683280684,0.04344067189504153,0.04344067189504051,0.0434406718950386,0.043438654357398444,0.04344054284544922,0.043440663783015386,-1.908195823574488e-15,-1.2904959128395843e-07
2129.5656956620305,0.04427692894657195,0.04427692894657109,0.044276928946569136,0.04427460697564518,0.04427678039959642,0.04427691960857932,-1.9567680809018384e-15,-1.4854697467231448e-07
2133.637522995992,0.04525342970358292,0.045253429703582225,0.0452534297035793,0.04525073843732776,0.04525325750162943,0.04525341887814903,-2.9282132274488504e-15,-1.722019527944374e-07
2137.709350329954,0.04640139528099736,0.04640139528099698,0.0464013952809938,0.04639825150293023,0.04640119408934563,0.04640138263260841,-3.1780134079895106e-15,-2.011916513527945e-07
2141.781177663916,0.047761287355867224,0.04776128735586719,0.0477612873558655,0.04775758291334702,0.047761050240402204,0.04776127244840781,-1.6861512186494565e-15,-2.371154649849494e-07
2145.8530049978776,0.04938625730032235,0.049386257300322964,0.0493862573003233,0.049381849613559944,0.04938597511855698,0.049386239558768245,3.3306690738754696e-16,-2.821817659814929e-07
2149.9248323318393,0.05134718112690218,0.051347181126903445,0.05134718112690575,0.051341879235337166,0.05134684163257673,0.051347159780993946,2.3037127760972e-15,-3.3949432671348534e-07
2153.9966596658014,0.053740160757481635,0.053740160757483106,0.05374016075748788,0.05373370436348359,0.053739747255675055,0.053740134757121166,4.773959005888173e-15,-4.135018080511643e-07
2158.068486999763,0.05669795386225258,0.05669795386225415,0.05669795386226173,0.05668998110921252,0.0566974431413142,0.05669792174740518,7.577272143066693e-15,-5.107209399557444e-07
2162.1403143337247,0.06040782773488801,0.060407827734889875,0.06040782773489971,0.060397824360108696,0.060407186802639457,0.060407787430258014,9.832412661836543e-15,-6.409322504188908e-07
2166.212141667687,0.0651402236863819,0.06514022368638395,0.0651402236863944,0.06512744044929997,0.0651394044694242,0.0651401721679418,1.0449974219284286e-14,-8.192169597409649e-07
2170.2839690016485,0.071296190602346,0.07129619060234832,0.07129619060235771,0.0712795049023732,0.07129512106170703,0.07129612333840449,9.395262345890387e-15,-1.0695406412880581e-06
2174.35579633561,0.0794885146629362,0.07948851466293906,0.079488514662947,0.07946619055304119,0.07948708338497334,0.07948842464470432,7.93809462606987e-15,-1.4312779657160712e-06
2178.4276236695723,0.09068547973709301,0.09068547973709651,0.09068547973710359,0.09065473643597624,0.0906835082256338,0.09068535573546448,7.077671781985373e-15,-1.971511462708908e-06
2182.499451003534,0.10647495349261495,0.10647495349261915,0.10647495349262709,0.1064311616217948,0.10647214455082112,0.10647477681059776,7.93809462606987e-15,-2.8089417980353693e-06
2186.5712783374956,0.12956520046417658,0.12956520046418205,0.12956520046419287,0.12950034309569075,0.12956103935561802,0.1295649387183386,1.0824674490095276e-14,-4.16110856402141e-06
2190.6431056714578,0.1647477074218216,0.16474770742182968,0.16474770742184394,0.1646474391249322,0.1647412729906759,0.16474730265868412,1.426636586643326e-14,-6.434431153778952e-06
2194.7149330054194,0.22065709039294013,0.22065709039295253,0.22065709039296824,0.22049570403852034,0.22064673191148837,0.22065643875806012,1.5709655798445965e-14,-1.0358481464162184e-05
2198.786760339381,0.3120457113112723,0.3120457113112912,0.31204571131130354,0.31178244733052995,0.312028812409251,0.312044648203226,1.2323475573339238e-14,-1.689890204020772e-05
2202.858587673343,0.4560498290684416,0.45604982906846786,0.4560498290684634,0.4556600534277394,0.4560248157352132,0.4560482555167857,-4.440892098500626e-15,-2.501333325466426e-05
2206.930415007305,0.6297906731393376,0.6297906731393602,0.6297906731393235,0.6294416737081013,0.6297683142568429,0.629789266899076,-3.674838211509268e-14,-2.2358882517337086e-05
2211.0022423412665,0.6897304235993295,0.6897304235993243,0.6897304235992823,0.6898200854552623,0.6897362612737664,0.6897307917676507,-4.207745263329343e-14,5.837674442066287e-06
2215.0740696752287,0.5577080657177382,0.5577080657177158,0.5577080657177057,0.5580880833739013,0.557732515419441,0.5577096047971977,-1.0103029524088925e-14,2.4449701725215434e-05
2219.1458970091903,0.38719710399620905,0.38719710399619084,0.3871971039961986,0.3875145861942012,0.3872175128444219,0.3871983885725521,7.771561172376096e-15,2.0408848231068255e-05
2223.217724343152,0.2671397634287896,0.2671397634287787,0.26713976342879187,0.26734003945141477,0.26715263711053133,0.2671405737305401,1.3156142841808105e-14,1.2873681752623156e-05
2227.289551677114,0.19319394267356163,0.19319394267355633,0.19319394267357132,0.19331567394570073,0.1932017687962466,0.193194435287877,1.4988010832439613e-14,7.826122690263171e-06
2231.3613790110758,0.14755723059766188,0.14755723059765977,0.1475572305976744,0.1476333180643883,0.14756212342803257,0.14755753859167334,1.4627188349436437e-14,4.892830372804635e-06
2235.4332063450374,0.11831639545096949,0.11831639545096855,0.11831639545098133,0.11836598298835738,0.11831958503345902,0.11831659624011902,1.2781442570997115e-14,3.189582490473186e-06
2239.5050336789996,0.0987643389338197,0.09876433893381886,0.09876433893382905,0.09879800675794591,0.09876650511775135,0.09876447530652135,1.0186296250935811e-14,2.1661839324921273e-06
2243.576861012961,0.085165194764988,0.08516519476498703,0.08516519476499403,0.08518890041621356,0.08516672040915359,0.08516529081822008,6.994405055138486e-15,1.5256441665556508e-06
2247.648688346923,0.07537586928273475,0.07537586928273382,0.07537586928273812,0.07539309210577676,0.07537697801797044,0.07537593909212285,4.3021142204224816e-15,1.10873523662125e-06
2251.720515680885,0.06811835631712002,0.06811835631711914,0.06811835631712182,0.06813120949042269,0.0681191839860787,0.06811840843303658,2.67841304690819e-15,8.276689595632103e-07
2255.7923430148467,0.06260048285312451,0.06260048285312368,0.06260048285312425,0.06261029822413153,0.06260111508485519,0.06260052266550206,5.689893001203927e-16,6.322317315093917e-07
2259.8641703488083,0.0583133882213863,0.058313388221385425,0.05831338822138328,0.05832103382391055,0.058313880833335587,0.05831341924377211,-2.1441182163073336e-15,4.926119501619253e-07
2263.9359976827704,0.054919572585604495,0.054919572585603656,0.05491957258559925,0.05492563133238281,0.054919963066721166,0.054919597177895005,-4.40619762898109e-15,3.904811175098333e-07
2268.007825016732,0.052188737000923885,0.0521887370009229,0.05218873700091653,0.05219361086081739,0.052189051207017965,0.052188756790772006,-6.369904603786836e-15,3.1420609506588315e-07
2272.079652350694,0.04995972277979532,0.04995972277979457,0.049959722779786435,0.049963695549585255,0.04995997896826464,0.049959738916562954,-8.132383655379272e-15,2.5618847006997347e-07
2276.151479684656,0.04811720240310498,0.04811720240310487,0.048117202403096034,0.04812047869044325,0.04811741373888262,0.04811721571559433,-8.833211939673902e-15,2.1133577775278578e-07
2280.2233070186176,0.04657698418241409,0.046576984182414724,0.04657698418240658,0.04657971428851011,0.046577160337680515,0.046576995279560114,-8.146261443187086e-15,1.7615526579084495e-07
2284.295134352579,0.0452765006285046,0.04527650062850541,0.04527650062849831,0.04527879683013209,0.04527664882957265,0.045276509965271515,-7.098488463697095e-15,1.4820106723767434e-07
2288.3669616865413,0.044168503712593433,0.04416850371259416,0.044168503712587535,0.04417045115866515,0.04416862944060211,0.044168511634081996,-6.626643678231403e-15,1.2572800794918848e-07
2292.438789020503,0.04321679471169751,0.04321679471169828,0.04321679471169155,0.04321845886607518,0.04321690218126424,0.04321680148327576,-6.7307270867900115e-15,1.074695659616931e-07
2296.5106163544647,0.0423932748904862,0.04239327489048711,0.042393274890481183,0.042394706710979,0.042393367382806205,0.04239328071875737,-5.925815393936773e-15,9.249231909536082e-08
2300.582443688427,0.04167587183752339,0.0416758718375241,0.04167587183752088,0.0416771114411636,0.04167595193613487,0.04167587688516732,-3.219646771412954e-15,8.009861076491154e-08
2304.6542710223885,0.04104705756178317,0.04104705756178347,0.041047057561782854,0.04104813685928848,0.041047127322044394,0.04104706195822583,-6.175615574477433e-16,6.976026092203602e-08
2308.72609835635,0.04049277358652174,0.040492773586521834,0.040492773586522,0.04049371820293266,0.04049283465917993,0.040492777435714535,1.6653345369377348e-16,6.107265809740525e-08
2312.7979256903122,0.04000164052140134,0.040001640521401004,0.040001640521400914,0.040002471214725235,0.04000169424387295,0.040001643907567226,-9.020562075079397e-17,5.3722471943240535e-08
2316.869753024274,0.03956436945469396,0.039564369454693535,0.0395643694546936,0.03956510317646995,0.03956441691931309,0.039564372446624724,6.245004513516506e-17,4.7464619554182796e-08
2320.9415803582356,0.03917331850406408,0.03917331850406443,0.03917331850406582,0.039173969201121824,0.03917336060968118,0.03917332115836925,1.394717674685353e-15,4.210561675016544e-08
2325.0134076921977,0.03882215510778285,0.038822155107784015,0.038822155107787144,0.038822734334650257,0.03882219259918003,0.038822157471369745,3.12944115066216e-15,3.749139601549878e-08
2329.0852350261594,0.038505596256212186,0.03850559625621325,0.03850559625621656,0.03850611364741253,0.03850562975450472,0.03850559836819971,3.309852392163748e-15,3.349829147403227e-08
2333.157062360121,0.038219206806084836,0.038219206806084455,0.038219206806086856,0.03821967044365762,0.038219236832381084,0.038219208699294134,2.400857290751901e-15,3.002629662962608e-08
2337.228889694083,0.037959241524342206,0.03795924152434057,0.03795924152434218,0.03795965822623556,0.03795926851831345,0.0379592432264673,1.609823385706477e-15,2.699397288336014e-08
2341.300717028045,0.03772252037133395,0.03772252037133208,0.037722520371333154,0.037722895919481206,0.03772254470589879,0.03772252190586594,1.0755285551056204e-15,2.433456670891676e-08
2345.3725443620065,0.03750632927668322,0.03750632927668237,0.03750632927668299,0.03750666859870992,0.037506351269708624,0.03750633066364656,6.175615574477433e-16,2.1993026254329973e-08
2349.4443716959686,0.0373083406313065,0.03730834063130722,0.0373083406313059,0.037308647946296083,0.03730836055499425,0.03730834188784889,-1.3183898417423734e-15,1.9923687033518434e-08
2353.5161990299302,0.03712654914871934,0.03712654914872044,0.03712654914871661,0.037126828084910274,0.03712656723718586,0.037126550289588243,-3.83026943495679e-15,1.8088465419952016e-08
2357.588026363892,0.03695921979639362,0.03695921979639366,0.03695921979638815,0.036959473486796776,0.0369592362518304,0.03695922083432558,-5.509481759702339e-15,1.6455436742390805e-08
2361.659853697854,0.03680484527274888,0.0368048452727472,0.03680484527274186,0.03680507643327743,0.0368048602704572,0.03680484621878752,-5.342948306008566e-15,1.4997709997521813e-08
2365.7316810318157,0.03666211108340823,0.036662111083405724,0.03666211108340126,0.03666232207706651,0.03666212477593476,0.036662111947165316,-4.461708780212348e-15,1.3692529034214918e-08
2369.8035083657774,0.036529866705168314,0.036529866705166406,0.036529866705162166,0.03653005959506119,0.03652987922572033,0.036529867495038094,-4.2396641752873165e-15,1.2520553926975708e-08
2373.8753356997395,0.03640710165576843,0.036407101655767764,0.03640710165576258,0.03640727824909262,0.03640711312104703,0.03640710237910459,-5.1833537462186996e-15,1.146527926765284e-08
2377.947163033701,0.03629292553928559,0.036292925539285835,0.03629292553927904,0.0362930874240106,0.03629293605184991,0.03629292620255014,-6.7931771319251766e-15,1.051256407619272e-08
2382.018990367663,0.03618655133059663,0.03618655133059757,0.03618655133058807,0.03618669990618489,0.036186560980844544,0.03618655193948557,-9.499345754448996e-15,9.650246976522503e-09
2386.090817701625,0.03608728131223926,0.03608728131224074,0.036087281312228325,0.03608741781548207,0.03608729018007291,0.03608728187178747,-1.2413681194090032e-14,8.86783216996756e-09
2390.1626450355866,0.03599449519378339,0.035994495193784504,0.035994495193770085,0.03599462072061561,0.035994503350014716,0.03599449570845239,-1.441902153231922e-14,8.156230212053028e-09
2394.2344723695483,0.03590764003536003,0.03590764003536017,0.035907640035344926,0.035907755559353355,0.03590764754290402,0.03590764050911409,-1.524474990688418e-14,7.507543850482357e-09
2398.3062997035104,0.03582622166916503,0.035826221669164424,0.03582622166914951,0.035826328057260194,0.03582622858405473,0.035826222105535675,-1.4911682999496634e-14,6.9148903061866385e-09
2402.378127037472,0.035749797369946386,0.03574979736994597,0.035749797369931634,0.03574989539588393,0.035749803742198834,0.035749797772086755,-1.4335754805472334e-14,6.372252864261796e-09
2406.4499543714337,0.035677969571065615,0.035677969571065955,0.035677969571052744,0.035678059926888966,0.035677975445422734,0.03567796994179611,-1.3211653993039363e-14,5.874356778790002e-09
2410.521781705396,0.0356103804592211,0.03561038045922212,0.03561038045921125,0.035610463765162165,0.035610385875787035,0.035610380801069354,-1.0873246747422627e-14,5.416564911875366e-09
2414.5936090393575,0.03554670731029695,0.03554670731029776,0.035546707310290214,0.03554678412329669,0.0355467123050874,0.035546707625532095,-7.542577673547157e-15,4.994789644385822e-09
2418.665436373319,0.03548665845253939,0.03548665845253919,0.035486658452535624,0.03548672927361489,0.03548666305795809,0.03548665874320324,-3.566591466608315e-15,4.605418900405223e-09
2422.7372637072813,0.03542996976254487,0.03542996976254362,0.035429969762543444,0.0354300350431752,0.03542997400779582,0.03542997003047815,-1.734723475976807e-16,4.245252205326011e-09
2426.809091041243,0.03537640161525852,0.03537640161525689,0.03537640161525835,0.03537646176293501,0.035376405526704305,0.035376401862123714,1.4641066137244252e-15,3.911447415960723e-09
2430.8809183752046,0.03532573622205224,0.035325736222051346,0.035325736222053344,0.0353257916051149,0.03532573982352586,0.03532573644935274,1.9984014443252818e-15,3.601474514447478e-09
2434.9527457091667,0.03527777530152885,0.035277775301529216,0.03527777530153248,0.035277826253390585,0.03527777861460528,0.03527777551062517,3.2612801348363973e-15,3.313076063493625e-09
2439.0245730431284,0.03523233803642326,0.03523233803642442,0.03523233803642897,0.03523238485926954,0.035232341080657946,0.03523233822854784,4.551914400963142e-15,3.0442335249847297e-09
2443.09640037709,0.0351892592771986,0.035189259277199875,0.03518925927720482,0.03518930224523499,0.03518926207033778,0.035189259453469526,4.947431353485854e-15,2.793137908463361e-09
2447.168227711052,0.03514838795893933,0.03514838795894094,0.03514838795894606,0.03514842732124871,0.035148390517105596,0.03514838812037318,5.1209037010835345e-15,2.5581646592720553e-09
2451.240055045014,0.03510958570314779,0.035109585703149156,0.0351095857031547,0.03510962168620544,0.03510958804100075,0.035109585850668194,5.5441762292218755e-15,2.337851592870699e-09
2455.3118823789755,0.035072725580227664,0.035072725580228024,0.03507272558023366,0.03507275839012459,0.0350727277111082,0.035072725714675096,5.6343818499726694e-15,2.1308801737007776e-09
2459.3837097129376,0.03503769101196317,0.03503769101196266,0.03503769101196832,0.03503772083637322,0.03503769294802138,0.03503769113410376,5.655198531684391e-15,1.9360587161232345e-09
2463.4555370468993,0.03500437479625095,0.035004374796250515,0.035004374796256205,0.035004401806173584,0.03500437654855864,0.035004374906783604,5.689893001203927e-15,1.7523081249914974e-09
2467.527364380861,0.0349726782388365,0.03497267823883645,0.034972678238841606,0.0349727025901423,0.03497267981748576,0.03497267833839783,5.155598170603071e-15,1.578649308497937e-09
2471.599191714823,0.0349425103789148,0.0349425103789144,0.034942510378919295,0.03494253221372029,0.03494251179310607,0.03494251046808411,4.891920202254596e-15,1.4141916665488807e-09
2475.6710190487847,0.03491378729725258,0.03491378729725097,0.03491378729725711,0.03491380674514616,0.03491378855537509,0.03491378737655802,6.140921104957897e-15,1.258124118774795e-09
2479.7428463827464,0.03488643149701285,0.03488643149701096,0.034886431497020386,0.034886448676148374,0.03488643260671681,0.03488643156693756,9.423017921506016e-15,1.1097058480458166e-09
2483.8146737167085,0.034860371348766406,0.034860371348765434,0.03486037134877864,0.03486038636683682,0.03486037231702465,0.034860371409751206,1.3204715099135456e-14,9.682592158610781e-10
2487.88650105067,0.03483554059227582,0.03483554059227638,0.034835540592290805,0.03483555354738317,0.034835541425438925,0.034835540644721545,1.4425960426223128e-14,8.331625458990466e-10
2491.958328384632,0.034811877888603196,0.034811877888604334,0.03481187788861668,0.03481188887003729,0.03481187859244925,0.03481187793287326,1.234429225505096e-14,7.038449129082025e-10
2496.030155718594,0.03478932641690772,0.034789326416908635,0.034789326416918016,0.034789335505845315,0.034789326996688776,0.03478932645333244,9.381384558082573e-15,5.797801405638126e-10
2500.1019830525556,0.03476783351101199,0.0347678335110124,0.03476783351102047,0.03476784078114243,0.034767833971495,0.03476783353989165,8.069933610244107e-15,4.604826034371179e-10
2504.1738103865173,0.03474735033141746,0.03474735033141757,0.03474735033142621,0.03474735584950274,0.034747350676920336,0.034747350353024405,8.6389229103645e-15,3.455027652865539e-10
2508.2456377204794,0.03472783156898141,0.034727831568981175,0.03472783156899051,0.0347278353953578,0.03472783180340478,0.034727831583561415,9.332812300755222e-15,2.344236055273896e-10
2512.317465054441,0.034709235176922856,0.03470923517692245,0.03470923517693182,0.03470923736595181,0.034709235303779555,0.03470923518469743,9.374445664178666e-15,1.268571081514125e-10
2516.3892923884027,0.034691522128228645,0.034691522128228465,0.03469152212823886,0.03469152272870038,0.03469152215066996,0.03469152212939675,1.0394463068053028e-14,2.2441493108260602e-11
2520.461119722365,0.03467465619587147,0.03467465619587194,0.0346746561958846,0.03467465525136636,0.03467465611671003,0.0346746561906107,1.2656542480726785e-14,-7.916191313572796e-11
2524.5329470563265,0.03465860375355625,0.03465860375355743,0.03465860375357135,0.03465860130276806,0.034658603575286724,0.03465860374202383,1.39194211712379e-14,-1.7827070375453502e-10
2528.604774390288,0.03464333359497573,0.034643333594977156,0.034643333594990534,0.03464332967200068,0.03464333331979323,0.034643333577309435,1.3378187446733136e-14,-2.751839242587373e-10
2532.6766017242503,0.034628816769787525,0.034628816769788906,0.03462881676979977,0.03462881140438303,0.03462881639960505,0.03462881674610747,1.086630785351872e-14,-3.701838557912396e-10
2536.748429058212,0.034615026434732396,0.034615026434733305,0.034615026434741555,0.03461501965254619,0.03461502597119513,0.03461502640514166,8.250344851745695e-15,-4.6353817312327905e-10
2540.8202563921736,0.034601937718485465,0.03460193771848557,0.03460193771849259,0.03460192954125937,0.034601937162984424,0.0346019376830712,7.022160630754115e-15,-5.555011450830705e-10
2544.8920837261358,0.034589527598997694,0.03458952759899727,0.034589527599003654,0.03458951804474773,0.034589526952681436,0.03458952755783232,6.38378239159465e-15,-6.463158341851738e-10
2548.9639110600974,0.03457777479222192,0.03457777479222195,0.03457777479222834,0.03457776387539589,0.034577774056007045,0.034577774745363866,6.38378239159465e-15,-7.36214908481081e-10
2553.035738394059,0.034566659651243364,0.03456665965124414,0.03456665965125068,0.03456664738285679,0.03456665882582167,0.03456665959873609,6.536438057480609e-15,-8.254224734272064e-10
2557.107565728021,0.03455616407494027,0.03455616407494116,0.03455616407494744,0.03455615046269444,0.034556163160786434,0.034556164016812836,6.279698983036042e-15,-9.141547241409143e-10
2561.179393061983,0.03454627142540627,0.03454627142540677,0.03454627142541394,0.03454625647378984,0.03454627042278513,0.03454627136167454,7.167877402736167e-15,-1.0026216384906306e-09
2565.2512203959445,0.03453696645345356,0.0345369664534534,0.0345369664534623,0.03453695016382674,0.03453696536242561,0.034536966384120696,8.895661984809067e-15,-1.0910277889464304e-09
2569.3230477299066,0.034528235231590605,0.034528235231589995,0.03452823523159923,0.03452821760225342,0.03452823405201645,0.034528235156647505,9.235667786100521e-15,-1.1795735430086829e-09
2573.3948750638683,0.03452006509394487,0.03452006509394392,0.034520065093953084,0.03452004612019025,0.034520063825488265,0.03452006501337,9.166278847061449e-15,-1.2684556530140334e-09
2577.46670239783,0.034512444582663136,0.0345124445826623,0.03451244458267089,0.034512424256816256,0.03451244322479362,0.03451244449642298,8.590350653037149e-15,-1.3578686786086536e-09
2581.538529731792,0.03450536340038608,0.03450536340038568,0.03450536340039203,0.0345053417118291,0.0345053619523801,0.0345053633084348,6.349087922075114e-15,-1.4480055834931171e-09
2585.6103570657538,0.03449881236844419,0.034498812368443994,0.03449881236844732,0.0344987893036278,0.03449881082938526,0.0344988122707232,3.3237301799715624e-15,-1.5390587346231221e-09
2589.6821843997154,0.034492783390475915,0.03449278339047529,0.034492783390475894,0.03449275893291826,0.034492781759254666,0.034492783286914075,6.036837696399289e-16,-1.6312206238544569e-09
2593.7540117336775,0.03448726942121658,0.03448726942121535,0.034487269421214765,0.034487243551489875,0.034487267696530495,0.03448726931173095,-5.828670879282072e-16,-1.7246848532659342e-09
2597.825839067639,0.034482264440253596,0.03448226444025224,0.03448226444025271,0.03448223713595741,0.03448226262060524,0.03448226432474945,4.649058915617843e-16,-1.8196470025211298e-09
2601.897666401601,0.03447776343058363,0.03447776343058288,0.0344777634305843,0.03447773466630456,0.034477761514277554,0.034477763308953975,1.4155343563970746e-15,-1.916305329696666e-09
2605.969493735563,0.034473762361851595,0.034473762361851575,0.03447376236185198,0.03447373210910963,0.03447376034698995,0.03447376223397618,4.0245584642661925e-16,-2.014861624766162e-09
2610.0413210695247,0.03447025817819161,0.03447025817819231,0.034470258178192326,0.03447022640537428,0.03447025606266994,0.03447025804393678,1.3877787807814457e-17,-2.115522368395517e-09
2614.1131484034863,0.03446724879063573,0.03446724879063659,0.034467248790638776,0.03446721546291814,0.03446724657213737,0.03446724864985408,2.185751579730777e-15,-2.2184992176654816e-09
2618.1849757374484,0.034464733074093604,0.03446473307409455,0.03446473307409911,0.034464698153345505,0.03446473075008422,0.03446473292662429,4.565792188770956e-15,-2.3240103244615007e-09
2622.25680307141,0.03446271086895603,0.03446271086895681,0.034462710868962916,0.03446267431363274,0.0344627084366757,0.03446271071462373,6.106226635438361e-15,-2.4322811126298305e-09
2626.3286304053718,0.0344611829874137,0.034461182987414435,0.034461182987421575,0.03446114475243288,0.03446118044386926,0.034461182826028676,7.140121827120538e-15,-2.543545173094852e-09
2630.400457739334,0.034460151224640787,0.03446015122464152,0.034460151224649516,0.034460111261241794,0.034460148566595905,0.034460151055997874,7.993605777301127e-15,-2.658045616943383e-09
2634.4722850732956,0.0344596183750383,0.0344596183750389,0.03445961837504911,0.03445957663062478,0.03445961559900278,0.034459618198916034,1.0207112932647533e-14,-2.776036123197656e-09
2638.544112407257,0.03445958825379621,0.034459588253796594,0.03445958825380968,0.03445954467176064,0.03445958535601462,0.03445958806995643,1.3086753902769033e-14,-2.8977819727105114e-09
2642.6159397412193,0.034460065724098064,0.03446006572409826,0.03446006572411267,0.0344600202436261,0.03446006270053647,0.034460065532284985,1.4412082638415313e-14,-3.0235617898277667e-09
2646.687767075181,0.03446105673036405,0.03446105673036386,0.034461056730378956,0.03446100928621733,0.034461053576695475,0.034461056530303215,1.5092094240998222e-14,-3.153668388933273e-09
2650.7595944091427,0.03446256833801329,0.03446256833801277,0.03446256833802871,0.03446251886028928,0.034462565049601705,0.03446256812941073,1.5938639297274904e-14,-3.2884110642839026e-09
2654.831421743105,0.03446460878032429,0.03446460878032383,0.034464608780339315,0.034464557194190705,0.034464605352207245,0.03446460856286581,1.5487611193520934e-14,-3.428116582271379e-09
2658.9032490770664,0.034467187513085314,0.03446718751308508,0.03446718751309907,0.03446713373848561,0.03446718393995352,0.03446718728643445,1.3988810110276972e-14,-3.5731315545239895e-09
2662.975076411028,0.03447031527785386,0.03447031527785392,0.03447031527786588,0.03447025922918266,0.03447031155402964,0.0344703150416507,1.1955714196432154e-14,-3.723824283652366e-09
2667.0469037449902,0.03447400417480628,0.034474004174806776,0.03447400417481614,0.03447394576055035,0.03447400029421952,0.03447400392866605,9.367506770274758e-15,-3.880587254312395e-09
2671.118731078952,0.03447826774633961,0.03447826774634054,0.03447826774634903,0.03447820686868048,0.034478263702501295,0.034478267489850896,8.493206138382448e-15,-4.043839242628966e-09
2675.1905584129136,0.034483121072809236,0.034483121072810034,0.034483121072818805,0.03448305762718239,0.03448311685878113,0.03448312080553154,8.770761894538737e-15,-4.214028903604117e-09
2679.2623857468757,0.03448858088204985,0.03448858088205025,0.034488580882056155,0.03448851475665689,0.0344885764904129,0.034488580603512405,5.904998712225051e-15,-4.391637352385569e-09
2683.3342130808373,0.03449466567465528,0.034494665674655145,0.03449466567465552,0.0344945967499204,0.0344946610974728,0.03449466538435473,3.7470027081099033e-16,-4.5771823484197505e-09
2687.406040414799,0.034501395867376224,0.03450139586737592,0.034501395867371325,0.034501324015340555,0.034501391096153744,0.034501395564774204,-4.593547764386585e-15,-4.771222174293488e-09
2691.477867748761,0.034508793957482756,0.034508793957483117,0.034508793957475484,0.03450871904112639,0.0345087889831224,0.034508793642003065,-7.632783294297951e-15,-4.9743607150043445e-09
2695.549695082723,0.03451688471152649,0.034516884711527814,0.03451688471151759,0.03451680658400698,0.034516879524274874,0.03451688438255075,-1.0220990720455347e-14,-5.187252939686804e-09
2699.6215224166845,0.03452569538267121,0.03452569538267266,0.03452569538265813,0.03452561388646607,0.034525689972061416,0.03452569503953484,-1.4530043834781736e-14,-5.4106112437612985e-09
2703.6933497506466,0.03453525596168049,0.03453525596168128,0.03453525596166222,0.03453517092761882,0.034535250316468064,0.034535255603669456,-1.905420266012925e-14,-5.645213213556488e-09
2707.7651770846082,0.034545599467804625,0.03454559946780459,0.034545599467783794,0.03454551071396531,0.03454559357589396,0.03454559909415145,-2.0795865030009963e-14,-5.891910632993547e-09
2711.83700441857,0.03455676228726142,0.03455676228726086,0.03455676228724009,0.03455666961771277,0.03455675613562099,0.03455676189713954,-2.0768109454394335e-14,-6.151639871110337e-09
2715.908831752532,0.034568784568860214,0.03456878456885936,0.0345687845688391,0.034568687772210206,0.03456877814342448,0.03456878416137745,-2.0261570199409107e-14,-6.425434878609693e-09
2719.9806590864937,0.03458171068869655,0.03458171068869582,0.0345817106886753,0.0345816095364153,0.034581703974253544,0.034581710262887956,-2.0518309273853674e-14,-6.714442273014765e-09
2724.052486420456,0.03459558979891568,0.03459558979891552,0.034595589798893454,0.034595484043379275,0.034595582778975315,0.03459558935373524,-2.2065682614424986e-14,-7.0199402055215465e-09
2728.1243137544175,0.03461047647953772,0.03461047647953776,0.03461047647951468,0.03461036585172833,0.03461046913617627,0.03461047601384749,-2.3078761124395442e-14,-7.343361488332256e-09
2732.196141088379,0.034626431517572186,0.03462643151757174,0.034626431517550606,0.03462631572435409,0.03462642383124973,0.03462643103013121,-2.1135870831301418e-14,-7.686322009425872e-09
2736.2679684223413,0.03464352284458823,0.034643522844588076,0.0346435228445722,0.034643401565450344,0.03464351479393165,0.03464352233404052,-1.587618925213974e-14,-8.050656426228375e-09
2740.339795756303,0.03466182667315576,0.034661826673156496,0.03466182667314731,0.034661699556272976,0.03466181823469256,0.034661826138011546,-9.18709552877317e-15,-8.438463934556939e-09
2744.4116230902646,0.03468142888501401,0.03468142888501488,0.034681428885011606,0.034681295542439414,0.034681420032849,0.03468142832362849,-3.2751579226442118e-15,-8.852165882256013e-09
2748.4834504242267,0.03470242674077161,0.034702426740772015,0.034702426740773465,0.03470228674250378,0.0347024174461903,0.03470242615132073,1.4502288259166107e-15,-9.294581715391104e-09
2752.5552777581884,0.03472493100421281,0.03472493100421244,0.03472493100421507,0.034724783870782136,0.03472492123518569,0.03472493038466227,2.6298407895808396e-15,-9.76902675420277e-09
2756.62710509215,0.034749068606588905,0.034749068606589044,0.0347490686065869,0.034748913799679135,0.03474905832714513,0.03474906795465538,-2.1441182163073336e-15,-1.0279443914129605e-08
2760.698932426112,0.03477498602168652,0.034774986021687895,0.034774986021678604,0.03477482293210933,0.03477497519110924,0.03477498533478463,-9.291178937331779e-15,-1.0830578656140233e-08
2764.770759760074,0.03480285358702269,0.03480285358702465,0.034802853587012635,0.03480268151908987,0.03480284215880603,0.034802852862198,-1.201816424156732e-14,-1.1428218621434283e-08
2768.8425870940355,0.03483287109957124,0.03483287109957294,0.034832871099564865,0.03483268925049046,0.03483285902004989,0.03483287033341444,-8.076872504148014e-15,-1.207952304849158e-08
2772.9144144279976,0.03486527515037979,0.03486527515038092,0.03486527515037856,0.03486508258267108,0.034865262356896166,0.034865274338911095,-2.3592239273284576e-15,-1.2793484750750483e-08
2776.9862417619593,0.034900348864069286,0.03490034886406952,0.034900348864069786,0.03490014446805056,0.034900335282483895,0.03490034800258019,2.636779683484747e-16,-1.358158562697609e-08
2781.058069095921,0.03493843501310062,0.0349384350131003,0.034938435013100386,0.03493821745501565,0.03493842055435643,0.034938434095936645,8.326672684688674e-17,-1.445874387578927e-08
2785.129896429883,0.034979953942665856,0.034979953942665905,0.034979953942665225,0.03497972159169646,0.03497993849796176,0.034979952962920814,-6.800116025829084e-16,-1.544470414754917e-08
2789.2017237638447,0.03502542846995573,0.03502542846995673,0.035025428469957674,0.035025179293611014,0.03502541190383972,0.03502542741903345,9.43689570931383e-16,-1.656611701289501e-08
2793.2735510978064,0.03507551908170094,0.035075519081702616,0.03507551908170654,0.035075250492919825,0.03507550122199244,0.035075517948676846,3.920475055707584e-15,-1.7859710176038046e-08
2797.3453784317685,0.03513107464365399,0.03513107464365597,0.03513107464366095,0.035130783272609545,0.03513105526642945,0.03513107341432591,4.98212582300539e-15,-1.9377226517791613e-08
2801.41720576573,0.03519320698737706,0.0351932069873787,0.03519320698738449,0.03519288833315069,0.03519318579408532,0.03519320564281744,5.793976409762536e-15,-2.119329337718634e-08
2805.489033099692,0.03526340313201028,0.035263403132011255,0.035263403132019075,0.03526305101782078,0.03526337971373627,0.03526340164630741,7.820133429703446e-15,-2.3418274985864684e-08
2809.560860433654,0.03534369838285947,0.03534369838286065,0.03534369838286765,0.03534330408127685,0.035343672163020354,0.035343696719496304,6.994405055138486e-15,-2.6219840298935537e-08
2813.6326877676156,0.03543695073172124,0.03543695073172273,0.035436950731724454,0.03543650151902923,0.035436920871490675,0.03543694883759786,1.7208456881689926e-15,-2.9860232057810077e-08
2817.7045151015773,0.03554728910871385,0.035547289108714665,0.035547289108709045,0.03554676580025311,0.03554725434598392,0.03554728690397505,-5.620504062164855e-15,-3.476273074259906e-08
2821.7763424355394,0.0356808700630703,0.03568087006306959,0.03568087006305653,0.03568024266810749,0.035680828428872005,0.03568086742319971,-1.3058998327153404e-14,-4.163419758257403e-08
2825.848169769501,0.03584720095850517,0.03584720095850335,0.03584720095848471,0.035846420747480665,0.035847149259821416,0.03584719768167619,-1.8637869025894815e-14,-5.169868193266591e-08
2829.9199971034627,0.036061539543041525,0.03606153954303941,0.03606153954301719,0.03606052406956073,0.03606147238717904,0.036061535288538955,-2.2218338280310945e-14,-6.715586036570853e-08
2833.991824437425,0.036349393249149466,0.03634939324914793,0.036349393249121384,0.03634799736610713,0.036349301157210724,0.03634938741832169,-2.6548208076349056e-14,-9.209193720799425e-08
2838.0636517713865,0.03675511358288417,0.036755113582883886,0.036755113582850746,0.03675307379334842,0.03675497936939937,0.03675510509070332,-3.314015728506092e-14,-1.3421348451364556e-07
2842.135479105348,0.037357756895174225,0.037357756895175266,0.03735775689513546,0.03735459738227668,0.03735754955384759,0.03735774378435869,-3.980843432671577e-14,-2.0734132767652458e-07
2846.2073064393103,0.03829366993043644,0.038293669930438354,0.03829366993039429,0.03828864770686576,0.03829334103519112,0.038293649143345466,-4.40619762898109e-14,-3.288952472313422e-07
2850.279133773272,0.0397417071169279,0.03974170711692992,0.03974170711688403,0.03973448487898332,0.039741234306281854,0.03974167723216833,-4.58869053865385e-14,-4.7281064806392603e-07
2854.3509611072336,0.04164284758379735,0.04164284758379848,0.04164284758375368,0.04163686013339981,0.041642451996351824,0.041642822511013276,-4.4797499043625066e-14,-3.9558744665407763e-07
2858.4227884411957,0.043070063562598924,0.04307006356259908,0.04307006356255871,0.04307287715910609,0.04307023265003174,0.04307007400553542,-4.0370484732932255e-14,1.6908743265958703e-07
2862.4946157751574,0.042849158926659844,0.042849158926660025,0.04284915892662542,0.04286040766907562,0.0428498719341198,0.04284920364514673,-3.460426389878535e-14,7.130074597752611e-07
2866.566443109119,0.04125066612146687,0.041250666121467945,0.041250666121437636,0.041262777381923604,0.04125143760764979,0.041250714578511455,-3.0309088572266774e-14,7.714861818414187e-07
2870.638270443081,0.039650983708923816,0.03965098370892574,0.03965098370889952,0.03965929417926286,0.03965151283901185,0.039651016942821526,-2.621514116896151e-14,5.291300861146042e-07
2874.710097777043,0.038616633334353334,0.038616633334355666,0.03861663333433697,0.03862147123721061,0.03861694038640936,0.038616652605545435,-1.8693380177126073e-14,3.070520536926913e-07
2878.7819251110045,0.03803792447368306,0.03803792447368521,0.03803792447367474,0.03804053806046699,0.03803808919650912,0.038037934794669964,-1.0470790900996008e-14,1.6472282390878057e-07
2882.8537524449666,0.037740909578453295,0.037740909578455106,0.037740909578446016,0.03774215068058879,0.03774098643381326,0.037740914373385774,-9.089951014118469e-15,7.685535815399325e-08
2886.9255797789283,0.03761554572011613,0.03761554572011784,0.037615545720101784,0.03761589421416588,0.0376155653682037,0.03761554691640846,-1.6056600493641326e-14,1.9648085859691466e-08
2890.99740711289,0.03760117345613373,0.03760117345613551,0.03760117345610987,0.037600890597157606,0.03760115256144969,0.037601172100964635,-2.5646151868841116e-14,-2.089468582183729e-08
2895.069234446852,0.03766517009393414,0.037665170093936134,0.037665170093906984,0.03766439548120541,0.03766511752998305,0.0376651667444411,-2.9150293290314266e-14,-5.256395308600448e-08
2899.1410617808137,0.037790393737346197,0.03779039373734806,0.037790393737323014,0.037789196383352534,0.03779031385254189,0.037790388665983374,-2.5049406993105094e-14,-7.988480617282523e-08
2903.2128891147754,0.03796869824090004,0.037968698240902286,0.037968698240879714,0.03796710227221225,0.037968592499208684,0.037968691538558925,-2.2572221869410214e-14,-1.0574169360261232e-07
2907.2847164487375,0.038197713928599476,0.038197713928602765,0.038197713928575995,0.03819571071792216,0.038197581679963045,0.03819770555297311,-2.6770252681274087e-14,-1.3224863971983414e-07
2911.356543782699,0.03847937800061564,0.03847937800061989,0.038479378000588475,0.038476930419072734,0.038479216744581136,0.03847936779265459,-3.141237270298802e-14,-1.6125603875122296e-07
2915.428371116661,0.03881950496184694,0.038819504961851256,0.038819504961819844,0.03881654609950538,0.03881931025329939,0.038819492639653674,-3.141237270298802e-14,-1.9470855186498603e-07
2919.500198450623,0.03922812668595409,0.03922812668595733,0.039228126685930835,0.039224553396498385,0.039227891703317856,0.03922811181736209,-2.6492696925117798e-14,-2.3498263947152598e-07
2923.5720257845846,0.03972060815043546,0.03972060815043752,0.03972060815041961,0.03971626814771016,0.039720322840717366,0.039720590098829604,-1.7909285165984556e-14,-2.8530972015494704e-07
2927.6438531185463,0.04031979690164977,0.04031979690165196,0.040319796901640136,0.040314466110174724,0.04031944648375438,0.04031977473117475,-1.1823875212257917e-14,-3.5041789758077924e-07
2931.7156804525084,0.04105981231459265,0.041059812314595635,0.0410598123145814,0.04105315580899451,0.041059374700488954,0.04105978462685823,-1.4238610290817633e-14,-4.37614106681139e-07
2935.78750778647,0.041992695391504416,0.04199269539150745,0.04199269539148249,0.04198419886559593,0.041992136662969644,0.04199266003919302,-2.49592013723543e-14,-5.587285378041984e-07
2939.8593351204318,0.04320034401452093,0.04320034401452251,0.04320034401448799,0.04318918988137716,0.043199610245774435,0.04320029758365449,-3.452099717193846e-14,-7.337687480749033e-07
2943.931162454394,0.044816600163094494,0.04481660016309264,0.04481660016305809,0.04480143631434928,0.0448156021586651,0.04481653700675646,-3.454875274755409e-14,-9.980044275437194e-07
2948.0029897883555,0.04706916244382131,0.04706916244381423,0.0470691624437861,0.047047662155771074,0.04706774669187772,0.047069072843160906,-2.8130275886439904e-14,-1.415751936510723e-06
2952.074817122317,0.05035857428261504,0.05035857428260064,0.05035857428258091,0.050326623387901476,0.050356469315976815,0.050358441050819616,-1.972727536880825e-14,-2.1049666238254217e-06
2956.1466444562793,0.055388653498814146,0.055388653498787056,0.055388653498782664,0.05533916961234499,0.05538539205224267,0.05538844705219011,-4.3923198411732756e-15,-3.2614465443892016e-06
2960.218471790241,0.06323645119358794,0.06323645119353964,0.06323645119355543,0.063159977633139,0.06323140998673883,0.06323613206629346,1.5792922525292852e-14,-5.041206800809883e-06
2964.2902991242026,0.07448838848779482,0.07448838848773032,0.07448838848776211,0.07438734362250392,0.07448173042766736,0.07448796696807033,3.179401186770292e-14,-6.658060062961213e-06
2968.3621264581648,0.08567491987673923,0.08567491987671971,0.08567491987676042,0.08559626061849061,0.085669745393735,0.08567459222112576,4.07035516403198e-14,-5.174482984718343e-06
2972.4339537921264,0.08970609401325114,0.08970609401333525,0.08970609401337101,0.08969423580934772,0.08970532374262978,0.08970604519740465,3.5763059180737855e-14,-7.702707054690894e-07
2976.505781126088,0.08622800205350385,0.08622800205362403,0.08622800205364589,0.08626843214335048,0.08623067546526784,0.0862281713351179,2.185751579730777e-14,2.6734116438109634e-06
2980.57760846005,0.07830224789697636,0.07830224789707371,0.07830224789708749,0.07836941993403544,0.0783066805253466,0.07830252864424189,1.3780643293159756e-14,4.432628272890704e-06
2984.649435794012,0.06964353467153192,0.0696435346716069,0.06964353467161596,0.0696987339417192,0.0696471763902065,0.06964376539294594,9.06219543850284e-15,3.6417185995951673e-06
2988.7212631279735,0.06381656947614822,0.06381656947621302,0.06381656947621481,0.06384676286319121,0.06381856764731307,0.06381669619082453,1.790234627208065e-15,1.998171100053847e-06
2992.7930904619357,0.06102170143110555,0.06102170143116877,0.06102170143114963,0.06103247724266425,0.061022425816190946,0.06102174756029662,-1.9144408280880043e-14,7.24385022174423e-07
2996.8649177958973,0.060410235425742434,0.06041023542581,0.060410235425761516,0.060407387470433956,0.06041006811681911,0.060410225175279546,-4.8482051706599805e-14,-1.6730899089073548e-07
3000.936745129859,0.061402856042976885,0.06140285604305437,0.061402856042979466,0.06138923156732792,0.061401985571035,0.061402801371640905,-7.490535969267853e-14,-8.704720193680737e-07
3005.008572463821,0.06377900047787707,0.06377900047797141,0.06377900047789355,0.06375509574161524,0.06377746142173425,0.06377890360924009,-7.786826738964692e-14,-1.5390562371625505e-06
3009.080399797783,0.06759582687742896,0.06759582687754866,0.06759582687749778,0.06756024197182266,0.06759353016494167,0.06759568222499349,-5.08759701034478e-14,-2.296712606986162e-06
3013.1522271317444,0.07316820796004424,0.07316820796020063,0.07316820796016658,0.07311750243377933,0.07316493204007861,0.07316800158038636,-3.404221349256886e-14,-3.275920122017273e-06
3017.2240544657066,0.08113647271787894,0.08113647271808931,0.08113647271803709,0.08106431153357267,0.08113180862962309,0.08113617885519939,-5.22221155208058e-14,-4.664088466221905e-06
3021.295881799668,0.09265340122600438,0.09265340122629782,0.0926534012262149,0.09254862651004399,0.09264662812762804,0.09265297447385716,-8.291978215169138e-14,-6.773098669782263e-06
3025.36770913363,0.10976974889280802,0.10976974889323435,0.10976974889314194,0.10961260004623588,0.10975958990073674,0.10976910881526544,-9.241218901223647e-14,-1.01589924976081e-05
3029.439536467592,0.13612825139494045,0.13612825139558718,0.13612825139552334,0.1358840506145276,0.13611246584838074,0.13612725684324567,-6.38378239159465e-14,-1.578554720643721e-05
3033.5113638015537,0.17770634553446515,0.1777063455354825,0.1777063455354581,0.17732202966860536,0.1776815067309225,0.17770478064364112,-2.4397150966137815e-14,-2.4838804560001204e-05
3037.5831911355153,0.2402873902720184,0.24028739027361198,0.24028739027362353,0.23973556388302267,0.24025173942709296,0.24028514420304123,1.1546319456101628e-14,-3.565084651901973e-05
3041.6550184694775,0.3107582496820399,0.3107582496842304,0.31075824968433907,0.31023202304255976,0.31072427196613506,0.3107561085854338,1.0869083411080283e-13,-3.3977718095323795e-05
3045.726845803439,0.3396136871323398,0.33961368713447393,0.3396136871346617,0.33943131418676586,0.3396018453890001,0.33961293935237774,1.8779422461534523e-13,-1.1841745473806231e-05
3049.798673137401,0.32718334877848987,0.3271833487797939,0.3271833487798267,0.32711068231699864,0.327178497612267,0.327183040733494,3.2807090377673376e-14,-4.851167526853661e-06
3053.870500471363,0.3372752542570788,0.33727525425739907,0.33727525425726756,0.3369961172885165,0.3372570528640844,0.3372741051986222,-1.315059172668498e-13,-1.820139331465409e-05
3057.9423278053246,0.40412655071432785,0.4041265507136889,0.40412655071350057,0.40353611581345555,0.4040882525342373,0.40412413552779797,-1.883493361276578e-13,-3.82981794516124e-05
3062.0141551392862,0.5245818244688505,0.5245818244672341,0.524581824467152,0.5238900041000755,0.5245370913356343,0.5245790043465518,-8.215650382226158e-14,-4.473313159980563e-05
3066.0859824732484,0.6112808560551668,0.6112808560529045,0.6112808560532355,0.6113932212539288,0.611288299715796,0.6112813251021229,3.3095748364075916e-13,7.4436628915153236e-06
3070.15780980721,0.5409196954476005,0.5409196954455524,0.5409196954460596,0.5420224329772496,0.5409910051084403,0.540924189027632,5.071498776487715e-13,7.130966288793061e-05
3074.2296371411717,0.39085294685317884,0.39085294685176813,0.3908529468520367,0.39193239605194524,0.3909226106483888,0.39085733632892794,2.6856294965682537e-13,6.966379662065592e-05
3078.301464475134,0.2714784141315715,0.2714784141306738,0.2714784141307296,0.2721947695967026,0.2715246205196608,0.27148132545965614,5.5788706987414116e-14,4.6206388987002356e-05
3082.3732918090955,0.19588315559710684,0.19588315559652855,0.1958831555964917,0.19632651158098316,0.1959117502347053,0.19588495722271126,-3.68594044175552e-14,2.859463817675434e-05
3086.445119143057,0.1491797993006286,0.149179799300242,0.1491797993002256,0.1494600098005617,0.14919787189591194,0.14918093795570275,-1.6403545188836688e-14,1.8072595669937908e-05
3090.5169464770192,0.11939151549637363,0.11939151549610459,0.11939151549617062,0.11957617853046414,0.11940342582251318,0.11939226588509229,6.603051438958119e-14,1.1910326408584582e-05
3094.588773810981,0.0995583924594274,0.09955839245923305,0.09955839245936175,0.09968535939435191,0.09956658153377516,0.09955890838555331,1.2870260412967127e-13,8.18907454211426e-06
3098.6606011449426,0.08580103897150594,0.08580103897136128,0.08580103897151134,0.0858916956627953,0.08580688601102211,0.08580140733624542,1.5006051956589772e-13,5.847039660833442e-06
3102.7324284789047,0.07590911632570975,0.07590911632559916,0.07590911632574839,0.0759759768762736,0.07591342844313963,0.07590938798300799,1.4922785229742885e-13,4.312117540469784e-06
3106.8042558128664,0.06857471383181968,0.06857471383173316,0.06857471383186454,0.06862539959429086,0.06857798260642799,0.06857491975449745,1.3138101717657946e-13,3.2687746948228957e-06
3110.876083146828,0.0629926130023098,0.06299261300224097,0.06299261300235406,0.06303194688161429,0.06299514952830088,0.06299277279123594,1.1309009284588001e-13,2.5365260599014006e-06
3114.94791048079,0.05864833874087285,0.05864833874081707,0.05864833874091433,0.058679480762925194,0.05865034685836409,0.058648465239113844,9.726247585106762e-14,2.0081175470185175e-06
3119.019737814752,0.05520201228878294,0.055202012288736745,0.055202012288806224,0.05522709800672182,0.05520362975668137,0.05520211417582475,6.947914465982308e-14,1.617467944622919e-06
3123.0915651487135,0.052422339345198334,0.052422339345159434,0.05242233934519535,0.05244285199160207,0.05242366184413963,0.05242242264931924,3.5915714846623814e-14,1.3224989801954856e-06
3127.1633924826756,0.05014773596406128,0.050147735964028384,0.050147735964044024,0.050164730912806044,0.05014883157451661,0.050147804974561866,1.5640266859406893e-14,1.0956104882289819e-06
3131.2352198166373,0.04826266675810999,0.04826266675808218,0.04826266675809064,0.04827691120212243,0.048263584970232275,0.04826272459299772,8.458511668862911e-15,9.182121500916907e-07
3135.307047150599,0.04668280149058336,0.046682801490559464,0.046682801490568186,0.04669486385716044,0.04668357897212236,0.04668285045999047,8.722189637211386e-15,7.774815628941445e-07
3139.378874484561,0.04534544564658697,0.04534544564656622,0.04534544564657798,0.04535575432072352,0.045346110031069815,0.04534548749145072,1.1754486273218845e-14,6.64384503593074e-07
3143.4507018185227,0.04420321683639447,0.04420321683637671,0.04420321683638487,0.04421209962914913,0.044203789269245695,0.04420325288887794,8.1601392309949e-15,5.724328689879488e-07
3147.5225291524844,0.04321977171387374,0.04321977171385876,0.04321977171385441,0.043227482949973486,0.04322026859987432,0.04321980300746503,-4.350686477749832e-15,4.968860155621369e-07
3151.5943564864465,0.042366859489915996,0.04236685948990362,0.042366859489889296,0.042373598954266026,0.04236729371548115,0.0423668868364375,-1.432187701766452e-14,4.342255775294235e-07
3155.666183820408,0.041622252517689924,0.041622252517679856,0.041622252517664084,0.04162817893815109,0.04162263432067542,0.04162227656210029,-1.577210584358113e-14,3.818029955665603e-07
3159.73801115437,0.040968268345451815,0.04096826834544335,0.0409682683454279,0.04097350913967583,0.040968605943945545,0.04096828960546186,-1.5452916724001398e-14,3.3759850219527987e-07
3163.809838488332,0.04039069792435669,0.040390697924348754,0.04039069792432703,0.04039535634806933,0.040390997977830134,0.04039071681948344,-2.1725676813133532e-14,3.000534813807354e-07
3167.8816658222936,0.03987801738882273,0.0398780173888145,0.03987801738878224,0.03988217784809412,0.039878285340835956,0.03987803426198152,-3.226585665316861e-14,2.6795202145296626e-07
3171.9534931562553,0.0394208008692074,0.03942080086919912,0.039420800869160125,0.03942453291661304,0.039421041205206876,0.039420816002954405,-3.8996583739958623e-14,2.403360077549155e-07
3176.0253204902174,0.039011277840977465,0.03901127784097016,0.03901127784093344,0.039014639215674725,0.039011494284412654,0.03901129146986505,-3.672062653947705e-14,2.1644344249532876e-07
3180.097147824179,0.03864299575125028,0.03864299575124495,0.03864299575121932,0.038646034715890905,0.038643191414326254,0.0386430080713241,-2.5625335187129394e-14,1.9566308130658516e-07
3184.1689751581407,0.038310560256229795,0.038310560256226284,0.038310560256212864,0.038313317410771965,0.038310737756912426,0.03831057143239871,-1.341982081015658e-14,1.7750068614236225e-07
3188.240802492103,0.03800943331713067,0.038009433317126876,0.03800943331711646,0.038011943019343526,0.038009594870779005,0.03800944348893916,-1.041527974976475e-14,1.6155365212960904e-07
3192.3126298260645,0.03773577488059376,0.03773577488058828,0.0377357748805743,0.03773806636789817,0.03773592237232842,0.03773578416678346,-1.3981871216373065e-14,1.4749174014061506e-07
3196.384457160026,0.03748631771141918,0.03748631771141327,0.03748631771140036,0.037488415993819586,0.037486452753722234,0.03748632621355931,-1.2906342661267445e-14,1.350423089671593e-07
3200.4562844939883,0.037258267672368825,0.03725826767236369,0.03725826767235659,0.03726019424840983,0.03725839165126358,0.03725827547776315,-7.098488463697095e-15,1.239788998894098e-07
3204.52811182795,0.03704922370341401,0.0370492237034107,0.03704922370340612,0.037050997138206275,0.03704933781574823,0.03704923088744935,-4.579669976578771e-15,1.1411233753061412e-07
3208.5999391619116,0.03685711317318495,0.036857113173183055,0.036857113173174506,0.03685874956809821,0.03685721845692573,0.03685711980123847,-8.548717289613705e-15,1.0528374267543272e-07
3212.6717664958737,0.036680139316240395,0.03668013931623822,0.03668013931622079,0.03668165269290251,0.03668023667524121,0.036680145445239884,-1.742356259271105e-14,9.735900299151501e-08
3216.7435938298354,0.036516738239746015,0.0365167382397429,0.03651673823971515,0.03651814085579268,0.036516828464114366,0.03651674391945521,-2.7748636721725006e-14,9.022437146705142e-08
3220.815421163797,0.03636554355778308,0.036365543557779524,0.03636554355774785,0.03636684616789962,0.03636562734071649,0.036365548831862514,-3.16760506713365e-14,8.378293696320593e-08
3224.887248497759,0.03622535714393392,0.03622535714393052,0.036225357143900204,0.036226569216780025,0.03622543509570951,0.036225362050820956,-3.031602746617068e-14,7.795177899005967e-08
3228.959075831721,0.03609512482080426,0.036095124820801246,0.036095124820774094,0.03609625472015948,0.03609519748046049,0.03609512939444877,-2.7151891845988985e-14,7.26596592476314e-08
3233.0309031656825,0.03597391605580947,0.035973916055806784,0.03597391605578045,0.03597497119254216,0.03597398390094721,0.035973920326291105,-2.6333102365327932e-14,6.784514042235124e-08
3237.1027304996446,0.03586090692546809,0.03586090692546577,0.0358609069254344,0.03586189388558823,0.03586097038050852,0.03586091091951705,-3.137073933956458e-14,6.34550427480729e-08
3241.1745578336063,0.035755365759920756,0.035755365759919173,0.03575536575988229,0.03575629041293217,0.03575542520309309,0.03575536950135793,-3.688022109926692e-14,5.944317391787246e-08
3245.246385167568,0.03565664099595048,0.035656640995949486,0.03565664099591046,0.035657508586898416,0.0356566967652269,0.03565664450606068,-3.902433931557425e-14,5.576927741141047e-08
3249.31821250153,0.03556415085822007,0.03556415085821907,0.03556415085817969,0.035564966086186506,0.03556420325637729,0.03556415415607086,-3.937822290467352e-14,5.2398158222055624e-08
3253.3900398354917,0.035477374560603354,0.03547737456060205,0.03547737456056386,0.03547814164588881,0.03547742385955537,0.03547737766331865,-3.8191672047105385e-14,4.929895332239642e-08
3257.4618671694534,0.035395844776736844,0.03539584477673504,0.03539584477669884,0.03539656751855754,0.03539589122125511,0.035395847699731274,-3.620020949668401e-14,4.6444520070132445e-08
3261.5336945034155,0.035319141174583964,0.03531914117458183,0.03531914117454854,0.03531982300078833,0.03531918498550307,0.03531914393176468,-3.329281295094688e-14,4.3810921238063294e-08
3265.605521837377,0.035246884846413945,0.03524688484641207,0.03524688484638505,0.03524752885645924,0.03524692622340277,0.035246887450355584,-2.7020052861814747e-14,4.137699070178025e-08
3269.677349171339,0.035178733495090674,0.03517873349508952,0.035178733495069864,0.03517934249730495,0.03517877261905416,0.035178735957185764,-1.9657886429769178e-14,3.9123964637455266e-08
3273.749176505301,0.03511437726142689,0.03511437726142614,0.0351143772614122,0.03511495380541189,0.03511441429659451,0.035114379592017075,-1.3940237852949622e-14,3.703516836955911e-08
3277.8210038392626,0.03505353509676305,0.03505353509676204,0.03505353509675332,0.03505408150165145,0.03505357019251104,0.03505353730525417,-8.722189637211386e-15,3.5095749001401444e-08
3281.8928311732243,0.03499595160076458,0.0349959516007628,0.034995951600759606,0.03499646997992744,0.03499598489320914,0.034995953695727534,-3.191891195797325e-15,3.329244634142636e-08
3285.9646585071864,0.03494139425740965,0.03494139425740759,0.0349413942574103,0.03494188654011708,0.03494142587080417,0.03494139624666912,2.7131075164277263e-15,3.1613396581087194e-08
3290.036485841148,0.03488965101282245,0.03488965101282072,0.03488965101282841,0.03489011896327773,0.034889681060783787,0.03488965290353337,7.695233339433116e-15,3.004796306910196e-08
3294.1083131751097,0.03484052814742084,0.03484052814741962,0.03484052814743052,0.03484097338152875,0.0348405567340094,0.03484052994613589,1.0901002323038256e-14,2.8586589775891902e-08
3298.180140509072,0.03479384840216635,0.034793848402165706,0.034793848402179375,0.03479427240234037,0.034793875622841156,0.03479385011489637,1.366962099069724e-14,2.7220675449801668e-08
3302.2519678430335,0.03474944932478505,0.034749449324785096,0.034749449324802804,0.03474985345305097,0.0347494752672484,0.03474945095705248,1.7708057242771247e-14,2.5942463302564e-08
3306.323795176995,0.034707181806905296,0.034707181806905456,0.03470718180692882,0.03470756731652122,0.03470720655185104,0.034707183363790514,2.3363255774455638e-14,2.4744945585630784e-08
3310.3956225109573,0.03466690878730349,0.034666908787302615,0.034666908787331426,0.03466727683308751,0.034666932409082835,0.034666910273487006,2.881028748902281e-14,2.3621780219362787e-08
3314.467449844919,0.034628504100025485,0.03462850410002352,0.0346285041000543,0.0346288557475541,0.03462852666724145,0.03462850551982677,3.0780933357732465e-14,2.2567217927704775e-08
3318.5392771788806,0.03459185144916212,0.03459185144915985,0.0345918514491861,0.03459218768297534,0.03459187302519784,0.03459185280657273,2.6249835638481045e-14,2.1576037990966856e-08
3322.6111045128428,0.03455684349458792,0.03455684349458636,0.03455684349460335,0.034557165225523566,0.03455686413807917,0.03455684479330074,1.6986412276764895e-14,2.0643492811001085e-08
3326.6829318468044,0.034523381035135435,0.03452338103513486,0.034523381035141264,0.0345236891068966,0.0345234008003926,0.03452338227857004,6.404599073306372e-15,1.9765257742998532e-08
3330.7547591807665,0.03449137227750117,0.034491372277500355,0.03449137227749877,0.03449166747254829,0.03449139121488859,0.034491373468827455,-1.582067810090848e-15,1.8937388233941643e-08
3334.826586514728,0.034460732180740694,0.03446073218073968,0.03446073218073527,0.03446101522558926,0.03446075033702025,0.03446073332290286,-4.413136522884997e-15,1.8156280569281424e-08
3338.89841384869,0.0344313818675488,0.03443138186754821,0.034431381867542826,0.03443165343753551,0.0344313992861865,0.03443138296328404,-5.384581669432009e-15,1.7418638288690946e-08
3342.970241182652,0.03440324809464623,0.034403248094646115,0.03440324809463814,0.034403508818224675,0.034403264816088346,0.034403249146501044,-7.972789095589405e-15,1.672144223086036e-08
3347.0420685166137,0.03437626277557919,0.03437626277557944,0.0343762627755694,0.034376513238200464,0.034376278837501974,0.03437626378592532,-1.004057947895376e-14,1.6061922535060003e-08
3351.1138958505753,0.03435036255008331,0.03435036255008374,0.03435036255007237,0.03435060329770513,0.034350377987619723,0.03435036352113257,-1.136590821460004e-14,1.5437535985651785e-08
3355.1857231845374,0.034325488394885084,0.034325488394885466,0.03432548839487256,0.03432571993714971,0.03432550324082952,0.03432548932870181,-1.2906342661267445e-14,1.4845944057428895e-08
3359.257550518499,0.034301585271440116,0.03430158527144017,0.03430158527142755,0.0343018080845562,0.034301599556433755,0.03430158616995308,-1.2621848011207248e-14,1.4284993583857375e-08
3363.3293778524608,0.03427860180665162,0.03427860180665123,0.03427860180664089,0.03427881633601232,0.03427861555935169,0.03427860267166485,-1.033895191682177e-14,1.3752700457614342e-08
3367.401205186423,0.034256490003083916,0.03425649000308339,0.03425649000307682,0.03425669666564717,0.034256503250316914,0.03425649083628643,-6.571132527000145e-15,1.3247233525415236e-08
3371.4730325203845,0.03423520497559453,0.034235204975594215,0.03423520497559118,0.03423540416205048,0.034235217742495855,0.03423520577856909,-3.0322966360074588e-15,1.2766901640037798e-08
3375.544859854346,0.03421470471166409,0.03421470471166386,0.034214704711660805,0.034214896788410894,0.03421471702180452,0.034214705485894364,-3.0531133177191805e-15,1.2310140663773783e-08
3379.6166871883083,0.03419494985301538,0.03419494985301494,0.03419494985301135,0.034195135163963684,0.03419496172851794,0.03419495059989378,-3.587408148320037e-15,1.187550300457696e-08
3383.68851452227,0.03417590349638591,0.03417590349638537,0.03417590349638297,0.03417608236460836,0.034175914958032225,0.0341759042172207,-2.400857290751901e-15,1.1461646853838658e-08
3387.7603418562317,0.03415753101155692,0.034157531011556615,0.03415753101155547,0.034157703740796935,0.034157542078884655,0.03415753170757837,-1.1449174941446927e-15,1.1067328040126334e-08
3391.832169190194,0.03413979987494878,0.03413979987494864,0.03413979987494892,0.03413996675100243,0.034139810566339766,0.034139800547313894,2.7755575615628914e-16,1.0691391126582683e-08
3395.9039965241554,0.03412267951727636,0.03412267951727602,0.034122679517276835,0.03412284080926011,0.034122689850038544,0.03412268016707428,8.187894806610529e-16,1.0332762527542894e-08
3399.975823858117,0.034106141183923105,0.034106141183922724,0.03410614118392134,0.03410629714543873,0.034106151174366155,0.034106141812180635,-1.3808398868775384e-15,9.990443430862861e-09
3404.0476511920792,0.0340901578068351,0.034090157806834664,0.03409015780683241,0.03409030867703894,0.03409016747033881,0.03409015841452032,-2.2551405187698492e-15,9.663504142720658e-09
3408.119478526041,0.03407470388685636,0.03407470388685592,0.03407470388685606,0.03407484989144385,0.03407471323793419,0.03407470447488289,1.3877787807814457e-16,9.351078272823443e-09
3412.1913058600026,0.03405975538554616,0.03405975538554606,0.03405975538554861,0.03405989673765855,0.03405976443790385,0.034059755954777046,2.55351295663786e-15,9.052357793915e-09
3416.2631331939647,0.034045289625613845,0.03404528962561408,0.034045289625616565,0.034045426526673445,0.03404529839220252,0.034045290176864244,2.4841240175987878e-15,8.76658844128908e-09
3420.3349605279263,0.03403128519919229,0.034031285199192865,0.03403128519919253,0.034031417839673984,0.03403129369225867,0.03403128573323309,-3.3306690738754696e-16,8.493065806192135e-09
3424.406787861888,0.03401772188325549,0.034017721883255844,0.03401772188325041,0.03401785044339851,0.03401773011438698,0.034017722400815534,-5.43315392675936e-15,8.231131137792502e-09
3428.47861519585,0.03400458056154672,0.03400458056154646,0.03400458056153415,0.03400470521201396,0.03400458854171467,0.03400458106331611,-1.2309597785531423e-14,7.980168206800364e-09
3432.550442529812,0.03399184315245359,0.03399184315245288,0.03399184315243301,0.03399196405494134,0.0339918508920529,0.03399184363908679,-1.9866053246886395e-14,7.73960002337093e-09
3436.6222698637735,0.03397949254231644,0.03397949254231579,0.033979492542289824,0.0339796098501187,0.0339795000512016,0.0339794930144341,-2.596534098842085e-14,7.50888581174669e-09
3440.6940971977356,0.03396751252370602,0.03396751252370594,0.03396751252367897,0.03396762638223723,0.033967519811224686,0.03396751298189701,-2.6971480604487397e-14,7.287518748178012e-09
3444.7659245316972,0.03395588773825193,0.03395588773825249,0.03395588773823074,0.033955998285531856,0.033955894813275454,0.033955888183074635,-2.175343238874916e-14,7.075022963320965e-09
3448.837751865659,0.03394460362364126,0.03394460362364166,0.03394460362362706,0.03394471099074526,0.03394461049459348,0.033944604055625195,-1.459943277382081e-14,6.8709518144527415e-09
3452.909579199621,0.03393364636444216,0.033933646364442134,0.033933646364431094,0.033933750675921116,0.033933653039327584,0.0339336467840908,-1.10397802011164e-14,6.674885449919898e-09
3456.9814065335827,0.033923002846443756,0.033923002846443444,0.0339230028464317,0.033923104220713575,0.03392300933287262,0.0339230032542361,-1.174060848541103e-14,6.4864291784982875e-09
3461.0532338675443,0.03391266061422425,0.03391266061422388,0.0339126606142111,0.03391275916392795,0.03391266691943562,0.03391266101061622,-1.2774503677093207e-14,6.305211741608474e-09
3465.1250612015065,0.0339026078316892,0.033902607831689115,0.033902607831678276,0.03390270366403431,0.033902613962572374,0.03390260821711462,-1.083855227790309e-14,6.1308832594031415e-09
3469.196888535468,0.0338928332453449,0.03389283324534507,0.033892833245338115,0.03389292646241777,0.033892839208459695,0.03389283362021662,-6.952771691715043e-15,5.963114627083321e-09
3473.26871586943,0.033883326150091965,0.03388332615009217,0.03388332615008875,0.03388341684915121,0.033883331951687204,0.033883326514802976,-3.4208746946262636e-15,5.801595030774376e-09
3477.340543203392,0.03387407635734289,0.03387407635734261,0.03387407635734193,0.03387416463109338,0.03387408200337446,0.03387407671226755,-6.800116025829084e-16,5.646031850381483e-09
3481.4123705373536,0.03386507416528477,0.03386507416528421,0.033865074165285274,0.033865160102134216,0.03386507966143268,0.03386507451078069,1.061650767297806e-15,5.4961484668991645e-09
3485.4841978713152,0.033856310331125246,0.033856310331124975,0.03385631033112684,0.03385639401542338,0.03385631568280904,0.033856310667534126,1.8665624601510444e-15,5.351684068122253e-09
3489.5560252052774,0.03384777604517116,0.033847776045171,0.03384777604517152,0.033847857557431756,0.033847781257562826,0.033847776372818175,5.204170427930421e-16,5.2123918237168e-09
3493.627852539239,0.033839462906598304,0.033839462906597916,0.03383946290659459,0.0338395423237096,0.03383946798463663,0.03383946322579402,-3.3237301799715624e-15,5.078038711747723e-09
3497.6996798732007,0.033831362900793555,0.03383136290079317,0.03383136290078644,0.03383144029621466,0.033831367849197214,0.03383136321183505,-6.7307270867900115e-15,4.94840404069441e-09
3501.771507207163,0.03382346837815172,0.03382346837815137,0.033823468378143526,0.03382354382209575,0.03382347320143068,0.03382346868132286,-7.840950111415168e-15,4.8232793106728344e-09
3505.8433345411245,0.03381577203421927,0.033815772034218886,0.03381577203421095,0.03381584559382564,0.03381577673668565,0.033815772329791334,-7.93809462606987e-15,4.702466763206736e-09
3509.915161875086,0.03380826689108925,0.03380826689108888,0.03380826689108073,0.03380833863058549,0.03380827147686807,0.03380826717932187,-8.153200337090993e-15,4.585779186938588e-09
3513.9869892090483,0.03380094627995886,0.03380094627995863,0.03380094627994857,0.03380101626081234,0.03380095075299763,0.03380094656110054,-1.0061396160665481e-14,4.4730390016956e-09
3518.05881654301,0.033793803824765836,0.03379380382476587,0.03379380382475314,0.03379387210582624,0.03379380818884402,0.03379380409905455,-1.2732870313669764e-14,4.364078147467421e-09
3522.1306438769716,0.033786833426829394,0.03378683342682951,0.033786833426815994,0.033786900064462264,0.03378683768556621,0.033786833694492605,-1.3516965324811281e-14,4.258736696627352e-09
3526.2024712109337,0.03378002925042312,0.033780029250423345,0.03378002925041108,0.0337800942986366,0.03378003340728668,0.0337800295116792,-1.226796442210798e-14,4.156863332716032e-09
3530.2742985448954,0.03377338570922003,0.033773385709220435,0.033773385709210346,0.03377344921978295,0.03377338976753425,0.03377338596427812,-1.008915173628111e-14,4.05831381694588e-09
3534.346125878857,0.03376689745354575,0.03376689745354631,0.03376689745353902,0.033766959476099374,0.033766901416497845,0.03376689770260635,-7.28583859910259e-15,3.9629515363737156e-09
3538.417953212819,0.03376055935838776,0.03376055935838807,0.033760559358384006,0.03376061994055051,0.03376056322903462,0.033760559601642856,-4.066191827689636e-15,3.8706465463334006e-09
3542.489780546781,0.03375436651210807,0.03375436651210791,0.033754366512106754,0.03375442569957516,0.03375437029338309,0.03375436674974204,-1.1587952819525071e-15,3.7812751749188855e-09
3546.5616078807425,0.03374831420581401,0.033748314205813534,0.0337483142058146,0.033748372042451014,0.03374831790053323,0.03374831443800418,1.0685896612017132e-15,3.694719696856197e-09
3550.6334352147046,0.03374239792334362,0.03374239792334298,0.03374239792334446,0.03374245445127442,0.033742401534211326,0.03374239815026029,1.4779844015322396e-15,3.610868347381224e-09
3554.7052625486663,0.03373661333182368,0.03373661333182311,0.033736613331823206,0.033736668591513495,0.033736616861437474,0.03373661355363049,9.71445146547012e-17,3.529614364672362e-09
3558.777089882628,0.03373095627276463,0.03373095627276435,0.033730956272763506,0.03373101030309881,0.033730959723620696,0.03373095648961884,-8.465450562766819e-16,3.450856343734099e-09
3562.84891721659,0.033725422753657426,0.033725422753657565,0.033725422753657586,0.03372547559201525,0.03372542612815492,0.03372542296571007,2.0816681711721685e-17,3.374497355157491e-09
3566.9207445505517,0.03372000894004007,0.033720008940040284,0.03372000894004181,0.03372006062236484,0.03372001224048562,0.03372000914743598,1.5265566588595902e-15,3.300445333698221e-09
3570.9925718845134,0.033714711148003694,0.03371471114800333,0.03371471114800546,0.033714761708869036,0.03371471437661543,0.033714711350881846,2.130240428499519e-15,3.2286120998925583e-09
3575.0643992184755,0.03370952583711039,0.03370952583710927,0.03370952583711133,0.03370957530978397,0.033709528996023114,0.033709526035604884,2.060851489460447e-15,3.1589138457799315e-09
3579.136226552437,0.033704449603698866,0.0337044496036976,0.03370444960369876,0.03370449802020204,0.033704452694967954,0.03370444979793956,1.1587952819525071e-15,3.0912703508079176e-09
3583.208053886399,0.03369947917455274,0.03369947917455233,0.033699479174552086,0.033699526565716495,0.033699482200157505,0.03369947936466508,-2.42861286636753e-16,3.025605176121271e-09
3587.279881220361,0.03369461140090938,0.03369461140090988,0.033694611400910054,0.03369465779642635,0.03369461436275509,0.03369461158701339,1.734723475976807e-16,2.9618452065949263e-09
3591.3517085543226,0.03368984325278609,0.03368984325278672,0.0336898432527881,0.033689888681261,0.033689846152707426,0.03368984343499638,1.3808398868775384e-15,2.8999207063451493e-09
3595.4235358882843,0.03368517181360665,0.03368517181360655,0.03368517181360903,0.03368521630260524,0.03368517465337133,0.03368517199203362,2.4771851236948805e-15,2.8397647774958124e-09
3599.4953632222464,0.033680594275110776,0.033680594275110096,0.033680594275114294,0.033680637851206195,0.03368059705642372,0.03368059444986184,4.198030811863873e-15,2.781313623856363e-09
3603.567190556208,0.03367610793253084,0.03367610793253011,0.03367610793253609,0.033676150621346185,0.03367611065703635,0.03367610810370991,5.974387651264124e-15,2.724506238671598e-09
3607.6390178901697,0.03367171018001614,0.033671710180015635,0.03367171018002213,0.03367175200626488,0.033671712849299866,0.03367171034772327,6.494804694057166e-15,2.669284231149316e-09
3611.710845224132,0.03366739850629182,0.03366739850629184,0.033667398506296395,0.033667439493816696,0.03366740112188343,0.03366739867062352,4.551914400963142e-15,2.6155915835990307e-09
3615.7826725580935,0.03366317049053962,0.033663170490540156,0.03366317049054114,0.03366321066234959,0.03366317305391503,0.03366317065158868,9.853229343548264e-16,2.563374873476576e-09
3619.854499892055,0.03365902379848698,0.03365902379848769,0.03365902379848605,0.03365906317679201,0.03365902631107034,0.033659023956342654,-1.6375789613221059e-15,2.5125826488836545e-09
3623.9263272260173,0.03365495617869184,0.033654956178692415,0.03365495617868994,0.03365499478493684,0.033654958641858336,0.033654956333440324,-2.4771851236948805e-15,2.4631659212293044e-09
3627.998154559979,0.033650965459013374,0.033650965459013964,0.03365096545901204,0.03365100331391056,0.03365096787409153,0.03365096561073846,-1.9220736113823023e-15,2.4150775684850245e-09
3632.0699818939406,0.0336470495432585,0.03364704954325911,0.03364704954325765,0.03364708666681661,0.03364705191153149,0.03364704969204086,-1.457167719820518e-15,2.3682723837570308e-09
3636.1418092279027,0.03364320640799132,0.0336432064079918,0.03364320640798912,0.033643242819544686,0.03364320873069886,0.03364320655390887,-2.6853519408120974e-15,2.322707061408469e-09
3640.2136365618644,0.033639434099499384,0.03363943409949937,0.03363943409949458,0.03363946981773515,0.03363943637783946,0.03363943424262709,-4.7878367936959876e-15,2.2783400929760056e-09
3644.285463895826,0.033635730730905665,0.033635730730905436,0.0336357307308992,0.03363576577389077,0.03363573296603694,0.03363573087131655,-6.238065619612598e-15,2.2351315034918606e-09
3648.357291229788,0.033632094479421754,0.03363209447942165,0.033632094479415724,0.03363212886462735,0.03363209667246498,0.03363209461718684,-5.925815393936773e-15,2.1930433302674857e-09
3652.42911856375,0.03362852358373132,0.03362852358373153,0.03362852358372731,0.03362855732805595,0.03362852573577,0.033628523718918786,-4.218847493575595e-15,2.1520384710371765e-09
3656.5009458977115,0.03362501634149725,0.033625016341497234,0.033625016341495804,0.033625049461289205,0.03362501845357915,0.03362501647417264,-1.429412144204889e-15,2.112081919081188e-09
3660.5727732316736,0.03362157110698568,0.033621571106985264,0.033621571106986436,0.033621603618065404,0.03362157318012479,0.033621571237212496,1.1726730697603216e-15,2.073139528102619e-09
3664.6446005656353,0.03361818628880282,0.033618186288802095,0.033618186288804565,0.03361821820648359,0.03361818832398093,0.03361818641664287,2.4702462297909733e-15,2.0351788379557867e-09
3668.716427899597,0.0336148603477365,0.033614860347735906,0.033614860347738314,0.033614891686844096,0.033614862345904446,0.03361486047325009,2.4077961846558082e-15,1.998168540351397e-09
3672.788255233559,0.03361159179469821,0.03361159179469797,0.033611591794699136,0.03361162256958904,0.03361159375677646,0.0336115919179434,1.1657341758564144e-15,1.9620784927343315e-09
3676.8600825675207,0.03360837918875806,0.03360837918875794,0.033608379188758246,0.0336084094133369,0.03360838111563769,0.033608379309790694,3.0531133177191805e-16,1.926879746039223e-09
3680.9319099014824,0.03360522113526953,0.033605221135269446,0.03360522113527031,0.03360525082300711,0.0336052230278139,0.033605221254143815,8.673617379884035e-16,1.8925444544848347e-09
3685.0037372354445,0.03360211628408019,0.03360211628408002,0.03360211628408239,0.03360214544802946,0.03360211814312575,0.03360211640084859,2.373101715136272e-15,1.8590457298572893e-09
3689.075564569406,0.03359906332782219,0.03359906332782177,0.033599063327825265,0.033599091980634044,0.0335990651541796,0.03359906344253556,3.497202527569243e-15,1.8263578288602034e-09
3693.147391903368,0.03359606100027899,0.03359606100027857,0.03359606100028236,0.033596089154217475,0.03359606279473443,0.033596061112987,3.788636071533347e-15,1.7944558547422496e-09
3697.21921923733,0.03359310807482561,0.03359310807482556,0.033593108074829445,0.03359313574178209,0.03359310983814146,0.03359310818557658,3.885780586188048e-15,1.763315903013929e-09
3701.2910465712916,0.03359020336293741,0.0335902033629376,0.033590203362941495,0.0335902305544436,0.03359020509585257,0.033590203471777685,3.892719480091955e-15,1.7329149643030561e-09
3705.3628739052533,0.03358734571276295,0.03358734571276332,0.03358734571276624,0.03358737244000452,0.03358734741599411,0.03358734581973756,2.921274333544943e-15,1.7032307925157752e-09
3709.4347012392154,0.03358453400776043,0.03358453400776087,0.033584534007760625,0.033584560281589515,0.0335845356820028,0.033584534112913,-2.42861286636753e-16,1.6742419325921354e-09
3713.506528573177,0.03358176716539304,0.033581767165393184,0.03358176716538893,0.03358179299633986,0.03358176881132101,0.03358176726876559,-4.253541963095131e-15,1.6459278245894993e-09
3717.5783559071388,0.033579044135879296,0.033579044135879046,0.03357904413587324,0.03357906953416445,0.033579045754147586,0.03357904423751295,-5.80785419757035e-15,1.6182685400045749e-09
3721.650183241101,0.0335763639009979,0.03357636390099779,0.033576363900994,0.03357638887654352,0.03357636549224274,0.03357636400093312,-3.788636071533347e-15,1.5912449483068691e-09
3725.7220105750625,0.033573725472944196,0.033573725472944696,0.033573725472943225,0.03357375003538396,0.03357372703778314,0.033573725571220285,-1.4710455076283324e-15,1.5648384463218257e-09
3729.793837909024,0.03357112789323386,0.03357112789323476,0.03357112789323353,0.03357115205192251,0.033571129432266034,0.033571127989888344,-1.2351231148954867e-15,1.5390312704810505e-09
3733.8656652429863,0.0335685702316517,0.03356857023165255,0.03356857023165066,0.03356859399567501,0.0335685717454587,0.03356857032672068,-1.887379141862766e-15,1.5138061498776167e-09
3737.937492576948,0.033566051585245074,0.033566051585245574,0.033566051585243666,0.03356607496342979,0.03356605307439199,0.03356605167876376,-1.908195823574488e-15,1.4891464172883673e-09
3742.0093199109097,0.0335635710773599,0.03356357107735989,0.03356357107735837,0.03356359407828252,0.033563572542395934,0.0335635711693628,-1.519617764955683e-15,1.465036043868384e-09
3746.0811472448718,0.033561127856715466,0.0335611278567151,0.033561127856713974,0.03356115048871101,0.03356112929817462,0.03356112794723622,-1.124100812432971e-15,1.4414595211897918e-09
3750.1529745788334,0.03355872109651774,0.03355872109651725,0.033558721096517224,0.03355874336768786,0.033558722514919134,0.03355872118558923,-2.7755575615628914e-17,1.4184018820584399e-09
3754.224801912795,0.033556349993608695,0.03355634999360835,0.03355634999361023,0.03355637191182924,0.03355635138945696,0.033556350081262856,1.880440247958859e-15,1.3958486103082812e-09
3758.296629246757,0.03355401376764967,0.03355401376764937,0.03355401376765322,0.03355403534057836,0.03355401514143513,0.033554013853917306,3.851086116668512e-15,1.373785758762569e-09
3762.368456580719,0.0335517116603375,0.03355171166033736,0.03355171166034289,0.03355173289542139,0.03355171301253721,0.03355171174524875,5.530298441414061e-15,1.352199852089342e-09
3766.4402839146805,0.03354944293465309,0.033549442934652944,0.033549442934659425,0.033549463839135214,0.03354944426573065,0.033549443018236896,6.480926906249351e-15,1.3310777063901824e-09
3770.5121112486427,0.03354720687413839,0.033547206874138064,0.033547206874144565,0.03354722745506481,0.033547208184544874,0.03354720695642296,6.501743587961073e-15,1.3104068108393818e-09
3774.5839385826043,0.03354500278220301,0.033545002782202474,0.03354500278220876,0.03354502304642941,0.033545004072377274,0.03354500286321586,6.286637876939949e-15,1.2901748003280034e-09
3778.655765916566,0.03354282998145787,0.03354282998145722,0.03354282998146361,0.03354284993565576,0.033542831251827256,0.03354283006122601,6.390721285498557e-15,1.2703700383309702e-09
3782.727593250528,0.033540687813075204,0.03354068781307456,0.033540687813081914,0.03354070746373783,0.03354068906405546,0.0335406878916249,7.355227538141662e-15,1.2509809022009932e-09
3786.79942058449,0.033538575636172845,0.0335385756361723,0.033538575636181234,0.03353859498962086,0.03353857686816885,0.033538575713529646,8.930356454328603e-15,1.2319965464469007e-09
3790.8712479184514,0.0335364928272228,0.03353649282722247,0.03353649282723245,0.033536511889609856,0.03353649404062848,0.03353649290341155,9.978129433818594e-15,1.2134060076163244e-09
3794.9430752524136,0.03353443877948231,0.03353443877948221,0.033534438779493386,0.033534457556800366,0.03353443997468132,0.03353443885452714,1.1178558079194545e-14,1.1951991132908013e-09
3799.0149025863752,0.033532412902446726,0.03353241290244684,0.03353241290245953,0.033532431400531165,0.033532414079812625,0.033532412976371134,1.269123695024632e-14,1.1773657881963828e-09
3803.086729920337,0.033530414621323335,0.033530414621323654,0.0335304146213373,0.03353043284585793,0.03353041578121985,0.033530414694150176,1.3648804308985518e-14,1.1598961929815133e-09
3807.158557254299,0.033528443376524886,0.03352844337652522,0.033528443376538326,0.03352846133304645,0.03352844451930636,0.033528443448276234,1.3107570584480754e-14,1.1427811405506638e-09
3811.2303845882607,0.03352649862318212,0.03352649862318251,0.03352649862319381,0.033526516317085364,0.03352649974919381,0.03352649869387979,1.1303458169464875e-14,1.1260113050304277e-09
3815.3022119222223,0.033524579830675034,0.03352457983067546,0.03352457983068565,0.0335245972672169,0.03352458094025339,0.03352457990034008,1.0193235144839718e-14,1.109577929536698e-09
3819.3740392561845,0.03352268648218082,0.033522686482181256,0.03352268648219157,0.03352270366648466,0.03352268757565377,0.0335226865508339,1.0311196341206141e-14,1.0934725139244428e-09
3823.445866590146,0.03352081807423896,0.03352081807423986,0.033520818074248844,0.03352083501129913,0.03352081915192649,0.03352081814190061,8.98586760555986e-15,1.0776866343764624e-09
3827.517693924108,0.033518974116333526,0.03351897411633459,0.03351897411634011,0.033518990811018105,0.03351897517854691,0.033518974183023006,5.523359547510154e-15,1.0622123250425552e-09
3831.58952125807,0.033517154130488384,0.03351715413048883,0.033517154130490855,0.03351717058754331,0.03351715517753059,0.03351715419622402,2.0261570199409107e-15,1.0470417588503977e-09
3835.6613485920316,0.033515357650877584,0.03351535765087693,0.03351535765087686,0.033515373874931115,0.03351535868304434,0.03351535771567752,-6.938893903907228e-17,1.0321674071001041e-09
3839.7331759259932,0.03351358422345079,0.03351358422344971,0.0335135842234483,0.03351360021901787,0.033513585241031554,0.03351358428733382,-1.4085954624931674e-15,1.0175818451751972e-09
3843.8050032599554,0.033511833405573406,0.03351183340557273,0.0335118334055706,0.03351184917705816,0.03351183440885083,0.03351183346855813,-2.130240428499519e-15,1.0032780994873036e-09
3847.876830593917,0.033510104765678984,0.03351010476567837,0.03351010476567618,0.03351012031737653,0.03351010575492752,0.03351010482778232,-2.185751579730777e-15,9.892491548146864e-10
3851.9486579278787,0.03350839788293026,0.033508397882929634,0.03350839788292816,0.033508413219031474,0.033508398858418,0.033508397944168974,-1.4710455076283324e-15,9.754883636969858e-10
3856.020485261841,0.03350671234689655,0.033506712346896256,0.03350671234689546,0.033506727471491346,0.03350671330888541,0.03350671240728741,-7.979727989493313e-16,9.619891550016746e-10
3860.0923125958025,0.03350504775724181,0.03350504775724198,0.0335050477572407,0.03350506267432131,0.0335050487059873,0.033505047816801095,-1.2836953722228372e-15,9.48745318418709e-10
3864.164139929764,0.033503403723422726,0.03350340372342315,0.03350340372342082,0.03350341843688215,0.033503404659173855,0.03350340378216586,-2.3314683517128287e-15,9.357507060880899e-10
3868.2359672637263,0.03350177986439705,0.03350177986439753,0.03350177986439367,0.033501794378038775,0.033501780787396816,0.03350177992233908,-3.858025010572419e-15,9.229992881110149e-10
3872.307794597688,0.03350017580834309,0.03350017580834333,0.03350017580833773,0.033500190125879216,0.033500176718828656,0.03350017586549868,-5.599687380453133e-15,9.104853260222256e-10
3876.3796219316496,0.033498591192388474,0.03349859119238799,0.03349859119238167,0.03349860531744331,0.03349859209059125,0.033498591248771706,-6.321332346459485e-15,8.982032617677049e-10
3880.4514492656117,0.03349702566234773,0.03349702566234634,0.033497025662341064,0.03349703959846085,0.03349702654849387,0.03349702571797262,-5.2735593669694936e-15,8.861475303545419e-10
3884.5232765995734,0.03349547887246891,0.03349547887246744,0.03349547887246468,0.0334954926230982,0.033495479746780445,0.033495478927350254,-2.761679773755077e-15,8.743130039401414e-10
3888.595103933535,0.03349395048519145,0.03349395048519057,0.03349395048518939,0.033493964053714374,0.03349395134788493,0.03349395053934341,-1.1796119636642288e-15,8.626943603928794e-10
3892.666931267497,0.0334924401709092,0.033492440170908834,0.033492440170906676,0.033492453560624386,0.03349244102219555,0.03349244022434502,-2.157996004115148e-15,8.512867147314473e-10
3896.738758601459,0.03349094760774134,0.03349094760774132,0.03349094760773647,0.033490960821871446,0.033490948447826456,0.033490947660473815,-4.850286838831153e-15,8.400851334022796e-10
3900.8105859354205,0.03348947248131203,0.033489472481312524,0.03348947248130565,0.03348948552300624,0.03348947331039757,0.033489472533353944,-6.876443858772063e-15,8.290850436742936e-10
3904.8824132693826,0.03348801448453848,0.03348801448453927,0.033488014484531786,0.03348802735687398,0.033488015302820834,0.03348801453590203,-7.4870665223159e-15,8.182815605661808e-10
3908.9542406033443,0.03348657331742385,0.03348657331742482,0.03348657331741764,0.033486586023408024,0.033486574125095314,0.033486573368120956,-7.181755190543981e-15,8.076704929860234e-10
3913.026067937306,0.03348514868685879,0.033485148686859575,0.03348514868685343,0.03348516122943106,0.033485149484106934,0.03348514873690093,-6.147859998861804e-15,7.972473584083595e-10
3917.097895271268,0.03348374030642776,0.03348374030642834,0.03348374030642349,0.03348375268846187,0.033483741093436395,0.033483740355826484,-4.850286838831153e-15,7.870080559468917e-10
3921.1697226052297,0.0334823478962238,0.03348234789622444,0.03348234789622068,0.033482360120529575,0.03348234867317267,0.03348234794499057,-3.760880495917718e-15,7.769482349151424e-10
3925.2415499391914,0.0334809711826682,0.033480971182668705,0.033480971182666075,0.03348098325199271,0.03348097194973288,0.033480971230814026,-2.6298407895808396e-15,7.670641760659791e-10
3929.3133772731535,0.0334796098983353,0.03347960989833587,0.03347960989833391,0.03347962181536505,0.0334796106556877,0.03347960994587104,-1.9637069748057456e-15,7.573518270853619e-10
3933.385204607115,0.03347826378178452,0.033478263781785235,0.033478263781783354,0.033478275549146855,0.033478264529592655,0.033478263828720885,-1.880440247958859e-15,7.478074201539009e-10
3937.4570319410773,0.033476932577396715,0.03347693257739757,0.033476932577396104,0.03347694419766125,0.033476933315824825,0.033476932623743995,-1.4641066137244252e-15,7.384272568411454e-10
3941.528859275039,0.033475616035216184,0.03347561603521682,0.03347561603521631,0.0334756275108962,0.033475616764424634,0.03347561608098412,-5.134781488891349e-16,7.292078121889922e-10
3945.6006866090006,0.03347431391079733,0.033474313910797096,0.03347431391079821,0.03347432524435125,0.0334743146309426,0.03347431395599512,1.1171619185290638e-15,7.201455057281869e-10
3949.6725139429627,0.03347302596505519,0.03347302596505445,0.03347302596505705,0.03347303715888939,0.03347302667629143,0.03347302600969289,2.6020852139652106e-15,7.1123697903408e-10
3953.7443412769244,0.033471751964124226,0.03347175196412321,0.03347175196412582,0.033471763020593084,0.03347175266660215,0.03347175200821151,2.609024107869118e-15,7.024789361320671e-10
3957.816168610886,0.03347049167921859,0.03347049167921694,0.03347049167921874,0.033470502600625666,0.03347049237308507,0.03347049172276441,1.8041124150158794e-15,6.938681296198013e-10
3961.887995944848,0.033469244886495206,0.033469244886493756,0.033469244886495095,0.03346925567509608,0.033469245571895276,0.0334692449295094,1.339206523454095e-15,6.854015202617525e-10
3965.95982327881,0.033468011366926106,0.03346801136692573,0.033468011366926446,0.03346802202492857,0.03346801204400159,0.033468011409418415,7.147060721024445e-16,6.770758606555738e-10
3970.0316506127715,0.033466790906172376,0.03346679090617233,0.033466790906172876,0.03346680143573611,0.03346679157506054,0.03346679094815072,5.48172618408671e-16,6.688882087102499e-10
3974.1034779467336,0.03346558329445869,0.033465583294458014,0.03346558329445943,0.033465593697697735,0.033465583955293886,0.03346558333593063,1.4155343563970746e-15,6.608358721349461e-10
3978.1753052806953,0.03346438832645439,0.03346438832645316,0.03346438832645586,0.0334643986054395,0.033464388979368924,0.03346438836742836,2.699229728619912e-15,6.529157631218752e-10
3982.247132614657,0.03346320580116042,0.033463205801158996,0.03346320580116307,0.03346321595791965,0.03346320644628423,0.0334632058416449,4.073130721593543e-15,6.451252310135658e-10
3986.318959948619,0.03346203552179702,0.033462035521795934,0.033462035521801284,0.03346204555831644,0.033462036159257455,0.033462035561800475,5.349887199912473e-15,6.374615210691381e-10
3990.3907872825807,0.03346087729569562,0.03346087729569498,0.0334608772957009,0.03346088721391995,0.03346087792561704,0.033460877335225965,5.918876500032866e-15,6.299220589589538e-10
3994.4626146165424,0.033459730934193445,0.033459730934192945,0.0334597309341989,0.0334597407360271,0.0334597315566973,0.033459730973258064,5.953570969552402e-15,6.225043536201014e-10
3998.5344419505045,0.03345859625253063,0.03345859625253042,0.033458596252535895,0.0334586059398395,0.03345859686773625,0.03345859629113712,5.474787290182803e-15,6.152058307229424e-10
