wavenumber_cm-1,NMA_reference,Dense_exact,Sparse_Krylov,Suzuki4_r1,Suzuki4_r2,Suzuki4_r4,Krylov_minus_exact,Suzuki4_r2_minus_exact
0.0,0.029756500934647306,0.02975650093464731,0.029756500934644072,0.029757426491559373,0.029756558248785803,0.02975650452521123,-3.236994006172722e-15,5.731413849421885e-08
4.071827333961817,0.02977706857695281,0.02977706857695292,0.02977706857694899,0.029778013393901747,0.029777127312964204,0.02977707225755694,-3.930883396563445e-15,5.873601128386641e-08
8.143654667923634,0.029841751054275653,0.02984175105427607,0.029841751054270994,0.029842762104800417,0.029841814350613942,0.029841755022616698,-5.0758008907081376e-15,6.329633787244271e-08
12.215482001885452,0.029960473002695914,0.029960473002696324,0.029960473002690245,0.029961615881684084,0.029960544955238824,0.029960477515801547,-6.078471059822732e-15,7.195254250053074e-08
16.28730933584727,0.030153513813164612,0.0301535138131648,0.03015351381315693,0.03015488503458111,0.03015360048095886,0.03015351925144841,-7.868705687030797e-15,8.666779405946956e-08
20.359136669809086,0.030458664888978262,0.0304586648889781,0.03045866488896742,0.03046041746874473,0.030458775976979668,0.030458671862194243,-1.0678957718113224e-14,1.1108800156839349e-07
24.430964003770903,0.03094270991380999,0.03094270991380962,0.030942709913796333,0.03094508711995073,0.030942860894374695,0.03094271939398446,-1.3287981825982342e-14,1.509805650744267e-07
28.50279133773272,0.03170362301417544,0.03170362301417485,0.03170362301416049,0.031706930351823384,0.0317038331602565,0.031703636209374816,-1.4356571487184056e-14,2.1014608165420556e-07
32.57461867169454,0.032787474564830006,0.03278747456482916,0.03278747456481547,0.032791778473352476,0.0327877472930462,0.03278749167766854,-1.3690437672408962e-14,2.72728217037832e-07
36.64644600565635,0.033906290971103675,0.03390629097110256,0.03390629097109056,0.033910862317986165,0.033906577756946374,0.03390630892251626,-1.1997347559855598e-14,2.867858438157511e-07
40.71827333961817,0.03426706460532772,0.03426706460532654,0.03426706460531751,0.03427040744647127,0.034267267324157795,0.034267077187211656,-9.027500968983304e-15,2.0271883125616563e-07
44.790100673579985,0.03375289069017193,0.03375289069017125,0.03375289069016704,0.03375559079335157,0.03375305382972647,0.033752900807167675,-4.2049697057677804e-15,1.6313955522595514e-07
48.861928007541806,0.03334357878060884,0.03334357878060902,0.03334357878060685,0.03334728190669992,0.03334381508584327,0.03334359363673127,-2.1718737919229625e-15,2.3630523424827965e-07
52.93375534150362,0.03354703954892658,0.03354703954892761,0.03354703954892665,0.033552791873524335,0.0335474183987887,0.03354706354515309,-9.645062526431047e-16,3.7884986108654983e-07
57.00558267546544,0.03447105176388164,0.034471051763882696,0.03447105176388549,0.03447978538563032,0.03447163493062604,0.03447108881783392,2.796374243274613e-15,5.831667433467413e-07
61.077410009427254,0.036212398302326844,0.036212398302327385,0.03621239830233358,0.036224896433865506,0.03621323737055528,0.03621245168047108,6.196432256189155e-15,8.390682278980321e-07
65.14923734338907,0.0390028618686564,0.03900286186865669,0.039002861868657895,0.03902006761722615,0.039004017481808456,0.03900293538845074,1.2073675392798577e-15,1.1556131517681534e-06
69.2210646773509,0.042724940976573415,0.04272494097657372,0.04272494097656145,0.04274238665847304,0.04272610654211971,0.04272501502402203,-1.226796442210798e-14,1.1655655459893999e-06
73.2928920113127,0.04483918460030304,0.044839184600303526,0.04483918460028309,0.04484016905644988,0.04483922307733712,0.044839186617983584,-2.0435042547006788e-14,3.847703359399768e-08
77.36471934527452,0.042936607531039395,0.04293660753103981,0.042936607531026225,0.04292240717495841,0.042935606154951865,0.042936543132132236,-1.3586354263850353e-14,-1.001376087945982e-06
81.43654667923634,0.03993071170976003,0.03993071170976025,0.039930711709757184,0.03991743252218977,0.03992976905603634,0.03993065101270118,-3.066991105526995e-15,-9.426537239121124e-07
85.50837401319816,0.03811346537322422,0.038113465373224485,0.038113465373229904,0.03810324416389982,0.03811272782146357,0.038113417714913854,5.419276138951545e-15,-7.375517609153892e-07
89.58020134715997,0.036841033777899525,0.03684103377789961,0.036841033777914936,0.036829240576799,0.036840194025167965,0.036840979668648695,1.5328016633731067e-14,-8.397527316433839e-07
93.65202868112179,0.035217864161381604,0.03521786416138181,0.03521786416140457,0.03520599901027179,0.03521703073763876,0.03521781062609307,2.275957200481571e-14,-8.334237430532299e-07
97.72385601508361,0.03374739876027469,0.033747398760275,0.03374739876030084,0.03373895504907358,0.033746807569929545,0.03374736081433081,2.584044089815052e-14,-5.911903454558498e-07
101.79568334904542,0.03280703105831112,0.03280703105831162,0.03280703105833924,0.03280183357479518,0.032806667013703196,0.03280700768978467,2.761679773755077e-14,-3.6404460842381914e-07
105.86751068300724,0.03232058353558491,0.0323205835355854,0.032320583535613935,0.0323175977248022,0.03232037418340923,0.03232057009318986,2.853273173286652e-14,-2.0935217617118473e-07
109.93933801696906,0.03217389740190317,0.032173897401903157,0.032173897401931426,0.03217247666040289,0.03217379763201185,0.032173890992554764,2.8269053764518048e-14,-9.976989130688896e-08
114.01116535093088,0.03232878883417572,0.03232878883417518,0.03232878883420324,0.032328739171862124,0.03232878492304651,0.03232878857506068,2.806088694740083e-14,-3.911128670930353e-09
118.08299268489269,0.03283286051764091,0.03283286051764006,0.032832860517667255,0.03283439114574963,0.03283296662542671,0.032832867310583276,2.7193525209412428e-14,1.061077866473803e-07
122.15482001885451,0.03381816308272826,0.033818163082727316,0.03381816308275116,0.03382170008777777,0.033818409078324285,0.03381817884391239,2.3842039453825237e-14,2.459955969688621e-07
126.22664735281633,0.03537611404627144,0.03537611404627055,0.035376114046286766,0.035380717389185294,0.03537644097047863,0.03537613508020154,1.6216195053431193e-14,3.269242080800039e-07
130.29847468677815,0.03690419908903913,0.03690419908903827,0.03690419908904687,0.03690320161088512,0.03690416714349103,0.03690419753462882,8.604228440844963e-15,-3.1945547235290306e-08
134.37030202073996,0.03683214500800862,0.0368321450080079,0.03683214500801646,0.03682066610378066,0.036831420387140636,0.03683209957749845,8.56259507742152e-15,-7.246208672609389e-07
138.4421293547018,0.03537910491861389,0.035379104918613596,0.03537910491862429,0.035366357225073974,0.03537828655416056,0.03537905342401723,1.0692835505921039e-14,-8.183644530368461e-07
142.5139566886636,0.03408395023620579,0.03408395023620596,0.03408395023621816,0.034075232606738635,0.03408338994775633,0.03408391497499862,1.2198575483068907e-14,-5.602884496289096e-07
146.5857840226254,0.033374208630207555,0.033374208630207625,0.03337420863021954,0.03336894147829894,0.03337387157672208,0.03337418744073678,1.1914080833008711e-14,-3.3705348554541326e-07
150.65761135658724,0.03313228476908671,0.033132284769086355,0.0331322847690932,0.03312919438085674,0.0331320891299869,0.033132272502215704,6.841749389252527e-15,-1.9563909945535807e-07
154.72943869054905,0.03324453228234612,0.033244532282345585,0.03324453228234465,0.03324281025584768,0.033244426207747514,0.033244525676814525,-9.367506770274758e-16,-1.0607459807049358e-07
158.80126602451085,0.03368564667487791,0.033685646674877834,0.03368564667487256,0.03368487392738944,0.03368560375304059,0.033685644076647245,-5.2735593669694936e-15,-4.292183724413645e-08
162.8730933584727,0.03449695429007354,0.034496954290074336,0.03449695429007154,0.03449689354115096,0.03449695999936787,0.034496954796298586,-2.796374243274613e-15,5.7092935309976944e-09
166.9449206924345,0.03567182088898852,0.035671820888989625,0.03567182088899456,0.03567205759811062,0.03567184801072306,0.03567182277706358,4.933553565678039e-15,2.712173343549784e-08
171.01674802639633,0.036983202921325085,0.036983202921325356,0.036983202921332885,0.03698309343700432,0.036983206972230405,0.03698320334293948,7.528699885739343e-15,4.050905048902376e-09
175.08857536035813,0.038482643781018434,0.03848264378101769,0.03848264378102002,0.03848223765922664,0.03848262720842576,0.03848264287869573,2.3314683517128287e-15,-1.6572591930719138e-08
179.16040269431994,0.040622977552692084,0.04062297755269112,0.04062297755268892,0.0406217859615958,0.0406229085653764,0.04062297331947866,-2.1996293675385914e-15,-6.898731472193553e-08
183.23223002828178,0.043082420902147776,0.04308242090214776,0.04308242090214215,0.04308047655087956,0.043082301815218396,0.04308241349348448,-5.613565168260948e-15,-1.1908692936629661e-07
187.30405736224358,0.04568185787102664,0.04568185787102739,0.04568185787101648,0.04568397076882132,0.04568201140426935,0.04568186781188912,-1.0907941216942163e-14,1.5353324196026863e-07
191.3758846962054,0.04847052953139648,0.04847052953139689,0.048470529531386086,0.048475097116360645,0.04847085181715762,0.04847055025794464,-1.0803857808383555e-14,3.2228576073156656e-07
195.44771203016722,0.04877487676004834,0.04877487676004786,0.04877487676004185,0.04877260367709112,0.048774744893599974,0.04877486867350006,-6.00908212078366e-15,-1.3186644788609758e-07
199.51953936412903,0.04610659768786875,0.04610659768786782,0.04610659768786003,0.046100968444965834,0.0461062386010396,0.04610657512782042,-7.78543896018391e-15,-3.5908682821661486e-07
203.59136669809084,0.04379862980773416,0.043798629807733455,0.043798629807723984,0.04379546464694905,0.0437984319131724,0.04379861743866933,-9.471590178833367e-15,-1.9789456105756553e-07
207.66319403205267,0.043245537055747234,0.04324553705574675,0.043245537055739844,0.043245137606304405,0.04324552339927121,0.04324553638059327,-6.904199434387692e-15,-1.3656475540690938e-08
211.73502136601448,0.04426859698865127,0.04426859698865085,0.04426859698864758,0.04426819445072131,0.044268587326868156,0.044268596624256897,-3.2682190287403046e-15,-9.66178269334872e-09
215.8068486999763,0.046292467557443054,0.04629246755744344,0.04629246755743747,0.0462892858459815,0.04629227872063872,0.04629245591242629,-5.974387651264124e-15,-1.8883680472092657e-07
219.87867603393812,0.049428262368535314,0.04942826236853611,0.04942826236852244,0.04942597021819843,0.049428135293438806,0.04942825469201755,-1.366962099069724e-14,-1.270750973059176e-07
223.95050336789993,0.05399309953872664,0.05399309953872739,0.05399309953871205,0.0539920173506695,0.053993054518451725,0.0539930970883108,-1.5341894421538882e-14,-4.502027566716249e-08
228.02233070186176,0.057013126441261705,0.05701312644126201,0.05701312644125255,0.057005453515535404,0.05701263942684854,0.057013095882207036,-9.457712391025552e-15,-4.87014413470821e-07
232.09415803582357,0.055128032409377754,0.055128032409377546,0.055128032409369185,0.055116018063451774,0.05512724779611942,0.055127982840242146,-8.36136715420821e-15,-7.846132581285081e-07
236.16598536978537,0.05174197606238666,0.05174197606238664,0.0517419760623721,0.051735067006277356,0.051741525453303565,0.05174194761130218,-1.4536982728685643e-14,-4.506090830747045e-07
240.2378127037472,0.05012307614378561,0.05012307614378606,0.05012307614376614,0.05012294465183572,0.050123074053615685,0.05012307612310632,-1.9921564398117653e-14,-2.0901703770559443e-09
244.30964003770902,0.05064692658971939,0.05064692658971996,0.05064692658970233,0.0506523527067204,0.05064729358803258,0.05064694998426842,-1.7631729409828267e-14,3.6699831261477467e-07
248.38146737167085,0.0531894231440014,0.05318942314400171,0.05318942314399319,0.05319961432442023,0.05319010797972414,0.05318946672367908,-8.520961713998076e-15,6.848357224295554e-07
252.45329470563266,0.05803738844598524,0.058037388445985,0.05803738844598631,0.05805227025786563,0.058038388192858795,0.05803745205495246,1.3114509478384662e-15,9.997468737935056e-07
256.52512203959446,0.06611858235345253,0.06611858235345179,0.06611858235346316,0.06613834429413938,0.06611991301582588,0.0661186670554881,1.136590821460004e-14,1.3306623740938495e-06
260.5969493735563,0.0791064771553335,0.07910647715533259,0.07910647715535249,0.0791294207455007,0.07910803107788798,0.07910657619018871,1.990074771640593e-14,1.553922555394549e-06
264.66877670751813,0.09835091088393308,0.09835091088393193,0.09835091088395527,0.09836462468345768,0.09835186407017134,0.09835097198544256,2.3342439092743916e-14,9.531862394107637e-07
268.7406040414799,0.11961402357124791,0.11961402357124729,0.11961402357127135,0.119601400838732,0.11961319884488329,0.119613971677713,2.4064084058750268e-14,-8.247263639932223e-07
272.81243137544175,0.13387359614374203,0.1338735961437412,0.13387359614376715,0.13394951213358539,0.1338785455728063,0.1338739097759254,2.5951463200613034e-14,4.949429065093103e-06
276.8842587094036,0.14914817470267236,0.14914817470266964,0.14914817470270378,0.14953472868710788,0.1491736784625015,0.14914979172509696,3.4139358007223564e-14,2.550375983187414e-05
280.95608604336536,0.17603374366584107,0.17603374366583668,0.17603374366588226,0.1767088317362797,0.17607848067021925,0.176036580981985,4.5574655160862676e-14,4.473700438256678e-05
285.0279133773272,0.1951515864186569,0.19515158641865404,0.19515158641869043,0.19564532321718345,0.19518451259087516,0.19515367541071346,3.6387559632089506e-14,3.2926172221114935e-05
289.09974071128903,0.18065871263527164,0.18065871263527275,0.18065871263527486,0.18073170782530748,0.1806637198714633,0.18065903079717635,2.1094237467877974e-15,5.007236190540665e-06
293.1715680452508,0.1563378480605713,0.15633784806057516,0.15633784806054393,0.1562699930294036,0.1563334603635675,0.15633757046807656,-3.122502256758253e-14,-4.38769700766839e-06
297.24339537921264,0.14566700967772395,0.14566700967772986,0.14566700967766738,0.14554730937393337,0.1456592067157202,0.14566651597922037,-6.247780071078068e-14,-7.802962009667569e-06
301.3152227131745,0.14025562536397865,0.14025562536398542,0.14025562536390349,0.13999095420016577,0.14023817289376161,0.14025451949753004,-8.193445921733655e-14,-1.7452470223805472e-05
305.38705004713626,0.12395567004124933,0.12395567004125466,0.12395567004120134,0.12361845097536041,0.12393325625084967,0.12395424833894343,-5.331846075762314e-14,-2.2413790404990364e-05
309.4588773810981,0.10468251569874025,0.10468251569874373,0.10468251569872342,0.10446134355967021,0.10466770620282205,0.10468157526863112,-2.0317081350640365e-14,-1.4809495921683236e-05
313.5307047150599,0.09339325524288827,0.0933932552428909,0.09339325524287531,0.09332761379536009,0.09338870732411299,0.0933929647186363,-1.5584755708175635e-14,-4.5479187779084995e-06
317.6025320490217,0.09069289025323048,0.09069289025323267,0.09069289025321337,0.09074671346521503,0.09069621846480348,0.09069309825543365,-1.930400284066991e-14,3.328211570813311e-06
321.67435938298354,0.09200233368237332,0.09200233368237508,0.09200233368235251,0.09207296080122698,0.09200678798860273,0.09200261264401426,-2.2565282975506307e-14,4.4543062276553025e-06
325.7461867169454,0.09154325552834325,0.09154325552834465,0.09154325552832397,0.09154852688789654,0.09154341526337856,0.09154326256957238,-2.067790383364354e-14,1.5973503390831478e-07
329.81801405090715,0.091899978589042,0.09189997858904299,0.09189997858901659,0.0918802795809143,0.091898515780674,0.09189988341407582,-2.6395552410463097e-14,-1.462808368990487e-06
333.889841384869,0.0979869977860793,0.0979869977860805,0.09798699778603176,0.09796866259245926,0.09798564430623379,0.09798690989806835,-4.873879078104437e-14,-1.3534798467135234e-06
337.9616687188308,0.1118154356164405,0.11181543561644344,0.11181543561637328,0.11181322103991374,0.11181514540891459,0.1118154151459017,-7.016609515630989e-14,-2.9020752885522416e-07
342.03349605279266,0.13671565802459218,0.13671565802459817,0.1367156580244969,0.13674306129219566,0.13671732309822476,0.13671576141870687,-1.012800954214299e-13,1.6650736265888533e-06
346.10532338675443,0.1678046340488101,0.1678046340488168,0.1678046340486734,0.16780928450494623,0.16780480458487218,0.16780464278006543,-1.4338530363033897e-13,1.7053605538830396e-07
350.17715072071627,0.17789566324934086,0.1778956632493397,0.1778956632492175,0.17779868642615015,0.17788913500097012,0.17789524780309254,-1.222077994356141e-13,-6.528248369580547e-06
354.2489780546781,0.1575448186474323,0.15754481864742478,0.15754481864739023,0.15741871935226406,0.1575363693068262,0.15754428165727696,-3.4555691641458e-14,-8.449340598570831e-06
358.3208053886399,0.13361414484371026,0.13361414484370332,0.13361414484374345,0.1335259127094813,0.13360820518233318,0.13361376698679525,4.013456234019941e-14,-5.939661370135685e-06
362.3926327226017,0.11595944234472878,0.11595944234472377,0.11595944234478031,0.11590062587430006,0.115955472017728,0.11595918961754431,5.6538107529036097e-14,-3.970326995769713e-06
366.46446005656355,0.10496396988499712,0.10496396988499462,0.10496396988502743,0.10492612494461666,0.10496142040098802,0.10496380767830447,3.2807090377673376e-14,-2.5494840066031532e-06
370.53628739052533,0.10112203063020254,0.10112203063020213,0.10112203063022203,0.10109061669981378,0.1011199507721196,0.10112189881525974,1.990074771640593e-14,-2.0798580825237556e-06
374.60811472448717,0.09779092546775288,0.09779092546775342,0.09779092546778217,0.09774864450322578,0.09778817202761542,0.09779075164054954,2.8754776337791554e-14,-2.7534401380036044e-06
378.679942058449,0.09215607046016898,0.09215607046016903,0.09215607046021608,0.09212138612065794,0.09215381478494676,0.0921559281291494,4.704570066849101e-14,-2.2556752222735454e-06
382.7517693924108,0.09093402595203685,0.090934025952036,0.09093402595209472,0.09092638728923597,0.09093352039634654,0.09093399394725249,5.873079800267078e-14,-5.055556894506541e-07
386.8235967263726,0.0979067098796026,0.09790670987960082,0.09790670987965713,0.09792679121665475,0.09790799745643136,0.09790679089002018,5.6316062924111066e-14,1.287576830544257e-06
390.89542406033445,0.10977295699081079,0.10977295699080752,0.10977295699085403,0.10980230482693927,0.10977484512199799,0.1097730758481714,4.6504466943986245e-14,1.888131190466713e-06
394.9672513942962,0.11317266971761097,0.11317266971760562,0.11317266971764514,0.1131828436405671,0.11317333013682361,0.11317271138579782,3.952393967665557e-14,6.604192179932022e-07
399.03907872825806,0.10423047315564002,0.1042304731556333,0.10423047315566414,0.10424462268899416,0.10423143489404882,0.1042305345560108,3.083644450896372e-14,9.61738415516944e-07
403.1109060622199,0.09735035896522075,0.09735035896521196,0.09735035896523223,0.09740536650329745,0.09735404238900137,0.0973505931974123,2.0261570199409107e-14,3.683423789410667e-06
407.1827333961817,0.10036557789667368,0.10036557789666103,0.1003655778966788,0.10047874784152297,0.10037313245050679,0.10036605785985593,1.7763568394002505e-14,7.554553845753875e-06
411.2545607301435,0.11264100189851319,0.11264100189849699,0.11264100189851993,0.11279139105083918,0.1126510519759127,0.11264164039538908,2.2939983246317297e-14,1.005007741571029e-05
415.32638806410534,0.12328066136553142,0.12328066136552066,0.12328066136555271,0.12335448858948933,0.12328564209978587,0.12328097820134551,3.2057689836051395e-14,4.980734265219722e-06
419.3982153980672,0.11799290626939023,0.11799290626939773,0.11799290626943607,0.11794116323556839,0.11798950626685334,0.11799269093372612,3.833044992518353e-14,-3.400002544395875e-06
423.47004273202896,0.10256377284624876,0.10256377284626814,0.10256377284630601,0.10247301371547167,0.10255774966841325,0.10256339081751284,3.787248292752565e-14,-6.023177854891371e-06
427.5418700659908,0.0878984519967167,0.08789845199673348,0.0878984519967625,0.08782577394875524,0.08789362401090264,0.0878981457643464,2.901845430614003e-14,-4.8279858308325485e-06
431.6136973999526,0.07930111889748212,0.07930111889749274,0.07930111889751185,0.07925758095422068,0.07929823076142135,0.07930093578167022,1.9109713811360507e-14,-2.8881360713828297e-06
435.6855247339144,0.07743664327740106,0.0774366432774076,0.07743664327742437,0.07741496648368378,0.07743521440095634,0.07743655282491207,1.6778245459647678e-14,-1.4288764512565555e-06
439.75735206787624,0.08190607442288171,0.08190607442288586,0.08190607442291024,0.08189950089074553,0.08190565812698701,0.08190604833621565,2.438327317833e-14,-4.1629589885017193e-07
443.8291794018381,0.0912980035476909,0.09129800354769378,0.09129800354772577,0.09130124501432053,0.09129824699483455,0.09129801942372819,3.198830089701232e-14,2.4344714076585117e-07
447.90100673579985,0.09820547226567401,0.09820547226567693,0.09820547226570174,0.09821100370073833,0.09820586064455834,0.09820549722195311,2.481348460037225e-14,3.8837888141629584e-07
451.9728340697617,0.0954193229273076,0.09541932292731121,0.09541932292731299,0.09542524712681007,0.09541971811113714,0.09541934802289483,1.7763568394002505e-15,3.951838259269591e-07
456.0446614037235,0.09100462655668902,0.09100462655669359,0.09100462655667416,0.09101642866569216,0.0910053960296125,0.09100467515364964,-1.942890293094024e-14,7.694729189100524e-07
460.1164887376853,0.0932447214274679,0.09324472142747417,0.09324472142744199,0.09326662403698326,0.09324614597030717,0.09324481134189207,-3.2182589926321725e-14,1.4245428330006416e-06
464.18831607164714,0.10429596281789816,0.10429596281790664,0.10429596281787372,0.10432979938395608,0.10429816036882526,0.10429610146810032,-3.291811268013589e-14,2.1975509186256126e-06
468.26014340560897,0.12232119963727137,0.12232119963728436,0.12232119963726368,0.1223576802755694,0.12232355386874419,0.12232134792088001,-2.067790383364354e-14,2.354231459833489e-06
472.33197073957075,0.13860800649317923,0.13860800649320174,0.13860800649319244,0.13863151975541155,0.13860948708145265,0.13860809916792488,-9.298117831235686e-15,1.4805882509183466e-06
476.4037980735326,0.1525708750947246,0.15257087509476275,0.1525708750947516,0.15260698139764234,0.1525731679044846,0.1525710189799781,-1.1157741397482823e-14,2.2928097218599675e-06
480.4756254074944,0.17900164430413623,0.17900164430419402,0.1790016443041707,0.17907822828632303,0.17900658918553342,0.1790019559237049,-2.3314683517128287e-14,4.944881339397078e-06
484.5474527414562,0.21754507679856655,0.2175450767986242,0.21754507679859134,0.21763855256935766,0.21755115649319762,0.21754546060086885,-3.2862601528904634e-14,6.079694573418726e-06
488.61928007541803,0.23832355901027738,0.23832355901027363,0.23832355901025876,0.23837672731587492,0.2383270758375647,0.23832378191524187,-1.4876988529977098e-14,3.5168272910779397e-06
492.69110740937987,0.21757160964731678,0.21757160964724875,0.2175716096472491,0.21756641297615684,0.21757134956766053,0.21757159441129265,3.3306690738754696e-16,-2.6007958822682475e-07
496.7629347433417,0.17366264837501236,0.17366264837494427,0.17366264837493767,0.17363881670603867,0.17366115353299946,0.17366255486139728,-6.6058269965196814e-15,-1.494841944810199e-06
500.8347620773035,0.13839690833834123,0.1383969083382966,0.13839690833830007,0.13838830015209716,0.13839639129110196,0.13839687636057577,3.469446951953614e-15,-5.17047194642517e-07
504.9065894112653,0.11801170229488643,0.11801170229486045,0.118011702294897,0.11801089709531958,0.11801168209053328,0.11801170150270773,3.655409308578328e-14,-2.0204327169648373e-08
508.97841674522715,0.10319970347404872,0.10319970347403377,0.10319970347409359,0.1031877265657979,0.10319893482129501,0.1031996551075594,5.981326545168031e-14,-7.686527387640307e-07
513.0502440791889,0.08943785720790988,0.08943785720790048,0.08943785720795991,0.08942293470366963,0.08943688571432565,0.08943779588324659,5.94246873930615e-14,-9.714935748361686e-07
517.1220714131507,0.07997206162711938,0.07997206162711291,0.07997206162716455,0.07996477686254198,0.07997158913650017,0.07997203183653365,5.1639248432877594e-14,-4.724906127462347e-07
521.1938987471126,0.07595989086661256,0.07595989086660783,0.07595989086665568,0.07596113756769773,0.07595997780939351,0.07595989645461028,4.785061236134425e-14,8.694278567922265e-08
525.2657260810744,0.0771980054549492,0.07719800545494533,0.07719800545498633,0.0772072578914975,0.07719861706453517,0.07719804421842535,4.0994985184283905e-14,6.116095898345275e-07
529.3375534150363,0.08391083214580915,0.08391083214580566,0.08391083214582692,0.08392676365315123,0.08391188085614133,0.08391089853528426,2.1260770921571748e-14,1.0487103356687788e-06
533.409380748998,0.09493091836411939,0.0949309183641161,0.09493091836411947,0.09494343508798468,0.09493174255829319,0.09493097053492404,3.372302437298913e-15,8.241941770875671e-07
537.4812080829598,0.10392669730871355,0.10392669730870877,0.10392669730870965,0.10392337009521967,0.1039264863833787,0.10392668409556804,8.881784197001252e-16,-2.109253300630609e-07
541.5530354169217,0.10636388035566555,0.10636388035565748,0.10636388035565664,0.10636178811912345,0.10636376506125417,0.10636387345947025,-8.465450562766819e-16,-1.1529440331614627e-07
545.6248627508835,0.10135219921621047,0.10135219921619816,0.10135219921618405,0.10135811334111303,0.10135262040689073,0.10135222642992543,-1.4113710200547303e-14,4.211906925732922e-07
549.6966900848453,0.09034868500240108,0.0903486850023849,0.09034868500236463,0.09036372509651988,0.09034970844830126,0.09034875036237053,-2.0261570199409107e-14,1.0234459163621645e-06
553.7685174188072,0.081656379358359,0.08165637935833833,0.08165637935832708,0.08168707959287784,0.08165843634807643,0.08165651019721137,-1.1254885912137524e-14,2.0569897380973146e-06
557.8403447527689,0.07859177849350285,0.07859177849347432,0.078591778493474,0.07864421430787799,0.07859527367606946,0.07859200051899148,-3.191891195797325e-16,3.49518259513959e-06
561.9121720867307,0.08098144449586507,0.0809814444958233,0.08098144449582718,0.08106595175717447,0.08098706451279997,0.08098180130360148,3.885780586188048e-15,5.620016976667919e-06
565.9839994206926,0.08912743913015313,0.08912743913008946,0.08912743913008626,0.0892640683854818,0.08913651321653403,0.08912801506767276,-3.191891195797325e-15,9.074086444571527e-06
570.0558267546544,0.1049838419818852,0.10498384198178294,0.10498384198176594,0.10520963947093591,0.10499882535187942,0.10498479282254305,-1.700029006457271e-14,1.4983370096477433e-05
574.1276540886162,0.1327739411397256,0.13277394113955826,0.13277394113952995,0.13314690135284388,0.13279868737612618,0.1327755114326432,-2.8310687127941492e-14,2.4746236567924074e-05
578.1994814225781,0.17805207334081785,0.17805207334056544,0.17805207334053985,0.1785966037353749,0.17808828265854693,0.17805437150942088,-2.5590640717609858e-14,3.6209317981483746e-05
582.2713087565398,0.2361538223698357,0.23615382236958887,0.2361538223695815,0.2365802550155845,0.23618255392543985,0.23615564875008724,-7.382983113757291e-15,2.8731555850980417e-05
586.3431360905016,0.2668463603302783,0.2668463603303012,0.2668463603302982,0.266536515903364,0.2668264582737794,0.26684510380169835,-2.9976021664879227e-15,-1.9902056521803324e-05
590.4149634244635,0.2370468694395321,0.23704686943978603,0.2370468694397626,0.23633161991699284,0.23699958435638535,0.23704387291908177,-2.3425705819590803e-14,-4.728508340068327e-05
594.4867907584253,0.1859892169774506,0.18598921697768792,0.18598921697765672,0.18549374022371087,0.18595622401853326,0.18598712409768445,-3.11972669919669e-14,-3.2992959154654056e-05
598.5586180923871,0.14791968700881578,0.14791968700896946,0.14791968700894442,0.14766028971773634,0.14790234293521906,0.1479185859453255,-2.503552920529728e-14,-1.734407375039715e-05
602.630445426349,0.12776514791240273,0.1277651479124926,0.1277651479124792,0.12763784224552777,0.12775659390712132,0.12776460427627265,-1.3405943022348765e-14,-8.554005371280704e-06
606.7022727603107,0.12121464490615913,0.12121464490621281,0.12121464490619761,0.12115829112561889,0.12121081292227497,0.12121440077122698,-1.519617764955683e-14,-3.831983937843675e-06
610.7741000942725,0.12164602111972359,0.12164602111976205,0.12164602111972707,0.12161698145308379,0.12164400695920896,0.12164589227547067,-3.4985903063500245e-14,-2.014160553093225e-06
614.8459274282344,0.12170168746999768,0.12170168747003511,0.12170168746999148,0.12169024823511715,0.12170081818756194,0.12170163080913436,-4.363176486776865e-14,-8.692824731704185e-07
618.9177547621962,0.11563321565174109,0.1156332156517777,0.11563321565175376,0.115619610135979,0.11563219051800629,0.11563314881723517,-2.3939183968479938e-14,-1.0251337714123343e-06
622.989582096158,0.10210037024253019,0.10210037024255893,0.10210037024256252,0.1020800845458916,0.10209891197373377,0.10210027614156965,3.594347042223944e-15,-1.4582688251524312e-06
627.0614094301199,0.09046872846571193,0.09046872846573216,0.09046872846574636,0.0904706444190385,0.09046874648647535,0.09046872807925713,1.419697692739419e-14,1.8020743189350874e-08
631.1332367640816,0.08603548473425505,0.08603548473426965,0.08603548473429086,0.08607500997614995,0.08603797914232206,0.08603564114483733,2.120525977034049e-14,2.4944080524030854e-06
635.2050640980434,0.08953998242003824,0.08953998242004858,0.08953998242007284,0.0896327707874159,0.08954596110534076,0.08954035910971575,2.425837308805967e-14,5.978685292173935e-06
639.2768914320053,0.1019396459656786,0.10193964596568485,0.10193964596569177,0.10210295772058128,0.10195022802197162,0.10194031347013431,6.925016116099414e-15,1.0582056286775887e-05
643.3487187659671,0.12241297872450413,0.12241297872450546,0.12241297872448519,0.12260241970379407,0.1224252837757458,0.1224137549278836,-2.027544798721692e-14,1.230505124033554e-05
647.4205460999289,0.13725972481553447,0.13725972481553092,0.13725972481551085,0.13726340147981833,0.13725992128416042,0.13725973558656904,-2.0067281170099704e-14,1.964686295041762e-07
651.4923734338907,0.12741755560765008,0.12741755560764637,0.12741755560765092,0.1271826800005984,0.12740210233984967,0.12741657710384363,4.551914400963142e-15,-1.5453267796700088e-05
655.5642007678525,0.10579354840063121,0.10579354840063224,0.10579354840065153,0.10553918914230823,0.10577679531138734,0.10579248797949091,1.9290125052862095e-14,-1.675308924489749e-05
659.6360281018143,0.08896753495861048,0.0889675349586155,0.08896753495864004,0.0887734488091036,0.08895474574136014,0.08896672548737702,2.4549806632023774e-14,-1.2789217255351759e-05
663.7078554357762,0.07779655642554974,0.07779655642555568,0.07779655642557769,0.07766201375058565,0.07778769045801573,0.07779599529735168,2.2010171463193728e-14,-8.865967539947728e-06
667.779682769738,0.07138034676147895,0.07138034676148444,0.07138034676150011,0.07129379338282399,0.07137464544600779,0.07137998596338369,1.5668022435022522e-14,-5.701315476655533e-06
671.8515101036998,0.06952950564497695,0.06952950564498264,0.06952950564499934,0.06947535311996057,0.06952594436451201,0.06952928036185538,1.669497873280079e-14,-3.561280470631978e-06
675.9233374376616,0.0708719347522998,0.07087193475230633,0.07087193475233056,0.07083545312796213,0.07086954588868263,0.07087178378510757,2.423061751244404e-14,-2.3888636236923944e-06
679.9951647716234,0.07241762331310059,0.07241762331310708,0.07241762331313661,0.07238593382636517,0.07241555574083486,0.07241749274990986,2.9531932455029164e-14,-2.067572272224094e-06
684.0669921055853,0.07373691763387687,0.07373691763388214,0.0737369176339053,0.07370594143421223,0.07373489286016476,0.07373678970578113,2.3162027851242328e-14,-2.0247737173850755e-06
688.1388194395471,0.0762373916626827,0.07623739166268673,0.0762373916626964,0.0762039860127119,0.07623520088200167,0.07623725312748783,9.672818102046676e-15,-2.190780685057403e-06
692.2106467735089,0.07592779903001108,0.07592779903001376,0.07592779903001319,0.07589030407417457,0.07592533696360591,0.07592764329126586,-5.689893001203927e-16,-2.4620664078461862e-06
696.2824741074708,0.07130444172918864,0.07130444172919022,0.07130444172918493,0.07127198397523299,0.07130230988665277,0.07130430687406798,-5.287437154777308e-15,-2.131842537445028e-06
700.3543014414325,0.06737433822277737,0.06737433822277829,0.0673743382227684,0.06735167158004951,0.06737284927314283,0.06737424403429325,-9.880984919163893e-15,-1.4889496354614229e-06
704.4261287753943,0.06641829688759987,0.06641829688760081,0.06641829688758437,0.0664035163385838,0.06641732598131976,0.06641823547094514,-1.644517855226013e-14,-9.709062810531188e-07
708.4979561093562,0.06840305608387313,0.06840305608387458,0.06840305608385094,0.06839378722576268,0.06840244752371688,0.06840301759387882,-2.363387263670802e-14,-6.085601576971689e-07
712.569783443318,0.07335773517594443,0.07335773517594563,0.07335773517591583,0.0733526173049329,0.07335739987382531,0.07335771398175417,-2.979561042337764e-14,-3.353021203189588e-07
716.6416107772798,0.08201283833414254,0.08201283833414313,0.08201283833411133,0.08201141711071613,0.08201274685273861,0.08201283258031297,-3.1807889655510735e-14,-9.148140452108766e-08
720.7134381112417,0.0961472623575875,0.09614726235758743,0.0961472623575578,0.0961499005719048,0.09614743919869324,0.09614727360521004,-2.9629076969683865e-14,1.7684110581450696e-07
724.7852654452034,0.11923689980145866,0.1192368998014582,0.11923689980143612,0.11924492196590988,0.1192374331346669,0.11923693364737953,-2.20795604022328e-14,5.333332087076315e-07
728.8570927791652,0.1572278472874846,0.15722784728748387,0.15722784728747086,0.15724355118720265,0.15722888981648608,0.15722791342074177,-1.301736496372996e-14,1.0425290022098022e-06
732.9289201131271,0.21611184182345786,0.2161118418234568,0.21611184182345491,0.21613565992374575,0.21611342256824187,0.21611194208899284,-1.887379141862766e-15,1.5807447850679779e-06
737.0007474470889,0.28206605830849535,0.28206605830849474,0.282066058308524,0.2820841640857584,0.28206726025108025,0.2820661345489634,2.9254376698872875e-14,1.2019425855158694e-06
741.0725747810507,0.2955628797467661,0.2955628797467672,0.295562879746832,0.2955525535363792,0.29556219459670596,0.29556283629057806,6.478151348687788e-14,-6.851500612414796e-07
745.1444021150126,0.24097333125111037,0.24097333125111242,0.2409733312511779,0.2409513532002483,0.24097187065786646,0.2409732385811385,6.547540287726861e-14,-1.4605932459610393e-06
749.2162294489743,0.18043183019435532,0.18043183019435707,0.1804318301943893,0.18041885578769856,0.18043096416148266,0.18043177519087475,3.222422328974517e-14,-8.660328744136692e-07
753.2880567829361,0.14101796433117558,0.14101796433117667,0.1410179643311696,0.14101621764063468,0.1410178400511298,0.14101795632278671,-7.077671781985373e-15,-1.2428004686482197e-07
757.359884116898,0.1194568129144042,0.11945681291440485,0.11945681291437428,0.11946465211077835,0.1194573204950375,0.11945684491709682,-3.057276654061525e-14,5.075806326498844e-07
761.4317114508598,0.10967552910561174,0.1096755291056124,0.10967552910557948,0.10969279861625288,0.10967665637427651,0.10967560031983609,-3.291811268013589e-14,1.127268664108394e-06
765.5035387848216,0.10833925531282325,0.1083392553128243,0.1083392553127969,0.10836806224503855,0.10834113874015486,0.10833937434426731,-2.7408630920433552e-14,1.8834273305540217e-06
769.5753661187834,0.1146085877230139,0.11460858772301578,0.1146085877229926,0.11465404685437112,0.11461156064293923,0.11460877562292524,-2.3189783426857957e-14,2.9729199234468373e-06
773.6471934527452,0.12986107351043932,0.12986107351044274,0.12986107351042095,0.12993312438730995,0.12986578441759541,0.12986137124464084,-2.1788126858268697e-14,4.710907152677413e-06
777.719020786707,0.15811034783481892,0.1581103478348247,0.1581103478347977,0.1582266286159325,0.15811794802617998,0.1581108281377458,-2.7006175074006933e-14,7.600191355289221e-06
781.7908481206689,0.2062881254312586,0.20628812543126743,0.20628812543122851,0.20647213299244385,0.20630015133561333,0.20628888539650056,-3.8913317013111737e-14,1.202590434590256e-05
785.8626754546307,0.2779345746099111,0.27793457460992144,0.27793457460987175,0.27817415426053915,0.27795025120839745,0.27793556547610543,-4.9682480351975755e-14,1.5676598476010994e-05
789.9345027885925,0.34304713824607286,0.34304713824607547,0.3430471382460285,0.34318290340636254,0.34305610441370404,0.343047706004194,-4.696243394164412e-14,8.966167628576827e-06
794.0063301225543,0.3370667248784065,0.33706672487839673,0.337066724878372,0.33698342467113895,0.3370614333805051,0.3370663926749494,-2.4702462297909733e-14,-5.2914978916351885e-06
798.0781574565161,0.2825104764823917,0.28251047648238237,0.2825104764823745,0.28239513794015225,0.2825030765887008,0.2825100110232778,-7.882583474838611e-15,-7.399893681592218e-06
802.1499847904779,0.24530398533783557,0.24530398533783415,0.24530398533782743,0.2452714905286858,0.24530198212712467,0.24530386067932367,-6.716849298982197e-15,-2.003210709478065e-06
806.2218121244398,0.2447993774129666,0.24479937741297472,0.2447993774129687,0.24486752672531417,0.244803962521447,0.24479966925377714,-6.022959908591474e-15,4.585108472288102e-06
810.2936394584016,0.2829282912107242,0.2829282912107433,0.28292829121074464,0.2831030195014999,0.28293988449588,0.2829290265575691,1.3322676295501878e-15,1.1593285136668463e-05
814.3654667923633,0.3545747311603641,0.35457473116039184,0.35457473116040367,0.35480196625194765,0.3545897849179414,0.35457568547639945,1.1823875212257917e-14,1.5053757549565727e-05
818.4372941263252,0.4159003800109891,0.4159003800110133,0.41590038001102786,0.41593287594170664,0.41590252420099044,0.4159005154697487,1.454392162258955e-14,2.1441899771268425e-06
822.509121460287,0.39415436570302864,0.39415436570303863,0.3941543657030498,0.39388258308497376,0.39413629701634995,0.3941532191331738,1.1157741397482823e-14,-1.8068686688688107e-05
826.5809487942488,0.3228849069425556,0.32288490694255434,0.32288490694257665,0.3226098943588518,0.322866610454734,0.3228837460129122,2.2315482794965646e-14,-1.82964878203129e-05
830.6527761282107,0.27684866939922687,0.27684866939921726,0.27684866939924546,0.2767142891960998,0.27683971991619033,0.27684810148632294,2.8199664825478976e-14,-8.949483026932104e-06
834.7246034621725,0.2717372029920472,0.2717372029920299,0.271737202992038,0.27173001432189653,0.2717367151527749,0.27173717197594127,8.104628079763643e-15,-4.87839254992295e-07
838.7964307961344,0.28335622002996763,0.28335622002994887,0.283356220029945,0.2834047572976985,0.28335946376552296,0.28335642610413275,-3.885780586188048e-15,3.243735574087747e-06
842.8682581300961,0.2642075443407371,0.2642075443407273,0.26420754434073457,0.2642295476442068,0.26420905221226476,0.2642076406664929,7.271960811294775e-15,1.507871537465011e-06
846.9400854640579,0.21868670726840966,0.21868670726840878,0.21868670726840975,0.2186905375229996,0.21868698867174324,0.2186867255143346,9.71445146547012e-16,2.814033344678002e-07
851.0119127980198,0.18627496189938905,0.18627496189939452,0.1862749618993839,0.18628729000154431,0.18627576552253083,0.18627501264816643,-1.0630385460785874e-14,8.036231363139912e-07
855.0837401319816,0.1775516321297693,0.17755163212978076,0.17755163212977018,0.17757686587841637,0.1775532572616636,0.17755173445427597,-1.0574874309554616e-14,1.6251318828430783e-06
859.1555674659434,0.18053231428650568,0.18053231428652008,0.18053231428651775,0.18054914805149067,0.18053340546981042,0.18053238308100536,-2.3314683517128287e-15,1.091183290335973e-06
863.2273947999053,0.16845085922691025,0.16845085922691416,0.16845085922693073,0.16843090156668325,0.1684495987863817,0.16845078021830778,1.657007864253046e-14,-1.2604405324745382e-06
867.299222133867,0.13844268314807354,0.1384426831480594,0.13844268314809363,0.13840417665141055,0.1384402291288596,0.1384425290177616,3.422262473407045e-14,-2.4540191998212446e-06
871.3710494678288,0.10951314761935911,0.10951314761934001,0.10951314761937282,0.10947965885706336,0.10951100809833998,0.10951301316959029,3.2807090377673376e-14,-2.1395210000330067e-06
875.4428768017907,0.08872429215740067,0.08872429215738695,0.08872429215740292,0.08870165879659209,0.08872284515398433,0.08872420121249487,1.597333376679444e-14,-1.4470034026131673e-06
879.5147041357525,0.07507353406906588,0.07507353406905758,0.07507353406905867,0.0750591150327856,0.07507261229224191,0.07507347613584885,1.096345236817342e-15,-9.217768156682959e-07
883.5865314697143,0.06612723035337657,0.06612723035337109,0.06612723035336565,0.06611785705015054,0.06612663132440542,0.06612719270723334,-5.440092820663267e-15,-5.990289656671033e-07
887.6583588036762,0.06013268695049073,0.06013268695048717,0.06013268695048205,0.060126363267977524,0.06013228297037638,0.060132661564347406,-5.1209037010835345e-15,-4.039801107941221e-07
891.7301861376379,0.05608566127661411,0.0560856612766123,0.056085661276610264,0.056081273638873656,0.05608538110455025,0.05608564367231638,-2.033095913844818e-15,-2.801720620504433e-07
895.8020134715997,0.053467760041759314,0.05346776004175864,0.053467760041759585,0.05346471363819667,0.05346756563855518,0.05346774782837861,9.43689570931383e-16,-1.94403203458704e-07
899.8738408055616,0.05207511076868974,0.05207511076868996,0.05207511076869085,0.052073113385781855,0.052074983456104534,0.05207510277232451,8.881784197001252e-16,-1.273125854253654e-07
903.9456681395234,0.051891060128474775,0.051891060128475976,0.05189106012847453,0.0518899015286418,0.051890986421328875,0.05189105550073546,-1.4432899320127035e-15,-7.370714710103199e-08
908.0174954734852,0.05271189516488608,0.05271189516488809,0.05271189516488882,0.05271087504650394,0.052711829982696176,0.05271189106720996,7.28583859910259e-16,-6.518219191481434e-08
912.089322807447,0.053582993855190254,0.05358299385519222,0.05358299385520066,0.05358095336240208,0.05358286269605954,0.053582985598801425,8.444633881055097e-15,-1.3115913267969237e-07
916.1611501414088,0.05440373332143722,0.05440373332143806,0.054403733321450404,0.05440126406093409,0.05440357464969289,0.05440372333476977,1.234429225505096e-14,-1.586717451665387e-07
920.2329774753706,0.056941556728038537,0.05694155672803847,0.056941556728048216,0.056939539164271386,0.0569414275690227,0.056941548606512835,9.749145934989656e-15,-1.291590157673217e-07
924.3048048093325,0.06144575745710644,0.061445757457106315,0.06144575745710806,0.06144356400051963,0.06144561787186524,0.0614457486929648,1.7486012637846216e-15,-1.3958524107404724e-07
928.3766321432943,0.06357355332671046,0.06357355332671105,0.0635735533267035,0.06356968416152917,0.06357330741259336,0.06357353789205443,-7.549516567451064e-15,-2.4591411769414595e-07
932.448459477256,0.059238980459836395,0.059238980459837644,0.05923898045982855,0.05923441502132609,0.059238690301362376,0.059238962248983756,-9.096889908022376e-15,-2.901584752676434e-07
936.5202868112179,0.05293187308434655,0.05293187308434766,0.0529318730843454,0.052928563709648095,0.05293166307433852,0.05293185990898099,-2.2551405187698492e-15,-2.1001000913983825e-07
940.5921141451797,0.04844538329698872,0.04844538329698944,0.04844538329699817,0.048443524671651805,0.048445265936005844,0.048445375943489404,8.729128531115293e-15,-1.1736098359804714e-07
944.6639414791415,0.04592468337963324,0.04592468337963368,0.04592468337965109,0.04592394582862336,0.045924637775999894,0.04592468053778404,1.7409684804903236e-14,-4.560363378591781e-08
948.7357688131034,0.04480951576929645,0.04480951576929669,0.044809515769315945,0.044809713937908266,0.04480953027698368,0.044809516710355705,1.925543058334256e-14,1.450768698924021e-08
952.8075961470652,0.04477590340618732,0.04477590340618756,0.04477590340620425,0.044777071478319365,0.04477598047057463,0.04477590828802571,1.6688039838896884e-14,7.706438706622798e-08
956.879423481027,0.0457951027446146,0.0457951027446154,0.04579510274462637,0.04579751857753381,0.04579526053232189,0.0457951127155481,1.0970391262077328e-14,1.5778770649094165e-07
960.9512508149888,0.048136045178242666,0.04813604517824373,0.04813604517824636,0.048140331470655426,0.048136324189250006,0.04813606279494652,2.6298407895808396e-15,2.7901100627808484e-07
965.0230781489506,0.05245012253093912,0.052450122530939725,0.05245012253093399,0.05245742505914159,0.052450597183198985,0.052450152489604975,-5.731526364627371e-15,4.7465225926079935e-07
969.0949054829124,0.05981287217168518,0.05981287217168531,0.059812872171667045,0.05982473367317521,0.05981364252240971,0.0598129207839758,-1.8263168755083825e-14,7.703507244050112e-07
973.1667328168743,0.0707163926335879,0.07071639263358889,0.07071639263354952,0.07073213181232729,0.07071741365425845,0.07071645704440159,-3.9371284010769614e-14,1.0210206695532298e-06
977.2385601508361,0.08070695025620368,0.08070695025621116,0.08070695025615986,0.0807173625715817,0.08070762203641955,0.08070699257520203,-5.1306181525490047e-14,6.71780208391648e-07
981.3103874847978,0.08148311427695858,0.08148311427697977,0.08148311427693763,0.08148232070353649,0.081483055906435,0.08148311048746196,-4.213296378452469e-14,-5.8370544772645694e-08
985.3822148187597,0.07620149829611252,0.07620149829613199,0.0762014982961069,0.07619763204926851,0.07620124435141584,0.07620148222892768,-2.5091040356528538e-14,-2.5394471614426095e-07
989.4540421527215,0.06991847031292185,0.06991847031290851,0.06991847031290063,0.06991475005144944,0.06991823201845124,0.06991845532815057,-7.882583474838611e-15,-2.3829445727763243e-07
993.5258694866834,0.06418913208939905,0.0641891320893714,0.06418913208937177,0.06418793280275475,0.06418905994551835,0.06418912762640942,3.7470027081099033e-16,-7.214385304432636e-08
997.5976968206452,0.06187797943478929,0.06187797943477443,0.061877979434772204,0.06188164790305532,0.06187822382585787,0.061877994949387824,-2.2273849431542203e-15,2.443910834398766e-07
1001.669524154607,0.06349213422973904,0.06349213422974144,0.06349213422973568,0.06349767782861503,0.06349250071551454,0.06349215744540168,-5.7592819402429996e-15,3.664857731039417e-07
1005.7413514885689,0.06541088761725966,0.06541088761727375,0.0654108876172782,0.06540598458344261,0.06541057340561887,0.06541086783797767,4.454769886308441e-15,-3.1421165487544034e-07
1009.8131788225306,0.06294889952704284,0.06294889952705772,0.06294889952707645,0.0629313924559221,0.06294776173870247,0.06294882771608289,1.8735013540549517e-14,-1.1377883552543544e-06
1013.8850061564924,0.058914353225237914,0.05891435322524741,0.0589143532252636,0.05889707654910746,0.05891322852186951,0.05891428222169925,1.619537837171947e-14,-1.124703377895775e-06
1017.9568334904543,0.057196226237114296,0.057196226237118564,0.05719622623712198,0.05718374669180285,0.05719541361795116,0.05719617493547975,3.4139358007223564e-15,-8.126191674007188e-07
1022.0286608244161,0.058746738850007085,0.05874673885000803,0.05874673884999627,0.05873912296602447,0.05874624322846481,0.058746707566458396,-1.1761425167122752e-14,-4.956215432158628e-07
1026.1004881583779,0.06440104366285342,0.06440104366285256,0.0644010436628306,0.06439750076574918,0.06440081365240224,0.06440102915391761,-2.195466031196247e-14,-2.3001045031112444e-07
1030.1723154923397,0.07445827363504626,0.074458273635043,0.07445827363502104,0.07445703269685262,0.07445819545919816,0.07445826874095221,-2.195466031196247e-14,-7.817584483926776e-08
1034.2441428263014,0.08400973029986589,0.08400973029985902,0.08400973029984782,0.08400620470347894,0.08400951089723233,0.08400971660310254,-1.1199374760906267e-14,-2.194026266916227e-07
1038.3159701602633,0.08282666856080793,0.08282666856079929,0.082826668560801,0.08281858667096047,0.08282616006603709,0.08282663672782148,1.7069679003611782e-15,-5.084947621997182e-07
1042.3877974942252,0.07438844495276395,0.07438844495275748,0.07438844495275744,0.07438079048732597,0.07438796124780353,0.07438841463926417,-4.163336342344337e-17,-4.837049539518912e-07
1046.4596248281869,0.06872908507268782,0.06872908507268381,0.0687290850726789,0.06872384017984544,0.0687287510138978,0.06872906409706464,-4.912736883966318e-15,-3.3405878600845096e-07
1050.5314521621488,0.06679030989170663,0.06679030989170334,0.066790309891696,0.06678591190104843,0.06679002499957204,0.0667902919295372,-7.341349750333848e-15,-2.8489213130256097e-07
1054.6032794961106,0.06459846368126511,0.06459846368126133,0.06459846368125026,0.06459425914980788,0.06459818986600523,0.06459844639531004,-1.1074474670635936e-14,-2.738152561077012e-07
1058.6751068300725,0.06211397007659222,0.06211397007658813,0.06211397007657056,0.062112284519581874,0.06211386396107155,0.062113963433086304,-1.7569279364693102e-14,-1.0611551658212814e-07
1062.7469341640342,0.06246717974096464,0.062467179740960374,0.06246717974093808,0.062469597976316536,0.062467347039365975,0.06246719045161866,-2.2294666113253925e-14,1.6729840560114617e-07
1066.818761497996,0.06723397588143139,0.06723397588142639,0.06723397588139718,0.06724132009655022,0.06723447219180564,0.06723400748668634,-2.921274333544943e-14,4.963103792526846e-07
1070.890588831958,0.0771593149703431,0.07715931497033643,0.07715931497029488,0.07717026675080677,0.07716005654352096,0.07715936220976294,-4.1550096696596484e-14,7.415731845261675e-07
1074.9624161659196,0.08987486171761826,0.08987486171760939,0.08987486171756548,0.08987689913887711,0.08987502794913309,0.08987487269445611,-4.390932062392494e-14,1.6623152369887872e-07
1079.0342434998815,0.09557906992947618,0.09557906992946552,0.09557906992943732,0.09555902111856485,0.09557778611659798,0.09557898918785612,-2.8199664825478976e-14,-1.283812867541867e-06
1083.1060708338434,0.09214100337675708,0.09214100337674644,0.09214100337674437,0.09212787303863743,0.09214016055008598,0.09214095037044294,-2.067790383364354e-15,-8.428266604632029e-07
1087.177898167805,0.09122268283447589,0.0912226828344658,0.09122268283449393,0.09124280083458283,0.0912240096371721,0.09122276689290788,2.8130275886439904e-14,1.3268027063001453e-06
1091.249725501767,0.09677445049725619,0.09677445049724498,0.09677445049729173,0.09681873180745525,0.09677735862707694,0.09677463449001449,4.6754267124526905e-14,2.9081298319605375e-06
1095.3215528357289,0.10136755266134029,0.10136755266132326,0.10136755266136405,0.10139702234841219,0.10136949373220266,0.10136767551800047,4.078681836716669e-14,1.9410708794048714e-06
1099.3933801696905,0.10089519317939091,0.10089519317935855,0.1008951931793766,0.1009014476428665,0.10089561209606696,0.10089521978239419,1.8055001937966608e-14,4.1891670840565887e-07
1103.4652075036524,0.10496917247828427,0.1049691724782253,0.10496917247822982,0.10497047707726331,0.10496926391794581,0.10496917834036489,4.5102810375396984e-15,9.143972050373872e-08
1107.5370348376143,0.11922076513489242,0.11922076513480008,0.11922076513480069,0.11922017842517539,0.11922072995022777,0.11922076295198519,6.106226635438361e-16,-3.518457231121985e-08
1111.608862171576,0.13575004569753021,0.13575004569743365,0.13575004569743912,0.13573822316305947,0.13574927168457246,0.1357499967592611,5.467848396278896e-15,-7.74012861193274e-07
1115.6806895055379,0.13942372907479236,0.13942372907476971,0.13942372907478878,0.1394062339174292,0.13942258327200635,0.1394236566359852,1.9068080447937064e-14,-1.1458027633637347e-06
1119.7525168394998,0.13028509718821002,0.13028509718827963,0.13028509718829456,0.13027450420265765,0.13028440571222252,0.13028505350986697,1.4932499681208355e-14,-6.914760571075096e-07
1123.8243441734614,0.11123838404918275,0.11123838404927332,0.11123838404928175,0.11122996933136615,0.11123783480375221,0.11123834935359951,8.43769498715119e-15,-5.492455211059122e-07
1127.8961715074233,0.09158139915098212,0.09158139915104832,0.09158139915105558,0.09157494359092738,0.09158097749876978,0.09158137251046564,7.258083023486961e-15,-4.216522785371879e-07
1131.9679988413852,0.07905488117983189,0.07905488117987433,0.07905488117987702,0.07905089501384192,0.07905462087469958,0.0790548647341703,2.6922908347160046e-15,-2.6030517474850967e-07
1136.039826175347,0.07373388535242568,0.07373388535245393,0.07373388535245293,0.07373193906810503,0.07373375801142038,0.0737338773035337,-9.992007221626409e-16,-1.2734103355116488e-07
1140.1116535093088,0.0743882562345273,0.07438825623454857,0.07438825623454796,0.07438798965909445,0.07438823798929754,0.0743882550692492,-6.106226635438361e-16,-1.8245251032222853e-08
1144.1834808432707,0.07998139089933426,0.07998139089935237,0.07998139089935993,0.07998188434300721,0.07998142325300209,0.07998139294538889,7.563394355258879e-15,3.235364971765353e-08
1148.2553081772323,0.0867267362873958,0.086726736287412,0.08672673628742802,0.0867251427581425,0.08672663984539578,0.08672673030920924,1.6028844918025698e-14,-9.644201622027726e-08
1152.3271355111942,0.08969636787252698,0.08969636787254297,0.08969636787254716,0.0896923900616919,0.08969612581552748,0.08969635284655667,4.191091917959966e-15,-2.420570154870738e-07
1156.3989628451561,0.09375462817277123,0.0937546281727908,0.0937546281727728,0.09375210700940827,0.09375448685430199,0.0937546195940912,-1.799949078673535e-14,-1.4131848881382414e-07
1160.4707901791178,0.1066774581688659,0.10667745816889446,0.10667745816885882,0.10667788398570285,0.10667751601363551,0.10667746227080417,-3.5638159090467525e-14,5.784474105263726e-08
1164.5426175130797,0.13083269945494588,0.13083269945498746,0.13083269945494835,0.1308336074449663,0.1308327974136547,0.13083270621749327,-3.910760604242114e-14,9.795866723338875e-08
1168.6144448470416,0.1563671582881494,0.15636715828819406,0.1563671582881638,0.1563592306242937,0.15636667647008484,0.15636712838072758,-3.0253577421035516e-14,-4.818181092158813e-07
1172.6862721810032,0.16354970166667346,0.1635497016666883,0.16354970166666818,0.16353152784411495,0.16354853020193327,0.16354962788807362,-2.0122792321330962e-14,-1.1714647550342683e-06
1176.7580995149651,0.15491845287716302,0.15491845287713377,0.15491845287712444,0.1549007377190701,0.1549172929207968,0.15491837955136772,-9.325873406851315e-15,-1.1599563369546484e-06
1180.829926848927,0.1347123875435344,0.13471238754348955,0.13471238754349713,0.13469632668121703,0.13471132716712014,0.1347123203805544,7.577272143066693e-15,-1.060376369405036e-06
1184.9017541828887,0.1095266160916595,0.10952661609162605,0.10952661609163268,0.10951407949108413,0.10952578551585601,0.10952656344082626,6.63358257213531e-15,-8.305757700360905e-07
1188.9735815168506,0.09155391653507339,0.09155391653505435,0.0915539165350446,0.09154504803711151,0.09155332646372136,0.09155387909286722,-9.742207041085749e-15,-5.900713329898277e-07
1193.0454088508125,0.08049989065696406,0.0804998906569547,0.08049989065693314,0.08049216629547233,0.08049937563313146,0.08049985796136726,-2.1566082253343666e-14,-5.150238232415338e-07
1197.1172361847741,0.07073007889223955,0.07073007889223486,0.07073007889221378,0.07072282886089516,0.0707295964214798,0.07073004827775572,-2.108035968007016e-14,-4.824707550560303e-07
1201.189063518736,0.061972874522712385,0.06197287452270945,0.06197287452269859,0.06196772809587108,0.06197253190111609,0.06197285278078526,-1.0859368959614812e-14,-3.426215933605148e-07
1205.260890852698,0.05595288557778878,0.05595288557778666,0.05595288557778634,0.0559500902336219,0.055952698305093376,0.05595287367741302,-3.191891195797325e-16,-1.8727269328333573e-07
1209.3327181866596,0.05248941032095551,0.05248941032095397,0.052489410320957074,0.05248856962040359,0.052489351583407506,0.05248940655449097,3.101685575046531e-15,-5.873754646557039e-08
1213.4045455206215,0.05099343983228324,0.05099343983228207,0.050993439832287664,0.05099441621568799,0.05099349990600738,0.05099344357470598,5.592748486549226e-15,6.007372530675292e-08
1217.4763728545834,0.05122870229803529,0.05122870229803484,0.05122870229804782,0.05123181258098509,0.05122890119870492,0.05122871480436928,1.2975731600306517e-14,1.9890067008004886e-07
1221.548200188545,0.05341615375930259,0.05341615375930277,0.05341615375932648,0.05342230617302114,0.053416549980385704,0.053416178713666475,2.3710200469651e-14,3.962210829364099e-07
1225.620027522507,0.05826912020126553,0.05826912020126603,0.05826912020129851,0.058279855033112324,0.05826981318789649,0.05826916387028813,3.2480962364189736e-14,6.92986630454473e-07
1229.6918548564688,0.06657423970998748,0.06657423970998821,0.06657423971002532,0.06659009395908722,0.06657526343565247,0.06657430422211201,3.710920459809586e-14,1.023725664253683e-06
1233.7636821904305,0.07624568468101739,0.07624568468101722,0.07624568468106352,0.07625893978000978,0.07624653643919124,0.07624573828591788,4.629630012686903e-14,8.517581740197233e-07
1237.8355095243924,0.07882363727770234,0.07882363727769975,0.07882363727777053,0.07882116465857195,0.078823464283051,0.07882362616378316,7.077671781985373e-14,-1.7299464875886184e-07
1241.9073368583543,0.0727611476047277,0.07276114760472391,0.07276114760481335,0.07275132759678019,0.07276049897478497,0.07276110650703124,8.944234242136417e-14,-6.48629938940215e-07
1245.979164192316,0.06752295793930423,0.06752295793929934,0.06752295793938284,0.06751672680995809,0.06752254733978769,0.06752293193984747,8.350264923961959e-14,-4.105995116548966e-07
1250.0509915262778,0.0674937693186174,0.06749376931861065,0.06749376931867875,0.06749250437372208,0.06749368604465365,0.06749376404713947,6.809830477294554e-14,-8.327395699392337e-08
1254.1228188602397,0.07166426596628134,0.0716642659662728,0.07166426596631785,0.07166599623036582,0.0716643806284616,0.07166427323635632,4.5047299224165727e-14,1.1466218879929713e-07
1258.1946461942014,0.07510650597041608,0.07510650597040996,0.07510650597042644,0.07510841434750079,0.0751066320379015,0.07510651395694161,1.647293412787576e-14,1.2606749152932473e-07
1262.2664735281633,0.07533484722134565,0.07533484722134767,0.07533484722134023,0.07533714427152492,0.07533499577283936,0.07533485658354849,-7.438494264988549e-15,1.48551491691018e-07
1266.3383008621252,0.07411638056721721,0.07411638056722672,0.07411638056720853,0.07411743562417289,0.07411645083889522,0.07411638502583086,-1.8193779816044753e-14,7.027166849804534e-08
1270.4101281960868,0.0693027687533685,0.069302768753379,0.06930276875336581,0.06930130707882985,0.0693026817236971,0.06930276338188739,-1.3183898417423734e-14,-8.702968190554827e-08
1274.4819555300487,0.06344160441388091,0.06344160441388842,0.06344160441388327,0.06344149590261275,0.06344160725086935,0.0634416047438578,-5.1486592766991635e-15,2.8369809279560343e-09
1278.5537828640106,0.060674517991561,0.06067451799156591,0.06067451799157902,0.06067771121242376,0.06067473612766441,0.0606745319186736,1.3107570584480754e-14,2.181360984968017e-07
1282.6256101979723,0.06145765024557772,0.06145765024558162,0.061457650245621956,0.06146295776083357,0.06145800733003043,0.06145767296013934,4.033579026341272e-14,3.570844488084979e-07
1286.6974375319342,0.0637883725712825,0.0637883725712857,0.06378837257133295,0.0637902531504062,0.06378850624464481,0.06378838116564578,4.7253867485608225e-14,1.336733591178474e-07
1290.769264865896,0.06532936765023663,0.06532936765023852,0.06532936765026458,0.0653258225164207,0.06532914472414043,0.06532935367526015,2.606248550307555e-14,-2.229260980812775e-07
1294.8410921998577,0.06816768520128254,0.06816768520128301,0.06816768520128304,0.06816330975372503,0.06816740603267257,0.06816766764074535,2.7755575615628914e-17,-2.7916861043697505e-07
1298.9129195338196,0.0749069947508016,0.07490699475080066,0.07490699475078128,0.07489986909306724,0.07490653561399575,0.07490696580531273,-1.9387269567516796e-14,-4.5913680490894393e-07
1302.9847468677815,0.08266550208034541,0.08266550208034214,0.08266550208033668,0.0826436394843614,0.0826640796465008,0.0826654122507422,-5.4539706084710815e-15,-1.4224338413387771e-06
1307.0565742017432,0.0834931715282002,0.0834931715281914,0.08349317152820226,0.0834575203209554,0.08349084366601107,0.08349302444386414,1.086630785351872e-14,-2.3278621803235477e-06
1311.128401535705,0.07927381505214613,0.07927381505212777,0.0792738150521169,0.07925126561176654,0.07927233797096472,0.07927372168330249,-1.086630785351872e-14,-1.4770811630482328e-06
1315.200228869667,0.07845192349846354,0.07845192349843018,0.07845192349839612,0.0784548380721644,0.07845210595880549,0.07845193495518671,-3.405609128037668e-14,1.8246037530866843e-07
1319.2720562036286,0.08425908695792164,0.084259086957869,0.08425908695785467,0.08429058378073692,0.0842611311433841,0.08425921600163465,-1.4335754805472334e-14,2.0441855150959976e-06
1323.3438835375905,0.09695456605615703,0.09695456605609973,0.09695456605614848,0.09702597787457318,0.09695920826155541,0.09695485917328515,4.8752668568852187e-14,4.6422054556793935e-06
1327.4157108715524,0.11383359170063374,0.1138335917006183,0.11383359170070366,0.11396554892472521,0.1138421791651056,0.11383413399669884,8.536227280586672e-14,8.58746448730019e-06
1331.487538205514,0.12735184752805784,0.12735184752808387,0.12735184752815681,0.12751249030931927,0.12736231910993528,0.12735250889083075,7.294165271787278e-14,1.0471581851412282e-05
1335.559365539476,0.1263852194145928,0.12638521941461922,0.12638521941466963,0.126485068267568,0.12639173751399688,0.1263856310945626,5.040412531798211e-14,6.518099377655906e-06
1339.6311928734378,0.116562759278802,0.11656275927881361,0.11656275927884147,0.11661568764499068,0.11656621647925872,0.11656297764888118,2.7852720130283615e-14,3.4572004451033367e-06
1343.7030202073995,0.11362794852735254,0.11362794852734794,0.11362794852736105,0.11367587319782105,0.11363108333700828,0.11362814662691136,1.3114509478384662e-14,3.1348096603406317e-06
1347.7748475413614,0.12352896336532736,0.12352896336530528,0.12352896336530818,0.1235897869600297,0.12353294832991372,0.12352921530618188,2.9004576518332215e-15,3.984964608447217e-06
1351.8466748753233,0.14687313204120772,0.14687313204116442,0.14687313204116081,0.14695424165893153,0.14687845170010277,0.14687346845555563,-3.608224830031759e-15,5.319658938351957e-06
1355.918502209285,0.1758722541032232,0.1758722541031574,0.17587225410314222,0.17596184284484115,0.175878131161208,0.1758726257726124,-1.5182299861749016e-14,5.877058050607342e-06
1359.9903295432468,0.19605765078465606,0.19605765078457443,0.19605765078453155,0.19613477910569974,0.1960627012335429,0.19605797001632716,-4.288236432614667e-14,5.050448968479948e-06
1364.0621568772087,0.2144461367619088,0.21444613676181742,0.21444613676175023,0.214503302525409,0.21444986214193154,0.21444637192848312,-6.71962485654376e-14,3.7253801141168275e-06
1368.1339842111706,0.22929486483611325,0.22929486483604122,0.22929486483595463,0.22929073941726857,0.2292945623784058,0.22929484512605866,-8.659739592076221e-14,-3.0245763543712556e-07
1372.2058115451323,0.21803181416440018,0.21803181416441603,0.21803181416429823,0.21795586157375077,0.21802679892604085,0.218031496423319,-1.177946629127291e-13,-5.015238375177811e-06
1376.2776388790942,0.19202769066787248,0.1920276906679722,0.19202769066785266,0.1919366298131292,0.1920216797629152,0.19202730993958483,-1.1954326417651373e-13,-6.010905057002303e-06
1380.349466213056,0.16997883090071428,0.16997883090081137,0.1699788309007296,0.16990871263245685,0.1699741907917225,0.16997853683806227,-8.176792576364278e-14,-4.64010908887702e-06
1384.4212935470177,0.16433953570464796,0.16433953570470056,0.1643395357046629,0.164294409321261,0.16433653334554857,0.16433934519227755,-3.7664316110408436e-14,-3.0023591519878767e-06
1388.4931208809796,0.18078812909040046,0.18078812909040937,0.18078812909039996,0.18075737368983225,0.18078606448340293,0.18078799780386595,-9.409140133698202e-15,-2.064607006441177e-06
1392.5649482149415,0.21243895740046764,0.21243895740044827,0.21243895740047203,0.21239668242959167,0.21243614319144064,0.21243877878918704,2.375877272697835e-14,-2.814209007634405e-06
1396.6367755489032,0.225738516660333,0.22573851666032432,0.22573851666039998,0.22565098555600951,0.2257327708300407,0.225738153212002,7.566169912820442e-14,-5.745830283621078e-06
1400.708602882865,0.2001086060470838,0.20010860604711944,0.20010860604721584,0.2000060803885526,0.20010190186080198,0.20010818239577374,9.639511411307922e-14,-6.704186317457728e-06
1404.780430216827,0.17031101060063944,0.17031101060072704,0.17031101060081466,0.17023413236646598,0.17030598485283227,0.17031069304226665,8.762435221854048e-14,-5.025747894765731e-06
1408.8522575507886,0.15920035453308998,0.1592003545332231,0.15920035453329645,0.15915149723409655,0.15919715576693774,0.15920015234505355,7.335798635210722e-14,-3.1987662853505405e-06
1412.9240848847505,0.1671015503191893,0.1671015503193458,0.16710155031940982,0.16707396735002203,0.16709973329468253,0.16710143530334745,6.40321129452559e-14,-1.8170246632587261e-06
1416.9959122187124,0.18200724441907964,0.18200724441920793,0.18200724441927307,0.18199003027874266,0.18200608882343722,0.18200717094440286,6.514233596988106e-14,-1.1555957707132247e-06
1421.067739552674,0.17575897386394426,0.17575897386395478,0.17575897386400233,0.17573427727750307,0.17575731887341203,0.175758868670235,4.754530102957233e-14,-1.6549905427487577e-06
1425.139566886636,0.14415245844012495,0.14415245844005234,0.14415245844004193,0.14411948265651778,0.14415027122842153,0.1441523197539295,-1.0408340855860843e-14,-2.1872116308108147e-06
1429.2113942205979,0.11111664087224511,0.11111664087217875,0.11111664087211037,0.11108900751339486,0.11111481401277222,0.11111652512713462,-6.837586052910183e-14,-1.8268594065284915e-06
1433.2832215545595,0.08801667311021037,0.08801667311016875,0.08801667311008099,0.08799730447193838,0.08801539358718148,0.08801659205754418,-8.776313009661862e-14,-1.2795229872714087e-06
1437.3550488885214,0.0733030026005523,0.07330300260052766,0.07330300260045343,0.07328957529688533,0.07330211564549224,0.07330294641653225,-7.423228698399953e-14,-8.869550354173583e-07
1441.4268762224833,0.06370080168810106,0.06370080168808642,0.06370080168802844,0.06369120129854876,0.0637001673796201,0.06370076150570297,-5.79813974610488e-14,-6.343084663212872e-07
1445.498703556445,0.0572645829095387,0.057264582909530085,0.05726458290948087,0.05725746393950083,0.05726411234255232,0.05726455309675136,-4.921757446041397e-14,-4.7056697776576284e-07
1449.5705308904069,0.05288609547170608,0.052886095471701054,0.0528860954716619,0.052880638394731415,0.052885734519276396,0.05288607260001227,-3.915617829974849e-14,-3.609524246578344e-07
1453.6423582243688,0.0498763779461022,0.0498763779460994,0.04987637794607764,0.04987206299252107,0.04987609229712232,0.049876359842408985,-2.1760371282653068e-14,-2.856489770830528e-07
1457.7141855583304,0.047763447522381264,0.04776344752237989,0.04776344752238042,0.04775985810066066,0.04776320991360635,0.04776343246348759,5.273559366969494e-16,-2.3760877353867782e-07
1461.7860128922923,0.046125066234453685,0.04612506623445284,0.046125066234467306,0.046121901427953714,0.04612485718419816,0.04612505299227244,1.446759378964657e-14,-2.09050254676435e-07
1465.8578402262542,0.044770262757559756,0.04477026275755916,0.044770262757574494,0.04476754928832016,0.04477008380639773,0.04477025142639209,1.5334955527634975e-14,-1.7895116143085144e-07
1469.9296675602159,0.043757602357527285,0.04375760235752676,0.04375760235753779,0.04375536315647509,0.04375745473944115,0.04375759301130169,1.1032841307212493e-14,-1.4761808560942447e-07
1474.0014948941778,0.043083258563345835,0.04308325856334498,0.04308325856335431,0.043081410481201045,0.04308313676542855,0.0430832508525303,9.325873406851315e-15,-1.2179791643307514e-07
1478.0733222281397,0.04269369295962,0.04269369295961885,0.04269369295962943,0.04269215175362351,0.042693591460170384,0.04269368653509773,1.0581813203458523e-14,-1.0149944846410408e-07
1482.1451495621013,0.042547299013761995,0.04254729901376121,0.042547299013770586,0.04254600461238719,0.04254721388542971,0.042547293627382764,9.374445664178666e-15,-8.512833150203791e-08
1486.2169768960632,0.04262331546254104,0.042623315462540515,0.0426233154625455,0.04262222720548676,0.042623244057297616,0.04262331094715383,4.98212582300539e-15,-7.140524289905859e-08
1490.288804230025,0.04291907389705937,0.04291907389705859,0.04291907389706167,0.042918164332051825,0.042919014445596766,0.0429190701412755,3.0808688933348094e-15,-5.945146182295691e-08
1494.3606315639868,0.043447096450393706,0.04344709645039271,0.043447096450393845,0.043446346061726995,0.04344704772482836,0.043447093377387586,1.1379786002407855e-15,-4.872556434720732e-08
1498.4324588979487,0.0442241331636643,0.04422413316366341,0.04422413316366007,0.04422352150496396,0.044224093896865886,0.044224130694464105,-3.337607967779377e-15,-3.926679752186413e-08
1502.5042862319106,0.04523960222403472,0.045239602224033865,0.0452396022240261,0.04523910716030331,0.04523957099873191,0.045239600269585865,-7.764622278472189e-15,-3.1225301955206675e-08
1506.5761135658722,0.0464925410991365,0.04649254109913595,0.04649254109912659,0.04649218995874875,0.046492519614110765,0.046492539765536224,-9.360567876370851e-15,-2.148502518256601e-08
1510.647940899834,0.04810158692896252,0.04810158692896218,0.04810158692895445,0.048101435993951974,0.048101578848598586,0.04810158644765449,-7.729927808952652e-15,-8.080363593510054e-09
1514.719768233796,0.05022336664254567,0.050223366642544585,0.050223366642535856,0.05022345205238141,0.05022337448056432,0.05022336717483438,-8.729128531115293e-15,7.838019733252821e-09
1518.7915955677577,0.053022273623645554,0.053022273623643076,0.05302227362362577,0.0530226403499596,0.05302230055991278,0.053022275374359086,-1.7305601396344628e-14,2.693626970085017e-08
1522.8634229017196,0.05673289001872231,0.056732890018718896,0.056732890018689974,0.0567336170422295,0.05673294154848307,0.0567328933405287,-2.892130979148533e-14,5.152976417788224e-08
1526.9352502356815,0.061723036275844925,0.06172303627584179,0.06172303627580304,0.06172425830065244,0.06172312169959919,0.061723041764553996,-3.8746783559417963e-14,8.542375740105967e-08
1531.0070775696431,0.06858502786509381,0.06858502786509199,0.06858502786505037,0.06858697248648556,0.06858516284906105,0.0685850365236002,-4.1619485635635556e-14,1.3498396905786691e-07
1535.078904903605,0.07830302545742286,0.07830302545742214,0.07830302545738979,0.07830608466709225,0.07830323694805566,0.07830303901020666,-3.23491233800155e-14,2.1149063351988406e-07
1539.150732237567,0.09257348214817336,0.09257348214817294,0.09257348214816202,0.09257835126693525,0.09257381791186055,0.09257350365165462,-1.0921819004749977e-14,3.3576368760335207e-07
1543.2225595715286,0.11441786110841937,0.11441786110841796,0.11441786110843734,0.11442580014041584,0.11441840767383837,0.11441789609886517,1.9373391779708982e-14,5.465654204089843e-07
1547.2943869054905,0.14924102158381067,0.1492410215838071,0.1492410215838573,0.14925424982480412,0.14924193135168887,0.14924107981200213,5.0209836288672705e-14,9.09767881779322e-07
1551.3662142394523,0.20570824431348747,0.20570824431348173,0.20570824431354034,0.20572981101140048,0.20570972687016476,0.20570833919153952,5.861977570020827e-14,1.4825566830301007e-06
1555.438041573414,0.2900878434902929,0.2900878434902881,0.2900878434903031,0.29011662687336465,0.2900898232887395,0.2900879702043204,1.4988010832439613e-14,1.9797984514013933e-06
1559.509868907376,0.3732249688748805,0.37322496887488865,0.3732249688748227,0.3732397989439981,0.37322599590613,0.37322503470127333,-6.59472476627343e-14,1.0270312413296345e-06
1563.5816962413378,0.37353002761448667,0.37353002761450793,0.37353002761441717,0.3735100397770088,0.3735286663540386,0.37352994066947587,-9.076073226310655e-14,-1.3612604693458152e-06
1567.6535235752995,0.2953982442276451,0.29539824422766064,0.29539824422760963,0.29536787445657464,0.2953961681322225,0.29539811152394985,-5.101474798152594e-14,-2.076095438119374e-06
1571.7253509092614,0.21853422878545758,0.21853422878546455,0.2185342287854442,0.2185119839033725,0.2185327079965178,0.21853413157711574,-2.0344836926255994e-14,-1.520788946746121e-06
1575.7971782432232,0.17066783399205462,0.17066783399205623,0.17066783399203964,0.17065427682366616,0.17066690626369846,0.17066777467810326,-1.659783421814609e-14,-9.277283577746598e-07
1579.869005577185,0.14733082086771157,0.14733082086770932,0.1473308208676818,0.14732316260606002,0.14733029420055083,0.1473307871545003,-2.7533531010703882e-14,-5.266671584958083e-07
1583.9408329111468,0.14250238690474445,0.14250238690473885,0.14250238690471217,0.14249878479664488,0.14250213398293837,0.14250237063338828,-2.6673108166619386e-14,-2.5292180047542523e-07
1588.0126602451087,0.1540375447312724,0.15403754473126477,0.15403754473125553,0.1540356988828002,0.15403741189197553,0.1540375361344827,-9.242606680004428e-15,-1.3283928923524257e-07
1592.0844875790704,0.17754661406738878,0.17754661406738287,0.17754661406738254,0.17753622960219015,0.17754593024675608,0.17754657075986427,-3.3306690738754696e-16,-6.838206267900659e-07
1596.1563149130322,0.1907112039642964,0.19071120396429767,0.1907112039642949,0.19067283281016356,0.1907087036204413,0.1907110460595709,-2.7755575615628914e-15,-2.50034385637643e-06
1600.2281422469941,0.17284692103621188,0.17284692103620974,0.17284692103620966,0.17279606507590306,0.17284360909170873,0.17284671192428336,-8.326672684688674e-17,-3.3119445010110216e-06
1604.2999695809558,0.14606004043284782,0.1460600404328263,0.14606004043282778,0.14602681869261971,0.14605787356450153,0.1460599035734762,1.4710455076283324e-15,-2.1668683247710874e-06
1608.3717969149177,0.129979857121055,0.12997985712100868,0.1299798571210104,0.12996909783084565,0.12997914858456502,0.1299798122687616,1.7208456881689926e-15,-7.085364436554276e-07
1612.4436242488796,0.12638446945762902,0.12638446945755233,0.1263844694575559,0.12639383306322818,0.1263850659222367,0.12638450691679984,3.58046925441613e-15,5.96464684365916e-07
1616.5154515828413,0.13413962803541046,0.13413962803529034,0.1341396280352972,0.1341703658584433,0.13414160860495858,0.13413975276571038,6.855627177060342e-15,1.980569668241783e-06
1620.5872789168031,0.15460571829706612,0.15460571829687708,0.15460571829689865,0.1546653176701055,0.15460956574752371,0.15460596070860316,2.1566082253343666e-14,3.847450646632389e-06
1624.659106250765,0.1929288880950825,0.19292888809477768,0.1929288880948434,0.193033116141909,0.19293562078514093,0.19292931235793448,6.572520305780927e-14,6.732690363248084e-06
1628.7309335847267,0.2581974803519974,0.2581974803515037,0.25819748035165035,0.2583667206491099,0.2582084158260329,0.2581981694934765,1.4666046155298318e-13,1.093547452918342e-05
1632.8027609186886,0.3546717788669151,0.3546717788661868,0.3546717788664013,0.354887326003593,0.3546857096463051,0.35467265675665205,2.1449508835758024e-13,1.3930780118298625e-05
1636.8745882526505,0.4485954433173533,0.44859544331660905,0.4485954433167795,0.44871982940795496,0.4486034710128907,0.44859594893296584,1.7041923427996153e-13,8.027696281664998e-06
1640.9464155866121,0.48700656376217794,0.4870065637619511,0.48700656376199153,0.48698700079473384,0.4870052400248123,0.4870064794203574,4.04121180963557e-14,-1.3237371387919694e-06
1645.018242920574,0.48438689848553623,0.48438689848600713,0.4843868984859598,0.48430072333800855,0.48438129018423143,0.4843865444879643,-4.7351012000262926e-14,-5.608301775705815e-06
1649.090070254536,0.42280432124287953,0.4228043212436201,0.4228043212435711,0.4226421862249816,0.42279391823312573,0.4228036668049792,-4.901634653720066e-14,-1.0403010494375309e-05
1653.1618975884976,0.3145590114793272,0.3145590114799111,0.3145590114798972,0.3144002079236728,0.31454885572430435,0.31455837312324497,-1.3933298959045715e-14,-1.0155755606755523e-05
1657.2337249224595,0.2234254848016274,0.22342548480199892,0.22342548480200944,0.22331724098170505,0.2234185666529943,0.22342505002067242,1.0519363158323358e-14,-6.918149004608853e-06
1661.3055522564214,0.16422342579017352,0.16422342579040283,0.16422342579041685,0.1641557173839387,0.1642190984894849,0.16422315383708053,1.4016565685892601e-14,-4.327300917927879e-06
1665.3773795903833,0.1273984530088733,0.12739845300901895,0.12739845300902755,0.12735546457173896,0.12739570536176853,0.127398280326808,8.604228440844963e-15,-2.7476472504173177e-06
1669.449206924345,0.10394449572398504,0.10394449572408139,0.10394449572408869,0.10391608681390734,0.10394267983797917,0.103944381598642,7.299716386910404e-15,-1.8158861022216088e-06
1673.5210342583068,0.08846003816459466,0.08846003816466178,0.088460038164668,0.08844046110532267,0.08845878682224788,0.08845995951987837,6.231126725708691e-15,-1.2513424138965723e-06
1677.5928615922687,0.07791753031160101,0.07791753031164932,0.07791753031165176,0.07790352136767313,0.0779166349746242,0.07791747404257268,2.4424906541753444e-15,-8.953370251169046e-07
1681.6646889262304,0.07060298164383454,0.07060298164386947,0.07060298164386784,0.07059262457003104,0.07060231986464093,0.07060294005551955,-1.6237011735142914e-15,-6.617792285418256e-07
1685.7365162601923,0.06552437430236234,0.06552437430238839,0.06552437430238407,0.06551649755545683,0.06552387122427891,0.06552434269060531,-4.315992008230296e-15,-5.030781094761405e-07
1689.8083435941542,0.062104647775110496,0.062104647775130514,0.062104647775118295,0.06209850509214817,0.062104255731052285,0.06210462314464866,-1.2219392164780629e-14,-3.9204407822901466e-07
1693.8801709281158,0.060025259391275315,0.060025259391290386,0.060025259391266655,0.06002035496167365,0.06002494673999627,0.06002523975429581,-2.373101715136272e-14,-3.126512941181714e-07
1697.9519982620777,0.05915185000458461,0.0591518500045967,0.05915185000456422,0.05914783788924845,0.059151594714128015,0.05915183397765448,-3.247402347028583e-14,-2.552904686814461e-07
1702.0238255960396,0.05951201895096097,0.05951201895097191,0.05951201895093291,0.059508640466751105,0.05951180461578816,0.05951200550501084,-3.900352263386253e-14,-2.1433518375413296e-07
1706.0956529300013,0.06131850308515997,0.06131850308516918,0.061318503085127575,0.06131554155730772,0.06131831606857744,0.061318491366421965,-4.160560784782774e-14,-1.8701659174058527e-07
1710.1674802639632,0.06505122845027822,0.06505122845028545,0.06505122845024872,0.06504846647376565,0.06505105521764244,0.06505121761368511,-3.673450432728487e-14,-1.7323264300816987e-07
1714.239307597925,0.07163877055319287,0.0716387705531995,0.07163877055317333,0.07163593425654147,0.07163859423401658,0.07163875954823151,-2.6173507805538065e-14,-1.7631918292071447e-07
1718.3111349318867,0.08281729759742709,0.08281729759743327,0.08281729759742004,0.08281397058682313,0.08281709271539724,0.08281728484047152,-1.3225531780847177e-14,-2.0488203603119537e-07
1722.3829622658486,0.10172585934299513,0.10172585934300077,0.10172585934300767,0.10172138745165267,0.1017255860524981,0.10172584236007066,6.897260540483785e-15,-2.7329050267255184e-07
1726.4547895998105,0.13313664774923858,0.1331366477492447,0.13313664774927927,0.133130409960587,0.1331362688665099,0.13313662424196337,3.4583447217073626e-14,-3.788827347972479e-07
1730.5266169337722,0.17855548777391958,0.17855548777392685,0.17855548777398694,0.17854948666833134,0.1785551293990124,0.1785554656380208,6.00908212078366e-14,-3.583749144386861e-07
1734.598444267734,0.21503307470671215,0.21503307470671934,0.21503307470677463,0.21503692044425796,0.2150333329987387,0.2150330911317055,5.5289106626332796e-14,2.582920193561211e-07
1738.670271601696,0.20029167797169337,0.20029167797169817,0.20029167797172,0.20030796087896496,0.20029270756571982,0.20029174250964918,2.1843638009499955e-14,1.0295940216509258e-06
1742.7420989356576,0.15337093051719072,0.1533709305171938,0.153370930517191,0.15338664697428997,0.15337191932220068,0.1533709924217631,-2.8033131371785203e-15,9.888050068740384e-07
1746.8139262696195,0.11400501456060284,0.11400501456060547,0.11400501456059757,0.1140152819235385,0.11400566005071659,0.11400505496435984,-7.896461262646426e-15,6.454901111258016e-07
1750.8857536035814,0.08916901435118724,0.0891690143511898,0.08916901435118672,0.08917510967049899,0.0891693975902388,0.08916903834021858,-3.0808688933348094e-15,3.8323904899550953e-07
1754.957580937543,0.07433699516990035,0.07433699516990296,0.07433699516990572,0.07434052990948012,0.07433721743251645,0.0743370090828232,2.761679773755077e-15,2.2226261349456156e-07
1759.029408271505,0.06553081209057256,0.06553081209057508,0.06553081209058102,0.06553276407381657,0.06553093477391565,0.06553081976928797,5.9396931817445875e-15,1.226833405698624e-07
1763.1012356054669,0.06048527075424846,0.060485270754250864,0.06048527075425679,0.060486150927707504,0.06048532593535239,0.060485274205890054,5.925815393936773e-15,5.5181101528412047e-08
1767.1730629394285,0.05806686474111008,0.05806686474111223,0.058066864741115005,0.058066898713537554,0.05806686657019743,0.058066864850890215,2.7755575615628914e-15,1.8290852027424975e-09
1771.2448902733904,0.05784247487476431,0.05784247487476557,0.05784247487476128,0.057841687821811705,0.05784242489166751,0.057842471738421365,-4.288236432614667e-15,-4.9983098063255404e-08
1775.3167176073523,0.059914626950649946,0.05991462695065114,0.05991462695064088,0.05991284825958235,0.05991451435557485,0.05991461989107609,-1.026262408387879e-14,-1.1259507629035603e-07
1779.388544941314,0.06497783016043601,0.0649778301604379,0.06497783016042766,0.06497462004821755,0.06497762717012201,0.06497781743654069,-1.0241807402167069e-14,-2.0299031588955074e-07
1783.4603722752759,0.07459594773430267,0.07459594773430508,0.0745959477342994,0.07459043999010463,0.07459559964763593,0.07459592591845238,-5.689893001203927e-15,-3.480866691552009e-07
1787.5321996092378,0.09156654290035834,0.09156654290036174,0.09156654290036002,0.09155736814638751,0.09156596324059305,0.09156650657374507,-1.7208456881689926e-15,-5.796597686985594e-07
1791.6040269431994,0.1187959325524191,0.11879593255242436,0.11879593255242142,0.11878256871422688,0.11879508825059212,0.11879587964091859,-2.942091015256665e-15,-8.443018322396023e-07
1795.6758542771613,0.14982508011358917,0.14982508011359694,0.14982508011359086,0.14981422666331096,0.149824393650157,0.14982503708018985,-6.078471059822732e-15,-6.864634399250669e-07
1799.7476816111232,0.15572846755086156,0.15572846755087014,0.1557284675508685,0.15573244862691202,0.15572871637714342,0.1557284831008125,-1.6375789613221059e-15,2.488262732802671e-07
1803.8195089450849,0.1277941623837236,0.12779416238372987,0.12779416238373323,0.12780591732967328,0.12779490171152744,0.12779420866503569,3.3584246494910985e-15,7.393277975664692e-07
1807.8913362790468,0.09619910614954212,0.09619910614954583,0.0961991061495497,0.09620839583293075,0.09619969054889486,0.09619914273497357,3.8719027983802334e-15,5.843993490378674e-07
1811.9631636130086,0.07453966473264217,0.07453966473264437,0.07453966473264793,0.07454541250712181,0.07454002619915177,0.07453968735992662,3.566591466608315e-15,3.6146650740642716e-07
1816.0349909469703,0.06115093134041893,0.06115093134042033,0.061150931340422515,0.061154376655078425,0.061151147877013014,0.06115094489320116,2.185751579730777e-15,2.1653659268427994e-07
1820.1068182809322,0.052773963949072494,0.052773963949073396,0.05277396394907376,0.052776075859876585,0.05277409656083992,0.05277397224717312,3.608224830031759e-16,1.3261176652623607e-07
1824.178645614894,0.04731398541512347,0.047313985415124056,0.04731398541512201,0.047315319801631436,0.04731406909490279,0.04731399064959586,-2.0469737016526324e-15,8.367977873124932e-08
1828.2504729488558,0.04359698651962173,0.04359698651962203,0.04359698651961534,0.04359784990901211,0.043597040560774465,0.04359698989846555,-6.689093723366568e-15,5.404115243495822e-08
1832.3223002828177,0.04096640381467554,0.040966403814675624,0.04096640381466469,0.040966968728837795,0.04096643907382848,0.040966406017612846,-1.0935696792557792e-14,3.5259152854349995e-08
1836.3941276167795,0.03904322403240231,0.03904322403240241,0.039043224032391174,0.0390435909631302,0.03904324683159488,0.03904322545522084,-1.1234069230425803e-14,2.2799192471445462e-08
1840.4659549507412,0.037600002259310705,0.0376000022593108,0.03760000225930215,0.03760023174023935,0.03760001640517161,0.03760000314029683,-8.652800698172314e-15,1.4145860809111621e-08
1844.537782284703,0.03649506507154946,0.036495065071549676,0.03649506507154332,0.03649519454124131,0.036495072916817035,0.03649506555795472,-6.356026815979021e-15,7.845267359363195e-09
1848.609609618665,0.0356372368984294,0.03563723689842981,0.03563723689842447,0.03563728983390236,0.035637239916782,0.035637237082461026,-5.342948306008566e-15,3.0183521862459095e-09
1852.6814369526267,0.0349662722329532,0.034966272232953746,0.03496627223294845,0.034966263243423244,0.034966271339476114,0.03496627217183685,-5.294376048681215e-15,-8.934776321578575e-10
1856.7532642865885,0.03444162796227362,0.03444162796227375,0.03444162796226938,0.03444156568643743,0.0344416236956114,0.034441627689654745,-4.371503159461554e-15,-4.266662349816652e-09
1860.8250916205504,0.034035831901856994,0.03403583190185645,0.03403583190185409,0.03403572065088315,0.03403582452735283,0.03403583143425513,-2.366162821232365e-15,-7.3745036258121566e-09
1864.896918954512,0.03373048809756846,0.03373048809756765,0.03373048809756709,0.03373032873302821,0.03373047766216078,0.03373048743780905,-5.620504062164855e-16,-1.0435406871955877e-08
1868.968746288474,0.033513865660961345,0.033513865660960866,0.03351386566096078,0.033513655957719435,0.03351385201553759,0.03351386479956737,-8.326672684688674e-17,-1.3645423277419688e-08
1873.0405736224359,0.03337949690854262,0.033379496908542854,0.033379496908541605,0.03337923151523781,0.03337947970478041,0.033379495823526145,-1.2490009027033011e-15,-1.7203762442408177e-08
1877.1124009563976,0.03332547820213462,0.033325478202135564,0.03332547820213201,0.0333251482197984,0.03332545686503225,0.03332547685726183,-3.552713678800501e-15,-2.1337103313368022e-08
1881.1842282903594,0.033354330814551504,0.03335433081455224,0.03335433081454796,0.03335392293444934,0.03335430448679457,0.03335432915583782,-4.28129753871076e-15,-2.632775766842066e-08
1885.2560556243213,0.03347339785746254,0.03347339785746237,0.03347339785745931,0.033472892907186115,0.033473365305894315,0.03347339580728622,-3.0600522116230877e-15,-3.2551568052152646e-08
1889.327882958283,0.0336958651194938,0.03369586511949305,0.033695865119491915,0.0336952357327174,0.033695824585392976,0.03369586256717509,-1.1379786002407855e-15,-4.0534100076428103e-08
1893.399710292245,0.034042634008668735,0.034042634008667944,0.03404263400866864,0.034041840913433645,0.03404258296939307,0.03404263079547193,6.938893903907228e-16,-5.1039274875930296e-08
1897.4715376262068,0.03454549193782912,0.034545491937828424,0.034545491937829624,0.03454447796752903,0.03454542672231592,0.034545487832771206,1.2004286453759505e-15,-6.521551250415758e-08
1901.5433649601684,0.03525240370180126,0.035252403701800605,0.03525240370180201,0.03525108390819422,0.035252318855894256,0.035252398361722975,1.4016565685892601e-15,-8.484590634932898e-08
1905.6151922941303,0.03623645181411017,0.03623645181410981,0.036236451814113224,0.03623469666560698,0.03623633902207698,0.036236444715827314,3.4139358007223564e-15,-1.1279203283171002e-07
1909.6870196280922,0.037611325990873384,0.03761132599087336,0.03761132599087872,0.03760893186003306,0.03761117218108817,0.03761131631200315,5.3637649877202875e-15,-1.5380978518608757e-07
1913.758846962054,0.03955902653084203,0.03955902653084179,0.03955902653084612,0.039555661993240114,0.039558810428927706,0.039559012932960026,4.3298697960381105e-15,-2.1610191408560908e-07
1917.8306742960158,0.042381128215576415,0.04238112821557567,0.042381128215577435,0.042376232961683524,0.04238081385603136,0.04238110843603447,1.762479051592436e-15,-3.143595443122482e-07
1921.9025016299777,0.04659646833403042,0.04659646833402904,0.04659646833403024,0.04658905835755728,0.046595992556358094,0.046596438399344284,1.2004286453759505e-15,-4.7577767094825196e-07
1925.9743289639393,0.0531286624718209,0.0531286624718187,0.053128662471822914,0.05311695994996911,0.05312791116570878,0.053128615203272264,4.211908599671688e-15,-7.513061099223561e-07
1930.0461562979012,0.06364069288350592,0.06364069288350258,0.06364069288351183,0.06362152701515959,0.06363946254150192,0.06364061547846263,9.256484467812243e-15,-1.2303420006548604e-06
1934.1179836318631,0.0808990644772647,0.08089906447725909,0.08089906447727331,0.08086771921081083,0.08089705248381601,0.08089893789829436,1.4224732503009818e-14,-2.0119934430740116e-06
1938.1898109658248,0.10756571054839402,0.10756571054838576,0.1075657105484056,0.10752153187274661,0.10756287533856343,0.1075655321801964,1.983135877736686e-14,-2.8352098223327626e-06
1942.2616382997867,0.13677572180222314,0.1367757218022172,0.1367757218022371,0.13674599295604467,0.13677381490128684,0.1367756018256872,1.990074771640593e-14,-1.9069009303540607e-06
1946.3334656337486,0.14100801307700184,0.14100801307700625,0.14100801307700925,0.14103510639571495,0.14100975066422483,0.14100812234601995,2.9976021664879227e-15,1.7375872185809715e-06
1950.4052929677102,0.11455314382972537,0.11455314382973406,0.11455314382971893,0.1146045688043542,0.1145564398831427,0.1145533511277378,-1.5126788710517758e-14,3.2960534086384774e-06
1954.4771203016721,0.08582552580707001,0.08582552580707625,0.08582552580705652,0.08586455296117294,0.08582802668608715,0.08582568309394596,-1.9734214262712158e-14,2.5008790108943524e-06
1958.548947635634,0.06640275381348872,0.0664027538134923,0.06640275381347625,0.06642711298804,0.0664043146236308,0.06640285197561831,-1.6042722705833512e-14,1.5608101385095052e-06
1962.6207749695957,0.054480145801274256,0.0544801458012765,0.05448014580126294,0.054495146998082465,0.054481106941750665,0.05448020624796842,-1.3558598688234724e-14,9.61140474167732e-07
1966.6926023035576,0.04706589658668414,0.047065896586685654,0.04706589658667119,0.0470754592811567,0.047066509236065694,0.04706593511566995,-1.446759378964657e-14,6.126493800398536e-07
1970.7644296375195,0.042265073303538646,0.042265073303539416,0.04226507330352315,0.04227143733374949,0.042265480991600914,0.042265098941985074,-1.6264767310758543e-14,4.0768806149754644e-07
1974.8362569714814,0.0390188340391259,0.039018834039126274,0.03901883403910884,0.03902324433155967,0.03901911653976327,0.0390188518043041,-1.7430501486614958e-14,2.825006369944205e-07
1978.908084305443,0.03673525645849406,0.036735256458494174,0.03673525645847681,0.036738422742532445,0.03673545925017056,0.036735269210689175,-1.7361112547575885e-14,2.027916763888693e-07
1982.979911639405,0.035072560453178005,0.03507256045317782,0.03507256045316154,0.03507490319085993,0.03507271047824269,0.035072569886865856,-1.6278645098566358e-14,1.5002506487116207e-07
1987.0517389733668,0.03382550512139765,0.033825505121397384,0.03382550512138253,0.03382728343123994,0.0338256189834147,0.033825512280811425,-1.4856171848265376e-14,1.1386201731466983e-07
1991.1235663073285,0.0328660226008289,0.03286602260082873,0.03286602260081511,0.03286740214968416,0.0328661109150684,0.03286602815357905,-1.362104873336989e-14,8.831423967126106e-08
1995.1953936412904,0.032111340348086506,0.03211134034808642,0.03211134034807371,0.03211243061837191,0.03211141012959865,0.03211134473535578,-1.2712053631958042e-14,6.978151222830631e-08
1999.2672209752523,0.03150624987078502,0.031506249870784805,0.031506249870773044,0.03150712537523679,0.031506305893835025,0.03150625339282802,-1.1761425167122752e-14,5.602305021973342e-08
2003.339048309214,0.031012882949183012,0.031012882949182537,0.031012882949172364,0.031013595740100878,0.031012928548836596,0.03101288581574057,-1.0172418463127997e-14,4.5599654059647055e-08
2007.4108756431758,0.030604612193288902,0.03060461219328876,0.030604612193281137,0.030605199483563123,0.03060464975376123,0.03060461455430239,-7.62237495344209e-15,3.756047247185923e-08
2011.4827029771377,0.030262296090918153,0.030262296090918656,0.030262296090913077,0.03026278503756573,0.03026232735209459,0.03026229805580618,-5.578870698741412e-15,3.1261175936075913e-08
2015.5545303110994,0.02997190038711752,0.02997190038711855,0.0299719003871131,0.029972311176105784,0.029971926642222313,0.02997190203720776,-5.450501161519128e-15,2.625510376122464e-08
2019.6263576450613,0.02972295181492147,0.029722951814922793,0.02972295181491579,0.029723299699814302,0.029722974041148386,0.02972295321166643,-7.004813395994347e-15,2.222622559264198e-08
2023.6981849790232,0.029507509083792172,0.02950750908379384,0.02950750908378434,0.029507805763213206,0.0295075280305671,0.029507510274320334,-9.50281520140095e-15,1.894677325794958e-08
2027.7700123129848,0.02931946339328438,0.02931946339328603,0.029319463393274806,0.029319717960542845,0.02931947964311231,0.029319464414226584,-1.1223660889569942e-14,1.624982627970728e-08
2031.8418396469467,0.029154053681971038,0.02915405368197233,0.029154053681960137,0.029154273291823105,0.029154067693158325,0.029154054562147407,-1.2191636589165e-14,1.4011185996143372e-08
2035.9136669809086,0.02900752473154818,0.029007524731549043,0.029007524731536394,0.029007715076228402,0.029007536868703436,0.029007525493886646,-1.2649603586822877e-14,1.2137154392632965e-08
2039.9854943148703,0.028876882121379458,0.028876882121379892,0.02887688212136792,0.028877047775690036,0.02887689267752392,0.028876882784306255,-1.1973061431191923e-14,1.0556144028339709e-08
2044.0573216488322,0.028759713992518515,0.028759713992518473,0.028759713992507163,0.028759858667523786,0.02875972320534004,0.028759714570979998,-1.1310397063368782e-14,9.212821568127527e-09
2048.129148982794,0.02865405963886283,0.02865405963886254,0.028654059638852133,0.028654186370815998,0.028654067702820703,0.02865406014508707,-1.0404871408908889e-14,8.063958164411522e-09
2052.2009763167557,0.028558311405495522,0.028558311405495387,0.028558311405487327,0.028558422698215548,0.028558318480941952,0.028558311849566097,-8.059525269388246e-15,7.075446565446564e-09
2056.2728036507174,0.028471140601600307,0.028471140601600324,0.02847114060159559,0.028471238534956086,0.02847114682173017,0.028471140991892484,-4.735795089416683e-15,6.220129845219136e-09
2060.3446309846795,0.028391440947121205,0.02839144094712111,0.028391440947118582,0.028391527260541026,0.028391446423322076,0.02839144129063876,-2.5292268279741847e-15,5.476200964915634e-09
2064.416458318641,0.02831828497176225,0.02831828497176189,0.02831828497175991,0.028318361129131223,0.028318289797772487,0.028318285274399106,-1.97758476261356e-15,4.82601059809129e-09
2068.488285652603,0.028250890086629496,0.028250890086628625,0.028250890086627498,0.028250957327170974,0.02825089434179738,0.028250890353374702,-1.1275702593849246e-15,4.2551687555458795e-09
2072.560112986565,0.02818859195295443,0.02818859195295332,0.02818859195295408,0.028188651331454904,0.028188595704815727,0.02818859218805466,7.598088824778415e-16,3.751862407558315e-09
2076.6319403205266,0.028130823408258444,0.028130823408257642,0.02813082340825938,0.028130875827113384,0.02813082671458888,0.028130823615346925,1.7381929229287607e-15,3.3063312365744224e-09
2080.7037676544883,0.028077097662852702,0.028077097662852338,0.028077097662852643,0.0280771438977828,0.028077100573314754,0.028077097845052103,3.0531133177191805e-16,2.91046241621129e-09
2084.7755949884504,0.028026994805172675,0.028026994805172498,0.028026994805170524,0.028027035526002594,0.02802699736264634,0.028026994965178777,-1.9741153156616065e-15,2.557473843811664e-09
2088.847422322412,0.027980150891152064,0.027980150891151506,0.027980150891148164,0.027980186678707723,0.027980153132817612,0.027980151031301984,-3.3410774147313305e-15,2.2416661062119037e-09
2092.9192496563737,0.027936249066594546,0.02793624906659368,0.02793624906658968,0.027936280426527925,0.027936251024818552,0.027936249188923273,-3.9968028886505635e-15,1.958224873921388e-09
2096.991076990336,0.0278950123002249,0.02789501230022407,0.027895012300219676,0.027895039674388257,0.02789501400328882,0.027895012406510857,-4.395789288125229e-15,1.7030647482541017e-09
2101.0629043242975,0.02785619740128318,0.02785619740128266,0.027856197401278145,0.027856221177138426,0.027856198873985372,0.0278561974930857,-4.513750484491652e-15,1.4727027132510617e-09
2105.134731658259,0.02781959006799081,0.027819590067990996,0.027819590067985678,0.02781961058643405,0.027819591332147987,0.02781959014668185,-5.3186621773448906e-15,1.2641569908933281e-09
2109.2065589922213,0.02778500076823642,0.027785000768237273,0.02778500076822987,0.027785018330135147,0.02778500184310177,0.02778500083502637,-7.403799795469013e-15,1.0748644960201226e-09
2113.278386326183,0.027752261295900218,0.02775226129590137,0.027752261295891794,0.027752276167581174,0.02775226219851502,0.027752261351860024,-9.575673587391975e-15,9.02613650488604e-10
2117.350213660145,0.027721221878645612,0.027721221878646604,0.027721221878636158,0.027721234296521825,0.027721222624135747,0.027721221924725745,-1.0446504772332332e-14,7.454891426394994e-10
2121.4220409941067,0.0276917487381274,0.027691748738127853,0.027691748738118284,0.027691758912615525,0.027691749339954438,0.027691748775173733,-9.568734693488068e-15,6.01826585094889e-10
2125.4938683280684,0.02766372202316422,0.02766372202316405,0.027663722023155455,0.0276637301420141,0.027663722493338684,0.027663722051931763,-8.593820099989102e-15,4.701746353363845e-10
2129.5656956620305,0.027637034051807428,0.027637034051807077,0.027637034051798067,0.027637040282942938,0.02763703440107111,0.027637034072971696,-9.010153734223536e-15,3.492640343605302e-10
2133.637522995992,0.027611587810379888,0.027611587810379784,0.027611587810369785,0.027611592304331023,0.02761158804836102,0.02761158782454663,-9.998946115530316e-15,2.3798123541252103e-10
2137.709350329954,0.027587295667194617,0.02758729566719512,0.02758729566718565,0.027587298559187484,0.02758729580254158,0.02758729567490775,-9.471590178833367e-15,1.3534645973423132e-10
2141.781177663916,0.02756407826635407,0.027564078266354854,0.0275640782663473,0.027564079678112037,0.027564078306850266,0.027564078268102515,-7.552986014403018e-15,4.04954125787782e-11
2145.8530049978776,0.02754186357319327,0.027541863573193943,0.027541863573187927,0.0275418636144959,0.027541863525857434,0.027541863569417787,-6.016021014687567e-15,-4.733650971200376e-11
2149.9248323318393,0.02752058604790177,0.027520586047902213,0.027520586047897512,0.027520584817936913,0.02752058591907487,0.027520586039000816,-4.701100619897147e-15,-1.288273446253818e-10
2153.9966596658014,0.027500185927876505,0.0275001859278768,0.02750018592787413,0.027500183516415946,0.027500185723296964,0.027500185914210808,-2.6680047060523293e-15,-2.045798357108719e-10
2158.068486999763,0.02748060860262613,0.027480608602626223,0.027480608602625925,0.027480605091051446,0.027480608327495208,0.027480608584522583,-2.983724378680108e-16,-2.7513101519272e-10
2162.1403143337247,0.027461804067716863,0.027461804067716814,0.02746180406771798,0.027461799529916633,0.027461803726756297,0.027461804045472223,1.1657341758564144e-15,-3.409605167647989e-10
2166.212141667687,0.02744372644643821,0.02744372644643809,0.027443726446440248,0.027443720949594987,0.027443726043940506,0.02744372642032234,2.157996004115148e-15,-4.0249758387345125e-10
2170.2839690016485,0.02742633356966609,0.02742633356966603,0.027426333569669316,0.0274263271749482,0.027426333109538868,0.0274263335399246,3.2855662635000726e-15,-4.601271620663372e-10
2174.35579633561,0.027409586605888017,0.02740958660588775,0.027409586605891764,0.02740957936905873,0.027409586091692556,0.02740958657274443,4.014150123410332e-15,-5.14195193368483e-10
2178.4276236695723,0.02739344973458728,0.02739344973458681,0.027393449734589976,0.02739344170654393,0.02739344916957377,0.027393449698245812,3.1676050671336498e-15,-5.650130398271447e-10
2182.499451003534,0.027377889857212342,0.027377889857211776,0.027377889857212828,0.02737788108446278,0.027377889244350022,0.027377889817859727,1.0512424264419451e-15,-6.128617544010062e-10
2186.5712783374956,0.027362876340808875,0.02736287634080847,0.027362876340807325,0.027362866865894064,0.027362875682813294,0.027362876298615883,-1.1449174941446927e-15,-6.579951757068603e-10
2190.6431056714578,0.0273483807901129,0.027348380790112443,0.027348380790110836,0.027348370651982284,0.02734838008946928,0.027348380745235518,-1.6063539387545234e-15,-7.006431615441677e-10
2194.7149330054194,0.027334376844502503,0.02733437684450218,0.02733437684450212,0.027334366078849395,0.027334376103488073,0.027334376797083917,-5.898059818321144e-17,-7.410141077135446e-10
2198.786760339381,0.027320839996719394,0.027320839996719533,0.02732083999672196,0.027320828636279326,0.02732083921742218,0.027320839946891065,2.42861286636753e-15,-7.792973523434998e-10
2202.858587673343,0.02730774743069399,0.027307747430694147,0.0273077474306982,0.027307735505510827,0.027307746615029056,0.027307747378575827,4.052314039881821e-15,-8.156650910251528e-10
2206.930415007305,0.027295077876173385,0.02729507787617295,0.027295077876177014,0.02729506541383879,0.027295077025898683,0.027295077821875166,4.062722380737682e-15,-8.502742676608221e-10
2211.0022423412665,0.027282811478163357,0.02728281147816273,0.027282811478166254,0.027282798504032577,0.027282810594894735,0.027282811421787005,3.524958103184872e-15,-8.832679934678289e-10
2215.0740696752287,0.02727092967946083,0.027270929679460394,0.027270929679463807,0.027270916216844035,0.027270928764683063,0.027270929621099872,3.4139358007223564e-15,-9.147773302742301e-10
2219.1458970091903,0.027259415114767913,0.027259415114767607,0.02725941511477162,0.027259401185103473,0.02725941416984567,0.02725941505450799,4.014150123410332e-15,-9.449219358359517e-10
2223.217724343152,0.027248251515081822,0.02724825151508194,0.027248251515086416,0.02724823713809304,0.027248250541270284,0.02724825145300197,4.475586568020162e-15,-9.738116563129395e-10
2227.289551677114,0.027237423621219597,0.0272374236212201,0.027237423621224763,0.02723740881505534,0.027237422619672942,0.027237423557392334,4.6629367034256575e-15,-1.0015471577085044e-09
2231.3613790110758,0.027226917105472776,0.027226917105473314,0.0272269171054783,0.027226901886834687,0.027226916077252174,0.02722691703996427,4.9855952699573436e-15,-1.0282211401757557e-09
2235.4332063450374,0.02721671850051564,0.027216718500515845,0.027216718500520713,0.02721670288477407,0.027216717446597077,0.027216718433386827,4.867634073590921e-15,-1.053918768229023e-09
2239.5050336789996,0.027206815134796072,0.027206815134795986,0.027206815134799996,0.02720679913609493,0.027206814056077333,0.027206815066103302,4.010680676458378e-15,-1.0787186525973436e-09
2243.576861012961,0.027197195073729457,0.02719719507372927,0.02719719507373252,0.027197178705080954,0.027197193971036107,0.027197195003524677,3.2508717939805365e-15,-1.1026931624746883e-09
2247.648688346923,0.027187847066094666,0.02718784706609475,0.027187847066097916,0.027187830339465563,0.02718784594018544,0.027187846994425845,3.1676050671336498e-15,-1.1259093102289341e-09
2251.720515680885,0.02717876049510374,0.02717876049510447,0.027178760495108218,0.027178743421493665,0.027178759346675532,0.027178760422014864,3.747002708109903e-15,-1.1484289387519997e-09
2255.7923430148467,0.02716992533367539,0.02716992533367632,0.02716992533368035,0.027169907923187353,0.027169924163366787,0.027169925259206095,4.0314973581701e-15,-1.1703095333104319e-09
2259.8641703488083,0.02716133210349409,0.027161332103494692,0.027161332103498737,0.027161314365400563,0.027161330911890547,0.027161332027680583,4.045375145977914e-15,-1.191604145217573e-09
2263.9359976827704,0.02715297183748855,0.027152971837488642,0.027152971837493746,0.02715295378029119,0.02715297062512644,0.02715297176036432,5.1035564663237665e-15,-1.2123622036841475e-09
2268.007825016732,0.0271448360453986,0.0271448360453986,0.027144836045405907,0.02714481767688286,0.02714483481276895,0.02714483596699471,7.306655280814311e-15,-1.2326296511266932e-09
2272.079652350694,0.027136916682137583,0.02713691668213771,0.02713691668214745,0.027136898009421675,0.027136915429688494,0.0271369166024823,9.738737594133795e-15,-1.2524492172538704e-09
2276.151479684656,0.02712920611868642,0.027129206118686508,0.027129206118697773,0.027129187148266544,0.027129204846825853,0.027129206037805147,1.1265294252993385e-14,-1.2718606549888545e-09
2280.2233070186176,0.027121697115286114,0.02712169711528595,0.027121697115297234,0.027121677853078563,0.027121695824384735,0.027121697033201796,1.1282641487753153e-14,-1.2909012157835686e-09
2284.295134352579,0.02711438279671956,0.027114382796719395,0.027114382796729137,0.02711436324809937,0.027114381487113808,0.027114382713453504,9.742207041085749e-15,-1.3096055871686385e-09
2288.3669616865413,0.027107256629494852,0.027107256629494925,0.0271072566295023,0.027107236799330435,0.027107255301488657,0.027107256545066266,7.376044219853384e-15,-1.328006267453663e-09
2292.438789020503,0.02710031240075894,0.02710031240075941,0.027100312400764097,0.027100292293444097,0.027100311054625764,0.02710031231518501,4.687222832089333e-15,-1.3461336455244943e-09
2296.5106163544647,0.02709354419879112,0.027093544198791807,0.027093544198794443,0.027093523818274696,0.02709354283477555,0.027093544112086945,2.6367796834847468e-15,-1.3640162575823123e-09
2300.582443688427,0.027086946394938638,0.02708694639493926,0.027086946394940994,0.027086925744751675,0.027086945013258288,0.027086946307117454,1.734723475976807e-15,-1.3816809710243128e-09
2304.6542710223885,0.027080513626871666,0.027080513626871965,0.027080513626873564,0.027080492710152754,0.02708051222771916,0.02708051353794527,1.5994150448506161e-15,-1.3991528040324663e-09
2308.72609835635,0.02707424078304558,0.027074240783045853,0.027074240783047016,0.02707421960256442,0.027074239366590248,0.027074240693024797,1.1622647289044608e-15,-1.4164556055851207e-09
2312.7979256903122,0.027068122988271423,0.027068122988271673,0.027068122988271194,0.027068101546449296,0.027068121554660058,0.027068122897165366,-4.787836793695988e-16,-1.433611614837238e-09
2316.869753024274,0.027062155590299997,0.02706215559029997,0.02706215559029841,0.027062133889229276,0.027062154139657842,0.027062155498116077,-1.5612511283791264e-15,-1.4506421272542092e-09
2320.9415803582356,0.027056334147338237,0.02705633414733796,0.027056334147337775,0.02705631218880109,0.02705633267977097,0.027056334054083035,-1.8388068845354155e-16,-1.4675669880725994e-09
2325.0134076921977,0.027050654416425388,0.027050654416424937,0.027050654416426578,0.027050632201910212,0.027050652932019924,0.02705065432210431,1.6410484082740595e-15,-1.4844050121032293e-09
2329.0852350261594,0.027045112342597134,0.027045112342596656,0.027045112342597766,0.027045089873313916,0.02704511084142246,0.027045112247214557,1.1102230246251565e-15,-1.5011741953674385e-09
2333.157062360121,0.027039704048777355,0.027039704048777074,0.02703970404877686,0.027039681325671975,0.027039702530885546,0.027039703952336562,-2.1510571102112408e-16,-1.5178915277469507e-09
2337.228889694083,0.02703442582634137,0.027034425826341243,0.027034425826341184,0.027034402850108195,0.027034424291768094,0.027034425728844437,-5.898059818321144e-17,-1.5345731491089865e-09
2341.300717028045,0.0270292741262976,0.02702927412629747,0.02702927412629869,0.027029250897391957,0.02702927257506302,0.02702927402774558,1.2177758801357186e-15,-1.5512344499202246e-09
2345.3725443620065,0.02702424555104276,0.027024245551042308,0.027024245551045278,0.027024222069691833,0.027024243983152094,0.02702424545143548,2.9698465908722937e-15,-1.5678902134941275e-09
2349.4443716959686,0.027019336846644957,0.02701933684664449,0.027019336846648534,0.027019313112859128,0.02701933526209014,0.02701933674598207,4.045375145977914e-15,-1.5845543488435254e-09
2353.5161990299302,0.027014544895620215,0.02701454489562018,0.02701454489562327,0.02701452090920189,0.0270145432943798,0.0270145447939006,3.0912772341906702e-15,-1.6012403798726371e-09
2357.588026363892,0.027009866710161298,0.027009866710161638,0.027009866710162832,0.027009842470713183,0.027009865092200616,0.027009866607382655,1.1934897514720433e-15,-1.6179610221045415e-09
2361.659853697854,0.0270052994257881,0.027005299425788595,0.027005299425788522,0.027005274932721555,0.027005297791059847,0.027005299321947073,-7.28583859910259e-17,-1.6347287482010309e-09
2365.7316810318157,0.027000840295389395,0.02700084029539005,0.027000840295390044,0.027000815547932402,0.027000838643834693,0.02700084019048211,-6.938893903907228e-18,-1.6515553577511888e-09
2369.8035083657774,0.02699648668362987,0.02699648668363066,0.02699648668362983,0.026996461680833552,0.026996485015178245,0.02699648657765176,-8.291978215169138e-16,-1.6684524144217061e-09
2373.8753356997395,0.026992236061694506,0.026992236061694968,0.026992236061690836,0.02699221080243913,0.02699223437626421,0.02699223595463981,-4.1321113197767545e-15,-1.6854307567648608e-09
2377.947163033701,0.026988086002347186,0.026988086002347023,0.02698808600233809,0.026988060485348568,0.026988084299845796,0.026988085894209705,-8.933825901280557e-15,-1.7025012268023776e-09
2382.018990367663,0.0269840341752841,0.026984034175283306,0.026984034175270375,0.026984008399099143,0.0269840324556093,0.02698403406605721,-1.293062878993112e-14,-1.7196740073610606e-09
2386.090817701625,0.026980078342760668,0.026980078342759475,0.02698007834274482,0.02698005230579213,0.026980076605800214,0.026980078232437383,-1.4654943925052066e-14,-1.736959260451032e-09
2390.1626450355866,0.02697621635547342,0.026976216355472593,0.02697621635545873,0.026976190055974784,0.026976214601106056,0.026976216244046673,-1.3863910020006642e-14,-1.7543665374597506e-09
2394.2344723695483,0.026972446148682015,0.026972446148682175,0.02697244614867095,0.02697241958476078,0.026972444376776646,0.02697244603614399,-1.1223660889569942e-14,-1.7719055285525531e-09
2398.3062997035104,0.026968765738553033,0.02696876573855399,0.026968765738546223,0.02696873890817404,0.026968763948968712,0.026968765624894503,-7.768091725424142e-15,-1.7895852785776434e-09
2402.378127037472,0.02696517321871233,0.026965173218713407,0.0269651732187087,0.026965146119701234,0.02696517141129843,0.026965173103923008,-4.7080395138010545e-15,-1.807414978099997e-09
2406.4499543714337,0.026961666756992703,0.026961666756993508,0.026961666756991493,0.026961639387040062,0.026961664931590253,0.026961666641062153,-2.01574867908505e-15,-1.8254032556341837e-09
2410.521781705396,0.02695824459236687,0.02695824459236752,0.02695824459236735,0.026958216949030934,0.02695824274880856,0.026958244475284412,-1.700029006457271e-16,-1.8435589582699308e-09
2414.5936090393575,0.026954905032051755,0.02695490503205225,0.026954905032051526,0.026954877112760563,0.026954903170161765,0.026954904913806227,-7.251144129583054e-16,-1.861890485538309e-09
2418.665436373319,0.026951646448773466,0.026951646448773934,0.026951646448770884,0.026951618250827133,0.026951644568367728,0.026951646329353138,-3.049643870767227e-15,-1.8804062057453663e-09
2422.7372637072813,0.026948467278184937,0.026948467278185527,0.02694846727818115,0.026948438798757704,0.026948465379071196,0.02694846715757783,-4.378442053365461e-15,-1.899114331072038e-09
2426.809091041243,0.02694536601642651,0.026945366016427153,0.02694536601642285,0.026945337252568008,0.026945364098404055,0.026945365894619655,-4.3021142204224816e-15,-1.9180230979853885e-09
2430.8809183752046,0.02694234121782021,0.02694234121782059,0.02694234121781686,0.0269423121664571,0.026942339280680072,0.026942341094800013,-3.729655473350135e-15,-1.9371405174384293e-09
2434.9527457091667,0.026939391492691166,0.02693939149269119,0.026939391492688296,0.02693936215062886,0.026939389536216652,0.026939391368443654,-2.8935187579293142e-15,-1.9564745379341275e-09
2439.0245730431284,0.02693651550530907,0.026936515505309025,0.026936515505306416,0.02693648586923314,0.026936513529276073,0.026936515379820305,-2.609024107869118e-15,-1.9760329518503372e-09
2443.09640037709,0.026933711971943927,0.02693371197194359,0.026933711971939955,0.026933682038419848,0.02693370997611982,0.02693371184519888,-3.635980405647388e-15,-1.9958237701400705e-09
2447.168227711052,0.02693097965902587,0.026930979659024915,0.026930979659020783,0.026930949424500215,0.026930977643170175,0.026930979531008932,-4.1321113197767545e-15,-2.015854740078371e-09
2451.240055045014,0.026928317381407142,0.026928317381406015,0.026928317381403086,0.02692828684220899,0.026928315345272354,0.026928317252102908,-2.9282132274488504e-15,-2.036133660981987e-09
2455.3118823789755,0.02692572400072248,0.026925724000721563,0.02692572400072073,0.026925693153063028,0.026925721944053304,0.026925723870115104,-8.326672684688674e-16,-2.05666825930928e-09
2459.3837097129376,0.02692319842383802,0.02692319842383745,0.02692319842383879,0.026923167263810253,0.026923196346371123,0.026923198291910845,1.339206523454095e-15,-2.0774663274381044e-09
2463.4555370468993,0.026920739601387064,0.02692073960138657,0.026920739601389174,0.026920708124966105,0.026920737502850896,0.02692073946812256,2.6020852139652106e-15,-2.098535675093549e-09
2467.527364380861,0.026918346526388307,0.026918346526387676,0.026918346526390587,0.02691831472943127,0.026918344406503713,0.026918346391768485,2.9108659926890823e-15,-2.119883962814484e-09
2471.599191714823,0.02691601823294276,0.026916018232942054,0.026916018232945312,0.026915986111188967,0.026916016091422964,0.026916018096949473,3.2578106878844437e-15,-2.1415190905316184e-09
2475.6710190487847,0.026913753795006556,0.026913753795005685,0.02691375379500956,0.02691372134407645,0.0269137516315568,0.026913753657620915,3.875372245332187e-15,-2.163448885317276e-09
2479.7428463827464,0.026911552325233568,0.02691155232523255,0.0269115523252372,0.02691151954062869,0.026911550139551377,0.026911552186436403,4.649058915617843e-15,-2.185681174243781e-09
2483.8146737167085,0.026909412973888148,0.026909412973887454,0.02690941297389262,0.026909379850990355,0.026909410765663444,0.026909412833660128,5.1660065114589315e-15,-2.208224009897508e-09
2487.88650105067,0.02690733492782394,0.026907334927823854,0.026907334927828205,0.026907301461894212,0.02690733269673855,0.026907334786145112,4.350686477749832e-15,-2.231085302617508e-09
2491.958328384632,0.026905317409525464,0.0269053174095259,0.026905317409528066,0.026905283595702555,0.026905315155252706,0.02690531726637497,2.1649348980190553e-15,-2.2542731951957773e-09
2496.030155718594,0.026903359676210794,0.026903359676211373,0.02690335967621158,0.02690332550951031,0.026903357398415626,0.02690335953156696,2.0816681711721685e-16,-2.277795747157585e-09
2500.1019830525556,0.02690146101899369,0.026901461018994047,0.026901461018994308,0.02690142649430687,0.026901458717332745,0.02690146087283436,2.6020852139652106e-16,-2.3016613025228505e-09
2504.1738103865173,0.026899620762102894,0.026899620762102977,0.02689962076210546,0.02689958587419573,0.026899618436224827,0.02689962061440562,2.4841240175987878e-15,-2.3258781498003422e-09
2508.2456377204794,0.026897838262158025,0.026897838262158247,0.026897838262163208,0.026897803005669758,0.026897835911703503,0.026897838112900387,4.961309141293668e-15,-2.350454744032282e-09
2512.317465054441,0.026896112907500044,0.02689611290750057,0.026896112907506896,0.02689607727694088,0.026896110532100937,0.026896112756658774,6.324801793411439e-15,-2.3753996339359595e-09
2516.3892923884027,0.026894444117574093,0.026894444117574783,0.026894444117580324,0.026894408107323176,0.02689444171685319,0.02689444396512511,5.540706782269922e-15,-2.4007215937427162e-09
2520.461119722365,0.026892831342364042,0.026892831342364778,0.026892831342367574,0.02689279494666792,0.02689282891593544,0.026892831188282697,2.796374243274613e-15,-2.4264293387032954e-09
2524.5329470563265,0.026891274061880025,0.026891274061880955,0.026891274061880497,0.026891237274850717,0.026891271609348982,0.02689127390614135,-4.579669976578771e-16,-2.452531972646499e-09
2528.604774390288,0.026889771785697163,0.026889771785698027,0.026889771785696168,0.02688973460130952,0.026889769306659577,0.02688977162827517,-1.8596235662471372e-15,-2.47903845021491e-09
2532.6766017242503,0.026888324052543263,0.026888324052543974,0.026888324052542635,0.026888286464632972,0.026888321546585724,0.026888323893411604,-1.339206523454095e-15,-2.505958249937601e-09
2536.748429058212,0.026886930429938654,0.0268869304299393,0.026886930429939223,0.026886892432199664,0.026886927896638668,0.026886930269070627,-7.632783294297951e-17,-2.533300631768487e-09
2540.8202563921736,0.026885590513886826,0.026885590513887378,0.02688559051388831,0.026885552099868575,0.02688558795281208,0.02688559035125486,9.332812300755222e-16,-2.5610752962812455e-09
2544.8920837261358,0.026884303928615096,0.026884303928615728,0.026884303928616026,0.026884265091719997,0.02688430133932351,0.02688430376419126,2.983724378680108e-16,-2.5892922181358635e-09
2548.9639110600974,0.02688307032636865,0.026883070326369028,0.026883070326366797,0.026883031059848427,0.026883067708407832,0.02688307016012388,-2.230854390106174e-15,-2.6179611950505333e-09
2553.035738394059,0.026881889387255522,0.026881889387255144,0.026881889387250314,0.026881849684208325,0.026881886740162574,0.026881889219159957,-4.829470157119431e-15,-2.6470925694466185e-09
2557.107565728021,0.026880760819145588,0.026880760819144728,0.026880760819139957,0.026880720672513722,0.026880758142447964,0.02688076064916944,-4.7704895589362195e-15,-2.676696763542763e-09
2561.179393061983,0.02687968435762756,0.026879684357626443,0.026879684357623838,0.02687964376019328,0.026879681650841907,0.026879684185740247,-2.6055546609171643e-15,-2.7067845360939646e-09
2565.2512203959445,0.026878659766020326,0.02687865976601902,0.02687865976601869,0.026878618710402077,0.02687865702865224,0.026878659592190605,-3.3306690738754696e-16,-2.7373667811636526e-09
2569.3230477299066,0.026877686835444264,0.026877686835443476,0.026877686835444007,0.026877645314093444,0.02687768406698879,0.026877686659640652,5.30825383648903e-16,-2.768454687718247e-09
2573.3948750638683,0.026876765384956435,0.026876765384956505,0.026876765384956373,0.026876723390152582,0.0268767625848967,0.026876765207146373,-1.3183898417423734e-16,-2.8000598055466508e-09
2577.46670239783,0.02687589526174914,0.026875895261749796,0.026875895261748654,0.026875852785595435,0.026875892429556014,0.026875895081898783,-1.141448047192739e-15,-2.8321937815822817e-09
2581.538529731792,0.026875076341416386,0.0268750763414173,0.026875076341414696,0.026875033375835605,0.02687507347654847,0.026875076159490897,-2.6020852139652106e-15,-2.8648688282784107e-09
2585.6103570657538,0.026874308528294387,0.02687430852829541,0.026874308528291015,0.026874265065024657,0.026874305630198235,0.026874308344258552,-4.395789288125229e-15,-2.8980971754355433e-09
2589.6821843997154,0.026873591755879837,0.026873591755880853,0.026873591755875254,0.026873547786469387,0.026873588823989235,0.02687359156969755,-5.599687380453133e-15,-2.9318916183740384e-09
2593.7540117336775,0.02687292598732969,0.02687292598733074,0.026872925987325127,0.0268728815031319,0.02687292302106558,0.02687292579896417,-5.613565168260948e-15,-2.966265160581072e-09
2597.825839067639,0.02687231121605105,0.02687231121605181,0.026872311216047304,0.026872266208218254,0.026872308214820433,0.026872311025464276,-4.506811590587745e-15,-3.0012313780025668e-09
2601.897666401601,0.02687174746638454,0.02687174746638507,0.026871747466383045,0.02687170192586322,0.026871744429581193,0.02687174727353811,-2.0261570199409107e-15,-3.0368038778094686e-09
2605.969493735563,0.026871234794394384,0.02687123479439475,0.026871234794396147,0.02687118871191845,0.026871231721397618,0.02687123459924883,1.3981871216373065e-15,-3.072997131065014e-09
2610.0413210695247,0.0268707732887689,0.026870773288769016,0.026870773288773485,0.026870726654853135,0.026870770178943345,0.026870773091283825,4.468647674116255e-15,-3.1098256712824845e-09
2614.1131484034863,0.026870363071844493,0.026870363071844518,0.026870363071850013,0.026870315876778086,0.026870359924539754,0.026870362871978633,5.495603971894525e-15,-3.147304764028469e-09
2618.1849757374484,0.026870004300764746,0.026870004300764597,0.026870004300769967,0.026869956534603518,0.026870001115314714,0.026870004098475727,5.370703881624195e-15,-3.185449883036373e-09
2622.25680307141,0.02686969716878677,0.026869697168786157,0.026869697168791354,0.026869648821345446,0.026869693944508843,0.026869696964030958,5.197231534026514e-15,-3.2242773138901892e-09
2626.3286304053718,0.026869441906749676,0.02686944190674881,0.026869441906754356,0.026869392967594264,0.0268694386429451,0.026869441699482834,5.547645676173829e-15,-3.2638037099352868e-09
2630.400457739334,0.026869238784725153,0.02686923878472451,0.02686923878472993,0.02686918924316387,0.026869235480678003,0.02686923857490217,5.419276138951545e-15,-3.3040465086120463e-09
2634.4722850732956,0.026869088113867158,0.02686908811386651,0.026869088113870093,0.026869037958940092,0.026869084768842994,0.026869087901441244,3.5839387013680835e-15,-3.345023515122225e-09
2638.544112407257,0.026868990248482147,0.026868990248481397,0.026868990248480943,0.02686893946895181,0.026868986861727947,0.02686899003340528,-4.544975507059235e-16,-3.386753450601576e-09
2642.6159397412193,0.026868945588348965,0.02686894558834825,0.026868945588343435,0.026868894172689627,0.026868942159092607,0.026868945370572148,-4.8155923693116165e-15,-3.4292556433390686e-09
2646.687767075181,0.026868954581316426,0.026868954581315885,0.02686895458130839,0.026868902517701986,0.026868951108765467,0.02686895436078952,-7.494005416219807e-15,-3.472550417354947e-09
2650.7595944091427,0.026869017726211673,0.026869017726211357,0.02686901772620343,0.026868965002502996,0.026869014209552792,0.02686901750288294,-7.927686285214008e-15,-3.5166585650447946e-09
2654.831421743105,0.02686913557609913,0.026869135576099202,0.026869135576092894,0.026869082179830174,0.026869132014497046,0.026869135349915748,-6.3074545586516706e-15,-3.5616021555606725e-09
2658.9032490770664,0.026869308741935497,0.02686930874193579,0.026869308741931837,0.026869254660298138,0.02686930513453157,0.026869308512842614,-3.9517000782751666e-15,-3.607404219091448e-09
2662.975076411028,0.02686953789667192,0.026869537896672107,0.026869537896669685,0.026869483116499386,0.026869534242583464,0.02686953766461324,-2.4216739724636227e-15,-3.654088642779385e-09
2667.0469037449902,0.026869823779864715,0.02686982377986445,0.026869823779862044,0.026869768287613678,0.026869820078183525,0.026869823544782033,-2.4043267377038546e-15,-3.7016809235901338e-09
2671.118731078952,0.02687016720286406,0.0268701672028632,0.026870167202859563,0.02687011098459528,0.026870163452655697,0.02687016696469792,-3.635980405647388e-15,-3.750207502178915e-09
2675.1905584129136,0.026870569054663687,0.02687056905466267,0.026870569054656984,0.026870512096020368,0.026870565254966026,0.026870568813353323,-5.686423554251974e-15,-3.799696644130046e-09
2679.2623857468757,0.026871030308507304,0.026871030308506492,0.026871030308499917,0.026870972594689936,0.026871026458328527,0.026871030063989988,-6.574601973952099e-15,-3.850177964642709e-09
2683.3342130808373,0.026871552029361506,0.02687155202936103,0.02687155202935525,0.02687149354510091,0.02687154812767813,0.026871551781572394,-5.780098621954721e-15,-3.901682900375736e-09
2687.406040414799,0.0268721353823891,0.026872135382389254,0.026872135382384716,0.026872076111915978,0.026872131428144003,0.026872135131261157,-4.538036613155327e-15,-3.954245250681332e-09
2691.477867748761,0.026872781642577927,0.026872781642578624,0.026872781642573975,0.02687272156958893,0.0268727776346779,0.026872781388041576,-4.649058915617843e-15,-4.007900723107527e-09
2695.549695082723,0.0268734922057086,0.02687349220570923,0.026873492205703387,0.02687343131332706,0.026873488143021554,0.026873491947691307,-5.842548667089886e-15,-4.062687675859822e-09
2699.6215224166845,0.026874268600877313,0.026874268600877816,0.02687426860087151,0.026874206871611007,0.0268742644822303,0.026874268339304463,-6.3074545586516706e-15,-4.118647516787588e-09
2703.6933497506466,0.026875112504838743,0.026875112504839024,0.0268751125048333,0.026875049920529522,0.026875108329014148,0.02687511223963287,-5.7245874707234634e-15,-4.1758248768564155e-09
2707.7651770846082,0.026876025758473778,0.026876025758473872,0.026876025758469663,0.026875962300240634,0.026876021524205713,0.026876025489554433,-4.208439152719734e-15,-4.234268158320731e-09
2711.83700441857,0.026877010385757728,0.02687701038575793,0.02687701038575559,0.02687694603393141,0.026877006091727725,0.02687701011304134,-2.338407245616736e-15,-4.2940302043270595e-09
2715.908831752532,0.026878068615678232,0.026878068615678614,0.026878068615676706,0.026878003349724927,0.026878064260509798,0.0268780683390774,-1.908195823574488e-15,-4.355168815861621e-09
2719.9806590864937,0.026879202907645134,0.02687920290764512,0.026879202907642483,0.026879136706077732,0.026879198489897446,0.02687920262706772,-2.6367796834847468e-15,-4.417747674623218e-09
2724.052486420456,0.026880415981051765,0.026880415981051127,0.026880415981048754,0.026880348821327987,0.02688041149921375,0.026880415696401486,-2.373101715136272e-15,-4.4818373769184294e-09
2728.1243137544175,0.026881710849798533,0.026881710849797652,0.026881710849796278,0.026881642708199892,0.026881706302281316,0.02688171056097478,-1.3739009929736312e-15,-4.547516335717816e-09
2732.196141088379,0.026883090862765493,0.02688309086276515,0.026883090862763172,0.026883021714254076,0.02688308624789251,0.02688309056966246,-1.97758476261356e-15,-4.614872640279488e-09
2736.2679684223413,0.026884559751456084,0.02688455975145648,0.02688455975145264,0.026884489569503626,0.026884555067450952,0.02688455945396108,-3.840677775812651e-15,-4.684005527194612e-09
2740.339795756303,0.02688612168632337,0.026886121686323743,0.02688612168631875,0.026886050442707907,0.026886116931296077,0.02688612138431555,-4.992534163861251e-15,-4.755027666752953e-09
2744.4116230902646,0.026887781343667493,0.026887781343667348,0.026887781343662293,0.02688770900823056,0.026887776515599555,0.026887781037018135,-5.054984208996416e-15,-4.8280677927836635e-09
2748.4834504242267,0.02688954398547407,0.026889543985474114,0.026889543985469787,0.02688947052582695,0.02688953908220004,0.026889543674046276,-4.326400349086157e-15,-4.90327407495772e-09
2752.5552777581884,0.026891415555182818,0.026891415555183484,0.026891415555180265,0.026891340936346535,0.02689141057436524,0.026891415238828525,-3.219646771412954e-15,-4.98081824396035e-09
2756.62710509215,0.026893402793176792,0.02689340279317761,0.02689340279317615,0.02689332697714272,0.026893397732276645,0.02689340247173435,-1.4606371667724716e-15,-5.060900965664361e-09
2760.698932426112,0.026895513376852143,0.02689551337685217,0.026895513376852705,0.026895436322042037,0.026895508233093807,0.026895513050144343,5.342948306008566e-16,-5.143758363690409e-09
2764.770759760074,0.02689775609152714,0.02689775609152633,0.026897756091527426,0.02689767775212423,0.02689775086185566,0.02689775575936002,1.096345236817342e-15,-5.229670668738251e-09
2768.8425870940355,0.0269001410403196,0.026900141040319774,0.026900141040320687,0.02690006136543251,0.02690013572134692,0.026900140702479855,9.124645483638005e-16,-5.318972855911097e-09
2772.9144144279976,0.02690267990363794,0.02690267990363987,0.02690267990364172,0.026902598836244154,0.026902674491570678,0.02690267955988554,1.8492152253912764e-15,-5.412069192106683e-09
2776.9862417619593,0.026905386262333655,0.02690538626233549,0.02690538626233961,0.02690530373794208,0.02690538075288418,0.026905385912394972,4.121702978920894e-15,-5.509451308366442e-09
2781.058069095921,0.026908276003260956,0.02690827600326119,0.02690827600326804,0.026908191948206556,0.026908270391538473,0.02690827564682439,6.8486882831564344e-15,-5.611722718457113e-09
2785.129896429883,0.026911367832486068,0.026911367832485135,0.026911367832494423,0.02691128216172815,0.02691136211285411,0.026911367469194793,9.287709490379825e-15,-5.719631025746796e-09
2789.2017237638447,0.026914683930482058,0.026914683930480684,0.026914683930490995,0.026914596544734135,0.026914678096369177,0.026914683559920216,1.0311196341206141e-14,-5.834111506397566e-09
2793.2735510978064,0.02691825079656033,0.026918250796558723,0.026918250796568052,0.026918161578518576,0.026918244840213126,0.026918250418236964,9.329342853803269e-15,-5.956345597302182e-09
2797.3453784317685,0.026922100348371288,0.026922100348369622,0.026922100348376242,0.026922009157705554,0.026922094260527586,0.026922099961699978,6.619704784327496e-15,-6.087842036039959e-09
2801.41720576573,0.02692627136937444,0.026926271369372878,0.02692627136937552,0.026926178035997828,0.026926265138824367,0.026926270973645663,2.643718577388654e-15,-6.2305485111491254e-09
2805.489033099692,0.026930811437221567,0.026930811437220918,0.026930811437219048,0.02693071575213828,0.026930805050210983,0.02693081103156569,-1.870031907102998e-15,-6.387009934827326e-09
2809.560860433654,0.02693577952621045,0.026935779526210575,0.026935779526206034,0.026935681228903424,0.02693577296561736,0.02693577910954413,-4.541506060107281e-15,-6.560593214521848e-09
2813.6326877676156,0.026941249569047674,0.02694124956904782,0.02694124956904328,0.0269411483298556,0.026941242813234387,0.02694124914000184,-4.538036613155327e-15,-6.755813432984814e-09
2817.7045151015773,0.02694731540668936,0.026947315406689428,0.026947315406686996,0.02694721080179686,0.026947308427874482,0.026947314963507458,-2.4320823133194835e-15,-6.978814946073664e-09
2821.7763424355394,0.02695409778324988,0.026954097783250117,0.02695409778325014,0.026953989258589668,0.02695409054515818,0.02695409732363936,2.42861286636753e-17,-7.23809193831082e-09
2825.848169769501,0.026961754413941556,0.02696175441394209,0.026961754413944373,0.026961641232125376,0.026961746868349797,0.026961753934855472,2.282896094385478e-15,-7.545592293350945e-09
2829.9199971034627,0.02697049477152043,0.02697049477152133,0.026970494771525504,0.026970375932225985,0.02697048685307813,0.026970494268830584,4.173744683200198e-15,-7.918443199750325e-09
2833.991824437425,0.026980602291425123,0.026980602291425817,0.026980602291430022,0.026980476409264063,0.026980593909711165,0.026980601759420395,4.2049697057677804e-15,-8.381714652200278e-09
2838.0636517713865,0.026992468548115753,0.02699246854811611,0.02699246854811908,0.02699233366060409,0.0269924595751541,0.02699246797871526,2.9698465908722937e-15,-8.972962008829688e-09
2842.135479105348,0.027006647307068914,0.027006647307069084,0.02700664730707215,0.02700650056436202,0.027006637557161182,0.027006646688549678,3.066991105526995e-15,-9.749907901868138e-09
2846.2073064393103,0.027023942617749076,0.02702394261774906,0.027023942617754024,0.027023779766087545,0.027023931813905486,0.02702394193262788,4.964778588245622e-15,-1.080384357324271e-08
2850.279133773272,0.0270455571939345,0.02704555719393408,0.027045557193940074,0.02704537168702336,0.027045544910136263,0.0270455564153255,5.995204332975845e-15,-1.2283797815731967e-08
2854.3509611072336,0.027073351375816453,0.027073351375815867,0.027073351375821803,0.027073132791751955,0.027073336934174626,0.02707335046094492,5.936223734792634e-15,-1.4441641240509062e-08
2858.4227884411957,0.027110311996072205,0.027110311996071966,0.027110311996079044,0.027110043115670147,0.0271102942770494,0.027110310874303937,7.077671781985373e-15,-1.7719022565171327e-08
2862.4946157751574,0.027161430557633825,0.027161430557634304,0.02716143055764416,0.02716108180611495,0.027161407639040822,0.02716142910770525,9.856698790500218e-15,-2.291859348135805e-08
2866.566443109119,0.027235380259418403,0.027235380259419153,0.027235380259432528,0.02723489902815441,0.02723534872295173,0.02723537826569826,1.3374717999781183e-14,-3.15364674235985e-08
2870.638270443081,0.027347616363668177,0.027347616363668312,0.027347616363684206,0.0273469077606545,0.027347570045039595,0.0273476134373261,1.5893536486899507e-14,-4.631862871723458e-08
2874.710097777043,0.027524832704911944,0.027524832704911496,0.027524832704927654,0.027523736902999394,0.02752476122427022,0.02752482819121313,1.615721445524798e-14,-7.148064127757148e-08
2878.7819251110045,0.027802177990010127,0.0278021779900097,0.027802177990024664,0.027800526638787963,0.027802070422638287,0.02780217119968618,1.4963724703775938e-14,-1.0756737141293105e-07
2882.8537524449666,0.028165111920021305,0.028165111920020865,0.028165111920032616,0.028163221454578637,0.028164988843017092,0.028165104149942177,1.1751016826266891e-14,-1.2307700377259256e-07
2886.9255797789283,0.02840622392100181,0.02840622392100117,0.028406223921007463,0.028405552249973102,0.02840617993681635,0.028406221136339015,6.293576770843856e-15,-4.3984184818629535e-08
2890.99740711289,0.02833264602674166,0.02833264602674126,0.02833264602674245,0.028333751354143545,0.028332717134506417,0.028332650498895946,1.1900203045200897e-15,7.110776515523165e-08
2895.069234446852,0.028118822306093333,0.02811882230609341,0.02811882230609131,0.02812074643356224,0.028118946255165967,0.02811883010992878,-2.0990154059319366e-15,1.2394907255783294e-07
2899.1410617808137,0.027904117362131026,0.027904117362131216,0.027904117362128323,0.027906012305442277,0.027904239127271767,0.027904125026231127,-2.8935187579293142e-15,1.217651405503728e-07
2903.2128891147754,0.02776429630737086,0.027764296307370814,0.02776429630736885,0.027765643714905124,0.02776438240007654,0.027764301719432703,-1.9637069748057456e-15,8.609270572487726e-08
2907.2847164487375,0.027742945298777303,0.027742945298776654,0.027742945298774035,0.027743833156536526,0.027743001375662296,0.027742948813965388,-2.6194324487249787e-15,5.607688564196467e-08
2911.356543782699,0.027798188822260102,0.027798188822258745,0.027798188822253055,0.027798936972893342,0.027798235536459937,0.027798191741918964,-5.689893001203927e-15,4.671420119131686e-08
2915.428371116661,0.02778964780427958,0.027789647804278037,0.027789647804270092,0.02779047211609693,0.02778969937096051,0.02778965102858707,-7.945033519973776e-15,5.156668247269236e-08
2919.500198450623,0.027664571921414076,0.027664571921413948,0.02766457192140625,0.027665236012607897,0.027664613385419506,0.02766457451293886,-7.69870278638507e-15,4.1464005558905503e-08
2923.5720257845846,0.027542853605106422,0.027542853605107873,0.027542853605102145,0.02754317562080517,0.027542873232333256,0.02754285482450528,-5.728056917675417e-15,1.962722538315087e-08
2927.6438531185463,0.027482546317676187,0.027482546317677117,0.027482546317675,0.027482555616621916,0.02748254587856473,0.02748254627460263,-2.1163626406917047e-15,-4.3911238881144676e-10
2931.7156804525084,0.027480885436641758,0.02748088543664082,0.027480885436643024,0.027480617921707647,0.02748086712443045,0.027480884267475844,2.203098814490545e-15,-1.8312210369603177e-08
2935.78750778647,0.027533478208000246,0.02753347820799844,0.027533478208005013,0.02753290854594044,0.02753344026273161,0.02753347580008927,6.571132527000145e-15,-3.7945266831429514e-08
2939.8593351204318,0.027649718672018746,0.027649718672016793,0.02764971867202764,0.02764873800620655,0.027649653903872955,0.027649714570088163,1.0845491171806998e-14,-6.47681438377401e-08
2943.931162454394,0.027857918147170344,0.02785791814716727,0.02785791814718092,0.027856303759835138,0.027857811931726303,0.027857911426318233,1.3648804308985518e-14,-1.0621544096686697e-07
2948.0029897883555,0.028207104090150897,0.028207104090145603,0.02820710409016084,0.028204554416863117,0.02820693665211466,0.028207093499724886,1.5237811012980274e-14,-1.6743803094368404e-07
2952.074817122317,0.028725471516879156,0.028725471516872634,0.028725471516888316,0.028722145630673157,0.028725253259209,0.028725457712284762,1.5681900222830336e-14,-2.1825766363323118e-07
2956.1466444562793,0.029249730293180468,0.029249730293180332,0.029249730293194397,0.029247381215014003,0.029249575971571136,0.029249720526045735,1.4065137943219952e-14,-1.5432160919634508e-07
2960.218471790241,0.029465924774645498,0.029465924774654356,0.02946592477466509,0.02946536194590349,0.02946588728725685,0.029465922394736863,1.0734468869344482e-14,-3.748739750564223e-08
2964.2902991242026,0.029427702738459016,0.02942770273846713,0.029427702738474747,0.02942756902397169,0.029427693776487907,0.029427702167514898,7.615436059538183e-15,-8.961979224703098e-09
2968.3621264581648,0.029158312349153136,0.029158312349156664,0.029158312349163305,0.02916008412349702,0.02915842826260162,0.02915831966898742,6.6405214660392176e-15,1.1591344495701095e-07
2972.4339537921264,0.028629493183845407,0.02862949318384677,0.028629493183852498,0.028632510806568347,0.02862968980589172,0.028629505598594715,5.728056917675417e-15,1.9662204495118907e-07
2976.505781126088,0.02813309583502498,0.02813309583502601,0.028133095835029636,0.028135404067032594,0.02813324590592131,0.028133105308039464,3.625572064791527e-15,1.5007089530089113e-07
2980.57760846005,0.027799786430413635,0.02779978643041453,0.02779978643041624,0.02780118249857835,0.02779987702086394,0.027799792146503136,1.7104373473131318e-15,9.059044940931682e-08
2984.649435794012,0.027593124993604536,0.027593124993605493,0.02759312499360669,0.027593921755495195,0.027593176541560224,0.02759312824386768,1.1969591984239969e-15,5.154795473111262e-08
2988.7212631279735,0.027463539374347975,0.02746353937434883,0.02746353937435092,0.02746398108080723,0.027463567794407263,0.02746354116392738,2.0920765120280294e-15,2.8420058435091322e-08
2992.7930904619357,0.027379641621749835,0.02737964162175056,0.027379641621753593,0.027379870237820195,0.027379656159558435,0.027379642534559642,3.0322966360074588e-15,1.453780787419312e-08
2996.8649177958973,0.027323637221419037,0.027323637221419683,0.027323637221421962,0.02732373239704892,0.02732364306384954,0.027323637585032017,2.2794266474335245e-15,5.842429855879017e-09
3000.936745129859,0.027285389617074603,0.027285389617075426,0.02728538961707487,0.0272853971008744,0.02728538974327757,0.0272853896196326,-5.551115123125783e-16,1.2620214595582269e-10
3005.008572463821,0.027258926114186843,0.027258926114187863,0.02725892611418312,0.02725887318619198,0.02725892230057555,0.027258925867871788,-4.7427339833205906e-15,-3.813612314829129e-09
3009.080399797783,0.027240586524253197,0.027240586524254165,0.0272405865242449,0.027240490086435514,0.027240579871342745,0.027240586098560244,-9.26342336171615e-15,-6.652911419685603e-09
3013.1522271317444,0.02722804184488995,0.02722804184489014,0.02722804184487813,0.027227912741839198,0.027228033058669235,0.0272280412843976,-1.2007755900711459e-14,-8.786220903611586e-09
3017.2240544657066,0.02721975897269132,0.027219758972690633,0.027219758972678556,0.027219604377728107,0.027219748520024997,0.027219758306876948,-1.2077144839750531e-14,-1.045266563581837e-08
3021.295881799668,0.027214698059288667,0.02721469805928778,0.027214698059278057,0.027214522841159383,0.027214686256932116,0.027214697308150557,-9.721390359374027e-15,-1.1802355662227093e-08
3025.36770913363,0.027212135122728708,0.027212135122727944,0.027212135122721588,0.027211942656494154,0.02721212219014383,0.02721213430012051,-6.356026815979021e-15,-1.293258411472209e-08
3029.439536467592,0.027211554496892408,0.027211554496891287,0.027211554496887048,0.02721134716099887,0.027211540588624274,0.027211553612567364,-4.2396641752873165e-15,-1.3908267013779119e-08
3033.5113638015537,0.02721258157488404,0.027212581574882398,0.02721258157487791,0.027212361065034392,0.027212566801006446,0.027212580635787326,-4.489464355827977e-15,-1.4773875952472926e-08
3037.5831911355153,0.027214939556416934,0.027214939556415463,0.027214939556410453,0.027214707089127356,0.02721492399579111,0.02721493856752352,-5.009881398621019e-15,-1.5560624351540486e-08
3041.6550184694775,0.027218420921390093,0.02721842092138917,0.027218420921384184,0.02721817736920914,0.027218404630470677,0.02721841988625964,-4.9855952699573436e-15,-1.6290918492672946e-08
3045.726845803439,0.027222868183158958,0.027222868183158427,0.027222868183152713,0.027222614166444847,0.027222851201970752,0.02722286710431302,-5.7141791298676026e-15,-1.6981187674763865e-08
3049.798673137401,0.02722816063367687,0.027228160633676484,0.027228160633670055,0.02722789658409802,0.027228142989950355,0.02722815951286059,-6.428885201970047e-15,-1.7643726129418225e-08
3053.870500471363,0.02723420504434954,0.02723420504434982,0.027234205044343845,0.027233931249577136,0.02723418675643149,0.02723420388271614,-5.974387651264124e-15,-1.8287918329001895e-08
3057.9423278053246,0.027240929031733495,0.027240929031735125,0.02724092903173063,0.02724064566737241,0.027240910110665102,0.027240927829974955,-4.496403249731884e-15,-1.8921070023270037e-08
3062.0141551392862,0.02724827625197208,0.027248276251974922,0.027248276251972653,0.027247983404674214,0.027248256702992035,0.02724827501041302,-2.2690183065776637e-15,-1.9548982887335198e-08
3066.0859824732484,0.027256202871675402,0.02725620287167839,0.02725620287167897,0.027255900556057085,0.02725618269532063,0.027256201590342605,5.793976409762536e-16,-2.0176357758139307e-08
3070.15780980721,0.02726467494378881,0.027264674943790767,0.02726467494379336,0.02726436311492378,0.02726465413670761,0.027264673622463233,2.5916768731093498e-15,-2.0807083157131645e-08
3074.2296371411717,0.027273666434438803,0.02727366643443951,0.027273666434442144,0.027273344997142828,0.02727364498999539,0.02727366507269472,2.633310236532793e-15,-2.1444444119750328e-08
3078.301464475134,0.02728315772438167,0.027283157724381796,0.02728315772438284,0.02728282654013627,0.027283135633105686,0.027283156321615137,1.0443035325380379e-15,-2.2091276110497438e-08
3082.3732918090955,0.027293134460846302,0.02729313446084677,0.027293134460847072,0.027292793352960202,0.02729311171076715,0.027293133016295375,3.0184188481996443e-16,-2.2750079622241293e-08
3086.445119143057,0.027303586671152923,0.027303586671153693,0.02730358667115625,0.027303235428590554,0.0273035632480468,0.027303585183912397,2.5569824035898137e-15,-2.3423106891573564e-08
3090.5169464770192,0.02731450807411361,0.02731450807411506,0.027314508074121367,0.027314146454302666,0.027314483961686304,0.027314506543147585,6.3074545586516706e-15,-2.411242875505204e-08
3094.588773810981,0.027325895542495877,0.02732589554249796,0.027325895542507448,0.027325523273334883,0.02732587072251128,0.027325893966645257,9.488937413593135e-15,-2.4819986680496564e-08
3098.6606011449426,0.027337748682071433,0.027337748682073545,0.027337748682084995,0.027337365463306198,0.02733772313443977,0.027337747060059193,1.1449174941446927e-14,-2.5547633775852008e-08
3102.7324284789047,0.027350069501583845,0.027350069501585642,0.027350069501598274,0.02734967500567606,0.027350043204417612,0.0273500678320194,1.263225635206311e-14,-2.6297168029959517e-08
3106.8042558128664,0.02736286215435951,0.027362862154360623,0.02736286215437494,0.027362456026935954,0.027362835084001003,0.027362860435740214,1.4318407570712566e-14,-2.707035962057347e-08
3110.876083146828,0.027376132736967932,0.0273761327369681,0.02737613273698492,0.027375714596919926,0.027376104867994112,0.027376130967679373,1.6819878823071122e-14,-2.786897398618371e-08
3114.94791048079,0.027389889133817975,0.027389889133817718,0.027389889133836026,0.027389458573101322,0.02738986043902662,0.027389887312133716,1.8308271565459222e-14,-2.869479109879336e-08
3119.019737814752,0.02740414089917766,0.027404140899177164,0.027404140899195094,0.027403697482347437,0.027404111349554144,0.02740413902325614,1.7930101847696278e-14,-2.9549623019320403e-08
3123.0915651487135,0.027418899170061215,0.027418899170060237,0.027418899170075,0.02741844243357094,0.027418868734731205,0.027418897237942687,1.4762496780562628e-14,-3.0435329031325287e-08
3127.1633924826756,0.027434176604934156,0.027434176604932952,0.027434176604941962,0.027433706056217592,0.027434145251102517,0.027434174614537458,9.010153734223536e-15,-3.135383043473272e-08
3131.2352198166373,0.027449987344338626,0.027449987344337644,0.027449987344343015,0.02744950246068458,0.02744995503721404,0.02744998529345645,5.370703881624195e-15,-3.230712360483001e-08
3135.307047150599,0.027466346990436326,0.027466346990435753,0.027466346990441155,0.027465847217663483,0.02746631369314218,0.027466344876728742,5.401928904191777e-15,-3.329729357168243e-08
3139.378874484561,0.027483272603172085,0.027483272603171512,0.02748327260317688,0.027482757354107722,0.02748323827664498,0.027483270424160124,5.367234434672241e-15,-3.432652653095891e-08
3143.4507018185227,0.027500782711326565,0.027500782711326135,0.02750078271133,0.02750025136408811,0.02750074731420283,0.02750078046438583,3.864963904476326e-15,-3.5397123305386247e-08
3147.5225291524844,0.027518897337181072,0.027518897337180947,0.027518897337183264,0.02751834923325368,0.02751886082566866,0.027518895019533297,2.3175905639050143e-15,-3.6511512285786196e-08
3151.5943564864465,0.02753763803388357,0.02753763803388364,0.02753763803388448,0.0275370724759872,0.027537600361619854,0.02753763564258721,8.430756093247282e-16,-3.767226378417754e-08
3155.666183820408,0.027557027934919414,0.027557027934919907,0.027557027934918824,0.02755644418465594,0.027556989052815613,0.027557025466860476,-1.0824674490095276e-15,-3.8882104293203046e-08
3159.73801115437,0.027577091815358584,0.02757709181535936,0.027577091815356135,0.027576489090623015,0.02757705167142719,0.027577089267238862,-3.226585665316861e-15,-4.014393217149914e-08
3163.809838488332,0.027597856164774417,0.02759785616477498,0.027597856164769917,0.027597233636916216,0.02759781470394094,0.027597853533099678,-5.061923102900323e-15,-4.146083404030221e-08
3167.8816658222936,0.02761934927194297,0.02761934927194343,0.027619349271937786,0.027618706062658524,0.02761930643584056,0.027619346553010828,-5.64479019082853e-15,-4.283610286967554e-08
3171.9534931562553,0.027641601321624517,0.027641601321625582,0.027641601321619063,0.027640936499556297,0.027641557048368525,0.027641598511510056,-6.519090822720841e-15,-4.427325705699814e-08
3176.0253204902174,0.027664644503906637,0.027664644503908518,0.027664644503899168,0.02766395708092357,0.027664598727846983,0.027664641598445856,-9.35015953551499e-15,-4.577606153507996e-08
3180.097147824179,0.027688513136767443,0.02768851313676963,0.027688513136759803,0.027687802063899206,0.02768846578821869,0.02768851013153973,-9.825473767932635e-15,-4.734855093765922e-08
3184.1689751581407,0.027713243802701158,0.02771324380270249,0.027713243802699333,0.027712507965692666,0.027713194807648146,0.027713240693010812,-3.157196726277789e-15,-4.8995054343498046e-08
3188.240802492103,0.027738875500432008,0.02773887550043207,0.02773887550043902,0.02773811371488122,0.027738824780208827,0.02773887228128916,6.949302244763089e-15,-5.0720223243594376e-08
3192.3126298260645,0.027765449812941448,0.027765449812940466,0.027765449812952852,0.027764660818975762,0.027765397283878536,0.02776544647903955,1.2385925618474403e-14,-5.252906193006779e-08
3196.384457160026,0.02779301109323941,0.027793011093238257,0.02779301109324918,0.027792193549683417,0.027792956666277305,0.027793007638930948,1.0921819004749977e-14,-5.4426960952036474e-08
3200.4562844939883,0.02782160666954605,0.027821606669545685,0.027821606669552943,0.027820759147526096,0.02782155024981108,0.027821603088814824,7.258083023486961e-15,-5.641973460646099e-08
3204.52811182795,0.02785128707180247,0.027851287071803225,0.027851287071808603,0.027850408047726528,0.027851228558141122,0.027851283358233718,5.377642775528102e-15,-5.851366210313236e-08
3208.5999391619116,0.027882106281714933,0.027882106281716862,0.027882106281721702,0.027881194129559743,0.02788204556618341,0.02788210242846317,4.839878497975292e-15,-6.071553345157743e-08
3212.6717664958737,0.02791412200886191,0.027914122008864412,0.027914122008869297,0.027913174991685986,0.027914058976163655,0.02791411800861479,4.884981308350689e-15,-6.30327007568321e-08
3216.7435938298354,0.027947395995751124,0.02794739599575284,0.027947395995757646,0.02794641225634555,0.02794733052261766,0.02794739184069032,4.805184028455756e-15,-6.547313518082132e-08
3220.815421163797,0.027981994355132832,0.02798199435513426,0.027981994355138706,0.027980971905709893,0.02798192630964368,0.027981990036893365,4.447830992404533e-15,-6.804549057895515e-08
3224.887248497759,0.028017987943361612,0.02801798794336332,0.028017987943367798,0.028016924654158025,0.028017917184187915,0.02801798345298213,4.479056014972116e-15,-7.075917540441679e-08
3228.959075831721,0.02805545277412663,0.028055452774128114,0.028055452774132194,0.028054346360793996,0.028055379149695515,0.028055448101995464,4.08006961549745e-15,-7.362443259911755e-08
3233.0309031656825,0.028094470477520735,0.028094470477521477,0.028094470477524506,0.028093318487153022,0.028094393825091442,0.02809446561331832,3.028827189055505e-15,-7.665243003524003e-08
3237.1027304996446,0.02813512881015459,0.028135128810154796,0.028135128810157124,0.02813392860577675,0.028135048954792546,0.02813512374278913,2.327998904760875e-15,-7.985536224983103e-08
3241.1745578336063,0.028177522222872488,0.02817752222287222,0.02817752222287426,0.028176270966189233,0.028177438976306958,0.028177516940406846,2.040034807748725e-15,-8.324656526267904e-08
3245.246385167568,0.02822175249362333,0.028221752493622836,0.02822175249362487,0.028220447125801792,0.02822166565297615,0.02822174698319467,2.033095913844818e-15,-8.684064668751379e-08
3249.31821250153,0.02826792943421837,0.02826792943421782,0.028267929434219363,0.02826656665443762,0.028267838780584278,0.028267923681947988,1.5439038936193583e-15,-9.065363354085476e-08
3253.3900398354917,0.028316171681072914,0.028316171681072512,0.028316171681073334,0.02831474792253608,0.02831607697793298,0.028316165671965952,8.222589276130066e-16,-9.470313953180431e-08
3257.4618671694534,0.028366607581653627,0.028366607581653814,0.028366607581654234,0.028365118984706443,0.028366508573097006,0.02836660129948635,4.198030811863873e-16,-9.900855680797238e-08
3261.5336945034155,0.02841937619026173,0.0284193761902627,0.028419376190263575,0.028417818572205364,0.028419272598988635,0.028419369617454802,8.743006318923108e-16,-1.0359127406572854e-07
3265.605521837377,0.028474628389049912,0.028474628389051397,0.028474628389053572,0.02847299721016731,0.028474519914124426,0.02847462150652569,2.175343238874916e-15,-1.0847492697141359e-07
3269.677349171339,0.028532528152867068,0.028532528152868723,0.02853252815287146,0.028530818478101665,0.02853241446718335,0.028532520939889467,2.7373936450914016e-15,-1.1368568537256651e-07
3273.749176505301,0.028593253979742907,0.02859325397974474,0.028593253979745985,0.02859146043536979,0.028593134727160373,0.028593246413736315,1.2455314557513475e-15,-1.192525843664305e-07
3277.8210038392626,0.028657000512675626,0.02865700051267768,0.02865700051267526,0.02865511723718956,0.02865687530477158,0.028656992569018946,-2.4216739724636227e-15,-1.2520790609871213e-07
3281.8928311732243,0.028723980383010658,0.028723980383012982,0.028723980383006206,0.02872200097131704,0.02872384879539056,0.02872397203480344,-6.7758298971654085e-15,-1.3158762242337918e-07
3285.9646585071864,0.028794426311283056,0.02879442631128562,0.028794426311276846,0.028792343751109492,0.0287942878793768,0.028794417529079276,-8.77423134149069e-15,-1.384319088214292e-07
3290.036485841148,0.028868593508149482,0.028868593508152348,0.028868593508146707,0.028866400107391374,0.028868447722409117,0.0288685842596533,-5.641320743876577e-15,-1.4578574323090288e-07
3294.1083131751097,0.02894676242624592,0.028946762426248964,0.028946762426249516,0.02894444972971267,0.028946608726642932,0.028946752675963132,5.516420653606247e-16,-1.5369960603209276e-07
3298.180140509072,0.02902924192382309,0.02902924192382617,0.029029241923831658,0.02902680061755009,0.029029079693524678,0.029029231632660617,5.488665077990618e-15,-1.622303014911508e-07
3302.2519678430335,0.029116372913288398,0.029116372913291052,0.029116372913298293,0.029113792714209254,0.02911620147136652,0.02911636203809227,7.240735788727193e-15,-1.714419245318899e-07
3306.323795176995,0.029208532582887168,0.029208532582888927,0.029208532582895335,0.029205802111207615,0.029208351175885803,0.02920852107590858,6.4080685202583254e-15,-1.8140700312405111e-07
3310.3956225109573,0.029306139298438574,0.029306139298439615,0.02930613929844482,0.029303245929489147,0.029305947090586214,0.02930612710671477,5.204170427930421e-15,-1.92207853400711e-07
3314.467449844919,0.02940965831524711,0.029409658315248145,0.02940965831525433,0.02940658800689179,0.02940945437705446,0.029409645379879085,6.186023915333294e-15,-2.039381936866369e-07
3318.5392771788806,0.029519608459282053,0.029519608459283787,0.02951960845929292,0.029516345550089116,0.029519391754208736,0.029519594714589672,9.131584377541913e-15,-2.1670507505122671e-07
3322.6111045128428,0.02963656997308314,0.02963656997308618,0.029636569973098,0.029633096945368496,0.029636339341885802,0.029636555345613814,1.1820405765305964e-14,-2.306312003770572e-07
3326.6829318468044,0.029761193767743256,0.029761193767747978,0.02976119376776181,0.029757490968211828,0.029760947910024003,0.029761178175103434,1.383268499743906e-14,-2.458577239745907e-07
3330.7547591807665,0.02989421238055758,0.029894212380563376,0.02989421238057971,0.029890257689512065,0.029893949832916683,0.029894195730028484,1.6334156249797616e-14,-2.6254764669275676e-07
3334.826586514728,0.0300364530122868,0.03003645301229273,0.030036453012313308,0.030032221450131177,0.03003617212233692,0.0300364351991795,2.0577289872036886e-14,-2.8088995580877185e-07
3338.89841384869,0.030188853113518755,0.03018885311352508,0.030188853113550494,0.030184316370398107,0.03018855200882635,0.03018883401920919,2.5413698923060224e-14,-3.011046987300148e-07
3342.970241182652,0.030352479113168098,0.03035247911317537,0.030352479113205273,0.030347604983847993,0.03035215566393723,0.030352458602732786,2.99031632788882e-14,-3.234492381397336e-07
3347.0420685166137,0.030528549043029905,0.030528549043037027,0.0305285490430715,0.030523300744259792,0.030528200817028353,0.03052852696239094,3.447242491461111e-14,-3.4822600867429054e-07
3351.1138958505753,0.03071846002335907,0.030718460023365955,0.030718460023400247,0.030712795364576283,0.030718084231167984,0.030718436195819362,3.429201367310952e-14,-3.7579219797079233e-07
3355.1857231845374,0.03092382185343578,0.030923821853442262,0.030923821853464567,0.030917692223197537,0.030923415281533192,0.030923796075441504,2.2305074454109786e-14,-4.065719090701192e-07
3359.257550518499,0.031146498322826618,0.031146498322832287,0.03114649832283459,0.031139847442084482,0.031146057251282205,0.03114647035875597,2.3037127760972e-15,-4.410715500821616e-07
3363.3293778524608,0.03138865835876571,0.031388658358771214,0.03138865835875396,0.03138142073689848,0.031388178459317566,0.031388627934477185,-1.7257029139017277e-14,-4.798994536481249e-07
3367.401205186423,0.03165283980285443,0.03165283980286097,0.031652839802828014,0.03164493881172819,0.031652316011772326,0.03165280659763722,-3.295280714965543e-14,-5.237910886413122e-07
3371.4730325203845,0.0319420295384845,0.03194202953849311,0.0319420295384501,0.03193337499147673,0.03194145589675735,0.03194199317494023,-4.3007264416417e-14,-5.736417357585233e-07
3375.544859854346,0.032259764974659294,0.03225976497467052,0.03225976497462608,0.03225025005829012,0.032259134425451,0.03225972500587907,-4.44436154545258e-14,-6.305492195185503e-07
3379.6166871883083,0.03261026368827353,0.032610263688286775,0.03261026368825191,0.032599761038971324,0.03260956781794876,0.032610219581442494,-3.486794186713382e-14,-6.958703380119391e-07
3383.68851452227,0.03299859056899846,0.032998590569012956,0.032998590568989815,0.03298694720930291,0.03299781927285913,0.032998541684235924,-2.3141211169530607e-14,-7.712961538272611e-07
3387.7603418562317,0.0334308754532836,0.033430875453299626,0.03343087545328346,0.03341790618931652,0.03343001649972449,0.03343082101605319,-1.6167622796103842e-14,-8.589535751349353e-07
3391.832169190194,0.03391459952274053,0.03391459952275886,0.03391459952275038,0.03390007824083946,0.03391363797870474,0.033914538587479226,-8.479328350574633e-15,-9.6154405412191e-07
3395.9039965241554,0.03445897653203042,0.03445897653205171,0.034458976532054285,0.03444262458993885,0.0344578939966294,0.03445890793363361,2.5743296383495817e-15,-1.0825354223101269e-06
3399.975823858117,0.03507546658277855,0.03507546658280335,0.035075466582816475,0.035056937126312755,0.03507424015186043,0.03507538887105539,1.3128387266192476e-14,-1.2264309429202425e-06
3404.0476511920792,0.03577847787823637,0.0357784778782656,0.035778477878286634,0.035757334357081456,0.03577707872586092,0.03577838922811561,2.103178742274281e-14,-1.3991524046852444e-06
3408.119478526041,0.03658633932366561,0.036586339323700645,0.036586339323724605,0.03656202561197838,0.03658473072907704,0.036586237410301224,2.396000065019166e-14,-1.6085946236074622e-06
3412.1913058600026,0.03752267013349839,0.0375226701335399,0.03752267013355949,0.03749446828164557,0.03752080469100158,0.037522551955652,1.9588497490730106e-14,-1.8654425383221596e-06
3416.2631331939647,0.03861834239461017,0.038618342394658424,0.03861834239467072,0.03858531179810271,0.03861615799562538,0.03861820402031375,1.2295719997723609e-14,-2.1843990330450147e-06
3420.3349605279263,0.03991434761756702,0.03991434761762322,0.0399143476176261,0.039875235663639756,0.03991176154771851,0.03991418381046728,2.8796409701214998e-15,-2.58606990470589e-06
3424.406787861888,0.04146607283244227,0.041466072832510234,0.04146607283250159,0.04141918072793005,0.04146297290596238,0.041465876490603695,-8.645861804268407e-15,-3.0999265478517946e-06
3428.47861519585,0.04334982952320408,0.043349829523288835,0.043349829523273944,0.04329280585565628,0.04334606043887927,0.04334959081542323,-1.4890866317784912e-14,-3.7690844095633613e-06
3432.550442529812,0.045673082281122754,0.0456730822812308,0.04567308228121961,0.045602596708662735,0.045668424049521913,0.045672787281330715,-1.119243586700236e-14,-4.658231708885852e-06
3436.6222698637735,0.04859093656454358,0.04859093656468418,0.048590936564690934,0.04850214842604643,0.048585069365680134,0.04859056502719486,6.751543768501733e-15,-5.8671990040490285e-06
3440.6940971977356,0.05233356258314964,0.05233356258333632,0.052333562583369686,0.05221922674701135,0.05232600761182185,0.05233308419848417,3.336914078388986e-14,-7.554971514465991e-06
3444.7659245316972,0.05725339387202559,0.05725339387227741,0.05725339387233231,0.05710230205940567,0.05724341017824464,0.0572527617354753,5.490052856771399e-14,-9.983694032766888e-06
3448.837751865659,0.06390934564480558,0.06390934564515283,0.06390934564521802,0.06370350813905042,0.0638957435314863,0.0639084844436939,6.519784712111232e-14,-1.3602113666522087e-05
3452.909579199621,0.07322249363580585,0.07322249363630173,0.07322249363636248,0.07293186882128354,0.07320328558043733,0.07322127754966277,6.074307723480388e-14,-1.9208055864403106e-05
3456.9814065335827,0.0867716380004531,0.0867716380011938,0.08677163800122985,0.08634408834059928,0.08674337341291796,0.08676984858563594,3.605449272470196e-14,-2.8264588275830893e-05
3461.0532338675443,0.107351170939205,0.1073511709403632,0.10735117094034555,0.10669397003102207,0.1073077128346412,0.10734841969011993,-1.765254609153999e-14,-4.345810572199682e-05
3465.1250612015065,0.13989657121559002,0.1398965712174643,0.13989657121735577,0.1388502401812371,0.13982737873668458,0.1398921909139754,-1.0852430065710905e-13,-6.919248077971729e-05
3469.196888535468,0.19200713325042723,0.19200713325344404,0.19200713325322774,0.19036509568733992,0.19189866353003548,0.1920002672325015,-2.1629920077259612e-13,-0.00010846972340855521
3473.26871586943,0.26790822411772897,0.26790822412188653,0.26790822412161835,0.2657717398964499,0.2677677435455266,0.26789933533451155,-2.6817437159820656e-13,-0.00014048057635990263
3477.340543203392,0.34265891587943054,0.3426589158824493,0.3426589158823168,0.3411950163112582,0.3425638909049264,0.3426529096387943,-1.3250511798901243e-13,-9.502497752289507e-05
3481.4123705373536,0.36343653338952303,0.3634365333884041,0.3634365333885245,0.36350501444489336,0.363441827380397,0.3634368709583662,1.2040368702059823e-13,5.293991992894043e-06
3485.4841978713152,0.3325267144624923,0.3325267144589303,0.3325267144591665,0.33329728262985653,0.3325773109235442,0.3325299119929964,2.3619994848900205e-13,5.059646461391676e-05
3489.5560252052774,0.2819896740889289,0.2819896740853692,0.2819896740855666,0.2832104365364678,0.2820697600605876,0.28199473476748943,1.9739765377835283e-13,8.008597521841354e-05
3493.627852539239,0.2178791516196291,0.21787915161702587,0.2178791516171214,0.21928638516007448,0.2179709141347638,0.2178849478739839,9.553469126899472e-14,9.176251773793109e-05
3497.6996798732007,0.16167264791819014,0.16167264791652974,0.16167264791655192,0.16271165268646912,0.16174015545021092,0.16167691090619188,2.2176704916887502e-14,6.750753368117701e-05
3501.771507207163,0.12414265360932432,0.12414265360828469,0.1241426536082639,0.12479110545508815,0.12418473049031019,0.12414531021195191,-2.0788926136106056e-14,4.207688202549631e-05
3505.8433345411245,0.1009312300947653,0.10093123009409521,0.10093123009404803,0.10132646575345268,0.10095685387087652,0.1009328475331113,-4.718447854656915e-14,2.562377678130834e-05
3509.915161875086,0.0865417167307362,0.08654171673028714,0.08654171673022445,0.08678558148433906,0.08655750440274235,0.0865427129095505,-6.26859675278979e-14,1.5787672455205848e-05
3513.9869892090483,0.07749911902727744,0.07749911902696613,0.07749911902689692,0.07765036988342226,0.0775088834473076,0.077499734724195,-6.92085277975707e-14,9.764420341465407e-06
3518.05881654301,0.07183914933026284,0.07183914933004198,0.07183914932997776,0.07193050188518119,0.0718450125620705,0.07183951853766525,-6.42264019745653e-14,5.863232028516241e-06
3522.1306438769716,0.0684587383217952,0.06845873832163653,0.06845873832158308,0.06850853452776326,0.06846188917956623,0.06845893608881838,-5.344336084789347e-14,3.1508579297068184e-06
3526.2024712109337,0.06673379410190988,0.06673379410179481,0.06673379410175852,0.06675228262364867,0.06673489540601987,0.06673386225147807,-3.6290415117434804e-14,1.1013042250651583e-06
3530.2742985448954,0.06631830538303841,0.06631830538295516,0.06631830538294037,0.06631087424952585,0.06631770342059046,0.06631826573670718,-1.479372180313021e-14,-6.019623647046668e-07
3534.346125878857,0.06704131530518243,0.06704131530512433,0.067041315305121,0.06701011318005815,0.06703914465696614,0.06704117629884025,-3.3306690738754696e-15,-2.17064815818957e-06
3538.417953212819,0.06885645778875166,0.06885645778871514,0.06885645778870149,0.0688011183345668,0.06885268777609672,0.068856217399329,-1.3655743202889425e-14,-3.7700126184203597e-06
3542.489780546781,0.07182239605837948,0.07182239605836215,0.07182239605833121,0.07174018283796307,0.07181683926892837,0.07182204233224859,-3.0933589023618424e-14,-5.556789433772136e-06
3546.5616078807425,0.07610536500285447,0.07610536500285663,0.0761053650028226,0.07599082750227903,0.07609765355398888,0.0761048745410122,-3.402833570476105e-14,-7.71144886774211e-06
3550.6334352147046,0.08200303972979948,0.08200303972982391,0.08200303972979554,0.08184709991911414,0.08199256365407971,0.08200237377116262,-2.836619827917275e-14,-1.0476075744197955e-05
3554.7052625486663,0.08999615276900257,0.08999615276905454,0.08999615276903124,0.0897843405498463,0.08998194152572464,0.08999524966477045,-2.3300805729320473e-14,-1.4211243329897982e-05
3558.777089882628,0.10084418337274118,0.10084418337282906,0.10084418337281219,0.10055340690203769,0.1008246892547225,0.10084294483389337,-1.687538997430238e-14,-1.9494118106561098e-05
3562.84891721659,0.11575901631287044,0.11575901631300863,0.11575901631300078,0.1153516163271954,0.1157317158416285,0.11575728210432608,-7.840950111415168e-15,-2.730047138012337e-05
3566.9207445505517,0.1367245161715194,0.13672451617173398,0.13672451617174378,0.13613710952497754,0.13668516224925284,0.1367220166379231,9.797718192317006e-15,-3.9353922481139e-05
3570.9925718845134,0.16709333148174693,0.16709333148208516,0.16709333148210706,0.1662158596007866,0.16703454966012332,0.16708959844253843,2.1899149160731213e-14,-5.8781821961839675e-05
3575.0643992184755,0.21267228423697995,0.21267228423752826,0.21267228423751838,0.2113120736840171,0.21258117081135636,0.21266649853269518,-9.880984919163893e-15,-9.11134261719071e-05
3579.136226552437,0.2833223715466433,0.2833223715475421,0.28332237154745393,0.28117098997245776,0.2831783221103928,0.28331322525594343,-8.815170815523743e-14,-0.0001440494371492962
3583.208053886399,0.39297861364311726,0.3929786136444922,0.3929786136442969,0.3897483831713342,0.3927626824263462,0.3929649040914052,-1.9528823003156504e-13,-0.0002159312181460038
3587.279881220361,0.550655077316633,0.5506550773181815,0.550655077317882,0.5467189201686129,0.5503927532202764,0.5506384190631872,-2.9953817204386723e-13,-0.0002623240979051644
3591.3517085543226,0.7514731913888728,0.7514731913895464,0.7514731913892014,0.7478942853460001,0.7512346159657965,0.7514580249191266,-3.4494629375103614e-13,-0.00023857542374983165
3595.4235358882843,0.9536800881564331,0.9536800881557007,0.9536800881556294,0.951935210040115,0.9535630117975075,0.9536726197802138,-7.127631818093505e-14,-0.00011707635819324658
3599.4953632222464,1.0000000000014058,1.0,1.0000000000004303,1.001383980996744,1.000090171259973,1.0000056868364577,4.303224443447107e-13,9.017125997301534e-05
3603.567190556208,0.8793405914617557,0.8793405914604666,0.879340591460929,0.8813126456015701,0.8794694192583671,0.8793487366779617,4.624078897563777e-13,0.00012882779790046595
3607.6390178901697,0.7421628301221534,0.7421628301211732,0.7421628301215105,0.7445765694389697,0.742325074784593,0.7421731325932028,3.3728575488112256e-13,0.00016224466341974164
3611.710845224132,0.5837052911693609,0.5837052911686971,0.5837052911689271,0.5877734183176924,0.5839793366150019,0.5837227247223452,2.3003821070233244e-13,0.00027404544630482697
3615.7826725580935,0.419974380887699,0.4199743808872749,0.4199743808873579,0.42369238524392794,0.42022346402027766,0.4199902252725872,8.298917109073045e-14,0.00024908313300275875
3619.854499892055,0.29960974837706456,0.2996097483767882,0.29960974837678384,0.30210624050821616,0.29977665898504974,0.2996203643841236,-4.385380947269368e-15,0.00016691060826151682
3623.9263272260173,0.2222975354436395,0.22229753544345188,0.2222975354434155,0.2238751867924795,0.22240297268162307,0.22230424100437393,-3.6387559632089506e-14,0.000105437238171191
3627.998154559979,0.17290637378136733,0.17290637378123475,0.17290637378118262,0.1739251305728678,0.1729744626680619,0.17291070377639248,-5.21249710061511e-14,6.808888682716119e-05
3632.0699818939406,0.14028644692901865,0.14028644692892164,0.14028644692884795,0.1409708159459335,0.14033219274419106,0.1402893558753179,-7.369105325949477e-14,4.574581526942123e-05
3636.1418092279027,0.11790806159626913,0.11790806159619621,0.11790806159611449,0.11838578929716799,0.1179399983441043,0.11791009232296659,-8.172629240021934e-14,3.1936747908092866e-05
3640.2136365618644,0.10203676726447013,0.10203676726441449,0.10203676726434738,0.10238125788083974,0.10205979898796974,0.10203823169186681,-6.711298183859071e-14,2.3031723555250183e-05
3644.285463895826,0.0904815523748071,0.09048155237476445,0.09048155237471867,0.090736459112964,0.090498596030321,0.09048263602703242,-4.578282197797989e-14,1.7043655556547854e-05
3648.357291229788,0.08191087775991789,0.08191087775988454,0.08191087775984379,0.08210315112992103,0.08192373453813837,0.08191169519156875,-4.0745185003743245e-14,1.2856778253828027e-05
3652.42911856375,0.07548909012310022,0.07548909012307302,0.07548909012302477,0.07563593228677022,0.07549890986606324,0.07548971446078558,-4.8253068207770866e-14,9.819742990219149e-06
3656.5009458977115,0.07067954141904824,0.0706795414190251,0.0706795414189706,0.07079221903288624,0.07068707729338566,0.07068002056064837,-5.449807272128737e-14,7.535874360559136e-06
3660.5727732316736,0.06713515496940213,0.06713515496938235,0.06713515496932543,0.0672211559810537,0.06714090755184286,0.06713552074879567,-5.69266855876549e-14,5.752582460508138e-06
3664.6446005656353,0.06463669092562885,0.06463669092561215,0.06463669092556533,0.06470097332634721,0.06464099163263876,0.0646369644191893,-4.682365606356598e-14,4.300707026602679e-06
3668.716427899597,0.06305874770246483,0.06305874770245029,0.0630587477024241,0.0631044632190776,0.06306180713162213,0.06305894230371069,-2.618738559334588e-14,3.0594291718366584e-06
3672.788255233559,0.06235375014818937,0.06235375014817665,0.062353750148169435,0.06238263902992456,0.06235568442356358,0.06235387324337264,-7.216449660063518e-15,1.934275386930584e-06
3676.8600825675207,0.06255007571513953,0.06255007571512909,0.06255007571513127,0.062562624886934,0.06255091698536269,0.06255012935084117,2.1788126858268697e-15,8.412702336008104e-07
3680.9319099014824,0.06376489387326323,0.06376489387325547,0.06376489387325031,0.06376028102007855,0.06376458644135835,0.06376487450998314,-5.162537064506978e-15,-3.074318971202361e-07
3685.0037372354445,0.06623729783224143,0.06623729783223604,0.06623729783219312,0.06621307740817974,0.06623567692098394,0.0662371949931942,-4.2923997689570115e-14,-1.6209112521092806e-06
3689.075564569406,0.07039537513895919,0.07039537513895518,0.07039537513885877,0.07034676776283882,0.07039211892186706,0.07039516835761433,-9.640899190088703e-14,-3.256217088118407e-06
3693.147391903368,0.07698624814526277,0.07698624814526082,0.07698624814512388,0.07690472597101299,0.0769807822726505,0.07698590088945687,-1.3694601008751306e-13,-5.4658726103273825e-06
3697.21921923733,0.08732794283315086,0.08732794283315251,0.08732794283299064,0.08719849642029587,0.08731925595583544,0.08732739076423807,-1.6187051699034782e-13,-8.68687731707396e-06
3701.2910465712916,0.1037889220021158,0.10378892200212225,0.10378892200195797,0.10358501890506545,0.10377522557489666,0.10378805132315898,-1.6428525206890754e-13,-1.369642722559572e-05
3705.3628739052533,0.13058355338484948,0.13058355338486313,0.130583553384748,0.1302598888037592,0.1305617936716003,0.13058216979193338,-1.1513012765362873e-13,-2.1759713262820002e-05
3709.4347012392154,0.17417242546330441,0.17417242546332945,0.1741724254633409,0.17366932496465132,0.17413859102435136,0.17417027381235317,1.1463052729254741e-14,-3.383443897808647e-05
3713.506528573177,0.2373733713166868,0.23737337131672281,0.23737337131691544,0.2367146340999837,0.23732914087219437,0.2373705592262751,1.9262369477246466e-13,-4.423044452844804e-05
3717.5783559071388,0.2923952458408756,0.292395245840902,0.292395245841243,0.29192828902416057,0.29236417334101805,0.29239327425847716,3.4100500201361683e-13,-3.10724998839329e-05
3721.650183241101,0.28416022826123666,0.28416022826123577,0.2841602282615107,0.2840526640853175,0.28415345019161714,0.2841598059644141,2.7494673204842e-13,-6.778069618629257e-06
3725.7220105750625,0.2364500860814325,0.23645008608142273,0.2364500860814709,0.23615234785509795,0.23643042765554592,0.23644884610102596,4.8155923693116165e-14,-1.965842587681177e-05
3729.793837909024,0.2059050237753772,0.20590502377537087,0.20590502377525577,0.2050017992173942,0.20584460301564045,0.20590119339900495,-1.151023720780131e-13,-6.0420759730422935e-05
3733.8656652429863,0.20832423215601276,0.20832423215601206,0.20832423215584164,0.20656691793297946,0.2082066113854367,0.2083167693144543,-1.7041923427996153e-13,-0.00011762077057536624
3737.937492576948,0.24122024322075236,0.24122024322075594,0.24122024322064764,0.2387651568909037,0.24105720500073347,0.2412099024582041,-1.0830225605218402e-13,-0.0001630382200224767
3742.0093199109097,0.2775269409085433,0.27752694090853963,0.2775269409086011,0.2762836886259021,0.27744827970343616,0.2775219705357278,6.145084441300241e-14,-7.866120510346963e-05
3746.0811472448718,0.260776088277059,0.26077608827704185,0.2607760882771899,0.26250142507860874,0.2608941134932318,0.2607835948305709,1.4804824033376462e-13,0.00011802521618997641
3750.1529745788334,0.19983953146967484,0.19983953146965716,0.1998395314697232,0.2023253518683245,0.20000460279432497,0.1998500076257482,6.603051438958119e-14,0.00016507132466780927
3754.224801912795,0.14533740730434208,0.14533740730433034,0.14533740730437275,0.14710884852475817,0.1454543347366312,0.14534482506171081,4.241051954068098e-14,0.00011692743230085068
3758.296629246757,0.10958149143518957,0.10958149143518267,0.10958149143523176,0.11067453360693953,0.1096535938305481,0.10958606548559134,4.9085735476239734e-14,7.21023953654254e-05
3762.368456580719,0.08722665571848272,0.08722665571847857,0.08722665571851217,0.08790196111668012,0.08727123979687429,0.08722948433697399,3.35981242827188e-14,4.458407839572076e-05
3766.4402839146805,0.07285737352004501,0.07285737352004266,0.0728573735200685,0.0732908996523046,0.07288602917649438,0.07285919180123784,2.584044089815052e-14,2.865565645171486e-05
3770.5121112486427,0.0632050883674484,0.0632050883674469,0.06320508836747393,0.06349589157937781,0.06322433315000504,0.06320630966536506,2.7033930649622562e-14,1.924478255814488e-05
3774.5839385826043,0.056435874115587925,0.05643587411558589,0.056435874115623764,0.05663904473564825,0.05644933447818461,0.056436728437782226,3.787248292752565e-14,1.3460362598714803e-05
3778.655765916566,0.05150536567021465,0.051505365670211696,0.05150536567026706,0.051652452947903764,0.051515120258165445,0.051505984865415494,5.5365434459275775e-14,9.754587953748894e-06
3782.727593250528,0.04779641607234767,0.047796416072344784,0.04779641607239862,0.04790620684180566,0.04780370386264509,0.04779687873607019,5.3838877800416185e-14,7.2877903003060185e-06
3786.79942058449,0.044929221430767975,0.044929221430766005,0.04492922143080091,0.04501334866184452,0.04493481032436535,0.044929576279792924,3.490263633665336e-14,5.58889359934811e-06
3790.8712479184514,0.04266087420626166,0.04266087420626067,0.04266087420627472,0.04272680614594411,0.04266525761634029,0.04266115254616564,1.4051260155412137e-14,4.383410079619732e-06
3794.9430752524136,0.04083052775612085,0.04083052775612013,0.04083052775610857,0.040883217128102604,0.040834033161839214,0.040830750366190396,-1.1560197243909442e-14,3.505405719084198e-06
3799.0149025863752,0.03932833906647254,0.03932833906647205,0.0393283390664341,0.03937116658658875,0.039331190168553326,0.03932852014214625,-3.794881076046863e-14,2.851102081279089e-06
3803.086729920337,0.03807722625580685,0.03807722625580647,0.038077226255755464,0.038112559495791336,0.03807957982158921,0.038077375745868614,-5.1007809087622036e-14,2.3535657827367107e-06
3807.158557254299,0.037021781788970705,0.03702178178896999,0.03702178178891372,0.03705131700822076,0.03702375020545349,0.03702190682625463,-5.6267490666783715e-14,1.968416483498492e-06
3811.2303845882607,0.03612132129895148,0.03612132129894992,0.036121321298894324,0.03614629874070598,0.03612298678709281,0.03612142710211795,-5.5594417958104714e-14,1.6654881428920798e-06
3815.3022119222223,0.03534540061976378,0.03534540061976181,0.035345400619715535,0.03536674375932829,0.03534682443375287,0.03534549107695177,-4.6275483445157306e-14,1.4238139910624503e-06
3819.3740392561845,0.034670850030637856,0.03467085003063646,0.03467085003060374,0.03468925782871445,0.03467207855607878,0.0346709280863892,-3.272382365082649e-14,1.2285254423205494e-06
3823.445866590146,0.03407976658703657,0.03407976658703623,0.03407976658701378,0.03409577595447391,0.034080835472282675,0.03407983450443936,-2.2447321779139884e-14,1.0688852464454945e-06
3827.517693924108,0.033558126472349604,0.03355812647235062,0.03355812647233602,0.03357215541010065,0.033559063483176076,0.03355818601418544,-1.459943277382081e-14,9.370108254580511e-07
3831.58952125807,0.03309480764106265,0.03309480764106499,0.0330948076410629,0.03310718557546436,0.033095634668980925,0.03309486019725314,-2.0886070650760757e-15,8.270279159353078e-07
3835.6613485920316,0.03268088954144782,0.032680889541450875,0.03268088954146151,0.03269187900932331,0.032681624039987464,0.032680936220204994,1.0637324354689781e-14,7.344985365892454e-07
3839.7331759259932,0.03230914346137523,0.03230914346137717,0.03230914346139431,0.032318955846978956,0.032309799488838595,0.03230918515538036,1.7139067942650854e-14,6.560274614236805e-07
3843.8050032599554,0.03197365626440533,0.03197365626440476,0.03197365626442409,0.031982463379029304,0.031974245251459095,0.03197369369952876,1.9331758416285538e-14,5.889870543368536e-07
3847.876830593917,0.031669548933680534,0.03166954893367793,0.031669548933696494,0.031677491645634964,0.03167008025563942,0.03166958270530715,1.8561541192951836e-14,5.313219614902498e-07
3851.9486579278787,0.03139276347479945,0.031392763474796206,0.03139276347480609,0.03139995821742352,0.03139324488334882,0.031392794075231205,9.880984919163893e-15,4.814085526119727e-07
3856.020485261841,0.03113989976432735,0.031139899764325064,0.03113989976431976,0.031146443497732577,0.03114033771678444,0.03113992760368353,-5.304784389537076e-15,4.37952459377694e-07
3860.0923125958025,0.030908089340280196,0.0309080893402787,0.030908089340259612,0.030914063372826678,0.03090848925326973,0.03090811476259888,-1.9088897129648785e-14,3.999129910281507e-07
3864.164139929764,0.03069489682877001,0.030694896828768217,0.030694896828735024,0.030700369788303913,0.030695263275524215,0.03069492012453411,-3.319219898934023e-14,3.66446755998423e-07
3868.2359672637263,0.030498242264794636,0.03049824226479304,0.030498242264749512,0.030503272429311352,0.030498579129965744,0.030498263680762788,-4.3527681459210044e-14,3.368651727043981e-07
3872.307794597688,0.030316339366264565,0.03031633936626353,0.03031633936622181,0.03032097650726823,0.030316649968401218,0.030316359113245293,-4.172009959724221e-14,3.106021376868273e-07
3876.3796219316496,0.030147646101320893,0.030147646101320313,0.030147646101289685,0.030151932953113265,0.03014793329051874,0.030147664360372278,-3.0628277691846506e-14,2.871891984258801e-07
3880.4514492656117,0.029990824810604524,0.029990824810605086,0.029990824810586694,0.029994798249972345,0.029991091046932872,0.029990841738014886,-1.839153829230611e-14,2.6623632778596806e-07
3884.5232765995734,0.029844709816349603,0.029844709816351813,0.02984470981634378,0.029848401816241835,0.029844957233267157,0.029844725547663337,-8.031769693772617e-15,2.4741691534435617e-07
3888.595103933535,0.029708280942516374,0.029708280942518955,0.029708280942519198,0.029711719348010517,0.029708511398482795,0.029708295595809717,2.42861286636753e-16,2.3045596383997058e-07
3892.666931267497,0.029580641735328716,0.029580641735329805,0.029580641735334444,0.029583850898869588,0.029580856856068365,0.029580655413894614,4.638650574761982e-15,2.1512073855936564e-07
3896.738758601459,0.029461001446827118,0.029461001446826368,0.029461001446833862,0.029464002751270705,0.02946120266013804,0.02946101424138766,7.494005416219807e-15,2.0121331167216594e-07
3900.8105859354205,0.029348660050242614,0.02934866005024041,0.02934866005024899,0.029351472341878796,0.029348848614818755,0.029348672040778685,8.579942312181288e-15,1.8856457834406926e-07
3904.8824132693826,0.029242995712836662,0.029242995712833973,0.02924299571283997,0.029245635661752714,0.029243172742259783,0.029243006970111465,5.995204332975845e-15,1.7702942580952175e-07
3908.9542406033443,0.02914345427208091,0.02914345427207882,0.029143454272079868,0.029145936673538157,0.02914362075488958,0.029143464858914236,1.0477729794899915e-15,1.664828107594829e-07
3913.026067937306,0.029049540353844234,0.02904954035384309,0.029049540353842062,0.029051878381508106,0.029049697170399746,0.02904955032618267,-1.0269562977782698e-15,1.568165566567803e-07
3917.097895271268,0.02896080984337518,0.028960809843374832,0.028960809843378253,0.028963015263043585,0.02896095778010059,0.028960819251196923,3.4208746946262636e-15,1.47936725758413e-07
3921.1697226052297,0.028876863476288536,0.0288768634762889,0.02887686347630073,0.0288789468270494,0.028877003237740232,0.028876872364370466,1.1830814106161824e-14,1.397614513322376e-07
3925.2415499391914,0.028797341361159412,0.02879734136116007,0.02879734136117911,0.028799312109565166,0.028797473580302414,0.028797349769729478,1.9040324872321435e-14,1.3221914234307075e-07
3929.3133772731535,0.028721918280476086,0.028721918280476454,0.028721918280499113,0.028723784952265224,0.028722043527464568,0.028721926245771235,2.2658958043209054e-14,1.2524698811411383e-07
3933.385204607115,0.028650299644682936,0.028650299644682877,0.0286502996447074,0.028652069937737387,0.02865041843439214,0.028650307199428147,2.4522051056408145e-14,1.1878970926360033e-07
3937.4570319410773,0.028582217996437863,0.028582217996437887,0.028582217996462295,0.02858389887799276,0.028582330794946816,0.02858222517025806,2.4407559306993676e-14,1.1279850892914611e-07
3941.528859275039,0.02851742998021616,0.028517429980216533,0.028517429980237975,0.02851902777080216,0.028517537210405453,0.028517436799991126,2.1441182163073336e-14,1.0723018891919955e-07
3945.6006866090006,0.02845571370694877,0.028455713706949683,0.028455713706966455,0.028457234153116004,0.028455815753352154,0.028455720197121292,1.677130656574377e-14,1.020464024704959e-07
3949.6725139429627,0.028396866455209318,0.028396866455210546,0.028396866455223272,0.028398314792729154,0.0283969636682303,0.02839687263805308,1.2725931419765857e-14,9.72130197555987e-08
3953.7443412769244,0.028340702660101844,0.028340702660102902,0.028340702660112165,0.028342083669058698,0.028340795359690238,0.02834070855595487,9.26342336171615e-15,9.269958733612582e-08
3957.816168610886,0.02828705214890209,0.028287052148902415,0.028287052148908566,0.028288370201854905,0.02828714062776855,0.028287057776371295,6.151329445813758e-15,8.84788661364988e-08
3961.887995944848,0.028235758588999557,0.028235758588999176,0.028235758589005542,0.028237017693202665,0.028235843115434645,0.02823576396514038,6.366435156834882e-15,8.452643546902339e-08
3965.95982327881,0.028186678119056868,0.02818667811905633,0.028186678119066274,0.02818788195357034,0.028186758939408647,0.028186683259530682,9.943434964299058e-15,8.082035231685158e-08
3970.0316506127715,0.02813967813874401,0.028139678138744018,0.028139678138756643,0.028140830087136817,0.028139755479601493,0.028139683057956614,1.2625317458159202e-14,7.734085747529429e-08
3974.1034779467336,0.028094636236109444,0.028094636236110145,0.028094636236121427,0.028095739415350138,0.028094710306231296,0.028094640947332813,1.1282641487753153e-14,7.407012115115408e-08
3978.1753052806953,0.028051439234734788,0.028051439234735766,0.028051439234742903,0.028052496520776318,0.028051510226758374,0.02805144375021566,7.136652380168584e-15,7.099202260774096e-08
3982.247132614657,0.02800998234541293,0.02800998234541332,0.028009982345417527,0.028010996395901447,0.028010050437371266,0.02800998667646943,4.208439152719734e-15,6.809195794710288e-08
3986.318959948619,0.02797016840925814,0.027970168409257617,0.0279701684092632,0.027971141683735355,0.027970233765930802,0.0279701725663664,5.582340145693365e-15,6.535667318452454e-08
3990.3907872825807,0.027931907220997528,0.027931907220995814,0.02793190722100481,0.027932841998908924,0.02793196999511344,0.027931911213867882,8.996275946415722e-15,6.277411762622975e-08
3994.4626146165424,0.02789511492273317,0.027895114922731102,0.02789511492274222,0.027896013319517313,0.027895175256046845,0.027895118760379208,1.1119577481011333e-14,6.033331574270551e-08
3998.5344419505045,0.027859713459791824,0.027859713459791057,0.027859713459802076,0.02786057744128094,0.027859771484045705,0.02785971715059161,1.1018963519404679e-14,5.8024254647598417e-08
