wavenumber_cm-1,NMA_reference,Dense_exact,Sparse_Krylov,Suzuki4_r1,Suzuki4_r2,Suzuki4_r4,Krylov_minus_exact,Suzuki4_r2_minus_exact
0.0,0.04435764579890713,0.044357645798906574,0.0443576457988604,0.04436190808690285,0.044357933128978344,0.04435766409342962,-4.61714000365987e-14,2.8733007177011993e-07
4.071827333961817,0.044509663999784434,0.04450966399978385,0.044509663999743,0.04451418426079951,0.044509968319559855,0.044509683369752626,-4.0849268412301853e-14,3.043197760038696e-07
8.143654667923634,0.0449966712498774,0.04499667124987694,0.044996671249843995,0.045002023359939615,0.044997030299185906,0.04499669408389806,-3.294586825575152e-14,3.590493089650204e-07
12.215482001885452,0.04590312611237206,0.045903126112372274,0.04590312611234273,0.045909914924084805,0.0459035796685759,0.04590315492806589,-2.954581024283698e-14,4.535562036292462e-07
16.28730933584727,0.04727314683883371,0.04727314683883458,0.04727314683881288,0.047281249403158844,0.04727368715583792,0.04727318114968159,-2.1697921237517903e-14,5.403170033405069e-07
20.359136669809086,0.04885797734321409,0.0488579773432151,0.04885797734320886,0.048865826654517,0.048858502446344286,0.04885801071230177,-6.238065619612598e-15,5.251031291869657e-07
24.430964003770903,0.050356897636603073,0.05035689763660436,0.05035689763661129,0.05036458577923856,0.05035741491005099,0.05035693055591621,6.931955010003321e-15,5.172734466318829e-07
28.50279133773272,0.05200489431620606,0.0520048943162073,0.052004894316216424,0.05201408971253019,0.052005513181660995,0.05200493370417474,9.124645483638005e-15,6.188654536956606e-07
32.57461867169454,0.05451086891017856,0.05451086891017952,0.05451086891018805,0.05452303562181386,0.05451168491732617,0.054510920799908893,8.527900607901984e-15,8.160071466520313e-07
36.64644600565635,0.058425331944694674,0.05842533194469488,0.05842533194470566,0.05844007363049477,0.05842631786133789,0.058425394594157014,1.0776102232767926e-14,9.859166430065125e-07
40.71827333961817,0.06374124433579634,0.063741244335796,0.06374124433581545,0.06375810573959069,0.06374236804163756,0.06374131568193465,1.9442780718748054e-14,1.1237058415575207e-06
44.790100673579985,0.07008630227822431,0.07008630227822374,0.07008630227826111,0.07010471447917611,0.07008752597872159,0.07008637992280571,3.737288256644433e-14,1.223700497848812e-06
48.861928007541806,0.0768210871795914,0.07682108717959087,0.07682108717964273,0.07684081531999672,0.07682239491802588,0.07682117010051859,5.1861293037802625e-14,1.307738435013528e-06
52.93375534150362,0.08069553331478486,0.0806955333147845,0.08069553331483642,0.0807068867757613,0.08069628601557162,0.08069558103220398,5.191680418903388e-14,7.527007871155345e-07
57.00558267546544,0.07913452176067008,0.07913452176067017,0.07913452176070286,0.07913995814619959,0.07913487839274104,0.07913454430820359,3.269606807521086e-14,3.566320708747739e-07
61.077410009427254,0.07768949661285601,0.07768949661285651,0.0776894966128609,0.07769741010131422,0.07769001287903987,0.0776895291955666,4.385380947269368e-15,5.162661833590931e-07
65.14923734338907,0.07875770992593017,0.0787577099259308,0.07875770992590896,0.07875622009964799,0.07875761555392721,0.07875770395343631,-2.1843638009499955e-14,-9.437200358675124e-08
69.2210646773509,0.07977224510038398,0.07977224510038432,0.07977224510035408,0.07975412380969624,0.07977107021127494,0.0797721709795307,-3.02396996332277e-14,-1.1748891093760205e-06
73.2928920113127,0.08090000988434888,0.08090000988434884,0.08090000988431315,0.08088516409300128,0.08089905489301846,0.0808999497960241,-3.569367024169878e-14,-9.549913303763535e-07
77.36471934527452,0.08428917475934847,0.08428917475934813,0.08428917475927523,0.0842900145444103,0.08428924545235253,0.08428917948542004,-7.290001935444934e-14,7.069300439477288e-08
81.43654667923634,0.08893353448104614,0.08893353448104557,0.08893353448092559,0.08893703842022177,0.08893376630879951,0.08893354914080907,-1.199873533863638e-13,2.3182775393815191e-07
85.50837401319816,0.09070726356805738,0.09070726356805642,0.09070726356791256,0.0906832270837235,0.09070565941151723,0.09070716163576077,-1.4385714841580466e-13,-1.604156539186663e-06
89.58020134715997,0.0867993602840421,0.0867993602840411,0.086799360283895,0.08675716896545448,0.08679653360353416,0.08679918059351248,-1.461053500406706e-13,-2.826680506939905e-06
93.65202868112179,0.08038187684642863,0.08038187684642786,0.08038187684629383,0.08034151995306962,0.08037915252935834,0.08038170336353029,-1.3403167464787202e-13,-2.7243170695190333e-06
97.72385601508361,0.07384142940096916,0.07384142940096887,0.07384142940085438,0.07380934165155714,0.07383924416080564,0.07384128995671702,-1.1449174941446927e-13,-2.185240163224411e-06
101.79568334904542,0.06899475610464273,0.0689947561046426,0.0689947561045649,0.06897265319826552,0.06899324052646037,0.06899465923819485,-7.770173393595314e-14,-1.5155781822318026e-06
105.86751068300724,0.06672468166289967,0.06672468166289942,0.06672468166287471,0.06671092470308146,0.06672372937145687,0.06672462066516886,-2.4716340085717547e-14,-9.52291442549158e-07
109.93933801696906,0.06694418634175223,0.06694418634175184,0.06694418634177185,0.06693588032320481,0.06694359683924928,0.06694414836823631,2.0011770018868447e-14,-5.895025025626222e-07
114.01116535093088,0.06947144854538392,0.06947144854538359,0.06947144854543243,0.06946624943015658,0.0694710552796229,0.06947142286380688,4.8835935295699073e-14,-3.932657606925405e-07
118.08299268489269,0.07444203772697933,0.07444203772697904,0.07444203772704959,0.07443769494407432,0.0744416780545971,0.07444201381580812,7.05546732149287e-14,-3.5967238193324036e-07
122.15482001885451,0.08169215922712086,0.08169215922712086,0.0816921592272133,0.08168417222466388,0.0816915210927041,0.08169211708370305,9.24399445878521e-14,-6.381344167666336e-07
126.22664735281633,0.08931421568247713,0.0893142156824776,0.08931421568259924,0.08929763588746699,0.08931297294036544,0.08931413466032043,1.2163881013549371e-13,-1.2427421121619098e-06
130.29847468677815,0.09662983344120596,0.09662983344120663,0.09662983344134596,0.09661221465755708,0.09662850771603851,0.0966297469513719,1.3933298959045715e-13,-1.325725168116465e-06
134.37030202073996,0.1079007688031161,0.10790076880311665,0.10790076880326024,0.10788957260453673,0.1078998488243891,0.10790070773224618,1.4359347044745618e-13,-9.199787275454563e-07
138.4421293547018,0.12702809723991626,0.12702809723991654,0.12702809724006134,0.12701515520387605,0.1270269958974863,0.12702802361413007,1.4480083798673604e-13,-1.1013424302264152e-06
142.5139566886636,0.15554527603722104,0.15554527603722162,0.15554527603739374,0.15549306378771555,0.1555413967556348,0.15554502337959364,1.721123243925149e-13,-3.8792815868216035e-06
146.5857840226254,0.19253378881016348,0.19253378881016495,0.19253378881046213,0.19231120368344368,0.19251809767117295,0.19253277859447857,2.971789481165388e-13,-1.56911389919967e-05
150.65761135658724,0.22267449670005404,0.22267449670005587,0.22267449670057307,0.22206948402111007,0.22263233663665535,0.2226717914285789,5.171973960216292e-13,-4.2160063400520364e-05
154.72943869054905,0.22613328628294163,0.22613328628294316,0.22613328628342988,0.22550972745809594,0.22608968065801535,0.22613048949055128,4.867217739956686e-13,-4.3605624927806064e-05
158.80126602451085,0.22562032120446732,0.22562032120446807,0.22562032120442024,0.22562274025160758,0.2256200039501979,0.22562029849585166,-4.782285678572862e-14,-3.1725427016016106e-07
162.8730933584727,0.24511728479822786,0.24511728479822786,0.24511728479755884,0.24591881656222497,0.2451723592323395,0.24512081172982356,-6.690203946391193e-13,5.507443411162383e-05
166.9449206924345,0.2823196441688359,0.2823196441688346,0.2823196441679189,0.2838226083384497,0.2824233967890227,0.2823262909103948,-9.157119507108291e-13,0.00010375262018808007
171.01674802639633,0.33838435258062793,0.33838435258062494,0.33838435257977695,0.3405832035019779,0.3385363113834987,0.33839408751698447,-8.479883462086946e-13,0.00015195880287377506
175.08857536035813,0.43489931445744245,0.4348993144574384,0.4348993144566379,0.4378868270792537,0.43510618537263723,0.4349125683119541,-8.005263119059691e-13,0.00020687091519883127
179.16040269431994,0.5547604916361797,0.554760491636175,0.5547604916352559,0.5574261048877142,0.554946932963023,0.5547724492533597,-9.19153642087167e-13,0.00018644132684797476
183.23223002828178,0.5940914160870524,0.594091416087048,0.594091416086365,0.5942405016007796,0.5941052232857471,0.5940923305490103,-6.830092047493963e-13,1.380719869914504e-05
187.30405736224358,0.5304876961801278,0.530487696180124,0.530487696180079,0.5289155613530107,0.5303811856766604,0.5304808990478888,-4.5075054799781356e-14,-0.00010651050346366375
191.3758846962054,0.45925801711917036,0.4592580171191662,0.45925801711953224,0.45731427647513423,0.459124733330854,0.4592494977881889,3.660405312189141e-13,-0.00013328378831217735
195.44771203016722,0.3852517003877409,0.385251700387737,0.3852517003882742,0.3833645386107564,0.38512193674997103,0.3852434048081338,5.372369216161132e-13,-0.00012976363776595612
199.51953936412903,0.3074983488700893,0.3074983488700877,0.30749834887061595,0.30611431902173286,0.3074031895615687,0.30749226702214766,5.282441151166495e-13,-9.515930851899945e-05
203.59136669809084,0.2534284138392151,0.25342841383921677,0.25342841383959414,0.25257766346734417,0.25337006505956533,0.25342468691531017,3.773648060700907e-13,-5.834877965144036e-05
207.66319403205267,0.2173828555333603,0.21738285553336445,0.21738285553355807,0.2168481430669714,0.2173463480482096,0.2173805259310424,1.936228954946273e-13,-3.6507485154851915e-05
211.73502136601448,0.18857285382488972,0.18857285382489505,0.1885728538249983,0.18819782215976272,0.18854726475785707,0.18857122102217264,1.0325074129013956e-13,-2.5589067037978808e-05
215.8068486999763,0.16901120831648422,0.16901120831648928,0.169011208316559,0.16872214705544597,0.16899140010987834,0.16900994305891662,6.972200594645983e-14,-1.9808206610932855e-05
219.87867603393812,0.15257449047690602,0.15257449047690813,0.15257449047692895,0.15234762169920063,0.15255888810413207,0.15257349306496637,2.0816681711721685e-14,-1.5602372776063467e-05
223.95050336789993,0.1372086734422145,0.13720867344221138,0.13720867344219057,0.1370600323817833,0.13719843136472534,0.1372080184775544,-2.0816681711721685e-14,-1.0242077486039003e-05
228.02233070186176,0.1265523474368245,0.12655234743681823,0.1265523474368021,0.1264783513152177,0.1265472517727637,0.126552021718301,-1.61259894326804e-14,-5.095664054516336e-06
232.09415803582357,0.11916433744167683,0.11916433744167114,0.1191643374416949,0.11913996222496306,0.11916266110215772,0.11916423041760973,2.375877272697835e-14,-1.676339513423386e-06
236.16598536978537,0.1134309237557041,0.11343092375570017,0.11343092375573442,0.11342603463251774,0.1134305671935895,0.11343090076660255,3.425038030968608e-14,-3.565621106704775e-07
240.2378127037472,0.1120767277381266,0.11207672773812426,0.11207672773812984,0.11208198902898572,0.11207703560979482,0.1120767467080502,5.578870698741412e-15,3.0787167056012255e-07
244.30964003770902,0.11363894289881166,0.11363894289881031,0.1136389428987792,0.113643832073682,0.11363923312709627,0.11363896082218176,-3.111400026512001e-14,2.902282859595928e-07
248.38146737167085,0.11240351651562638,0.11240351651562512,0.11240351651557016,0.11240230222438863,0.11240341728038822,0.11240350996005682,-5.495603971894525e-14,-9.9235236902806e-08
252.45329470563266,0.11042056844138848,0.11042056844138733,0.11042056844131153,0.1104227204160775,0.11042069101601874,0.11042057593038655,-7.580047700628256e-14,1.225746314170717e-07
256.52512203959446,0.11154279676729344,0.11154279676729245,0.11154279676719724,0.11155180693091674,0.11154336496874093,0.1115428323685537,-9.521550214941499e-14,5.682014484753584e-07
260.5969493735563,0.11266711713918832,0.11266711713918812,0.11266711713908173,0.11266568119942634,0.11266700286106102,0.11266710958182406,-1.0638712133470563e-13,-1.1427812710018692e-07
264.66877670751813,0.11100783582615316,0.11100783582615337,0.11100783582603445,0.11098973882799898,0.11100663910297233,0.11100775996260304,-1.1891876372516208e-13,-1.1967231810378065e-06
268.7406040414799,0.11277043595983632,0.11277043595983666,0.11277043595973552,0.11274361588114548,0.11276868297143947,0.11277032517114241,-1.0114131754335176e-13,-1.7529883971911797e-06
272.81243137544175,0.12025874950441488,0.12025874950441642,0.12025874950440511,0.1202246681082868,0.12025653906503465,0.12025861010071459,-1.1310397063368782e-14,-2.210439381769569e-06
276.8842587094036,0.12473508311929912,0.12473508311930233,0.12473508311942069,0.12469055926330946,0.12473220408753927,0.12473490170356216,1.183636522128495e-13,-2.8790317630617013e-06
280.95608604336536,0.11565669918618249,0.11565669918618682,0.11565669918637081,0.11561279700716225,0.11565385770906508,0.11565652010612953,1.8399171075600407e-13,-2.841477121734437e-06
285.0279133773272,0.10117656328392473,0.10117656328392871,0.10117656328410644,0.10114588859544156,0.10117457486961637,0.10117643792199572,1.7773282845467975e-13,-1.9884143123427567e-06
289.09974071128903,0.09060406983680229,0.09060406983680519,0.0906040698369363,0.09058425039088557,0.09060278366173748,0.09060398872527617,1.3110346142042317e-13,-1.2861750677134465e-06
293.1715680452508,0.08613687788130091,0.08613687788130323,0.08613687788138776,0.08612471423937547,0.0861360892450295,0.0861368281583463,8.452960553739786e-14,-7.886362737297148e-07
297.24339537921264,0.08758260064882836,0.0875826006488308,0.08758260064889668,0.0875770290523798,0.08758224249509022,0.08758257811913206,6.587785872369523e-14,-3.5815374058167926e-07
301.3152227131745,0.0953658420882488,0.09536584208825191,0.09536584208831259,0.09536771680426853,0.095365972034806,0.09536585042291738,6.06736882957648e-14,1.2994655408660183e-07
305.38705004713626,0.11142300068225318,0.11142300068225748,0.11142300068230773,0.11143447992465355,0.11142376192741603,0.11142304896398342,5.025146965209615e-14,7.612451585481406e-07
309.4588773810981,0.13779016422445162,0.1377901642244574,0.13779016422449392,0.13780989635311217,0.13779147271951248,0.13779024720133518,3.652633751016765e-14,1.3084950550856789e-06
313.5307047150599,0.16954584792591776,0.16954584792592267,0.1695458479259643,0.16955783454750267,0.16954666716445807,0.16954590022321894,4.163336342344337e-14,8.192385353988918e-07
317.6025320490217,0.19001059558143518,0.1900105955814348,0.1900105955815011,0.18998663941384453,0.19000908060296953,0.19001050057876145,6.630807014573747e-14,-1.5149784652612741e-06
321.67435938298354,0.18236917591678806,0.1823691759167816,0.182369175916798,0.1822925951586745,0.18236419914234397,0.1823688618409481,1.6403545188836688e-14,-4.976774437615017e-06
325.7461867169454,0.15550371331523963,0.15550371331523066,0.15550371331516386,0.15542438413703483,0.15549853381954057,0.1555033861272078,-6.68076705068188e-14,-5.179495690094127e-06
329.81801405090715,0.1358884376002377,0.13588843760022967,0.13588843760014702,0.1358430992877215,0.1358854720628063,0.1358882502075673,-8.26561041833429e-14,-2.9655374233772402e-06
333.889841384869,0.1325911567103262,0.1325911567103195,0.13259115671026062,0.13258032216780483,0.13259044165824543,0.1325911114491339,-5.889733145636455e-14,-7.150520740795141e-07
337.9616687188308,0.14343538052969007,0.14343538052968371,0.14343538052964894,0.1434447463428172,0.14343598510354072,0.14343541862844125,-3.477773624638303e-14,6.045738570048531e-07
342.03349605279266,0.1593695113614823,0.15936951136147517,0.1593695113614466,0.1593728567758679,0.15936973011642205,0.15936952517286435,-2.858824288409778e-14,2.1875494687906283e-07
346.10532338675443,0.16533232789945534,0.16533232789944832,0.16533232789942653,0.16530086666462873,0.16533027591590319,0.16533219826793896,-2.1788126858268697e-14,-2.051983545137137e-06
350.17715072071627,0.14823610635200074,0.14823610635199663,0.14823610635201656,0.14817418019802195,0.14823205711282844,0.14823585044490956,1.992850329202156e-14,-4.049239168191221e-06
354.2489780546781,0.12273224205371917,0.12273224205371772,0.12273224205378915,0.12268382116560322,0.12272907599526625,0.12273204198701533,7.142897384682101e-14,-3.1660584514647816e-06
358.3208053886399,0.1061786906587047,0.10617869065870576,0.10617869065881629,0.10615717363464981,0.10617728951631655,0.10617860222285336,1.1052270210143433e-13,-1.4011423892096309e-06
362.3926327226017,0.09881265078362807,0.09881265078363212,0.09881265078376433,0.09880893876405095,0.09881242163636915,0.09881263652965103,1.3221368444504833e-13,-2.2914726297007526e-07
366.46446005656355,0.09224482280519926,0.0922448228052067,0.09224482280534906,0.09224131854414715,0.09224461260410458,0.09224480982016273,1.423583473325607e-13,-2.102011021215544e-07
370.53628739052533,0.08182362091305408,0.08182362091306244,0.0818236209132145,0.08181503564351444,0.08182307621154843,0.08182358674897558,1.52058921010223e-13,-5.447015140186418e-07
374.60811472448717,0.07165755586411668,0.07165755586412315,0.07165755586427575,0.07164879460602927,0.0716569946652321,0.0716575205801928,1.5260015473472777e-13,-5.6119889105255e-07
378.679942058449,0.06458345209141808,0.06458345209142215,0.06458345209156377,0.06457693772680015,0.06458303420745304,0.06458342580873654,1.4162282457874653e-13,-4.17883969108801e-07
382.7517693924108,0.06041573785134595,0.06041573785134883,0.06041573785147634,0.060411080182840735,0.06041543941292748,0.06041571908628361,1.2750911437819923e-13,-2.984384213505775e-07
386.8235967263726,0.05809020451040881,0.05809020451041121,0.058090204510517836,0.058086088543735405,0.05808994039734013,0.05809018789673563,1.0662304372743847e-13,-2.641130710800965e-07
390.89542406033445,0.05690222748202285,0.05690222748202507,0.056902227482103725,0.056898462655238256,0.05690198491180874,0.05690221220774117,7.865236240078843e-14,-2.4257021633000697e-07
394.9672513942962,0.05709919869802818,0.057099198698029936,0.05709919869808435,0.05709646456488782,0.05709902167352935,0.057099187537054966,5.4414805994440485e-14,-1.770245005860982e-07
399.03907872825806,0.05906130061520636,0.059061300615207694,0.059061300615258994,0.059059537497058855,0.059061185102104674,0.059061293309935224,5.129924263158614e-14,-1.1551310302032602e-07
403.1109060622199,0.062294372443924634,0.0622943724439255,0.062294372443992704,0.06229205040473282,0.06229421886611976,0.06229436270757214,6.720318745934151e-14,-1.5357780574348778e-07
407.1827333961817,0.06462215924237034,0.06462215924237096,0.06462215924244827,0.06461629782952227,0.06462177529947948,0.0646221349624589,7.731315587733434e-14,-3.8394289147980487e-07
411.2545607301435,0.0646996270235037,0.06469962702350411,0.06469962702356694,0.06469215827077966,0.06469914005403633,0.0646995962700901,6.282474540597605e-14,-4.869694677778202e-07
415.32638806410534,0.06498249047903215,0.06498249047903294,0.06498249047907188,0.06498072280109486,0.06498237511641118,0.06498248319683478,3.8941072588727366e-14,-1.1536262176092826e-07
419.3982153980672,0.06765926973602124,0.06765926973602202,0.06765926973603723,0.06766393219643448,0.06765957474222206,0.06765928901651763,1.5210055437364645e-14,3.0500620004647594e-07
423.47004273202896,0.07106901801437723,0.07106901801437777,0.07106901801436996,0.07107379020008753,0.07106933569813224,0.07106903817549266,-7.813194535799539e-15,3.176837544693889e-07
427.5418700659908,0.07201156235146446,0.07201156235146419,0.07201156235144864,0.07201240157004027,0.07201162830043446,0.0720115666867946,-1.5557000132560006e-14,6.594897027090152e-08
431.6136973999526,0.07022230961551312,0.07022230961551254,0.07022230961550963,0.07022265850975894,0.07022234390919231,0.07022231195985257,-2.914335439641036e-15,3.429367977092479e-08
435.6855247339144,0.0697386188353267,0.06973861883532594,0.0697386188353384,0.06974421097339167,0.06973899350734743,0.06973864265538635,1.2462253451417382e-14,3.746720214914401e-07
439.75735206787624,0.07351836369825065,0.07351836369825007,0.07351836369826424,0.0735310609142267,0.0735192014691543,0.07351841676215283,1.416922135177856e-14,8.377709042328707e-07
443.8291794018381,0.08055708200702259,0.08055708200702151,0.08055708200702175,0.08057046188763708,0.08055796635111656,0.08055713803607852,2.3592239273284576e-16,8.843440950506709e-07
447.90100673579985,0.08420714403326778,0.08420714403326662,0.0842071440332481,0.08420620222416006,0.08420709575030606,0.08420714117570462,-1.85268467234323e-14,-4.828296056025305e-08
451.9728340697617,0.08114482006130998,0.08114482006130903,0.08114482006128121,0.08113513305053775,0.08114419796897927,0.08114478092068078,-2.7824964554667986e-14,-6.220923297606262e-07
456.0446614037235,0.0789463324914191,0.07894633249141844,0.07894633249138666,0.07894186684313591,0.07894604621009911,0.07894631449315491,-3.1780134079895106e-14,-2.8628131933106093e-07
460.1164887376853,0.08260563611268018,0.08260563611267961,0.08260563611263867,0.08260920408585463,0.08260586989448634,0.08260565090169976,-4.093947403305265e-14,2.3378180673272464e-07
464.18831607164714,0.09119173163810491,0.09119173163810378,0.09119173163805114,0.09119869102003808,0.09119218417226772,0.0911917602032628,-5.2638449155040234e-14,4.525341639471936e-07
468.26014340560897,0.09725352851718393,0.09725352851718241,0.09725352851713759,0.09725449476940375,0.09725359003496267,0.0972535323798837,-4.4825254619240695e-14,6.151778025875743e-08
472.33197073957075,0.09379377779486332,0.0937937777948625,0.09379377779486091,0.09378702712507946,0.09379333888542842,0.0937937500928859,-1.5959455978986625e-15,-4.389094340889743e-07
476.4037980735326,0.08617355540857123,0.0861735554085709,0.08617355540859314,0.08616389085833695,0.08617293176168356,0.08617351611873207,2.2246093855926574e-14,-6.236468873405121e-07
480.4756254074944,0.07982260033050857,0.07982260033050827,0.07982260033052051,0.07981265577606743,0.07982196127859803,0.07982256011156898,1.2240208846492351e-14,-6.390519102367209e-07
484.5474527414562,0.07639165804322726,0.07639165804322669,0.07639165804322799,0.07638290843352655,0.07639109597540825,0.07639162267136958,1.304512053934559e-15,-5.620678184409256e-07
488.61928007541803,0.07483850740292693,0.07483850740292589,0.07483850740293238,0.07483024158251363,0.07483797418919391,0.07483847381209302,6.494804694057166e-15,-5.332137319735697e-07
492.69110740937987,0.07469806528368135,0.07469806528368,0.07469806528368497,0.07469192601983013,0.07469766798096324,0.07469804023543643,4.9682480351975755e-15,-3.973027167675225e-07
496.7629347433417,0.07841459196513106,0.0784145919651292,0.07841459196511678,0.07841174539482137,0.07841440738386378,0.07841458032162973,-1.2420620087993939e-14,-1.8458126542497677e-07
500.8347620773035,0.08725857461982876,0.08725857461982635,0.087258574619801,0.08725808089130636,0.08725854209719743,0.08725857255862965,-2.5354718324877012e-14,-3.2522628923281616e-08
504.9065894112653,0.09772970570940086,0.09772970570939836,0.09772970570936942,0.09772852251078781,0.0977296276140361,0.09772970076037094,-2.893518757929314e-14,-7.809536226033309e-08
508.97841674522715,0.10134938313761596,0.10134938313761414,0.10134938313758152,0.10134780096221226,0.10134927670206634,0.10134937636563082,-3.262667913617179e-14,-1.0643554780587205e-07
513.0502440791889,0.10101328302289628,0.10101328302289557,0.1010132830228639,0.10101937163042514,0.10101366917540938,0.10101330724864437,-3.166911177743259e-14,3.8615251381213245e-07
517.1220714131507,0.10669172780366323,0.10669172780366362,0.10669172780364582,0.10670928484099525,0.10669285207661867,0.1066917984999515,-1.7805201757425948e-14,1.1242729550525743e-06
521.1938987471126,0.11711618935432648,0.11711618935432751,0.1171161893543259,0.11713588354637662,0.1171174532333016,0.11711626886619446,-1.609823385706477e-15,1.2638789740893053e-06
525.2657260810744,0.11817416303662313,0.11817416303662388,0.1181741630366308,0.11817858889902388,0.118174448576688,0.11817418101854162,6.9111383282915995e-15,2.8554006412107036e-07
529.3375534150363,0.10744269197375404,0.10744269197375428,0.10744269197376442,0.10743798526479122,0.10744239144608957,0.10744267308854212,1.0144662887512368e-14,-3.005276647122246e-07
533.409380748998,0.09919198242061383,0.09919198242061417,0.09919198242063178,0.0991888950194541,0.09919178597643254,0.09919197008648581,1.7610912728116546e-14,-1.9644418162989563e-07
537.4812080829598,0.09882977051475356,0.09882977051475428,0.0988297705147818,0.09882835001517815,0.0988296814532739,0.098829764940417,2.7519653222896068e-14,-8.906148038501094e-08
541.5530354169217,0.10275180108982285,0.10275180108982365,0.10275180108985346,0.10274731956137716,0.10275151468262629,0.10275178308473816,2.980948821118545e-14,-2.864071973612825e-07
545.6248627508835,0.10595045181942289,0.10595045181942324,0.10595045181944622,0.10594102519795637,0.10594984361016507,0.1059504134983609,2.298161660974074e-14,-6.082092581655152e-07
549.6966900848453,0.10452473030966676,0.10452473030966648,0.1045247303096838,0.10450664681000577,0.1045235589675044,0.10452465644237854,1.7319479184152442e-14,-1.1713421620845876e-06
553.7685174188072,0.09759388172317723,0.09759388172317666,0.09759388172319464,0.09757536385447313,0.09759268061717458,0.09759380596078304,1.797173521111972e-14,-1.2011060020883368e-06
557.8403447527689,0.09278887985020207,0.09278887985020098,0.09278887985021331,0.09278005724621059,0.0927883052105573,0.09278884356875956,1.2323475573339238e-14,-5.746396436884238e-07
561.9121720867307,0.09468949240546976,0.09468949240546798,0.09468949240546551,0.09469237734109225,0.09468967371886976,0.09468950375410759,-2.4702462297909733e-15,1.8131340177862665e-07
565.9839994206926,0.10485108302018947,0.10485108302018688,0.10485108302017272,0.10486712684718723,0.10485211266326425,0.10485114779833152,-1.4155343563970746e-14,1.029643077368747e-06
570.0558267546544,0.1251450978863617,0.12514509788635825,0.12514509788634345,0.12517536094336032,0.1251470439196582,0.12514522037231715,-1.479372180313021e-14,1.9460332999488017e-06
574.1276540886162,0.15337575556118166,0.15337575556117788,0.15337575556116745,0.1534047001791109,0.15337762084912848,0.1533758730077299,-1.0436096431476471e-14,1.8652879505975939e-06
578.1994814225781,0.1698219089754948,0.1698219089754931,0.1698219089754815,0.16980612856561722,0.16982090273908956,0.1698218457368331,-1.1601830607332886e-14,-1.006236403533478e-06
582.2713087565398,0.1574171425906729,0.15741714259067274,0.15741714259065379,0.1573680008951625,0.15741398855321775,0.15741694415845425,-1.8957058145474548e-14,-3.1540374549887673e-06
586.3431360905016,0.13795257514757395,0.13795257514757275,0.13795257514754808,0.1379168208392955,0.1379502775961242,0.13795243057211717,-2.4674706722294104e-14,-2.2975514485656934e-06
590.4149634244635,0.12794626171175727,0.12794626171175422,0.12794626171172657,0.12793045816188994,0.12794524458675627,0.12794619768519458,-2.7644553313166398e-14,-1.017124997948482e-06
594.4867907584253,0.12330943546534356,0.12330943546533875,0.12330943546530931,0.12330060670843415,0.12330886741488262,0.12330939970617295,-2.943478794037446e-14,-5.680504561317301e-07
598.5586180923871,0.1189946599324781,0.1189946599324715,0.11899465993243888,0.11898871210704601,0.11899428015440323,0.11899463607065122,-3.262667913617179e-14,-3.797780682712748e-07
602.630445426349,0.11875388364156984,0.11875388364156043,0.11875388364152192,0.11875374251075002,0.11875388022917054,0.11875388351692776,-3.851086116668512e-14,-3.4123898984272927e-09
606.7022727603107,0.1262013748149069,0.1262013748148926,0.12620137481485094,0.12620930134757277,0.12620189231125956,0.12620140751230516,-4.1661118999059e-14,5.174963669529742e-07
610.7741000942725,0.14408112071251172,0.14408112071248946,0.1440811207124424,0.14409922249845447,0.14408229506283554,0.14408119479464795,-4.707345624410664e-14,1.1743503460781568e-06
614.8459274282344,0.17461607396352247,0.17461607396348697,0.1746160739634273,0.17464330765193878,0.17461783859650526,0.174616185245721,-5.967448757360216e-14,1.7646330182918835e-06
618.9177547621962,0.21747116915254017,0.2174711691524866,0.21747116915242906,0.21750159983326284,0.21747314397207,0.2174712937324661,-5.753730825119874e-14,1.974819583389076e-06
622.989582096158,0.27266263290820375,0.2726626329081447,0.2726626329081209,0.2726953727956892,0.27266476677856794,0.272662767661706,-2.375877272697835e-14,2.1338704232487515e-06
627.0614094301199,0.32658326510716307,0.32658326510715496,0.32658326510716446,0.32661378647066835,0.32658526074355754,0.32658339122746766,9.492406860545088e-15,1.9956364025741635e-06
631.1332367640816,0.34608623687536366,0.34608623687542445,0.34608623687544443,0.3461178552131169,0.3460883000573764,0.34608636720461483,1.9984014443252818e-14,2.0631819519500993e-06
635.2050640980434,0.35296110460654395,0.352961104606618,0.3529611046066286,0.3530155760614944,0.3529646547831223,0.35296132880575126,1.0602629885170245e-14,3.5501765042744715e-06
639.2768914320053,0.3864159540021966,0.3864159540022635,0.38641595400225554,0.3864829056114712,0.3864203177613657,0.3864162295677173,-7.93809462606987e-15,4.363759102232745e-06
643.3487187659671,0.41052029581852506,0.4105202958185784,0.41052029581855504,0.41052755089436965,0.4105207632705798,0.41052032522268955,-2.3370194668359545e-14,4.674520013847605e-07
647.4205460999289,0.37082219116167514,0.370822191161692,0.3708221911616614,0.37076273970985624,0.37081830419922135,0.37082194549945413,-3.064215547965432e-14,-3.886962470667221e-06
651.4923734338907,0.30535925612956466,0.30535925612954634,0.3053592561295142,0.3052977121156695,0.30535523699304346,0.30535900220032747,-3.214095656289828e-14,-4.019136502886322e-06
655.5642007678525,0.25807020159269733,0.2580702015926672,0.2580702015926345,0.2580297649395594,0.2580675625339485,0.25807003488347846,-3.269606807521086e-14,-2.639058718667542e-06
659.6360281018143,0.2421013878823057,0.24210138788227262,0.24210138788223282,0.2420801686304387,0.24210000223128042,0.24210130033587768,-3.980149543281186e-14,-1.3856509921972293e-06
663.7078554357762,0.25656829163166206,0.2565682916316309,0.25656829163158534,0.25655798237123695,0.25656761707219167,0.2565682489879827,-4.5574655160862676e-14,-6.745594392509879e-07
667.779682769738,0.2981687474071011,0.29816874740708377,0.2981687474070439,0.29816651667203037,0.29816859717886746,0.2981687378418833,-3.985700658404312e-14,-1.502282163112767e-07
671.8515101036998,0.3493232524679053,0.34932325246791096,0.34932325246788415,0.3493230048186147,0.3493232281942154,0.3493232508064256,-2.681188604469753e-14,-2.427369555357828e-08
675.9233374376616,0.3473731827484507,0.34737318274847784,0.34737318274846096,0.3473625510118903,0.3473724804087397,0.3473731382493743,-1.687538997430238e-14,-7.023397381455965e-07
679.9951647716234,0.2815185269570521,0.2815185269570807,0.28151852695707863,0.281506600359742,0.28151773884335834,0.28151847702330574,-2.0539125955565396e-15,-7.881137223386681e-07
684.0669921055853,0.21604292990781962,0.21604292990783927,0.21604292990785418,0.2160403074056682,0.2160427446937237,0.2160429179953438,1.4904744105592727e-14,-1.8521411557226308e-07
688.1388194395471,0.17612464357368046,0.1761246435736925,0.17612464357370847,0.17613358751535924,0.1761252058378541,0.1761246787687226,1.5959455978986625e-14,5.622641615909973e-07
692.2106467735089,0.15863809650833388,0.15863809650834113,0.15863809650834804,0.15866091010519653,0.15863955172696975,0.1586381879280416,6.9111383282915995e-15,1.45521862862652e-06
696.2824741074708,0.15964526505843682,0.159645265058441,0.15964526505844032,0.1596876400130443,0.15964797661037222,0.15964543553599536,-6.938893903907228e-16,2.711551931211531e-06
700.3543014414325,0.1788831784408729,0.17888317844087495,0.17888317844087212,0.1789520088052827,0.17888758776746436,0.17888345573110112,-2.831068712794149e-15,4.4093265894051825e-06
704.4261287753943,0.21202288302659333,0.21202288302659558,0.21202288302659442,0.21210587975894907,0.2120282036145219,0.21202321766275908,-1.1657341758564144e-15,5.32058792632184e-06
708.4979561093562,0.2307570699989196,0.23075706999892662,0.23075706999892837,0.23079833493868399,0.23075971903650563,0.23075723663515751,1.7486012637846216e-15,2.6490375790166887e-06
712.569783443318,0.2095873298074585,0.2095873298074672,0.2095873298074681,0.20957817958209593,0.20958674630780555,0.20958729313506866,9.159339953157541e-16,-5.834996616438382e-07
716.6416107772798,0.17893365590603272,0.17893365590603652,0.17893365590603427,0.17891867675976897,0.17893269807929957,0.17893359569290326,-2.248201624865942e-15,-9.578267369525495e-07
720.7134381112417,0.1630123575344331,0.16301235753443144,0.16301235753442572,0.16299996016656104,0.1630115665921372,0.1630123078360621,-5.717648576819556e-15,-7.909422942431465e-07
724.7852654452034,0.1533618717576921,0.15336187175768834,0.15336187175767768,0.15333470839777577,0.15336013587255545,0.15336176265261015,-1.0658141036401503e-14,-1.7358851328863611e-06
728.8570927791652,0.13619241493801762,0.13619241493801454,0.13619241493800105,0.13615526839215322,0.13619003786944314,0.13619226550330987,-1.3489209749195652e-14,-2.3770685713964124e-06
732.9289201131271,0.11926603986191994,0.11926603986191696,0.11926603986190538,0.11923988986329842,0.11926436591857727,0.1192659346282869,-1.1574075031717257e-14,-1.6739433396917303e-06
737.0007474470889,0.11134850795652651,0.1113485079565224,0.11134850795651569,0.11133623961203862,0.11134772296331862,0.11134845861622843,-6.716849298982197e-15,-7.849932037867768e-07
741.0725747810507,0.11105754936904776,0.11105754936904266,0.11105754936903646,0.11105089870435328,0.11105712422473073,0.11105752265322208,-6.203371150093062e-15,-4.251443119357434e-07
745.1444021150126,0.11171431833793516,0.11171431833793118,0.11171431833791971,0.11170566927810067,0.11171376494946321,0.11171428355685052,-1.1463052729254741e-14,-5.533884679664869e-07
749.2162294489743,0.1116256192594763,0.11162561925947534,0.11162561925945698,0.11161968920127625,0.11162523965757053,0.11162559540579695,-1.8360313269738526e-14,-3.7960190481245437e-07
753.2880567829361,0.10973551294100223,0.1097355129410036,0.10973551294097937,0.10972969720542199,0.10973513703830186,0.10973548926210326,-2.423061751244404e-14,-3.759027017435912e-07
757.359884116898,0.09931481784669696,0.09931481784669885,0.0993148178466739,0.09930530527496116,0.09931420108754074,0.09931477895674092,-2.4952262478450393e-14,-6.167591581063281e-07
761.4317114508598,0.08567887830131209,0.08567887830131388,0.08567887830129821,0.0856706328622245,0.0856783435598708,0.08567884457987143,-1.5668022435022522e-14,-5.347414430700859e-07
765.5035387848216,0.07581083033390029,0.07581083033390208,0.07581083033389252,0.07580564029261201,0.07581049358597325,0.07581080909606479,-9.56179579958416e-15,-3.367479288335362e-07
769.5753661187834,0.07019739579429858,0.07019739579430015,0.07019739579429018,0.0701946713002037,0.07019721866320541,0.07019738461830954,-9.96425164601078e-15,-1.7713109473627142e-07
773.6471934527452,0.06774708166585638,0.06774708166585768,0.06774708166585304,0.06774627277805445,0.0677470283330981,0.06774707829076512,-4.6351811278100286e-15,-5.333275956975747e-08
777.719020786707,0.06785609471889331,0.06785609471889435,0.06785609471890312,0.06785711301386299,0.06785615922153394,0.06785609876551142,8.770761894538737e-15,6.450263959068003e-08
781.7908481206689,0.07059635052292185,0.07059635052292264,0.07059635052294418,0.07059956392449251,0.07059655635454666,0.07059636346772939,2.1538326677728037e-14,2.0583162402276756e-07
785.8626754546307,0.07658215589126777,0.0765821558912682,0.07658215589129659,0.07658809819768159,0.07658253720403045,0.07658217988122862,2.839395385478838e-14,3.8131276225428223e-07
789.9345027885925,0.08616578028786133,0.08616578028786116,0.08616578028789496,0.08617372181561492,0.08616628968176424,0.08616581233153782,3.37924133120282e-14,5.093939030725858e-07
794.0063301225543,0.09783425994970854,0.09783425994970825,0.0978342599497457,0.09784152736344111,0.0978347248088604,0.09783428917132232,3.745614929329122e-14,4.6485915214389273e-07
798.0781574565161,0.10938404645201474,0.10938404645201517,0.10938404645204847,0.10938831199448847,0.10938431727237516,0.10938406344443513,3.329281295094688e-14,2.708203599849357e-07
802.1499847904779,0.12027217287939025,0.12027217287939175,0.1202721728794133,0.12027429853206352,0.12027230485333948,0.12027218111485231,2.155220446553585e-14,1.3197394772845872e-07
806.2218121244398,0.12926581378352797,0.12926581378352967,0.12926581378353852,0.12926501221888467,0.12926575756327055,0.12926581017335056,8.854028621385623e-15,-5.62202591147809e-08
810.2936394584016,0.12616344871543478,0.1261634487154353,0.12616344871544002,0.126155695317629,0.12616294804968078,0.12616341716994792,4.718447854656915e-15,-5.006657545214566e-07
814.3654667923633,0.11453083919101512,0.11453083919101588,0.11453083919102611,0.11452323768257103,0.11453035045207445,0.11453080843011008,1.0227929614359255e-14,-4.887389414287568e-07
818.4372941263252,0.10685572441098413,0.10685572441098634,0.10685572441100068,0.10685238571737138,0.10685551153529071,0.10685571104079862,1.4335754805472334e-14,-2.1287569562655762e-07
822.509121460287,0.10416331699423823,0.10416331699424101,0.10416331699425063,0.10416658134987197,0.10416353102558806,0.10416333053216369,9.617306950815419e-15,2.1403134704833793e-07
826.5809487942488,0.1076151946280245,0.10761519462802607,0.10761519462803092,0.10763109861647667,0.10761622469156247,0.1076152595817828,4.8433479449272454e-15,1.030063536397452e-06
830.6527761282107,0.12139442678460009,0.12139442678459962,0.12139442678460277,0.12142700103156258,0.12139653330511244,0.12139455956196865,3.1502578323738817e-15,2.1065205128151243e-06
834.7246034621725,0.1446258101952243,0.14462581019522175,0.14462581019522266,0.14466345443720968,0.14462824429806856,0.1446259635990048,9.159339953157541e-16,2.4341028468100046e-06
838.7964307961344,0.1596751207177492,0.15967512071774675,0.15967512071774528,0.15967506037413698,0.15967511677277457,0.1596751204342805,-1.4710455076283324e-15,-3.944972182257089e-09
842.8682581300961,0.1472900645052849,0.14729006450528193,0.14729006450528542,0.1472515140924226,0.14728756914449156,0.1472899071770129,3.497202527569243e-15,-2.4953607903610564e-06
846.9400854640579,0.12526178298936727,0.12526178298936128,0.12526178298937551,0.1252279504640954,0.1252595924035209,0.12526164488271024,1.4238610290817633e-14,-2.1905858403892253e-06
851.0119127980198,0.11045097157524694,0.11045097157524088,0.11045097157526614,0.11043141671246096,0.11044970542902023,0.1104508917521005,2.525757381022231e-14,-1.266146220646469e-06
855.0837401319816,0.1027256016432706,0.1027256016432707,0.10272560164330559,0.10271442032711474,0.10272487800264955,0.10272555602676345,3.4888758548845544e-14,-7.236406211474922e-07
859.1555674659434,0.09880221916911451,0.09880221916912046,0.09880221916915996,0.09879514429560181,0.09880176152482617,0.09880219032389584,3.9496184101039944e-14,-4.5764429429384634e-07
863.2273947999053,0.09720443770035699,0.09720443770036473,0.09720443770040176,0.09720099890140593,0.09720421409225218,0.09720442358963341,3.702593787124897e-14,-2.236081125539524e-07
867.299222133867,0.09910998948558336,0.09910998948559205,0.09910998948561915,0.09910946620610797,0.09910995228996797,0.0991099870918249,2.7103319588661634e-14,-3.7195624080776923e-08
871.3710494678288,0.10035621793089232,0.1003562179309035,0.10035621793092396,0.1003548206293256,0.10035612263005028,0.1003562118502908,2.045585922871851e-14,-9.53008532228461e-08
875.4428768017907,0.09780383686198026,0.0978038368619957,0.09780383686202429,0.09780171426646492,0.09780369461362005,0.09780382782144005,2.858824288409778e-14,-1.4224837564802417e-07
879.5147041357525,0.09798069994829847,0.09798069994832163,0.09798069994836334,0.09798064677257193,0.09798069193530612,0.09798069937412639,4.170275236248244e-14,-8.013015515007105e-09
883.5865314697143,0.10621811307337713,0.10621811307341335,0.10621811307345977,0.10622125629704214,0.10621831153502247,0.10621812550870752,4.642120021713936e-14,1.9846160911884958e-07
887.6583588036762,0.12479253193424115,0.1247925319342896,0.12479253193432668,0.12479843565750688,0.12479290821517375,0.12479255556531894,3.708144902248023e-14,3.762808841456522e-07
891.7301861376379,0.15159334454463186,0.15159334454465798,0.15159334454467924,0.15159734370692315,0.15159359753687185,0.15159336040181126,2.1260770921571748e-14,2.529922138727603e-07
895.8020134715997,0.17395764748016176,0.17395764748012174,0.17395764748013082,0.1739563060914835,0.1739575540905991,0.17395764149341608,9.076073226310655e-15,-9.338952264292821e-08
899.8738408055616,0.18436597328319246,0.1843659732831282,0.1843659732831344,0.18436991480978226,0.1843662176922511,0.18436598853155198,6.189493362285248e-15,2.444091228848144e-07
903.9456681395234,0.1850037449476558,0.1850037449476088,0.18500374494761665,0.185002707163541,0.1850036761376727,0.18500374057792676,7.854827899222983e-15,-6.880993608238128e-08
908.0174954734852,0.16561071204052297,0.16561071204049393,0.16561071204050423,0.165591435107255,0.16560947971120846,0.16561063458106623,1.0297318553398327e-14,-1.2323292854776735e-06
912.089322807447,0.13920394742057557,0.1392039474205589,0.13920394742057207,0.1391854312893893,0.13920276410009785,0.1392038730532862,1.3183898417423734e-14,-1.1833204610345316e-06
916.1611501414088,0.12367160465652274,0.12367160465651476,0.12367160465653267,0.12366235432701456,0.12367101415635916,0.12367156755721803,1.790234627208065e-14,-5.905001556061329e-07
920.2329774753706,0.1187162503284554,0.11871625032845312,0.11871625032847286,0.11871337411724402,0.11871606757361162,0.11871623885954924,1.9734214262712158e-14,-1.8275484149621324e-07
924.3048048093325,0.11557568983051662,0.1155756898305156,0.11557568983052752,0.11557469464252097,0.11557562691347367,0.11557568588596906,1.1921019726912618e-14,-6.29170419236269e-08
928.3766321432943,0.11222513625674721,0.11222513625674481,0.11222513625674843,0.1122257547780629,0.11222517587013718,0.11222513874585614,3.622102617839573e-15,3.961339237190664e-08
932.448459477256,0.11226458749030277,0.11226458749030029,0.1122645874903064,0.11226690867826213,0.11226473496996103,0.11226459674388871,6.1201044232461754e-15,1.4747966074757368e-07
936.5202868112179,0.1173463289080412,0.11734632890803949,0.1173463289080548,0.11735155604927208,0.11734666204648943,0.11734634983035044,1.5307199952019346e-14,3.331384499372092e-07
940.5921141451797,0.1282789157146584,0.1282789157146524,0.12827891571467492,0.1282860532734451,0.12827937085123312,0.12827894430369835,2.2537527399890678e-14,4.551365807292651e-07
944.6639414791415,0.13668207983125957,0.1366820798312456,0.1366820798312755,0.13668291778264932,0.13668212945895988,0.13668208288935943,2.989275493803234e-14,4.962771427141632e-08
948.7357688131034,0.1282969166257299,0.1282969166257141,0.1282969166257481,0.12828870095534267,0.12829638422477546,0.1282968830531032,3.400058012914542e-14,-5.324009386409312e-07
952.8075961470652,0.1111363689781986,0.11113636897818777,0.11113636897821656,0.1111295037746764,0.11113592423510986,0.11113634093673386,2.8796409701215e-14,-4.4474307790698386e-07
956.879423481027,0.09825649291989146,0.09825649291988472,0.09825649291990132,0.09825366075451726,0.09825630891677808,0.09825648131088471,1.659783421814609e-14,-1.8400310664024033e-07
960.9512508149888,0.08972621351670262,0.08972621351669474,0.08972621351670039,0.08972542621710144,0.08972616213155389,0.08972621027183073,5.648259637780484e-15,-5.1385140850679356e-08
965.0230781489506,0.08498233335497658,0.08498233335496362,0.08498233335496463,0.08498415145045969,0.08498244932697503,0.08498234064121649,1.0130785099704553e-15,1.1597201141078095e-07
969.0949054829124,0.08509753263601491,0.08509753263599507,0.08509753263599566,0.08510278841960812,0.08509786874019272,0.08509755376364071,5.967448757360216e-16,3.361041976540635e-07
973.1667328168743,0.09016139213967336,0.09016139213964287,0.09016139213964414,0.09017037192254058,0.09016196625016562,0.09016142822562637,1.2628786905111156e-15,5.741105227469179e-07
977.2385601508361,0.10043414350098893,0.10043414350094017,0.10043414350094082,0.10044844161585112,0.10043505735562758,0.10043420093789876,6.522560269672795e-16,9.138546874093434e-07
981.3103874847978,0.11799078777939712,0.11799078777931718,0.11799078777931354,0.11801288063124409,0.11799220049063461,0.11799087657952802,-3.635980405647388e-15,1.4127113174278172e-06
985.3822148187597,0.14160991801183342,0.14160991801170514,0.1416099180116942,0.14163505894936507,0.1416115277820511,0.14161001922901403,-1.0935696792557792e-14,1.6097703459672097e-06
989.4540421527215,0.1618158657723267,0.16181586577215895,0.161815865772144,0.16183712607469875,0.16181723250005328,0.161815951787343,-1.4960255256823984e-14,1.3667278943307881e-06
993.5258694866834,0.17464866890751804,0.17464866890743416,0.17464866890742256,0.17465810318371938,0.1746492851336015,0.17464870781697975,-1.1601830607332886e-14,6.16226167343692e-07
997.5976968206452,0.1759264821141518,0.17592648211426304,0.17592648211425935,0.17590964897783054,0.17592541389514063,0.17592641507846646,-3.6914915568786455e-15,-1.068219122407621e-06
1001.669524154607,0.16226427164399104,0.16226427164414078,0.16226427164414117,0.16223859842790003,0.16226262851738443,0.16226416834027216,3.885780586188048e-16,-1.6431267563510321e-06
1005.7413514885689,0.13803232291118664,0.13803232291127135,0.13803232291125944,0.13800664217018901,0.13803067487618623,0.1380322192316798,-1.1907141939104804e-14,-1.6480350851222347e-06
1009.8131788225306,0.11423802829289349,0.11423802829291783,0.11423802829289051,0.11421993864771451,0.11423686671777247,0.11423795520860518,-2.7325364193586665e-14,-1.1615751453614154e-06
1013.8850061564924,0.09904079968959946,0.09904079968957603,0.09904079968954611,0.0990323914244169,0.09904025986968429,0.0990407657284561,-2.992051051364797e-14,-5.398198917455632e-07
1017.9568334904543,0.09225859373924042,0.09225859373916935,0.09225859373914212,0.0922586390785333,0.09225859694807916,0.09225859394965692,-2.7228219678931964e-14,3.208909804541804e-09
1022.0286608244161,0.09238548962283431,0.09238548962270184,0.09238548962267883,0.09239400780131052,0.09238603709234168,0.09238552408343481,-2.300937218535637e-14,5.474696398444223e-07
1026.1004881583779,0.09929765385471433,0.0992976538544885,0.09929765385446575,0.09931663271201292,0.09929887339031115,0.09929773061072514,-2.2745694217007895e-14,1.2195358226607667e-06
1030.1723154923397,0.11354426860060006,0.1135442686002286,0.11354426860019529,0.11357508879740531,0.11354624975054817,0.11354439329786341,-3.332056852656251e-14,1.9811503195604763e-06
1034.2441428263014,0.13217021220358638,0.13217021220302702,0.13217021220299097,0.13220519684802698,0.13217246462877505,0.13217035401978702,-3.605449272470196e-14,2.2524257480283083e-06
1038.3159701602633,0.1474754068825634,0.1474754068819249,0.14747540688190797,0.1475007776653603,0.14747704642418577,0.14747551018898936,-1.6930901125533637e-14,1.6395422608728172e-06
1042.3877974942252,0.15543963970968044,0.15543963970951225,0.15543963970951127,0.15543894069701347,0.15543959739923827,0.1554396370568814,-9.71445146547012e-16,-4.231027397882947e-08
1046.4596248281869,0.15169907981666106,0.151699079817196,0.15169907981719613,0.15167207177739173,0.15169733137193203,0.15169896957931836,1.3877787807814457e-16,-1.748445263960452e-06
1050.5314521621488,0.14552909704583453,0.14552909704642167,0.14552909704641484,0.14550545424468442,0.1455275627643887,0.14552900027184448,-6.827871601444713e-15,-1.534282032977785e-06
1054.6032794961106,0.14925864269934325,0.1492586426996974,0.1492586426996811,0.14924867442484321,0.14925799340595458,0.14925860171385563,-1.63202784619898e-14,-6.492937428270729e-07
1058.6751068300725,0.16452157557495098,0.16452157557510197,0.16452157557506894,0.16452144443524938,0.1645215662441893,0.16452157497679296,-3.302913498259841e-14,-9.330912681404513e-09
1062.7469341640342,0.17968354174821596,0.17968354174821344,0.17968354174816564,0.17967511144474863,0.1796830017075053,0.1796835077826948,-4.779510121011299e-14,-5.400407081246339e-07
1066.818761497996,0.17818193767911,0.1781819376789645,0.17818193767893242,0.17816193745872969,0.1781806503945652,0.17818185663279068,-3.2085445411667024e-14,-1.2872843992983718e-06
1070.890588831958,0.17485448847551968,0.17485448847520177,0.17485448847519894,0.1748429142192423,0.17485374002377196,0.17485444130118805,-2.831068712794149e-15,-7.484514298050637e-07
1074.9624161659196,0.18801313803519146,0.1880131380347283,0.18801313803475103,0.1880154943020925,0.1880132837794458,0.18801314711646241,2.273181642920008e-14,1.4574471748907136e-07
1079.0342434998815,0.21007296728468716,0.21007296728445687,0.21007296728450078,0.21007863340419486,0.2100733265138064,0.21007298980867298,4.390932062392494e-14,3.5922934951693186e-07
1083.1060708338434,0.21412214520951833,0.21412214520993858,0.21412214520999143,0.21412059137174821,0.21412204189566625,0.2141221386468884,5.284661597215745e-14,-1.0331427233167823e-07
1087.177898167805,0.2024253448865524,0.2024253448871793,0.20242534488722647,0.20242496111647235,0.2024253162552229,0.20242534302003626,4.7156722970953524e-14,-2.8631956416891313e-08
1091.249725501767,0.19810136281244653,0.19810136281291954,0.198101362812956,0.19810425661905728,0.19810154580065945,0.19810137427886895,3.647082635893639e-14,1.8298773990510497e-07
1095.3215528357289,0.19711533225798686,0.1971153322583188,0.19711533225834832,0.19711073808867643,0.19711504111163347,0.19711531399035856,2.9531932455029164e-14,-2.9114668531615706e-07
1099.3933801696905,0.19251892403139084,0.19251892403164172,0.19251892403164717,0.19250462756325104,0.1925180161018183,0.19251886704818544,5.440092820663267e-15,-9.079298234349054e-07
1103.4652075036524,0.1852837524736654,0.18528375247381645,0.1852837524737858,0.18525998449517966,0.18528223447449704,0.18528365707428118,-3.064215547965432e-14,-1.5179993194114338e-06
1107.5370348376143,0.1653702516512632,0.16537025165127814,0.16537025165122712,0.16534104448933787,0.16536837770937612,0.165370133756588,-5.101474798152594e-14,-1.8739419020141757e-06
1111.608862171576,0.13883457535653157,0.13883457535648067,0.1388345753564346,0.13881042100403912,0.1388330222753269,0.1388344775987711,-4.6074255521943996e-14,-1.553081153765623e-06
1115.6806895055379,0.117496959528082,0.11749695952804524,0.11749695952801172,0.11748017711228784,0.11749587919443669,0.11749689150794153,-3.352873534367973e-14,-1.0803336085579707e-06
1119.7525168394998,0.10421669766824848,0.10421669766824292,0.10421669766821655,0.10420613758630483,0.10421601706959316,0.10421665480388594,-2.6367796834847468e-14,-6.805986497576688e-07
1123.8243441734614,0.09735112166896966,0.09735112166898216,0.09735112166895843,0.09734632988294305,0.09735081200985769,0.09735110215423816,-2.373101715136272e-14,-3.09659124467232e-07
1127.8961715074233,0.09539629075242213,0.09539629075244249,0.09539629075242191,0.09539594093263387,0.09539626662283941,0.09539628920871339,-2.058075931898884e-14,-2.4129603079514617e-08
1131.9679988413852,0.09660433267283473,0.09660433267285937,0.09660433267284385,0.09660612120946828,0.09660444530550572,0.09660433972613734,-1.5515366769136563e-14,1.1263264634853165e-07
1136.039826175347,0.10142676392709139,0.10142676392712134,0.10142676392710985,0.10143078463934482,0.10142701900686323,0.1014267799297749,-1.149080830487037e-14,2.5507974188432314e-07
1140.1116535093088,0.10948188393170856,0.10948188393174316,0.10948188393173378,0.1094858332216348,0.10948213479485976,0.10948189967393405,-9.381384558082573e-15,2.5086311659927585e-07
1144.1834808432707,0.11362135525583576,0.11362135525586413,0.11362135525585315,0.11362113786580706,0.1136213405117677,0.11362135431550006,-1.0977330155981235e-14,-1.4744096429875064e-08
1148.2553081772323,0.11344052141166917,0.11344052141168236,0.11344052141166823,0.11344010827815587,0.11344049418641564,0.11344051968752226,-1.4127587988355117e-14,-2.7225266721608854e-08
1152.3271355111942,0.11839902052771839,0.1183990205277174,0.11839902052770182,0.11840277159726743,0.11839925902632206,0.11839903549635646,-1.5584755708175635e-14,2.384986046571891e-07
1156.3989628451561,0.13201893013128804,0.1320189301312732,0.13201893013125857,0.13202568970602965,0.13201936062397468,0.13201895715982093,-1.4627188349436437e-14,4.3049270148642904e-07
1160.4707901791178,0.14299356178412925,0.1429935617841009,0.1429935617840921,0.14299439435968297,0.1429936140739326,0.142993565050627,-8.798517470154366e-15,5.2289831714569246e-08
1164.5426175130797,0.13398685703107968,0.1339868570310496,0.13398685703105642,0.13397925907755065,0.13398637184338047,0.133986826541184,6.827871601444713e-15,-4.851876691247536e-07
1168.6144448470416,0.11540611043677626,0.11540611043675542,0.11540611043678926,0.11539958316376817,0.11540569507796133,0.11540608436044618,3.384792446325946e-14,-4.1535879408138854e-07
1172.6862721810032,0.10278198920536206,0.10278198920535032,0.10278198920541042,0.10278033190852941,0.10278188682841141,0.10278198282838417,6.00908212078366e-14,-1.0237693891246291e-07
1176.7580995149651,0.09864155515876588,0.09864155515876011,0.09864155515882918,0.09864497202154562,0.09864177969887392,0.09864156937078247,6.906974991949255e-14,2.2454011380790284e-07
1180.829926848927,0.10229151508574216,0.10229151508573994,0.1022915150858078,0.10230076669598462,0.1022921169092924,0.10229155308044448,6.786238238021269e-14,6.018235524513083e-07
1184.9017541828887,0.11455066192451904,0.11455066192451872,0.11455066192459432,0.11456811336259236,0.11455179523837945,0.11455073344269913,7.559231018916535e-14,1.1333138607294568e-06
1188.9735815168506,0.1381022136300085,0.1381022136300091,0.13810221363009226,0.13813097922651893,0.1381040806402156,0.13810233143062858,8.315570454442422e-14,1.8670102064910488e-06
1193.0454088508125,0.17288130778176095,0.17288130778176192,0.17288130778182387,0.17291649072240006,0.1728835875920958,0.1728814515685787,6.195044477408373e-14,2.2798103338772524e-06
1197.1172361847741,0.19981962576355544,0.1998196257635572,0.19981962576357523,0.1998326108032143,0.19982045158316591,0.19981967760902494,1.8041124150158794e-14,8.258196087240766e-07
1201.189063518736,0.19129689698446192,0.19129689698446598,0.19129689698445584,0.1912785683438391,0.19129567875711678,0.19129681969733361,-1.0130785099704553e-14,-1.2182273491923024e-06
1205.260890852698,0.16728014555903895,0.16728014555904788,0.16728014555900572,0.16726090050672357,0.16727887194443983,0.16728006484216998,-4.216071936014032e-14,-1.2736146080549737e-06
1209.3327181866596,0.15530592344395144,0.15530592344396754,0.15530592344390784,0.1552977378224289,0.15530537603886346,0.15530588866772588,-5.970224314921779e-14,-5.474051040788019e-07
1213.4045455206215,0.15492532004494208,0.15492532004496773,0.15492532004492068,0.1549247709976494,0.1549252748401252,0.15492531704845253,-4.704570066849101e-14,-4.5204842535895295e-08
1217.4763728545834,0.15140352252570166,0.15140352252573996,0.15140352252570413,0.1514043481843382,0.1514035695324397,0.15140352539105983,-3.583244811977693e-14,4.700669972712568e-08
1221.548200188545,0.14430676823836733,0.1443067682384257,0.14430676823838803,0.14430827017579007,0.14430685645119948,0.1443067736628867,-3.7664316110408436e-14,8.821277378001646e-08
1225.620027522507,0.14649088283592707,0.1464908828360175,0.14649088283597092,0.14649409575682654,0.1464910753657779,0.146490894739623,-4.657385588302532e-14,1.925297604121745e-07
1229.6918548564688,0.16100786470776093,0.16100786470788242,0.1610078647078232,0.1610100121917317,0.16100798085367318,0.1610078716820268,-5.92303983637521e-14,1.1614579076280052e-07
1233.7636821904305,0.1762993893369325,0.17629938933701708,0.17629938933694322,0.17629268843096269,0.17629893324770513,0.17629936024086246,-7.385758671318854e-14,-4.5608931195650904e-07
1237.8355095243924,0.17860436047594297,0.17860436047590914,0.17860436047582395,0.17859003160616851,0.17860342492554462,0.1786043013713475,-8.518186156436514e-14,-9.355503645114283e-07
1241.9073368583543,0.17456270868563215,0.17456270868553678,0.1745627086854597,0.1745498692041538,0.17456188109871162,0.17456265656601475,-7.707723348460149e-14,-8.275868251528262e-07
1245.979164192316,0.16942364074003782,0.16942364073994862,0.16942364073991067,0.16941525187077452,0.16942310640304187,0.16942360718797816,-3.7941871866564725e-14,-5.343369067489778e-07
1250.0509915262778,0.15717095512016088,0.15717095512009854,0.15717095512011603,0.15716761183952999,0.15717075235979314,0.1571709425495755,1.7486012637846216e-14,-2.0276030540666845e-07
1254.1228188602397,0.145364910672104,0.14536491067207122,0.145364910672147,0.14537069926945465,0.14536530285957808,0.14536493567019018,7.577272143066693e-14,3.9218750685909853e-07
1258.1946461942014,0.14353539419997396,0.14353539419996394,0.1435353942000888,0.14355347367492244,0.1435365878048478,0.14353546981519805,1.2484457911909885e-13,1.1936048838478985e-06
1262.2664735281633,0.15416420248073226,0.1541642024807394,0.15416420248089466,0.15419939945133726,0.15416651511615617,0.1541643488191524,1.5526468999382814e-13,2.312635416779063e-06
1266.3383008621252,0.17981121978114115,0.17981121978116374,0.179811219781318,0.17987272384151629,0.17981525482328362,0.1798114750167929,1.542654892716655e-13,4.035042119876486e-06
1270.4101281960868,0.22526087263923986,0.22526087263928035,0.22526087263938574,0.22535844851650416,0.22526727272442368,0.22526127744453328,1.0538792061254298e-13,6.400085143326573e-06
1274.4819555300487,0.28816335266749155,0.28816335266755677,0.28816335266760557,0.28827436786668015,0.2881706466818405,0.2881638141570995,4.879430193227563e-14,7.294014283731887e-06
1278.5537828640106,0.33175252388241283,0.3317525238825089,0.33175252388253135,0.33178302128314,0.3317545708243392,0.3317526539487328,2.2426505097428162e-14,2.04694183025822e-06
1282.6256101979723,0.3193095600711704,0.3193095600712864,0.31930956007128247,0.31925240642234176,0.31930586718836984,0.3193093272757874,-3.941291737419306e-15,-3.6928829165727706e-06
1286.6974375319342,0.29441197752908294,0.2944119775292122,0.2944119775292,0.2943548829065301,0.29440826447065466,0.2944117431357771,-1.2212453270876722e-14,-3.7130585575639863e-06
1290.769264865896,0.29927817361022196,0.29927817361038234,0.2992781736103614,0.2992482173300788,0.299276212450837,0.2992780496068216,-2.09277040141842e-14,-1.961159545316171e-06
1294.8410921998577,0.3385600450937806,0.33856004509401133,0.3385600450939716,0.33855251471355824,0.33855953156246615,0.33856001229878874,-3.9745984281580604e-14,-5.135315451765265e-07
1298.9129195338196,0.4021129393648468,0.4021129393652241,0.40211293936516734,0.40212119788764816,0.40211344326713533,0.4021129706447967,-5.67323965583455e-14,5.039019112529353e-07
1302.9847468677815,0.49547742356125307,0.49547742356189783,0.49547742356182733,0.495500684351974,0.49547889498653774,0.49547751578312205,-7.049916206369744e-14,1.4714246399094577e-06
1307.0565742017432,0.6173199416946605,0.6173199416956204,0.617319941695537,0.6173513636727737,0.6173219588934428,0.6173200685881903,-8.348877145181177e-14,2.017197822334893e-06
1311.128401535705,0.6996714706392896,0.6996714706400022,0.6996714706399131,0.6996982975042843,0.6996732422455759,0.6996715828326546,-8.915090887740007e-14,1.7716055736860525e-06
1315.200228869667,0.6821945953900611,0.6821945953896885,0.6821945953896223,0.6822132693112034,0.6821958966112736,0.6821946787581772,-6.616929226765933e-14,1.3012215850372044e-06
1319.2720562036286,0.6187549907422698,0.6187549907413742,0.6187549907413601,0.6187150127917703,0.6187524807069263,0.6187548334004702,-1.4099832412739488e-14,-2.510034447844589e-06
1323.3438835375905,0.5605182939153434,0.5605182939145044,0.5605182939144971,0.5602158588121046,0.5604985629408913,0.56051704713422,-7.216449660063518e-15,-1.973097361307463e-05
1327.4157108715524,0.46763451634143954,0.4676345163408013,0.46763451634079817,0.46710750731359385,0.4675999745154884,0.4676323320802292,-3.1086244689504383e-15,-3.454182531287264e-05
1331.487538205514,0.36516357345124134,0.3651635734508168,0.36516357345092965,0.36473656304469587,0.3651355393821163,0.3651618003072888,1.1285417045314716e-13,-2.8034068700499848e-05
1335.559365539476,0.2976586755288917,0.29765867552861874,0.2976586755288678,0.29741697110729143,0.2976427833886343,0.29765767009399835,2.4907853557465387e-13,-1.5892139984430287e-05
1339.6311928734378,0.2685825222211381,0.26858252222095524,0.26858252222122136,0.26848922123704166,0.2685763537299284,0.268582131552639,2.6612045900265e-13,-6.168491026858902e-06
1343.7030202073995,0.2700475813697763,0.27004758136964163,0.27004758136983514,0.2700691253603802,0.2700489343344414,0.2700476662096111,1.9351187319216478e-13,1.3529647997501115e-06
1347.7748475413614,0.28938893994912007,0.2893889399490027,0.2893889399491675,0.28949995011611057,0.2893961666452724,0.28938939636625577,1.6475709685437323e-13,7.2266962696798664e-06
1351.8466748753233,0.3130747779757762,0.3130747779756544,0.3130747779758342,0.31327419562244835,0.31308780575750433,0.3130756013530456,1.798006188380441e-13,1.302778184991693e-05
1355.918502209285,0.35562720317342944,0.35562720317330043,0.3556272031734568,0.3559657669413662,0.3556493150162698,0.3556286004869501,1.563749130184533e-13,2.2111842969352313e-05
1359.9903295432468,0.43556220075733265,0.43556220075724905,0.4355622007572468,0.43608343056368065,0.4355962409359244,0.43556435167611457,-2.275957200481571e-15,3.404017867536524e-05
1364.0621568772087,0.536097353192448,0.5360973531925003,0.5360973531922036,0.5367014147914061,0.5361368361339002,0.5360998481398916,-2.9665159217984183e-13,3.9482941399882066e-05
1368.1339842111706,0.5819964906381182,0.5819964906382764,0.581996490637753,0.5822770997027257,0.5820148668846091,0.5819976518239566,-5.233591338082988e-13,1.8376246332718615e-05
1372.2058115451323,0.5036999982631536,0.5036999982633004,0.5036999982628678,0.5035785748657111,0.5036920580622278,0.5036994961948078,-4.32542890393961e-13,-7.940201072531572e-06
1376.2776388790942,0.3872019268935246,0.38720192689362287,0.3872019268935089,0.3870328791269835,0.38719085101320183,0.38720122662499157,-1.1396439347777232e-13,-1.1075880421040907e-05
1380.349466213056,0.3093754292989325,0.309375429298997,0.30937542929906575,0.30927927929671484,0.3093691257399232,0.30937503073737094,6.877831637552845e-14,-6.303559073772558e-06
1384.4212935470177,0.2650770601691833,0.2650770601692307,0.2650770601692878,0.26503203188546653,0.26507411678019055,0.2650768741958688,5.706546346573305e-14,-2.943389040166444e-06
1388.4931208809796,0.22937294529486302,0.2293729452949076,0.2293729452949201,0.2293511884502948,0.22937153201049346,0.22937285613246505,1.251776460264864e-14,-1.413284414136795e-06
1392.5649482149415,0.20157437757547533,0.2015743775755282,0.2015743775755159,0.20157244153769743,0.20157424706388885,0.20157436927592584,-1.2295719997723609e-14,-1.3051163935684507e-07
1396.6367755489032,0.18626556885084236,0.18626556885089732,0.1862655688508714,0.18628043233605382,0.18626651938135022,0.1862656286025589,-2.5923707624997405e-14,9.505304529033864e-07
1400.708602882865,0.18045743644320247,0.18045743644323917,0.18045743644321452,0.18048075820302736,0.18045892586405335,0.18045753002848994,-2.4646951146678475e-14,1.4894208141824627e-06
1404.780430216827,0.18049196193753234,0.18049196193752032,0.18049196193750378,0.18050849865731058,0.18049300225387335,0.18049202704729247,-1.6542323066914832e-14,1.0403163530348092e-06
1408.8522575507886,0.18405786564448848,0.18405786564440488,0.18405786564438062,0.18405426875442335,0.18405760253315218,0.18405784857506424,-2.425837308805967e-14,-2.63111252701842e-07
1412.9240848847505,0.18520951537024777,0.18520951537011435,0.18520951537008928,0.18517399303005924,0.1852072029691989,0.1852093693879305,-2.506328478091291e-14,-2.312400915444046e-06
1416.9959122187124,0.17495530585646524,0.17495530585632743,0.174955305856341,0.17490549537311234,0.1749520826030706,0.17495510269512435,1.3572476476042539e-14,-3.2232532568288175e-06
1421.067739552674,0.16055857309150864,0.1605585730913869,0.16055857309142318,0.16051660853550834,0.16055586285957102,0.1605584023506091,3.627653732962699e-14,-2.7102318158889194e-06
1425.139566886636,0.14549882502790665,0.14549882502780798,0.14549882502781913,0.14546237927592584,0.14549647884622766,0.14549867733305782,1.1157741397482823e-14,-2.3461815803205166e-06
1429.2113942205979,0.13098511723521558,0.1309851172351551,0.13098511723513911,0.1309554990858427,0.13098321217255285,0.13098499733307703,-1.5987211554602254e-14,-1.9050626022532047e-06
1433.2832215545595,0.11873668690053557,0.1187366869004916,0.11873668690048012,0.11871457474146858,0.11873526349269242,0.1187365972955852,-1.149080830487037e-14,-1.4234077991837069e-06
1437.3550488885214,0.10772014332098723,0.10772014332090049,0.10772014332091694,0.10770455101821506,0.10771913890593841,0.10772008008156894,1.644517855226013e-14,-1.0044149620774823e-06
1441.4268762224833,0.09799102545137973,0.09799102545120017,0.09799102545124524,0.0979815934731415,0.09799041644438893,0.09799098708677789,4.5075054799781356e-14,-6.090068112446501e-07
1445.498703556445,0.09133737827903972,0.09133737827873811,0.0913373782787972,0.09133375965052219,0.09133714138926156,0.0913373633088373,5.909162048567396e-14,-2.3688947654865178e-07
1449.5705308904069,0.08953458142336967,0.08953458142300107,0.0895345814230551,0.08953565403025912,0.0895346446128463,0.08953458531487066,5.4040105723629495e-14,6.318984523134841e-08
1453.6423582243688,0.0914226317558836,0.09142263175573322,0.09142263175577087,0.09142446995952049,0.09142274594157539,0.09142263888179974,3.765043832260062e-14,1.1418584217048888e-07
1457.7141855583304,0.09287866067943719,0.09287866067962347,0.09287866067964617,0.0928771382180854,0.09287856349091153,0.09287865457329077,2.270406085358445e-14,-9.718871193942213e-08
1461.7860128922923,0.09205323671068627,0.09205323671090512,0.09205323671092128,0.092049810575995,0.09205301943866286,0.09205322308370563,1.6153745008296028e-14,-2.1727224226719688e-07
1465.8578402262542,0.09142796108720942,0.09142796108729619,0.09142796108731399,0.09142488372749057,0.09142776661144872,0.09142794890033384,1.7805201757425948e-14,-1.9447584746756785e-07
1469.9296675602159,0.09251045863566651,0.09251045863562385,0.09251045863564271,0.0925072836743902,0.09251025898454332,0.09251044613907285,1.8859913630819847e-14,-1.996510805291063e-07
1474.0014948941778,0.09634134809218381,0.09634134809211314,0.0963413480921217,0.09633783906839277,0.09634112844546922,0.09634133435940244,8.56259507742152e-15,-2.196466439285949e-07
1478.0733222281397,0.10101089421737337,0.1010108942174522,0.1010108942174458,0.10100611192082193,0.101010593920161,0.10101087542708267,-6.3976601794024646e-15,-3.0029729120029103e-07
1482.1451495621013,0.09872260889152021,0.09872260889174937,0.0987226088917356,0.09871596198694933,0.09872218755770128,0.0987225824661196,-1.3766765505351941e-14,-4.2133404809518993e-07
1486.2169768960632,0.08711241394976278,0.08711241394997743,0.0871124139499637,0.08710606071237581,0.08711200827573413,0.08711238846090134,-1.3725132141928498e-14,-4.056742432950733e-07
1490.288804230025,0.0738867914463223,0.07388679144646537,0.07388679144645348,0.07388212025289714,0.07388649210401745,0.07388677262193596,-1.189326415129699e-14,-2.993424479263984e-07
1494.3606315639868,0.06386275995384592,0.06386275995393471,0.063862759953926,0.06385959251700264,0.06386255684728122,0.06386274717938965,-8.715250743307479e-15,-2.0310665349576595e-07
1498.4324588979487,0.057323188067272164,0.05732318806732846,0.05732318806732538,0.0573210227356358,0.05732304927369568,0.057323179338676006,-3.0808688933348094e-15,-1.3879363278124224e-07
1502.5042862319106,0.05317175180170325,0.053171751801740594,0.05317175180174245,0.053170211852025286,0.053171653136001806,0.05317174559738215,1.8596235662471372e-15,-9.866573878747342e-08
1506.5761135658722,0.05054578857450065,0.05054578857452643,0.050545788574529314,0.0505446468450412,0.05054571542957754,0.05054578397510135,2.886579864025407e-15,-7.314494888943646e-08
1510.647940899834,0.048986880537000156,0.04898688053701823,0.04898688053701764,0.04898600402304878,0.048986824354604816,0.04898687700378906,-5.898059818321144e-16,-5.6182413415983845e-08
1514.719768233796,0.04833146019518479,0.048331460195196733,0.04833146019519018,0.04833076518844886,0.04833141558070479,0.04833145738844443,-6.5503158452884236e-15,-4.4614491941097345e-08
1518.7915955677577,0.04860472598104697,0.04860472598105349,0.04860472598104203,0.04860412427012828,0.04860468726002913,0.04860472354359189,-1.1463052729254741e-14,-3.872102435908964e-08
1522.8634229017196,0.049727682480555715,0.04972768248055947,0.04972768248054917,0.04972706903746811,0.0497276429194759,0.049727679988972054,-1.0297318553398327e-14,-3.9561083568784294e-08
1526.9352502356815,0.05082970596090201,0.050829705960908786,0.05082970596090695,0.05082933792169866,0.05082968197917877,0.050829704447024615,-1.8388068845354155e-15,-2.398173001849635e-08
1531.0070775696431,0.05018613380789987,0.050186133807910795,0.050186133807916436,0.05018607684663304,0.050186129774975066,0.05018613354867919,5.641320743876577e-15,-4.0329357284263345e-09
1535.078904903605,0.0475950580052261,0.04759505800523667,0.04759505800524407,0.047594929700089814,0.04759504959423775,0.04759505747354728,7.403799795469013e-15,-8.410998918184642e-09
1539.150732237567,0.04496361715696337,0.04496361715697216,0.04496361715698111,0.04496343563269099,0.0449636054428148,0.0449636164191513,8.951173136040325e-15,-1.1714157359399291e-08
1543.2225595715286,0.04310802443102538,0.043108024431032746,0.04310802443104436,0.043107842683903275,0.04310801274895328,0.04310802369590563,1.16157083951407e-14,-1.1682079463504191e-08
1547.2943869054905,0.04189111548114392,0.04189111548115016,0.04189111548115852,0.04189094806549558,0.04189110474244508,0.04189111480570878,8.36136715420821e-15,-1.0738705077950605e-08
1551.3662142394523,0.04109027383690757,0.041090273836912564,0.04109027383691429,0.04109012557716329,0.04109026434141836,0.04109027323987697,1.7277845820728999e-15,-9.495494203426436e-09
1555.438041573414,0.040574143776268466,0.040574143776271936,0.04057414377627317,0.04057401941167527,0.04057413582212986,0.04057414327631051,1.2351231148954867e-15,-7.954142074162451e-09
1559.509868907376,0.040290595179863144,0.040290595179865024,0.04029059517987146,0.040290503131637984,0.04029058930226419,0.04029059481056873,6.439293542825908e-15,-5.877600836590169e-09
1563.5816962413378,0.040250000676358436,0.04025000067635917,0.04025000067637063,0.04024995606044527,0.04024999783963145,0.040250000498307806,1.1456113835350834e-14,-2.836727720778587e-09
1567.6535235752995,0.04051285368733116,0.04051285368733145,0.040512853687347576,0.04051287404042735,0.04051285501595084,0.04051285377125111,1.61259894326804e-14,1.3286193881190123e-09
1571.7253509092614,0.04108806641187497,0.041088066411875415,0.04108806641189549,0.041088119209668705,0.04108806986128484,0.041088066629794855,2.0074220064003612e-14,3.4494094247605744e-09
1575.7971782432232,0.04152971598289215,0.04152971598289316,0.04152971598291406,0.04152960788096684,0.041529709290207543,0.041529715565588834,2.0899948438568572e-14,-6.69268561404035e-09
1579.869005577185,0.041039388712204014,0.04103938871220565,0.04103938871222709,0.04103903903408991,0.04103936669783254,0.041039387333831355,2.1441182163073336e-14,-2.2014373109169316e-08
1583.9408329111468,0.03997525471238172,0.03997525471238355,0.03997525471240998,0.039974893575772545,0.03997523191639626,0.03997525328413597,2.6430246879982633e-14,-2.279598729226784e-08
1588.0126602451087,0.03907478515539372,0.039074785155395315,0.03907478515542922,0.03907450893590422,0.039074767694504034,0.03907478406100432,3.390343561449072e-14,-1.746089128146222e-08
1592.0844875790704,0.03846248443153051,0.038462484431532024,0.03846248443156948,0.038462275813294124,0.03846247122598213,0.03846248360355421,3.745614929329122e-14,-1.3205549896644353e-08
1596.1563149130322,0.038050029366037026,0.03805002936603872,0.03805002936607445,0.03804986199242077,0.03805001875726656,0.03805002870064354,3.572836471121832e-14,-1.0608772159359514e-08
1600.2281422469941,0.037759841326159345,0.037759841326160636,0.03775984132619095,0.03775969840709049,0.0377598322568234,0.03775984075714362,3.031602746617068e-14,-9.069337232603392e-09
1604.2999695809558,0.037546011689666044,0.037546011689666065,0.037546011689688664,0.03754588359908705,0.03754600355349781,0.037546011179065454,2.2599977445025843e-14,-8.136168253014553e-09
1608.3717969149177,0.03738275196678034,0.03738275196677905,0.03738275196679204,0.03738263308716272,0.037382744409936414,0.03738275149243819,1.2989609388114332e-14,-7.556842637757022e-09
1612.4436242488796,0.037255274065764676,0.03725527406576264,0.037255274065765766,0.037255160942441634,0.03725526687057004,0.03725527361405015,3.1225022567582528e-15,-7.195192601450184e-09
1616.5154515828413,0.03715477599690651,0.03715477599690449,0.03715477599689976,0.03715466636621058,0.037154769020643234,0.037154775558881664,-4.73232564246473e-15,-6.976261256175231e-09
1620.5872789168031,0.03707582629327407,0.037075826293272954,0.03707582629326371,0.03707571856968517,0.03707581943588797,0.03707582586267177,-9.242606680004428e-15,-6.857384986236337e-09
1624.659106250765,0.03701498230736448,0.03701498230736457,0.03701498230735165,0.03701487530383031,0.03701497549385692,0.03701498187948533,-1.292022044907526e-14,-6.813507653913309e-09
1628.7309335847267,0.03697003876890807,0.03697003876890876,0.03697003876889385,0.03696993153747115,0.03697003193930398,0.03697003833999199,-1.4911682999496634e-14,-6.829604777547349e-09
1632.8027609186886,0.036939607453535875,0.03693960745353633,0.03693960745352141,0.036939499189808114,0.03693960055687092,0.03693960702038611,-1.4925560787304448e-14,-6.896665412370329e-09
1636.8745882526505,0.036922878505330686,0.036922878505330624,0.036922878505317204,0.03692276848775173,0.03692287149582714,0.036922878065075396,-1.341982081015658e-14,-7.009503484589619e-09
1640.9464155866121,0.036919487357327814,0.03691948735732749,0.03691948735731894,0.036919374905586465,0.036919480191773955,0.03691948690725579,-8.548717289613705e-15,-7.165553532473279e-09
1645.018242920574,0.036929448407966074,0.03692944840796598,0.03692944840796384,0.03692933285166904,0.036929441043738256,0.03692944794540254,-2.1371793224034263e-15,-7.364227720685346e-09
1649.090070254536,0.036953136770025,0.03695313677002538,0.03695313677002569,0.03695301742199737,0.036953129163398775,0.03695313629222537,3.0531133177191805e-16,-7.606626606371236e-09
1653.1618975884976,0.03699131182457102,0.03699131182457205,0.036991311824570494,0.03699118795460863,0.03699130392905796,0.03699131132861664,-1.5543122344752192e-15,-7.895514089750755e-09
1657.2337249224595,0.03704518600644178,0.037045186006443076,0.03704518600643846,0.03704505681152537,0.03704517777089808,0.037045185489120946,-4.614364446098307e-15,-8.235544995960353e-09
1661.3055522564214,0.03711655271855087,0.037116552718551916,0.037116552718545005,0.037116417284568666,0.03711654408474516,0.03711655217620659,-6.9111383282915995e-15,-8.63380675980574e-09
1665.3773795903833,0.03720800225292814,0.03720800225292866,0.03720800225292144,0.03720785950041548,0.03720799315209097,0.03720800168124171,-7.223388553967425e-15,-9.100837687625596e-09
1669.449206924345,0.037323279898594706,0.03732327989859458,0.03732327989859003,0.03732312849976184,0.037323270246141245,0.03732327929225452,-4.551914400963142e-15,-9.652453336617128e-09
1673.5210342583068,0.037467887016806256,0.03746788701680568,0.03746788701680296,0.03746772526065968,0.037467876703757064,0.037467886368969416,-2.7200464103316335e-15,-1.0313048616483744e-08
1677.5928615922687,0.037650116228294776,0.037650116228294325,0.037650116228288594,0.03764994178951163,0.03765010510657544,0.03765011552966432,-5.731526364627371e-15,-1.1121718886120124e-08
1681.6646889262304,0.037882893501996036,0.0378828935019961,0.037882893501984434,0.03788270302565656,0.03788288135802674,0.03788289273916274,-1.1664280652468051e-14,-1.2143969357891748e-08
1685.7365162601923,0.03818717297609319,0.03818717297609397,0.038187172976077245,0.038186961300112676,0.03818715948134206,0.03818717212843187,-1.672273430841642e-14,-1.3494751906206748e-08
1689.8083435941542,0.0385983880103855,0.03859838801038679,0.03859838801036835,0.03859814666883613,0.038598372626199855,0.038598387044081355,-1.8443579996585413e-14,-1.5384186938249833e-08
1693.8801709281158,0.0391788296813706,0.03917882968137215,0.03917882968135646,0.03917854406030283,0.039178811478132444,0.039178828538068776,-1.5688839116734243e-14,-1.8203239707248464e-08
1697.9519982620777,0.040039888596887355,0.040039888596888625,0.04003988859687841,0.04003953334162807,0.04003986596196991,0.04003988717536156,-1.021405182655144e-14,-2.2634918717123753e-08
1702.0238255960396,0.0413676656089664,0.041367665608966445,0.041367665608960366,0.04136720364677129,0.04136763618430461,0.04136766376119538,-6.078471059822732e-15,-2.942466183208925e-08
1706.0956529300013,0.043352801397288435,0.043352801397287796,0.04335280139728422,0.043352229046338626,0.043352764945543354,0.04335279910832005,-3.573530360512223e-15,-3.645174444233401e-08
1710.1674802639632,0.045589830674187086,0.04558983067418733,0.045589830674187704,0.045589375076721214,0.04558980162509146,0.04558982884951319,3.7470027081099033e-16,-2.90490958718137e-08
1714.239307597925,0.046249546876757065,0.04624954687675864,0.0462495468767652,0.04624957444537616,0.04624954851359074,0.04624954697759289,6.557254739192331e-15,1.6368321004156527e-09
1718.3111349318867,0.0447893532472132,0.04478935324721513,0.044789353247223516,0.04478956844239567,0.04478936680287153,0.04478935409601544,8.389122729823839e-15,1.3555656402930438e-08
1722.3829622658486,0.04312689784495327,0.04312689784495409,0.04312689784495858,0.04312694946352037,0.04312690101126966,0.04312689804182635,4.489464355827977e-15,3.1663155708461233e-09
1726.4547895998105,0.04212656172429826,0.04212656172429756,0.042126561724298496,0.04212642574623853,0.042126552971909745,0.04212656117320455,9.367506770274758e-16,-8.752387814503493e-09
1730.5266169337722,0.041687895955803904,0.04168789595580224,0.04168789595580164,0.041687621930923874,0.041687878428255526,0.0416878948539476,-5.967448757360216e-16,-1.7527546712636788e-08
1734.598444267734,0.041610803360280085,0.0416108033602788,0.04161080336027657,0.041610425544550564,0.041610779230312075,0.041610801843958024,-2.2343238370581275e-15,-2.412996672612744e-08
1738.670271601696,0.041769958329517846,0.041769958329517645,0.041769958329514766,0.04176949263888587,0.04176992860526019,0.04176995646194986,-2.8796409701214998e-15,-2.972425745817464e-08
1742.7420989356576,0.042099595244154984,0.042099595244155436,0.042099595244151765,0.0420990459379073,0.04209956019329671,0.04209959304209512,-3.670674875166924e-15,-3.505085872240743e-08
1746.8139262696195,0.0425683129156824,0.04256831291568258,0.042568312915676816,0.04256767691933045,0.042568272339795245,0.04256831036663018,-5.766220834146907e-15,-4.057588733757944e-08
1750.8857536035814,0.04316432578416246,0.04316432578416224,0.043164325784154335,0.04316359473173008,0.043164279148207384,0.04316432285448728,-7.903400156550333e-15,-4.6635954854823414e-08
1754.957580937543,0.04388805316991561,0.04388805316991516,0.04388805316990721,0.04388721409452661,0.04388799964588668,0.04388804980759189,-7.951972413877684e-15,-5.352402848018967e-08
1759.029408271505,0.044748692975253725,0.04474869297525338,0.044748692975248756,0.04474772817929957,0.04474863143367247,0.044748689109323066,-4.621303340002214e-15,-6.154158090770911e-08
1763.1012356054669,0.0457629708595627,0.04576297085956284,0.045762970859563434,0.045761857181587005,0.04576289982258154,0.0457629663971859,5.967448757360216e-16,-7.103698129728997e-08
1767.1730629394285,0.04695522600985635,0.04695522600985736,0.04695522600986288,0.04695393351662774,0.04695514356773984,0.04695522083106581,5.5164206536062466e-15,-8.244211752161945e-08
1771.2448902733904,0.04835851276384816,0.048358512763849705,0.048358512763857955,0.048357002763621856,0.04835841644817023,0.04835850671358097,8.250344851745695e-15,-9.631567947365749e-08
1775.3167176073523,0.050016698801598466,0.05001669880159991,0.05001669880160966,0.05001492094577017,0.05001658540028893,0.05001669167807742,9.749145934989656e-15,-1.1340131098047657e-07
1779.388544941314,0.0519877678924394,0.05198776789244051,0.05198776789245038,0.0519856559657615,0.051987633181156005,0.05198775943029839,9.874046025259986e-15,-1.3471128450237568e-07
1783.4603722752759,0.05434877729723134,0.05434877729723252,0.05434877729723865,0.054346243042936115,0.05434861564533788,0.05434876714276245,6.13398221105399e-15,-1.616518946340184e-07
1787.5321996092378,0.05720325568317999,0.057203255683180944,0.05720325568318182,0.057200179593337896,0.0572030594660596,0.05720324335741352,8.743006318923108e-16,-1.9621712134265668e-07
1791.6040269431994,0.060692361965365094,0.06069236196536561,0.060692361965361825,0.060688579254708386,0.06069212066935056,0.06069234680784055,-3.7816971776294395e-15,-2.41296015043857e-07
1795.6758542771613,0.06501203697591153,0.06501203697591214,0.06501203697590516,0.06500731569644952,0.0650117358016241,0.06501201805693702,-6.980527267330672e-15,-3.011742880365542e-07
1799.7476816111232,0.07044000231851923,0.07044000231851999,0.07044000231851291,0.0704340082668507,0.0704396199412437,0.07043997829847154,-7.077671781985373e-15,-3.8237727628676055e-07
1803.8195089450849,0.07737945307876502,0.07737945307876608,0.07737945307875965,0.07737169179384218,0.07737895794652762,0.07737942197552304,-6.4254157550180935e-15,-4.951322384594281e-07
1807.8913362790468,0.0864319984865131,0.0864319984865144,0.08643199848650891,0.0864217161417834,0.08643134249426508,0.08643195727804517,-5.4817261840867104e-15,-6.559922493126757e-07
1811.9631636130086,0.09852364399420649,0.09852364399420796,0.09852364399420639,0.09850965192466773,0.09852275128310735,0.09852358791488945,-1.5681900222830336e-15,-8.927111006112876e-07
1816.0349909469703,0.1151303273814176,0.11513032738141973,0.11513032738142409,0.11511068006616638,0.11512907378270144,0.1151302486305905,4.3576253716537394e-15,-1.2535987182898944e-06
1820.1068182809322,0.1386958032456349,0.1386958032456383,0.13869580324564793,0.13866718916694581,0.13869397739400116,0.13869568854451114,9.631184738623233e-15,-1.8258516371327804e-06
1824.178645614894,0.1734242803791377,0.17342428037914323,0.17342428037915475,0.17338086091489782,0.17342150958971062,0.17342410631394886,1.1518563880485999e-14,-2.7707894326156612e-06
1828.2504729488558,0.22675824605103018,0.22675824605103984,0.2267582460510509,0.22668960138399308,0.22675386521502128,0.2267579708364847,1.1074474670635936e-14,-4.38083601855821e-06
1832.3223002828177,0.31168496379678384,0.31168496379680016,0.31168496379680893,0.3115739112418868,0.3116778763581353,0.31168451854413604,8.770761894538737e-15,-7.087438664843404e-06
1836.3941276167795,0.4470598497441023,0.44705984974412705,0.44705984974413193,0.4468898424910415,0.4470490015644403,0.44705916824757186,4.884981308350689e-15,-1.0848179686773207e-05
1840.4659549507412,0.6390163251584328,0.6390163251584604,0.6390163251584638,0.6388232170059039,0.6390040129776708,0.6390155518011006,3.4416913763379853e-15,-1.2312180789564309e-05
1844.537782284703,0.8297424607139041,0.8297424607139148,0.8297424607139209,0.82964905909073,0.829736527364095,0.8297420883070579,6.106226635438361e-15,-5.933349819797762e-06
1848.609609618665,0.9148065852685613,0.914806585268547,0.9148065852685524,0.9148670126367201,0.914810461959665,0.9148068290852185,5.440092820663267e-15,3.876691118009923e-06
1852.6814369526267,0.8059273461203124,0.8059273461202835,0.8059273461202855,0.806113736952568,0.8059392343067575,0.8059280928751572,1.9984014443252818e-15,1.1888186474018347e-05
1856.7532642865885,0.5830816538449142,0.5830816538448882,0.5830816538448833,0.5832631404148769,0.5830932188322989,0.5830823801713184,-4.884981308350689e-15,1.15649874107282e-05
1860.8250916205504,0.39840591970843353,0.39840591970841654,0.3984059197084081,0.3985274668990482,0.39841366374075177,0.39840640604879507,-8.43769498715119e-15,7.744032335221807e-06
1864.896918954512,0.2800437288107602,0.2800437288107502,0.28004372881074274,0.2801188353877687,0.2800485140761035,0.28004402933604977,-7.438494264988549e-15,4.785265353302037e-06
1868.968746288474,0.20704788745797084,0.20704788745796499,0.20704788745795813,0.20709505465149433,0.20705089281092562,0.20704807620324206,-6.855627177060342e-15,3.005352960633312e-06
1873.0405736224359,0.16077400411480003,0.16077400411479634,0.16077400411478845,0.16080483148716967,0.1607759684802662,0.16077412748460632,-7.882583474838611e-15,1.9643654698697777e-06
1877.1124009563976,0.13018861957129152,0.1301886195712888,0.13018861957127928,0.1302096221381639,0.1301899579715113,0.13018870362908777,-9.520162436160717e-15,1.3384002225114155e-06
1881.1842282903594,0.10913076118559664,0.10913076118559485,0.10913076118558375,0.10914561443651452,0.10913170776956455,0.10913082063612468,-1.1102230246251565e-14,9.465839696937151e-07
1885.2560556243213,0.09409993196093268,0.09409993196093157,0.09409993196092191,0.09411077985574265,0.09410062331923777,0.09409997538229724,-9.658940314238862e-15,6.913583062012618e-07
1889.327882958283,0.08303347950286664,0.08303347950286556,0.08303347950285932,0.08304162258348789,0.08303399849755295,0.08303351209899983,-6.2450045135165055e-15,5.189946873929152e-07
1893.399710292245,0.07466739199441179,0.07466739199441029,0.07466739199440593,0.07467364958731766,0.07466779083067132,0.07466741704396129,-4.3576253716537394e-15,3.988362610313212e-07
1897.4715376262068,0.0681978851336826,0.06819788513368091,0.06819788513367593,0.06820279148232133,0.06819819785383074,0.06819790477463467,-4.98212582300539e-15,3.127201498309695e-07
1901.5433649601684,0.06309647443626921,0.06309647443626772,0.06309647443626332,0.06310038874750248,0.06309672393028601,0.06309649010621533,-4.399258735077183e-15,2.4949401829232887e-07
1905.6151922941303,0.05900521186357499,0.059005211863574235,0.05900521186357456,0.05900838230574722,0.05900541394634344,0.059005224555768426,3.2612801348363973e-16,2.020827692059135e-07
1909.6870196280922,0.055675198396126155,0.05567519839612594,0.05567519839613173,0.05567780059559408,0.0556753642601227,0.05567520881351501,5.7870375158586285e-15,1.6586399675944108e-07
1913.758846962054,0.052929284837277414,0.05292928483727719,0.05292928483728567,0.05293144576345998,0.05292942257440896,0.05292929348808048,8.479328350574633e-15,1.3773713176956637e-07
1917.8306742960158,0.05063875273612867,0.05063875273612844,0.05063875273613575,0.05064056594322804,0.050638868308902074,0.050638759994829044,7.313594174718219e-15,1.1557277363599683e-07
1921.9025016299777,0.048708331577422,0.048708331577422104,0.04870833157742719,0.04870986718082158,0.04870842945464304,0.0487083377246907,5.0862092315639984e-15,9.787722093923534e-08
1925.9743289639393,0.04706633131563028,0.0470663313156304,0.04706633131563353,0.047067642673564405,0.047066414898176326,0.047066336565065946,3.12944115066216e-15,8.358254592610859e-08
1930.0461562979012,0.0456579969544582,0.04565799695445863,0.045657996954458574,0.045659125237041714,0.04565806886643984,0.04565800147087429,-5.551115123125783e-17,7.191198121009323e-08
1934.1179836318631,0.0444409415306837,0.04444094153068443,0.044440941530681545,0.044441918903787486,0.044441003822341986,0.044440945442850946,-2.886579864025407e-15,6.229165755433641e-08
1938.1898109658248,0.04338194919838063,0.04338194919838131,0.043381949198377304,0.04338280108071083,0.04338200348992724,0.04338195260806081,-4.003741782554471e-15,5.4291545932561025e-08
1942.2616382997867,0.042454699560709026,0.04245469956070924,0.042454699560703954,0.04245544624916096,0.04245474714591078,0.042454702549160825,-5.287437154777308e-15,4.7585201536082256e-08
1946.3334656337486,0.041638122768532314,0.04163812276853246,0.041638122768525125,0.04163878062556297,0.04163816469038518,0.041638125401264846,-7.33441085642994e-15,4.192185271839621e-08
1950.4052929677102,0.040915193733209614,0.040915193733209586,0.040915193733201,0.040915776065771924,0.040915230839955144,0.040915196063499595,-8.583411759133242e-15,3.710674555817972e-08
1954.4771203016721,0.04027203673918453,0.04027203673918411,0.04027203673917593,0.04027255445730742,0.04027206972628426,0.040272038810712875,-8.174017018802715e-15,3.2987100155590365e-08
1958.548947635634,0.03969725258374351,0.03969725258374306,0.0396972525837372,0.03969771469957835,0.03969728202568674,0.03969725443259353,-5.863365348801608e-15,2.9441943674712867e-08
1962.6207749695957,0.039181407338513094,0.03918140733851344,0.03918140733851221,0.039181821348448886,0.03918143371317181,0.03918140899470031,-1.2281842209915794e-15,2.637465836702324e-08
1966.6926023035576,0.03871663992215421,0.03871663992215543,0.038716639922156876,0.0387170121022429,0.03871666362961175,0.03871664141080757,1.4432899320127035e-15,2.3707456317523246e-08
1970.7644296375195,0.03829635799809619,0.03829635799809714,0.03829635799809702,0.03829669363452352,0.038296379375336795,0.03829635934038032,-1.249000902703301e-16,2.137723965206506e-08
1974.8362569714814,0.03791500022277016,0.03791500022276958,0.03791500022276721,0.037915303793172275,0.037915019555237,0.03791500143661245,-2.366162821232365e-15,1.9332467425525746e-08
1978.908084305443,0.03756784882488509,0.03756784882488367,0.03756784882488124,0.037568124142120934,0.03756786635564663,0.037567849925553225,-2.42861286636753e-15,1.7530762959350188e-08
1982.979911639405,0.03725088071346769,0.037250880713466626,0.03725088071346664,0.037251131040460406,0.03725089665053648,0.03725088171402804,1.3877787807814457e-17,1.5937069851312824e-08
1987.0517389733668,0.03696064833287472,0.03696064833287488,0.036960648332877134,0.03696087647498367,0.03696066285509462,0.0369606492445612,2.2551405187698492e-15,1.4522219739243614e-08
1991.1235663073285,0.036694183669502216,0.036694183669502854,0.036694183669506567,0.036694392049306634,0.03669419693131411,0.03669418450201454,3.712308238590367e-15,1.3261811253328926e-08
1995.1953936412904,0.036448920413580714,0.036448920413580395,0.03644892041358314,0.036449111131799265,0.03644893254890685,0.03644892117532923,2.7478019859472624e-15,1.2135326452056283e-08
1999.2672209752523,0.036222630459360895,0.03622263045935965,0.03622263045935713,0.03622280534476518,0.03622264158478835,0.03622263115766852,-2.525757381022231e-15,1.112542869635691e-08
2003.339048309214,0.03601337180558083,0.03601337180557967,0.036013371805569676,0.03601353245611279,0.03601338202298237,0.036013372446847124,-9.992007221626409e-15,1.0217402701684364e-08
2007.4108756431758,0.035819445577809514,0.03581944557780873,0.03581944557779332,0.03581959339462951,0.0358194549765122,0.03581944616764546,-1.5411283360577954e-14,9.398703468277425e-09
2011.4827029771377,0.03563936039355667,0.03563936039355639,0.035639360393538065,0.03563949660937959,0.035639369052148914,0.03563936093689843,-1.832561880021899e-14,8.658592523524966e-09
2015.5545303110994,0.03547180267177215,0.03547180267177239,0.03547180267175265,0.035471928374558225,0.035471810659613925,0.03547180317297629,-1.9741153156616065e-14,7.987841534051743e-09
2019.6263576450613,0.03531561178073005,0.03531561178073071,0.035315611780713185,0.035315727933580475,0.0353156191592213,0.03531561224365298,-1.752764600126966e-14,7.378490589349251e-09
2023.6981849790232,0.035169759144350485,0.03516975914435104,0.03516975914433882,0.035169866602286014,0.03516976596800019,0.035169759572415374,-1.2219392164780629e-14,6.823649152665201e-09
2027.7700123129848,0.03503333060291069,0.03503333060291057,0.035033330602905,0.03503343012707998,0.0350333369202433,0.03503333099916497,-5.571931804837504e-15,6.317332733318803e-09
2031.8418396469467,0.03490551146180867,0.034905511461808016,0.0349055114618081,0.03490560373156561,0.03490551731613446,0.03490551182897262,8.326672684688674e-17,5.8543264472299406e-09
2035.9136669809086,0.03478557377047995,0.034785573770479354,0.034785573770482255,0.03478565939368706,0.034785579200551815,0.03478557411098826,2.9004576518332215e-15,5.430072461121149e-09
2039.9854943148703,0.034672865459433336,0.034672865459432975,0.034672865459435605,0.03467294498128174,0.03467287050000809,0.034672865775469276,2.6298407895808396e-15,5.040575117021273e-09
2044.0573216488322,0.03456680103172021,0.03456680103172026,0.03456680103172063,0.034566874942307556,0.034566805714042234,0.03456680132524636,3.677613769070831e-16,4.68232197459173e-09
2048.129148982794,0.034466853559845745,0.03446685355984631,0.03446685355984544,0.03446692230070639,0.034466857912063165,0.034466853832630255,-8.673617379884035e-16,4.352216857739233e-09
2052.2009763167557,0.034372547783088896,0.034372547783089916,0.03437254778309018,0.03437261175283877,0.03437255183061344,0.03437254803672776,2.636779683484747e-16,4.0475235246750785e-09
2056.2728036507174,0.03428345413571196,0.03428345413571312,0.0342834541357134,0.03428351369494246,0.03428345790153055,0.03428345437164863,2.7755575615628914e-16,3.765817428724727e-09
2060.3446309846795,0.03419918356534853,0.03419918356534922,0.03419918356534727,0.03419923904088237,0.03419918707029511,0.03419918378489106,-1.949829186997931e-15,3.5049458890767937e-09
2064.416458318641,0.0341193830243339,0.034119383024333844,0.03411938302432947,0.03411943471293542,0.034119386287326116,0.03411938322867026,-4.371503159461554e-15,3.262992272212717e-09
2068.488285652603,0.03404373153594486,0.03404373153594439,0.034043731535939585,0.03404377970756338,0.03404373457419131,0.03404373172615616,-4.801714581503802e-15,3.0382469248801947e-09
2072.560112986565,0.0339719367532878,0.03397193675328718,0.03397193675328265,0.033971981653899266,0.033971939582468455,0.033971936930359124,-4.524158825347513e-15,2.829181278141135e-09
2076.6319403205266,0.03390373194157679,0.03390373194157637,0.03390373194157057,0.03390377379568054,0.03390373457600232,0.03390373210640726,-5.800915303666443e-15,2.6344259482224963e-09
2080.7037676544883,0.03383887332530663,0.033838873325306426,0.033838873325299786,0.03383891233812348,0.03383887577805829,0.03383887347871792,-6.6405214660392176e-15,2.4527518627248668e-09
2084.7755949884504,0.03377713775075754,0.03377713775075767,0.033777137750750294,0.03377717411017042,0.03377714003381106,0.033777137893501855,-7.376044219853384e-15,2.283053392171386e-09
2088.847422322412,0.033718320621716126,0.03371832062171626,0.03371832062170581,0.03371835449998573,0.03371832274605088,0.033718320754482764,-1.0449974219284286e-14,2.1243346248756012e-09
2092.9192496563737,0.03366223407251545,0.0336622340725152,0.03366223407250064,0.0336622656278015,0.03366223604821148,0.03366223419593713,-1.4564738304301272e-14,1.9756962801875666e-09
2096.991076990336,0.0336087053477195,0.03360870534771872,0.03360870534770056,0.03360873472543203,0.03360870718404432,0.03360870546237818,-1.8159085346525217e-14,1.8363256054643173e-09
2101.0629043242975,0.033557575362164895,0.03355757536216399,0.033557575362143766,0.0335576026961666,0.03355757706765001,0.03355757546859673,-2.022687572988957e-14,1.705486016301272e-09
2105.134731658259,0.03350869741877433,0.033508697418773464,0.03350869741875523,0.03350872283245162,0.03350869900128317,0.03350869751747339,-1.8235413179468196e-14,1.5825097066102245e-09
2109.2065589922213,0.03346193606468756,0.033461936064686844,0.03346193606467524,0.033461959671907855,0.03346193753147637,0.03346193615610955,-1.1601830607332886e-14,1.4667895231745831e-09
2113.278386326183,0.033417166068914796,0.03341716606891408,0.0334171660689117,0.03341718797488335,0.033417167426687294,0.033417166153480615,-2.3800406090401793e-15,1.3577732133063236e-09
2117.350213660145,0.03337427150697656,0.03337427150697628,0.033374271506981835,0.033374291809004926,0.03337427276193372,0.03337427158507606,5.55805401702969e-15,1.2549574435194444e-09
2121.4220409941067,0.033333144939921934,0.03333314493992278,0.03333314493993237,0.03333316372811687,0.033333146097805424,0.03333314501191634,9.58955137519979e-15,1.1578826439317957e-09
2125.4938683280684,0.03329368667676211,0.033293686676763724,0.03329368667677311,0.033293704034644614,0.033293687742892736,0.033293686742985246,9.38832345198648e-15,1.0661290114621913e-09
2129.5656956620305,0.03325580411076738,0.033255804110769116,0.033255804110775326,0.03325582011583153,0.03325580509008128,0.03325580417152863,6.2103100439969694e-15,9.793121660828241e-10
2133.637522995992,0.03321941112129374,0.033219411121294916,0.03321941112129767,0.03321942584551104,0.033219412018374854,0.03321941117688034,2.7547408798511697e-15,8.970799381113892e-10
2137.709350329954,0.0331844275338451,0.03318442753384531,0.03318442753384517,0.03318444104411967,0.033184428352954355,0.03318442758452425,-1.3877787807814457e-16,8.191090444809035e-10
2141.781177663916,0.033150778631976394,0.03315077863197597,0.033150778631971245,0.03315079099055732,0.03315077937707863,0.03315077867799734,-4.7253867485608225e-15,7.451026601268396e-10
2145.8530049978776,0.0331183947154272,0.03311839471542671,0.03311839471541762,0.03311840598028098,0.03311839539021433,0.03311839475702225,-9.089951014118469e-15,6.747876146739884e-10
2149.9248323318393,0.03308721069954329,0.03308721069954267,0.03308721069953198,0.03308722092469152,0.03308721130745505,0.033087210736928475,-1.0692835505921039e-14,6.079123801572273e-10
2153.9966596658014,0.03305716575163324,0.033057165751632554,0.03305716575162183,0.03305717498746054,0.03305716629587743,0.033057165785009925,-1.0727529975440575e-14,5.442448783310461e-10
2158.068486999763,0.03302820296041955,0.03302820296041893,0.033028202960409,0.033028211253953374,0.03302820344399008,0.033028202989975934,-9.929557176491244e-15,4.835711484019178e-10
2162.1403143337247,0.03300026903518312,0.03300026903518274,0.033000269035173654,0.03300027643034822,0.0330002694608759,0.033000269061094885,-9.083012120214562e-15,4.2569316127671897e-10
2166.212141667687,0.032973314031589866,0.032973314031589686,0.03297331403158109,0.03297332056944015,0.03297331440201749,0.0329733140540209,-8.597289546941056e-15,3.7042780648421925e-10
2170.2839690016485,0.03294729110152746,0.03294729110152705,0.03294729110151825,0.03294729682045799,0.03294729141913254,0.03294729112063085,-8.798517470154366e-15,3.176054905185133e-10
2174.35579633561,0.03292215626457727,0.03292215626457679,0.03292215626456815,0.03292216120051861,0.03292215653164579,0.032922156280496634,-8.6389229103645e-15,2.6706899886042024e-10
2178.4276236695723,0.032897868199010735,0.03289786819901032,0.03289786819900311,0.03289787238560565,0.03289786841768263,0.03289786821188047,-7.20951076615961e-15,2.186723094266263e-10
2182.499451003534,0.03287438805042255,0.03287438805042199,0.03287438805041464,0.032874391519188126,0.032874388222701945,0.03287438806036831,-7.348288644237755e-15,1.7227995419144548e-10
2186.5712783374956,0.03285167925632026,0.032851679256319585,0.03285167925631146,0.03285168203679692,0.03285167938408519,0.03285167926345991,-8.125444761475364e-15,1.2776560365246326e-10
2190.6431056714578,0.032829707385167606,0.03282970738516726,0.03282970738516169,0.03282970950505615,0.032829707470179256,0.03282970738961205,-5.571931804837504e-15,8.501199744159749e-11
2194.7149330054194,0.03280843998853682,0.032808439988536914,0.03280843998853807,0.032808441473822954,0.032808440032446644,0.03280843999038993,1.1587952819525071e-15,4.390973001866527e-11
2198.786760339381,0.032787846465159885,0.03278784646516026,0.03278784646516841,0.03278784734022951,0.032787846469516935,0.03278784646451862,8.153200337090993e-15,4.356674743188904e-12
2202.858587673343,0.032767897935798915,0.03276789793579916,0.032767897935808525,0.03276789822354446,0.03276789790205666,0.03276789793275417,9.367506770274758e-15,-3.3742494909283494e-11
2206.930415007305,0.03274856712796163,0.03274856712796168,0.032748567127966234,0.032748566849880284,0.032748567057484836,0.03274856712259893,4.551914400963142e-15,-7.047684658090247e-11
2211.0022423412665,0.0327298282695878,0.032729828269587674,0.03272982826958684,0.03272982744587139,0.03272982816365802,0.03272982826198758,-8.326672684688674e-16,-1.0592965393740883e-10
2215.0740696752287,0.03271165699091522,0.03271165699091511,0.03271165699091159,0.03271165564053356,0.032711656850736084,0.03271165698115322,-3.524958103184872e-15,-1.4017902810747884e-10
2219.1458970091903,0.03269403023381585,0.03269403023381583,0.03269403023381228,0.03269402837459316,0.032694030060517805,0.032694030221963044,-3.5457747848965937e-15,-1.7329802176613285e-10
2223.217724343152,0.03267692616795767,0.032676926167957886,0.03267692616795703,0.03267692381664373,0.03267692596260261,0.03267692615408073,-8.534839501805891e-16,-2.053552744518683e-10
2227.289551677114,0.032660324113213006,0.0326603241132133,0.032660324113217,0.032660321285548445,0.03266032387679815,0.03266032409737442,3.70536934468646e-15,-2.3641514440564393e-10
2231.3613790110758,0.03264420446778623,0.032644204467786375,0.03264420446779413,0.03264420117856348,0.03264420420124806,0.03264420445004443,7.757683384568281e-15,-2.665383122546494e-10
2235.4332063450374,0.03262854864158441,0.032628548641584335,0.032628548641595576,0.03262854490470418,0.032628548345802665,0.032628548621994505,1.124100812432971e-14,-2.957816699900029e-10
2239.5050336789996,0.032613338994400005,0.03261333899440005,0.032613338994411836,0.032613334822923584,0.0326133386702011,0.032613338973014036,1.1789180742738381e-14,-3.241989454672023e-10
2243.576861012961,0.03259855877851249,0.03259855877851278,0.03259855877852023,0.03259855418470974,0.03259855842667219,0.032598558755379266,7.445433158892456e-15,-3.5184059138382295e-10
2247.648688346923,0.03258419208535091,0.03258419208535174,0.032584192085352175,0.032584187080745175,0.03258419170659743,0.03258419206051631,4.371503159461554e-16,-3.787543056965603e-10
2251.720515680885,0.032570223795895345,0.03257022379589652,0.03257022379589363,0.03257021839130459,0.03257022339091119,0.03257022376940194,-2.886579864025407e-15,-4.049853299936679e-10
2255.7923430148467,0.03255663953451883,0.03255663953451979,0.03255663953451938,0.032556633740094404,0.03255663910394376,0.03255663950640615,-4.0939474033052647e-16,-4.3057602622242896e-10
2259.8641703488083,0.03254342562600163,0.032543425626002515,0.03254342562600771,0.03254341945126526,0.032543425170435694,0.03254342559630745,5.197231534026514e-15,-4.5556682037872775e-10
2263.9359976827704,0.0325305690554749,0.032530569055476154,0.032530569055485375,0.032530562509351615,0.032530568575480305,0.032530569024234776,9.221789998292707e-15,-4.799958486234601e-10
2268.007825016732,0.03251805743106524,0.03251805743106638,0.03251805743107621,0.032518050521913394,0.03251805692716708,0.03251805739831164,9.832412661836543e-15,-5.038992972883349e-10
2272.079652350694,0.03250587894903419,0.03250587894903465,0.03250587894904236,0.032505871684674906,0.03250587842172308,0.03250587891479726,7.70911112724093e-15,-5.273115694093278e-10
2276.151479684656,0.03249402236122867,0.03249402236122831,0.03249402236123175,0.03249401474897338,0.03249402181096299,0.032494022325536914,3.4416913763379853e-15,-5.502653194211504e-10
2280.2233070186176,0.03248247694466905,0.032482476944668416,0.03248247694466748,0.032482468991344944,0.032482476371876935,0.03248247690754977,-9.367506770274758e-16,-5.727914809128265e-10
2284.295134352579,0.03247123247311775,0.032471232473117284,0.03247123247311628,0.032471224185089895,0.032471231878197455,0.03247123243459631,-1.0061396160665481e-15,-5.949198286780977e-10
2288.3669616865413,0.03246027919048147,0.03246027919048112,0.03246027919048146,0.0324602705736745,0.032460278573802806,0.032460279150580904,3.400058012914542e-16,-6.166783125816089e-10
2292.438789020503,0.03244960778591596,0.032449607785915345,0.03244960778591318,0.03244959884583418,0.03244960714782138,0.03244960774465732,-2.1649348980190553e-15,-6.380939665540097e-10
2296.5106163544647,0.03243920937051186,0.03243920937051113,0.03243920937050449,0.032439200112258836,0.03243920871131856,0.03243920932791503,-6.6405214660392176e-15,-6.591925755250472e-10
2300.582443688427,0.03242907545545053,0.0324290754554498,0.03242907545544032,0.03242906588374635,0.03242907477545108,0.032429075411533864,-9.478529072737274e-15,-6.799987170569288e-10
2304.6542710223885,0.03241919793152468,0.03241919793152418,0.032419197931512767,0.03241918805072197,0.03241919723098839,0.032419197886305165,-1.141448047192739e-14,-7.005357890998987e-10
2308.72609835635,0.03240956904993062,0.032409569049930025,0.03240956904991759,0.03240955886402942,0.0324095683291035,0.032409569003423316,-1.2434497875801753e-14,-7.208265234703859e-10
2312.7979256903122,0.032400181404241675,0.03240018140424114,0.032400181404228665,0.03240017091690419,0.032400180663348536,0.03240018135646062,-1.2476131239225197e-14,-7.408926042118402e-10
2316.869753024274,0.03239102791348812,0.03239102791348797,0.03239102791347739,0.03239101712805184,0.032391027152733086,0.03239102786444639,-1.0581813203458523e-14,-7.607548827004429e-10
2320.9415803582356,0.032382101806263906,0.03238210180626399,0.03238210180625923,0.03238209072575288,0.03238210102583062,0.032382101755972684,-4.760081218080359e-15,-7.804333707062128e-10
2325.0134076921977,0.03237339660579327,0.03237339660579323,0.03237339660579674,0.032373385232929604,0.032373395805845535,0.03237339655426244,3.5110803153770576e-15,-7.999476914211101e-10
2329.0852350261594,0.03236490611589316,0.03236490611589361,0.03236490611590057,0.03236489445310894,0.03236490529657736,0.03236490606313226,6.95971058561895e-15,-8.19316253730662e-10
2333.157062360121,0.03235662440777812,0.032356624407779026,0.03235662440778303,0.032356612457223294,0.03235662356922165,0.03235662435379501,4.003741782554471e-15,-8.385573763147747e-10
2337.228889694083,0.03234854580764491,0.03234854580764575,0.032348545807645214,0.032348533571196374,0.032348544949957196,0.03234854575244579,-5.342948306008566e-16,-8.5768855212498e-10
2341.300717028045,0.03234066488499175,0.0323406648849921,0.03234066488499045,0.03234065236426223,0.032340664008265366,0.03234066482858192,-1.6514567491299204e-15,-8.767267328790851e-10
2345.3725443620065,0.03233297644162656,0.03233297644162669,0.03233297644162795,0.03233296363797278,0.03233297554593822,0.03233297638401093,1.2559397966072083e-15,-8.956884747779448e-10
2349.4443716959686,0.03232547550132091,0.03232547550132104,0.03232547550132497,0.03232546241584995,0.03232547458673117,0.03232547544250333,3.927413949611491e-15,-9.145898691165222e-10
2353.5161990299302,0.03231815730006719,0.0323181573000675,0.032318157300071586,0.032318143933642664,0.032318156366620825,0.03231815724005046,4.0870085094013575e-15,-9.33446674122873e-10
2357.588026363892,0.032311017276904844,0.03231101727690511,0.032311017276906745,0.032311003630152546,0.03231101632463102,0.03231101721569045,1.6375789613221059e-15,-9.52274085974647e-10
2361.659853697854,0.03230405106528037,0.03230405106528039,0.032304051065276285,0.032304037138593866,0.03230405009419329,0.03230405100286882,-4.107825191113079e-15,-9.710870996215704e-10
2365.7316810318157,0.0322972544849102,0.0322972544849098,0.03229725448489993,0.03229724027845574,0.032297253495009316,0.03229725442130116,-9.867107131356079e-15,-9.899004810298706e-10
2369.8035083657774,0.0322906235341168,0.03229062353411614,0.0322906235341024,0.032290609047837725,0.032290622525387516,0.03229062346930924,-1.3739009929736312e-14,-1.0087286214655045e-09
2373.8753356997395,0.032284154382611376,0.03228415438261053,0.032284154382593765,0.03228413961623174,0.03228415335502492,0.03228415431660347,-1.6764367671839864e-14,-1.0275856068830969e-09
2377.947163033701,0.032277843364696863,0.03227784336469557,0.0322778433646787,0.03227782831772428,0.032277842318210036,0.032277843297485405,-1.687538997430238e-14,-1.0464855371150605e-09
2382.018990367663,0.03227168697286749,0.03227168697286561,0.03227168697285273,0.03227167164459679,0.03227168590742349,0.032271686904448635,-1.2878587085651816e-14,-1.0654421164768557e-09
2386.090817701625,0.032265681851784855,0.03226568185178299,0.03226568185177727,0.03226566624130092,0.03226568076731397,0.032265681782154575,-5.717648576819556e-15,-1.084469021528367e-09
2390.1626450355866,0.03225982479261057,0.03225982479260977,0.032259824792610685,0.0322598088987903,0.03225982368903015,0.03225982472176452,9.159339953157541e-16,-1.1035796165792533e-09
2394.2344723695483,0.0322541127276762,0.03225411272767671,0.03225411272767979,0.03225409654918875,0.03225411160488925,0.03225411265560829,3.0808688933348094e-15,-1.1227874602282029e-09
2398.3062997035104,0.032248542725470765,0.03224854272547166,0.03224854272547486,0.03224852626077874,0.03224854158336583,0.03224854265217297,3.1988300897012323e-15,-1.1421058265792539e-09
2402.378127037472,0.03224311198593097,0.03224311198593221,0.03224311198593636,0.03224309523329309,0.032243110824384275,0.03224311191139521,4.1494585545365226e-15,-1.1615479342252932e-09
2406.4499543714337,0.03223781783602543,0.03223781783602704,0.03223781783603325,0.03223780079349639,0.03223781665489994,0.03223781776024296,6.2103100439969694e-15,-1.1811270989037226e-09
2410.521781705396,0.03223265772561107,0.032232657725612825,0.03223265772561956,0.03223264039104119,0.032232656524756265,0.03223265764857201,6.737665980693919e-15,-1.2008565600241106e-09
2414.5936090393575,0.032227629223552476,0.032227629223553954,0.03222762922355804,0.03222761159458781,0.03222762800280448,0.03222762914524589,4.0870085094013575e-15,-1.220749473729299e-09
2418.665436373319,0.032222730014092864,0.032222730014093794,0.032222730014094106,0.03222271208817455,0.032222728773274464,0.03222272993450714,3.122502256758253e-16,-1.240819329229037e-09
2422.7372637072813,0.03221795789346571,0.03221795789346606,0.032217957893464426,0.032217939667829404,0.03221795663238681,0.03221795781258874,-1.6306400674181987e-15,-1.261079247971697e-09
2426.809091041243,0.032213310766737814,0.03221331076673794,0.03221331076673666,0.03221329223841235,0.03221330948519505,0.032213310684556906,-1.27675647831893e-15,-1.2815428857004818e-09
2430.8809183752046,0.032208786644874206,0.03220878664487448,0.03220878664487207,0.03220876781067955,0.03220878534265072,0.032208786561375886,-2.4147350785597155e-15,-1.3022237663196101e-09
2434.9527457091667,0.03220438364201692,0.03220438364201744,0.0322043836420094,0.03220436449856162,0.032204382318881834,0.03220438355718647,-8.042178034628478e-15,-1.32313560802233e-09
2439.0245730431284,0.03220009997297011,0.03220009997297057,0.03220009997295733,0.03220008051664909,0.03220009862867829,0.032200099886791685,-1.3239409568654992e-14,-1.3442922747186614e-09
2443.09640037709,0.032195933950885346,0.032195933950885346,0.032195933950872134,0.03219591417787698,0.03219593258517751,0.032195933863342,-1.3211653993039363e-14,-1.3657078384854415e-09
2447.168227711052,0.03219188398514098,0.03219188398514062,0.03219188398513059,0.03219186389140457,0.032191882597744054,0.03219188389621549,-1.0026701691145945e-14,-1.3873965656885368e-09
2451.240055045014,0.032187948579412165,0.032187948579411624,0.03218794857940371,0.03218792816068398,0.03218794717003861,0.032187948489086335,-7.91033905045424e-15,-1.4093730141273575e-09
2455.3118823789755,0.03218412632992394,0.03218412632992343,0.03218412632991396,0.032184105581713016,0.03218412489827143,0.032184126238178706,-9.471590178833367e-15,-1.4316519983403886e-09
2459.3837097129376,0.032180415923886006,0.03218041592388558,0.03218041592387063,0.032180394841469416,0.032180414469636966,0.0321804158307012,-1.4953316362920077e-14,-1.454248617360765e-09
2463.4555370468993,0.03217681613810411,0.03217681613810359,0.03217681613808083,0.03217679471652216,0.03217681466092548,0.03217681604345841,-2.275957200481571e-14,-1.4771781089994995e-09
2467.527364380861,0.03217332583776727,0.03217332583776666,0.03217332583773572,0.03217330407181854,0.03217332433731024,0.032173325741638496,-3.094052791752233e-14,-1.5004564188347835e-09
2471.599191714823,0.03216994397540789,0.032169943975407345,0.03216994397537394,0.03216992185964336,0.03216994245130784,0.03216994387777304,-3.34038352534094e-14,-1.524099506322596e-09
2475.6710190487847,0.032166669590034426,0.032166669590034065,0.032166669590006226,0.032166647118751036,0.03216666804191007,0.03216666949086935,-2.78388423424758e-14,-1.5481239970527305e-09
2479.7428463827464,0.0321635018064341,0.03216350180643405,0.03216350180641469,0.032163478973667864,0.03216350023388719,0.032163501705713644,-1.9359513991901167e-14,-1.5725468566207823e-09
2483.8146737167085,0.03216043983464789,0.03216043983464806,0.03216043983463533,0.032160416634166585,0.03216043823726249,0.03216043973234552,-1.2725931419765857e-14,-1.5973855710393892e-09
2487.88650105067,0.03215748296961629,0.032157482969616485,0.032157482969608485,0.032157459394911596,0.03215748134695849,0.0321574828657043,-8.000544671205034e-15,-1.6226579940825658e-09
2491.958328384632,0.032154630590998545,0.03215463059099908,0.03215463059099462,0.03215460663527825,0.032154628942616253,0.032154630485448456,-4.461708780212348e-15,-1.6483828260693834e-09
2496.030155718594,0.03215188216316828,0.032151882163169006,0.03215188216316774,0.032151857819346395,0.03215188048859006,0.03215188205595013,-1.2628786905111156e-15,-1.6745789477301543e-09
2500.1019830525556,0.03214923723538483,0.03214923723538569,0.032149237235385986,0.032149212496072395,0.03214923553411951,0.03214923712646732,2.983724378680108e-16,-1.701266176545868e-09
2504.1738103865173,0.03214669544214691,0.03214669544214797,0.032146695442148605,0.032146670299641765,0.032146693713683006,0.0321466953314977,6.38378239159465e-16,-1.7284649614368597e-09
2508.2456377204794,0.03214425650373206,0.032144256503733204,0.03214425650373443,0.03214423095000765,0.03214425474753698,0.03214425639131726,1.2281842209915794e-15,-1.7561962231682493e-09
2512.317465054441,0.03214192022692612,0.03214192022692677,0.03214192022692769,0.03214189425361928,0.032141918442444774,0.03214192011271004,9.159339953157541e-16,-1.7844819996670758e-09
2516.3892923884027,0.032139686505947854,0.03213968650594772,0.032139686505945175,0.03213966010434725,0.03213968469260292,0.03213968638989353,-2.546574062733953e-15,-1.8133448007051634e-09
2520.461119722365,0.03213755532357795,0.03213755532357751,0.03213755532357037,0.03213752848461108,0.03213755348076928,0.03213755520564787,-7.140121827120538e-15,-1.8428082323995731e-09
2524.5329470563265,0.032135526752499984,0.03213552675249997,0.03213552675249125,0.032135499466718564,0.03213552487960316,0.03213552663265522,-8.722189637211386e-15,-1.8728968098624676e-09
2528.604774390288,0.03213360095686009,0.03213360095686031,0.03213360095685364,0.03213357321442362,0.03213359905322448,0.03213360083505926,-6.6682770416548465e-15,-1.9036358323010205e-09
2532.6766017242503,0.032131778194054196,0.032131778194054425,0.032131778194050345,0.0321317499847148,0.03213177625900256,0.03213177807025411,-4.08006961549745e-15,-1.935051861801096e-09
2536.748429058212,0.032130058816758164,0.03213005881675818,0.032130058816756096,0.032130030129843334,0.032130056849585774,0.0321300586909141,-2.0816681711721685e-15,-1.967172404138129e-09
2540.8202563921736,0.032128443275210666,0.03212844327521061,0.03212844327520898,0.03212841409960544,0.03212844127518426,0.032128443147276156,-1.6306400674181987e-15,-2.0000263528663353e-09
2544.8920837261358,0.032126932119763245,0.03212693211976311,0.03212693211975904,0.03212690244389006,0.03212693008611951,0.03212693198969004,-4.073130721593543e-15,-2.0336436007406533e-09
2548.9639110600974,0.03212552600371256,0.03212552600371237,0.032125526003703414,0.032125495815510656,0.032125523935656694,0.0321255258714504,-8.958112029944232e-15,-2.068055678094982e-09
2553.035738394059,0.032124225686431945,0.032124225686431376,0.03212422568641779,0.03212419497333484,0.03212422358313614,0.03212422555192813,-1.3586354263850353e-14,-2.1032952393640336e-09
2557.107565728021,0.03212303203682111,0.03212303203682006,0.03212303203680614,0.03212300078573336,0.03212302989742334,0.03212303190002078,-1.39194211712379e-14,-2.139396715339359e-09
2561.179393061983,0.032121946037095804,0.03212194603709442,0.03212194603708397,0.03212191423436798,0.03212194386069844,0.03212194589794248,-1.0449974219284286e-14,-2.1763959801024413e-09
2565.2512203959445,0.032120968786940284,0.0321209687869391,0.03212096878692996,0.032120936418341954,0.03212096657260825,0.03212096864537521,-9.13852327144582e-15,-2.214330843686163e-09
2569.3230477299066,0.032120101508048164,0.03212010150804731,0.03212010150803651,0.03212006855873846,0.03212009925480649,0.03212010136400981,-1.0803857808383555e-14,-2.253240823091307e-09
2573.3948750638683,0.032119345549079054,0.03211934554907841,0.032119345549066175,0.03211931200357597,0.03211934325591102,0.032119345402502955,-1.2233269952588444e-14,-2.293167385147843e-09
2577.46670239783,0.03211870239106323,0.0321187023910627,0.0321187023910502,0.032118668233211044,0.032118700056908325,0.03211870224188226,-1.2503886814840826e-14,-2.3341543767263495e-09
2581.538529731792,0.03211817365329018,0.03211817365328964,0.03211817365327765,0.03211813886622413,0.03211817127704208,0.03211817350143415,-1.199040866595169e-14,-2.376247559832123e-09
2585.6103570657538,0.032117761099717285,0.03211776109971676,0.03211776109970676,0.03211772566582624,0.0321177586802214,0.032117760945113226,-9.998946115530316e-15,-2.419495354066825e-09
2589.6821843997154,0.032117466645943504,0.03211746664594291,0.03211746664593497,0.03211743054682909,0.03211746418199413,0.03211746648851514,-7.93809462606987e-15,-2.463948774178437e-09
2593.7540117336775,0.03211729236679273,0.03211729236679221,0.03211729236678589,0.032117255583226575,0.032117289857130714,0.03211729220646063,-6.321332346459485e-15,-2.5096614994501998e-09
2597.825839067639,0.032117240504561835,0.0321172405045616,0.03211724050455833,0.03211720301643893,0.032117237947871205,0.032117240341242935,-3.2682190287403046e-15,-2.5566903941176555e-09
2601.897666401601,0.032117313477989795,0.03211731347798957,0.03211731347799075,0.03211727526427809,0.03211731087289432,0.03211731331159687,1.1796119636642288e-15,-2.6050952506295744e-09
2605.969493735563,0.03211751389201213,0.03211751389201173,0.032117513892015635,0.03211747493069951,0.03211751123707214,0.03211751372245396,3.9065972678997696e-15,-2.6549395876207527e-09
2610.0413210695247,0.03211784454837429,0.032117844548373624,0.03211784454837815,0.032117804816410925,0.032117841842083134,0.03211784437555563,4.524158825347513e-15,-2.7062904903174534e-09
2614.1131484034863,0.032118308457183095,0.03211830845718251,0.03211830845718807,0.032118267930419796,0.03211830569796345,0.03211830828100463,5.55805401702969e-15,-2.75921906156551e-09
2618.1849757374484,0.032118908849486594,0.03211890884948644,0.03211890884949248,0.032118867502607375,0.032118906035685756,0.03211890866984423,6.036837696399289e-15,-2.8138006855082942e-09
2622.25680307141,0.03211964919098087,0.03211964919098109,0.03211964919098567,0.03211960699743048,0.032119646320865614,0.03211964900776504,4.579669976578771e-15,-2.870115478614821e-09
2626.3286304053718,0.03212053319695545,0.03212053319695587,0.032120533196960975,0.032120490128861645,0.032120530268707356,0.03212053301005116,5.10702591327572e-15,-2.9282485117243517e-09
2630.400457739334,0.03212156484860452,0.032121564848605164,0.032121564848615516,0.03212152087669414,0.0321215618603149,0.032121564657891274,1.0352829704629585e-14,-2.9882902610745e-09
2634.4722850732956,0.032122748410844185,0.032122748410844885,0.032122748410861476,0.032122703504351584,0.03212274536050782,0.03212274821619519,1.6590895324242183e-14,-3.050337066268227e-09
2638.544112407257,0.0321240884517927,0.03212408845179333,0.03212408845181264,0.03212404257836098,0.03212408533730175,0.032124088253074744,1.9310941734573817e-14,-3.114491574363054e-09
2642.6159397412193,0.03212558986409361,0.03212558986409411,0.03212558986411309,0.03212554298966745,0.03212558668323053,0.0321255896611666,1.897787482718627e-14,-3.180863579477222e-09
2646.687767075181,0.03212725788828306,0.03212725788828345,0.03212725788830073,0.03212720997699216,0.032127254638713416,0.03212725768099965,1.7277845820729e-14,-3.2495700366674818e-09
2650.7595944091427,0.032129098138429346,0.032129098138429554,0.032129098138442655,0.03212904915246122,0.03212909481769326,0.03212909792663423,1.3100631690576847e-14,-3.320736297052207e-09
2654.831421743105,0.03213111663030231,0.0321311166303021,0.03213111663030985,0.03213106652976424,0.03213111323580567,0.03213111641383152,7.743805596760467e-15,-3.394496433939409e-09
2658.9032490770664,0.032133319812368395,0.03213331981236755,0.03213331981236872,0.03213326855513653,0.03213331634137325,0.03213331959104899,1.1726730697603216e-15,-3.47099429753861e-09
2662.975076411028,0.03213571459994327,0.03213571459994275,0.03213571459993539,0.032135662141498836,0.032135711049558396,0.0321357143735937,-7.36216643204557e-15,-3.5503843545670044e-09
2667.0469037449902,0.03213830841289089,0.03213830841289119,0.03213830841287705,0.03213825470613821,0.03213830478005864,0.03213830818131864,-1.4141465776162931e-14,-3.6328325486723045e-09
2671.118731078952,0.03214110921729837,0.032141109217299055,0.032141109217282915,0.03214105421236625,0.03214110549878148,0.032141108980298885,-1.6139867220488213e-14,-3.7185175771892176e-09
2675.1905584129136,0.032144125571632924,0.03214412557163371,0.032144125571619754,0.03214406921565811,0.03214412176400141,0.032144125328989546,-1.3954115640757436e-14,-3.807632299734909e-09
2679.2623857468757,0.03214736667796206,0.03214736667796322,0.03214736667795267,0.03214730891485032,0.03214736277757857,0.03214736642944564,-1.0547118733938987e-14,-3.900384647204103e-09
2683.3342130808373,0.032150842438904405,0.03215084243890581,0.032150842438897674,0.032150783209065156,0.032150838441906186,0.0321508421842712,-8.139322549283179e-15,-3.996999627109421e-09
2687.406040414799,0.03215456352108127,0.03215456352108239,0.03215456352107449,0.03215450276113573,0.0321545594233614,0.03215456326007181,-7.896461262646426e-15,-4.0977209889159205e-09
2691.477867748761,0.032158541425971444,0.032158541425971916,0.03215854142596523,0.0321584790684297,0.03215853722315855,0.03215854115830986,-6.689093723366568e-15,-4.202813368159308e-09
2695.549695082723,0.03216278856921759,0.03216278856921812,0.03216278856921515,0.032162724542120255,0.032162784256653955,0.032162788294610806,-2.9698465908722937e-15,-4.31256416688619e-09
2699.6215224166845,0.03216731836961294,0.03216731836961359,0.032167318369612924,0.03216725259612969,0.032167313942326976,0.03216731808774768,-6.661338147750939e-16,-4.427286613706283e-09
2703.6933497506466,0.03217214534920254,0.03217214534920285,0.03217214534920509,0.03217207774718596,0.03217214080188046,0.03217214505974344,2.2343238370581275e-15,-4.547322393633202e-09
2707.7651770846082,0.032177285246202496,0.032177285246202454,0.03217728524621209,0.032177215727689654,0.032177280573156976,0.032177284948791095,9.63812363252714e-15,-4.673045478353899e-09
2711.83700441857,0.03218275514274833,0.032182755142748286,0.03218275514276565,0.03218268361340017,0.03218275033788284,0.03218275483700073,1.7361112547575885e-14,-4.8048654430199456e-09
2715.908831752532,0.032188573609862485,0.032188573609862596,0.03218857360988133,0.03218849996833216,0.032188568666630106,0.03218857329536636,1.8735013540549517e-14,-4.9432324900067215e-09
2719.9806590864937,0.03219476087249569,0.03219476087249578,0.032194760872510504,0.03219468500971524,0.03219475578385327,0.0321947605488071,1.472433286409114e-14,-5.088642507367069e-09
2724.052486420456,0.032201338998072475,0.03220133899807218,0.03220133899808104,0.032201260796444434,0.032201333756429015,0.032201338664712836,8.854028621385623e-15,-5.241643168119037e-09
2728.1243137544175,0.032208332112677485,0.03220833211267716,0.03220833211268243,0.0322082514451554,0.03220832670983613,0.032208331769130696,5.2735593669694936e-15,-5.40284102873434e-09
2732.196141088379,0.03221576664990477,0.032215766649904644,0.03221576664991034,0.03221568337894039,0.032215761076994615,0.0322157662956125,5.6968318951078345e-15,-5.5729100292833955e-09
2736.2679684223413,0.03222367163849196,0.032223671638492,0.032223671638499554,0.032223585614827285,0.032223665885890485,0.03222367127284801,7.556455461354972e-15,-5.752601513198119e-09
2740.339795756303,0.032232079036263954,0.032232079036263836,0.032232079036271025,0.03223199009753776,0.03223207309350781,0.0322320786586092,7.188694084447889e-15,-5.94275602339156e-09
2744.4116230902646,0.0322410241196867,0.03224102411968638,0.032241024119690875,0.03224093208881868,0.032241017975368845,0.03224102372930278,4.496403249731884e-15,-6.1443175339293e-09
2748.4834504242267,0.032250545940609936,0.03225054594060955,0.03225054594061059,0.032250450623915516,0.03225053958225894,0.03225054553671187,1.0408340855860843e-15,-6.358350609914076e-09
2752.5552777581884,0.03226068786472755,0.032260687864727154,0.03226068786472521,0.03226058904970418,0.03226068127866553,0.03226068744645417,-1.942890293094024e-15,-6.586061626623341e-09
2756.62710509215,0.03227149821013117,0.03227149821013037,0.03227149821012689,0.032271395662842414,0.03227149138130603,0.03227149777653464,-3.4763858458575214e-15,-6.828824339333295e-09
2760.698932426112,0.03228303100941311,0.03228303100941197,0.03228303100940736,0.03228292447137462,0.032283023921200346,0.03228303055944715,-4.6074255521944e-15,-7.088211621819607e-09
2764.770759760074,0.032295346925546906,0.032295346925545886,0.03229534692554106,0.03229523610998561,0.03229533955951,0.032295346458051634,-4.822531263215524e-15,-7.3660358854144015e-09
2768.8425870940355,0.032308514360899224,0.032308514360898447,0.03230851436089631,0.03230839894821896,0.0323085066964989,0.03230851387458214,-2.1371793224034263e-15,-7.664399545581624e-09
2772.9144144279976,0.03232261081120244,0.03232261081120183,0.03232261081120298,0.03232249044343321,0.0323226028254416,0.032322610304616486,1.1518563880486e-15,-7.985760226703054e-09
2776.9862417619593,0.032337724533597435,0.032337724533596846,0.03233772453359795,0.032337598807520726,0.032337716200581526,0.032337724005113234,1.1032841307212493e-15,-8.333015319439419e-09
2781.058069095921,0.0323539566221421,0.0323539566221419,0.03235395662214158,0.03235382508066784,0.03235394791252774,0.032353956069913925,-3.191891195797325e-16,-8.709614154889245e-09
2785.129896429883,0.03237142361889673,0.03237142361889698,0.032371423618896854,0.03237128574009045,0.03237141449918871,0.03237142304081756,-1.249000902703301e-16,-9.119708266336346e-09
2789.2017237638447,0.032390260839201455,0.03239026083920173,0.03239026083920416,0.03239011602209767,0.032390251270844474,0.03239026023284567,2.42861286636753e-15,-9.568357259293059e-09
2793.2735510978064,0.03241062666470712,0.03241062666470732,0.03241062666471565,0.03241047421063729,0.032410616602891296,0.032410626027256334,8.326672684688674e-15,-1.0061816026196713e-08
2797.3453784317685,0.03243270817134985,0.03243270817135007,0.03243270817136405,0.032432547258859,0.03243269756340442,0.03243270749949141,1.3981871216373065e-14,-1.0607945653828832e-08
2801.41720576573,0.03245672863584207,0.03245672863584218,0.032456728635859126,0.032456558286224534,0.03245671741902717,0.03245672792563034,1.6944778913341452e-14,-1.1216815011538817e-08
2805.489033099692,0.03248295774529244,0.032482957745292786,0.032482957745309494,0.03248277677401395,0.0324829458436871,0.032482956991953464,1.6708856520608606e-14,-1.190160568709242e-08
2809.560860433654,0.03251172579523917,0.03251172579523991,0.03251172579525405,0.03251153274148433,0.03251171311522452,0.03251172499288603,1.4141465776162931e-14,-1.268001538490271e-08
2813.6326877676156,0.032543443940314866,0.032543443940315886,0.03254344394032937,0.03254323696151165,0.03254343036380979,0.03254344308152252,1.3482270855291745e-14,-1.3576506092960461e-08
2817.7045151015773,0.03257863392384214,0.03257863392384336,0.03257863392385911,0.032578410632094865,0.03257861929780892,0.032578632998987195,1.5751289161869408e-14,-1.4626034439135793e-08
2821.7763424355394,0.032617973181011506,0.032617973181012595,0.032617973181032246,0.03261773037946919,0.03261795730053274,0.032617972177208146,1.965094753586527e-14,-1.5880479854735174e-08
2825.848169769501,0.032662365850572285,0.03266236585057322,0.032662365850595856,0.03266209909049325,0.03266234843040494,0.03266236474988301,2.263467191454538e-14,-1.742016828010229e-08
2829.9199971034627,0.03271305926135326,0.03271305926135395,0.03271305926137651,0.03271276206505858,0.03271303988600105,0.032713058037648075,2.2565282975506307e-14,-1.937535289847636e-08
2833.991824437425,0.03277184348959921,0.03277184348959954,0.03277184348962027,0.032771505929646484,0.03277182152198356,0.03277184210280959,2.072647609097089e-14,-2.19676159832205e-08
2838.0636517713865,0.03284140742100057,0.032841407421000494,0.03284140742101842,0.032841013442009036,0.032841381830260676,0.03284140580628562,1.792316295379237e-14,-2.5590739818892594e-08
2842.135479105348,0.032925988798822,0.032925988798821554,0.032925988798835966,0.03292551121034525,0.03292595783838706,0.03292598684631403,1.4412082638415313e-14,-3.0960434493909617e-08
2846.2073064393103,0.03303250890589241,0.03303250890589176,0.03303250890590156,0.03303190136985873,0.03303246959902698,0.03303250642833211,9.797718192317006e-15,-3.930686477693346e-08
2850.279133773272,0.03317193948530581,0.033171939485305085,0.033171939485310935,0.03317113454941036,0.03317188750528747,0.03317193621054274,5.8494875609937935e-15,-5.1980017616581886e-08
2854.3509611072336,0.033356702018477624,0.03335670201847682,0.033356702018482814,0.03335568549087313,0.03335663650506728,0.033356697892731685,5.995204332975845e-15,-6.551340953758755e-08
2858.4227884411957,0.03357652935865523,0.0335765293586544,0.033576529358661095,0.03357565242401366,0.033576473008426706,0.033576525810864996,6.696032617270475e-15,-5.6350227692347765e-08
2862.4946157751574,0.03377098114473249,0.03377098114473154,0.03377098114473515,0.03377076390730765,0.03377096723715381,0.03377098026851097,3.615163723935666e-15,-1.3907577728344833e-08
2866.566443109119,0.03394760940978425,0.03394760940978316,0.03394760940977895,0.033947523524257964,0.03394760379557769,0.03394760905534848,-4.211908599671688e-15,-5.6142054755126125e-09
2870.638270443081,0.034222042085626306,0.03422204208562524,0.03422204208561277,0.03422149106233827,0.034222006623017893,0.034222039854052984,-1.246919234532129e-14,-3.546260734371698e-08
2874.710097777043,0.03468442331027572,0.03468442331027504,0.034684423310258616,0.03468327735473572,0.03468434981381968,0.03468441868811504,-1.642436187054841e-14,-7.349645535920102e-08
2878.7819251110045,0.03536263748735809,0.035362637487357934,0.03536263748733902,0.03536105697932332,0.03536253633602402,0.03536263112859676,-1.8915424782051105e-14,-1.0115133391302988e-07
2882.8537524449666,0.03603293415874229,0.03603293415874256,0.03603293415872105,0.03603170187198846,0.036032855462359875,0.036032929213747275,-2.1510571102112408e-14,-7.869638268820367e-08
2886.9255797789283,0.036229728555368663,0.03622972855536876,0.03622972855534622,0.03622914469526577,0.03622969125486106,0.0362297262119094,-2.2537527399890678e-14,-3.730050770339721e-08
2890.99740711289,0.03615088625568293,0.036150886255682566,0.036150886255659945,0.036149703688519434,0.036150810401817356,0.036150881485776123,-2.2620794126737565e-14,-7.585386520986281e-08
2895.069234446852,0.036328106586465375,0.036328106586464265,0.03632810658644122,0.03632543581490798,0.036327935295972155,0.03632809581442678,-2.3044066654875905e-14,-1.7129049210973246e-07
2899.1410617808137,0.036978988490945275,0.036978988490943415,0.03697898849092068,0.03697417929121582,0.03697868014055253,0.03697896910036635,-2.273181642920008e-14,-3.083503908873908e-07
2903.2128891147754,0.03825655684471767,0.03825655684471528,0.03825655684469324,0.03824860009383556,0.038256046850694655,0.03825652477582299,-2.2037927038809357e-14,-5.099940206254594e-07
2907.2847164487375,0.04035216097738532,0.04035216097738248,0.040352160977361634,0.040340460959605556,0.04035141181341174,0.04035211387700252,-2.0844437287337314e-14,-7.491639707410402e-07
2911.356543782699,0.043001849757262865,0.04300184975726009,0.04300184975723841,0.04299073547172959,0.043001141161335694,0.04300180524005243,-2.167710455580618e-14,-7.085959243952056e-07
2915.428371116661,0.04468469088617312,0.04468469088617087,0.044684690886146884,0.04468304832943626,0.04468459266006259,0.04468468479849423,-2.398775622580729e-14,-9.822610828186251e-08
2919.500198450623,0.04492582004832948,0.04492582004832752,0.04492582004830348,0.04492916689765442,0.044926040853051484,0.044925834028784355,-2.4043267377038546e-14,2.2080472396324158e-07
2923.5720257845846,0.045313701232517614,0.045313701232515664,0.04531370123249521,0.04531595063971241,0.04531385012404166,0.04531371067040044,-2.045585922871851e-14,1.488915259972856e-07
2927.6438531185463,0.046332906815452685,0.046332906815449215,0.04633290681543237,0.04633349567195677,0.04633294689426059,0.04633290937473768,-1.684763439868675e-14,4.007881137385594e-08
2931.7156804525084,0.04753921234467029,0.047539212344663614,0.04753921234465164,0.04753893274878969,0.0475391946271326,0.04753921123589847,-1.1976530878143876e-14,-1.7717531011762766e-08
2935.78750778647,0.04730156880897241,0.04730156880896186,0.047301568808957514,0.047301580991691475,0.047301567721365276,0.04730156871568488,-4.343747583845925e-15,-1.0875965822387812e-09
2939.8593351204318,0.046215807002144865,0.04621580700212971,0.04621580700212995,0.04621207363440706,0.046215561478567216,0.04621579147231956,2.3592239273284576e-16,-2.4552356249485374e-07
2943.931162454394,0.046382980913230884,0.04638298091320995,0.04638298091321136,0.04637349276012364,0.04638236074394303,0.04638294173222454,1.4085954624931674e-15,-6.201692669197123e-07
2948.0029897883555,0.047684489303157294,0.047684489303136623,0.047684489303134486,0.04767361088538064,0.04768377479165105,0.04768444410131207,-2.1371793224034263e-15,-7.145114855749979e-07
2952.074817122317,0.04814077557646512,0.04814077557646581,0.048140775576457455,0.04813452193703647,0.04814035503819934,0.048140748822187406,-8.354428260304303e-15,-4.2053826646709647e-07
2956.1466444562793,0.047046970227036765,0.04704697022706269,0.04704697022704887,0.04704491579414219,0.04704682341153233,0.04704696075197883,-1.3815337762679292e-14,-1.468155303580021e-07
2960.218471790241,0.045353555132407665,0.04535355513243547,0.04535355513241723,0.04535486950748078,0.04535363208459439,0.045353559843745596,-1.8242352073372103e-14,7.695215892278284e-08
2964.2902991242026,0.04415040281516151,0.044150402815180845,0.04415040281516193,0.0441531949795249,0.04415058027337427,0.04415041394117743,-1.8915424782051105e-14,1.7745819342468439e-07
2968.3621264581648,0.04384602543581117,0.04384602543582336,0.04384602543580948,0.04384859002596134,0.04384619124927949,0.043846035885552574,-1.3877787807814457e-14,1.6581345613220222e-07
2972.4339537921264,0.043859001906986175,0.043859001906993614,0.04385900190699022,0.04386261013348115,0.043859238272561336,0.04385901685272386,-3.3931191190106347e-15,2.363655677226073e-07
2976.505781126088,0.04308959537308407,0.043089595373088305,0.0430895953730979,0.043094628813623345,0.043089925281087994,0.0430896162406964,9.596490269103697e-15,3.2990799968962703e-07
2980.57760846005,0.04197237420674168,0.04197237420674369,0.04197237420675913,0.04197532547405342,0.04197256823634541,0.0419723864920044,1.5439038936193583e-14,1.940296017188814e-07
2984.649435794012,0.04132702277591557,0.04132702277591616,0.041327022775929034,0.04132702673891293,0.04132702499680663,0.04132702295352425,1.2871648191747909e-14,2.2208904645881766e-09
2988.7212631279735,0.04131673586603488,0.04131673586603491,0.04131673586604605,0.04131332824492805,0.0413165163517053,0.04131672205261578,1.1136924715771102e-14,-2.1951432960937156e-07
2992.7930904619357,0.041954181955922036,0.04195418195592176,0.04195418195593744,0.04194690641880883,0.0419537113446734,0.041954152302535366,1.5681900222830336e-14,-4.7061124835989787e-07
2996.8649177958973,0.04328483442535187,0.04328483442535157,0.04328483442537188,0.04327278532309408,0.04328405393856094,0.04328478522596753,2.0310142456736457e-14,-7.804867906274771e-07
3000.936745129859,0.04551343718954891,0.045513437189548395,0.04551343718957136,0.04549442042232291,0.04551220430108544,0.04551335945455635,2.2967738821932926e-14,-1.2328884629528303e-06
3005.008572463821,0.049103350337678084,0.049103350337677,0.04910335033769917,0.04907335127124505,0.049101404378668285,0.049103227625943054,2.2169766022983595e-14,-1.945959008715914e-06
3009.080399797783,0.054818059109980805,0.054818059109979514,0.05481805910999815,0.05477147182902152,0.05481503658618238,0.05481786849647364,1.8637869025894815e-14,-3.0225237971359675e-06
3013.1522271317444,0.06321061426633523,0.06321061426633445,0.06321061426634865,0.06314848773741835,0.06320658690787731,0.06321036029430793,1.419697692739419e-14,-4.027358457142638e-06
3017.2240544657066,0.07179337861384551,0.07179337861384423,0.07179337861385635,0.07174919752415782,0.07179052694456135,0.07179319886887066,1.211530875622202e-14,-2.8516692828772783e-06
3021.295881799668,0.07407064980061874,0.07407064980061516,0.07407064980062933,0.07407432638674373,0.07407090459532971,0.07407066605739503,1.416922135177856e-14,2.5479471454925573e-07
3025.36770913363,0.0716852796604624,0.07168527966045657,0.0716852796604712,0.07169085196301075,0.07168565440733085,0.07168530355720948,1.4627188349436437e-14,3.7474687428207254e-07
3029.439536467592,0.0721290587464055,0.07212905874639726,0.07212905874640949,0.0721005296302437,0.07212722918691965,0.07212894377120725,1.2226331058684536e-14,-1.829559477611875e-06
3033.5113638015537,0.07871389278358042,0.07871389278356772,0.07871389278357221,0.0786367115890883,0.07870892322896676,0.07871358003826186,4.496403249731884e-15,-4.969554600955939e-06
3037.5831911355153,0.09362503873355625,0.09362503873353613,0.09362503873353498,0.09347837304239016,0.09361558860417385,0.09362444385592693,-1.1518563880486e-15,-9.450129362278958e-06
3041.6550184694775,0.12021443128732233,0.12021443128729314,0.12021443128729478,0.11997391537275395,0.12019893805595643,0.12021345595720588,1.6375789613221059e-15,-1.5493231336718982e-05
3045.726845803439,0.15794815120570121,0.15794815120567163,0.15794815120567055,0.15767028125538246,0.15793028804320391,0.15794702681137132,-1.0824674490095276e-15,-1.78631624677128e-05
3049.798673137401,0.183585000853062,0.18358500085306254,0.18358500085305934,0.18354360309045603,0.18358241731674113,0.18358483854979646,-3.191891195797325e-15,-2.5835363214044005e-06
3053.870500471363,0.16549829287865875,0.16549829287869142,0.16549829287870382,0.16575423802019748,0.16551479241196837,0.1654993316324376,1.2406742300186124e-14,1.6499533276953526e-05
3057.9423278053246,0.12655528174588124,0.12655528174591205,0.12655528174593286,0.1268197263280053,0.12657227898189366,0.12655635162175718,2.0816681711721685e-14,1.6997235981613956e-05
3062.0141551392862,0.09607047114089859,0.09607047114091803,0.09607047114093532,0.09624460862517625,0.09608165534754046,0.09607117507173991,1.7291723608536813e-14,1.118420662242492e-05
3066.0859824732484,0.07725456247575291,0.0772545624757642,0.07725456247577059,0.07735936182020711,0.07726129104822668,0.0772549859399113,6.38378239159465e-15,6.728572462477711e-06
3070.15780980721,0.066213589658988,0.06621358965899445,0.06621358965898276,0.06627654710117814,0.06621762946192805,0.06621384386627874,-1.1685097334179773e-14,4.0398029336058405e-06
3074.2296371411717,0.059928650690224815,0.05992865069022784,0.05992865069020046,0.05996636963785111,0.05993106735156748,0.05992880270372379,-2.7380875344817923e-14,2.416661339640913e-06
3078.301464475134,0.05678475320652586,0.056784753206526706,0.05678475320648757,0.05680584625359388,0.05678609860923209,0.05678483774599725,-3.913536161803677e-14,1.3454027053827478e-06
3082.3732918090955,0.05611922725081795,0.0561192272508173,0.05611922725076616,0.05612740590953668,0.05611973763479205,0.056119259156037576,-5.113964807179627e-14,5.103839747500061e-07
3086.445119143057,0.05797690722748747,0.05797690722748549,0.05797690722742251,0.05797232834628817,0.05797658882415347,0.05797688683684043,-6.2977401071862e-14,-3.1840333201971216e-07
3090.5169464770192,0.06312885317225495,0.0631288531722511,0.06312885317218266,0.0631082004503864,0.06312748622721778,0.06312876655879122,-6.84452494681409e-14,-1.3669450333181343e-06
3094.588773810981,0.07316058289033577,0.0731605828903289,0.07316058289025959,0.07311771460211952,0.07315776391046241,0.07316040452672447,-6.93056723122254e-14,-2.818979866481275e-06
3098.6606011449426,0.0893069813652633,0.08930698136525379,0.08930698136518413,0.08924401522189632,0.08930285186711892,0.08930672021362052,-6.966649479522857e-14,-4.129498134872178e-06
3102.7324284789047,0.10557742942790509,0.10557742942790109,0.10557742942784006,0.10554249912316814,0.10557515154108903,0.10557728548157948,-6.103451077876798e-14,-2.277886812063201e-06
3106.8042558128664,0.10437420352555109,0.10437420352556079,0.10437420352552643,0.1044214400652567,0.10437731440754786,0.10437440038600547,-3.4361402612148595e-14,3.1108819870673265e-06
3110.876083146828,0.08634549344393061,0.08634549344394339,0.08634549344392713,0.08641822111292813,0.08635026544942037,0.08634579528739439,-1.6264767310758543e-14,4.77200547698009e-06
3114.94791048079,0.06888908468516455,0.06888908468517323,0.06888908468515992,0.06894230705583727,0.06889257372838499,0.06888930535039357,-1.3308798507694064e-14,3.48904321176291e-06
3119.019737814752,0.05732079518230022,0.05732079518230506,0.05732079518228989,0.057354221159692395,0.057322985455224136,0.057320933693123084,-1.51684220739412e-14,2.1902729190753645e-06
3123.0915651487135,0.050155911968590386,0.05015591196859215,0.05015591196857668,0.05017693654059336,0.050157288983388025,0.050155999039151855,-1.5466794511809212e-14,1.377014795876652e-06
3127.1633924826756,0.045616661802801634,0.04561666180280131,0.045616661802787534,0.04563043004029112,0.045617563015011776,0.04561671877860568,-1.3773704399255848e-14,9.012122104690157e-07
3131.2352198166373,0.04261246596078232,0.04261246596078098,0.04261246596077045,0.04262189951174471,0.042613082962154006,0.04261250496054935,-1.0526302052227265e-14,6.170013730280588e-07
3135.307047150599,0.040534332200770525,0.04053433220076905,0.040534332200764335,0.040541064872613275,0.040534772128662175,0.04053436000117831,-4.718447854656915e-15,4.3992789312136127e-07
3139.378874484561,0.03903910918262367,0.03903910918262224,0.039039109182627096,0.039044082448109314,0.03903943377401181,0.03903912968862705,4.85722573273506e-15,3.24591389572193e-07
3143.4507018185227,0.03792647357390068,0.0379264735738994,0.03792647357391646,0.03793025257192295,0.03792671988646322,0.03792648912940613,1.7055801215803967e-14,2.4631256381746347e-07
3147.5225291524844,0.037074640012094165,0.037074640012093055,0.03707464001212015,0.03707757822682705,0.0370748312230002,0.03707465208302041,2.7096380694757727e-14,1.9121090714252498e-07
3151.5943564864465,0.036406616894593694,0.03640661689459314,0.03640661689462366,0.03640894401205642,0.03640676806204579,0.03640662643331126,3.05241942832879e-14,1.5116745265275622e-07
3155.666183820408,0.03587196297771314,0.035871962977713154,0.03587196297773714,0.03587383343702366,0.035872084225087565,0.03587197062445398,2.398775622580729e-14,1.2124737441138178e-07
3159.73801115437,0.03543656094209469,0.03543656094209542,0.035436560942104706,0.03543808178514289,0.035436659284493154,0.03543656714048944,9.284240043427872e-15,9.834239773215403e-08
3163.809838488332,0.035076672459752344,0.035076672459753835,0.035076672459747944,0.03507791989032011,0.03507675289007535,0.03507667752552855,-5.891120924417237e-15,8.043032151405782e-08
3167.8816658222936,0.034775361453404874,0.034775361453406844,0.034775361453394535,0.03477639101701682,0.03477542761002253,0.03477536561661926,-1.2309597785531423e-14,6.615661568565301e-08
3171.9534931562553,0.034520273068739005,0.034520273068740615,0.0345202730687348,0.034521126104667364,0.034520327658649805,0.03452027650054293,-5.814793091474257e-15,5.45899091902724e-08
3176.0253204902174,0.03430221423620617,0.034302214236206455,0.03430221423621421,0.03430292208170879,0.03430225931076079,0.034302217066285785,7.757683384568281e-15,4.5074554332058536e-08
3180.097147824179,0.034114222539153034,0.03411422253915205,0.03411422253917521,0.034114809338762,0.03411425967828065,0.03411422486738278,2.3162027851242328e-14,3.713912859887314e-08
3184.1689751581407,0.03395094078631831,0.033950940786317704,0.033950940786352406,0.03395142541229319,0.033950971224452814,0.033950942690725905,3.470140841344005e-14,3.0438135109611686e-08
3188.240802492103,0.03380818780896382,0.0338081878089646,0.033808187809001244,0.03380858520157012,0.03380821252291439,0.0338081893512856,3.664429870653407e-14,2.4713949789423317e-08
3192.3126298260645,0.03368265811489517,0.03368265811489687,0.03368265811493026,0.03368298023554389,0.033682677886327374,0.03368265934452689,3.338995746560158e-14,1.9771430506687615e-08
3196.384457160026,0.03357170794271647,0.03357170794271815,0.033571707942745416,0.033571964463502996,0.03357172340334839,0.033571708899572374,2.72629141484515e-14,1.5460630234387374e-08
3200.4562844939883,0.033473200365245315,0.033473200365246626,0.03347320036526624,0.033473399175646165,0.033473212030053566,0.03347320108185898,1.9616253066345735e-14,1.1664806939815087e-08
3204.52811182795,0.033385391462741616,0.03338539146274253,0.03338539146275685,0.03338553904730906,0.03338539975470789,0.03338539196583069,1.4314938123760612e-14,8.291965357398734e-09
3208.5999391619116,0.03330684552518181,0.033306845525182344,0.03330684552519273,0.03330694724878499,0.03330685079397788,0.03330684583682907,1.0387524174149121e-14,5.268795538748705e-09
3212.6717664958737,0.03323637108017995,0.033236371080179836,0.033236371080188946,0.033236431406019507,0.03323637361644598,0.03323637121873595,9.110767695830191e-15,2.5362661415506693e-09
3216.7435938298354,0.03317297206806113,0.033172972068060615,0.033172972068075644,0.033172994726142616,0.033172972114437475,0.033172972048842106,1.5029644195863057e-14,4.637686068509339e-11
3220.815421163797,0.03311581017505794,0.03311581017505721,0.03311581017508067,0.033115798293697166,0.033115807934793434,0.03311581001088983,2.346040028911034e-14,-2.2402637731011588e-09
3224.887248497759,0.03306417548382041,0.03306417548381927,0.033064175483852466,0.03306413169324471,0.03306417112755208,0.03306417518546703,3.319566843629218e-14,-4.356267187255458e-09
3228.959075831721,0.03301746339223235,0.03301746339223088,0.033017463392275195,0.033017389906890515,0.033017457063370934,0.03301746296873636,4.431871536425547e-14,-6.328859943061094e-09
3233.0309031656825,0.03297515630499039,0.032975156304988915,0.03297515630504228,0.03297505498945098,0.03297514812403054,0.03297515576394578,5.3367033014950493e-14,-8.180958376013958e-09
3237.1027304996446,0.03293680899419451,0.032936808994193836,0.03293680899424545,0.032936681416273594,0.032936799062188354,0.03293680834196635,5.1611492857261965e-14,-9.93200548193851e-09
3241.1745578336063,0.032902036805861144,0.03290203680586123,0.032902036805900835,0.03290188427972237,0.03290202520723375,0.032902036047762144,3.960720640350246e-14,-1.1598627475128964e-08
3245.246385167568,0.032870506092560474,0.0328705060925604,0.03287050609258514,0.03287032971387723,0.03287049289740672,0.03287050523299634,2.4744095661333176e-14,-1.3195153678036142e-08
3249.31821250153,0.03284192640118948,0.03284192640118962,0.03284192640119872,0.03284172707597184,0.03284191166715797,0.032841925443779625,9.103828801926284e-15,-1.4734031647534174e-08
3253.3900398354917,0.03281604405488838,0.032816044054889255,0.032816044054882774,0.03281582252320831,0.0328160278287284,0.032816043002562856,-6.480926906249351e-15,-1.6226160852450544e-08
3257.4618671694534,0.03279263685015714,0.03279263685015854,0.03279263685013918,0.0327923937057415,0.03279261916899516,0.03279263570523636,-1.9359513991901167e-14,-1.768116338063397e-08
3261.5336945034155,0.032771509651998605,0.03277150965199979,0.032771509651973806,0.032771245358448366,0.03277149054439465,0.03277150841626016,-2.598615767013257e-14,-1.9107605143953155e-08
3265.605521837377,0.032752490716782066,0.03275249071678235,0.03275249071676055,0.032752205621016536,0.032752470203605055,0.032752489391516634,-2.180200464607651e-14,-2.051317729567792e-08
3269.677349171339,0.03273542860836473,0.03273542860836435,0.03273542860835358,0.03273512295176622,0.03273540670351723,0.032735427194422545,-1.0769163338864018e-14,-2.1904847116727133e-08
3273.749176505301,0.03272018960062873,0.032720189600628065,0.03272018960062717,0.03271986352826584,0.03272016631164417,0.03272018809845649,-8.951173136040325e-16,-2.3288983894143023e-08
3277.8210038392626,0.03270665548101833,0.0327066554810174,0.032706655481019385,0.0327063090492552,0.03270663080955271,0.03270665389068983,1.9845236565174673e-15,-2.4671464690650957e-08
3281.8928311732243,0.03269472168640777,0.03269472168640713,0.03269472168640774,0.032694354869145695,0.0326946956286431,0.03269472000764998,6.106226635438361e-16,-2.605776402986315e-08
3285.9646585071864,0.03268429571579627,0.03268429571579626,0.03268429571580556,0.032683908409543994,0.032684268262765354,0.032684293948009306,9.305056725139593e-15,-2.745303090412321e-08
3290.036485841148,0.032675295774729676,0.032675295774729864,0.03267529577475943,0.032674887802664115,0.0326752669125751,0.03267529391700237,2.95666269245487e-14,-2.886215476338716e-08
3294.1083131751097,0.0326676496146377,0.03266764961463754,0.032667649614688016,0.03266722072978696,0.03266761932481355,0.03266764766576099,5.047351425702118e-14,-3.028982398928237e-08
3298.180140509072,0.03266129353690546,0.03266129353690498,0.03266129353696981,0.03266084342455846,0.03266126179632879,0.03266129149538237,6.483008574420523e-14,-3.174057618821058e-08
3302.2519678430335,0.032656171536829,0.03265617153682904,0.03265617153689409,0.032655699816256184,0.032656138317984806,0.032656169400881514,6.505213034913027e-14,-3.321884423090893e-08
3306.323795176995,0.032652234566917536,0.032652234566918334,0.03265223456697247,0.032651740792469866,0.032652199837921635,0.03265223233448896,5.4137250238284196e-14,-3.472899669926255e-08
3310.3956225109573,0.032649439902508105,0.03264943990250852,0.032649439902548594,0.032648923564151146,0.03264940362713265,0.03264943757126403,4.0072112295064244e-14,-3.627537586980978e-08
3314.467449844919,0.032647750595526624,0.03264775059552593,0.032647750595550584,0.03264721111885398,0.032647712733193744,0.032647748162855886,2.4653890040582382e-14,-3.786233218616708e-08
3318.5392771788806,0.03264713500458727,0.03264713500458528,0.032647135004603846,0.03264657175034156,0.03264709551032825,0.03264713246759944,1.8568480086855743e-14,-3.949425702448606e-08
3322.6111045128428,0.03264756639155226,0.032647566391549664,0.032647566391578176,0.032646978654679096,0.03264752521593575,0.032647563747073324,2.85119150511548e-14,-4.1175613911537123e-08
3326.6829318468044,0.032649022576292736,0.03264902257629075,0.03264902257633092,0.03264840958454304,0.03264897966532179,0.032649019820857925,4.0169256809718945e-14,-4.291096895869817e-08
3330.7547591807665,0.03265148564273201,0.0326514856427315,0.03265148564277519,0.03265084655482128,0.03265144093771124,0.032651482772576526,4.368727601899991e-14,-4.4705020262048034e-08
3334.826586514728,0.03265494169037916,0.032654941690379746,0.0326549416904251,0.03265427559370818,0.03265489512775221,0.03265493870142686,4.5352610555937645e-14,-4.656262753838236e-08
3338.89841384869,0.03265938062651177,0.03265938062651266,0.03265938062656113,0.03265868653444638,0.03265933213767036,0.03265937751436363,4.846817391879199e-14,-4.84888423024632e-08
3342.970241182652,0.032664795994978846,0.032664795994979214,0.03266479599503115,0.03266407284367892,0.03266474550604107,0.03266479275489918,5.1937620870745604e-14,-5.0488938141413087e-08
3347.0420685166137,0.032671184838279424,0.03267118483827893,0.03267118483832753,0.03267043148306385,0.032671132269836874,0.03267118146517996,4.860001290296623e-14,-5.256844205769884e-08
3351.1138958505753,0.03267854759017349,0.03267854759017238,0.032678547590213484,0.03267776280140066,0.03267849285700461,0.03267854407859525,4.110600748674642e-14,-5.473316776888337e-08
3355.1857231845374,0.03268688799659882,0.03268688799659718,0.032686887996631726,0.0326860704550395,0.03268683100734743,0.032686884340690794,3.454875274755409e-14,-5.698924974983921e-08
3359.257550518499,0.03269621306312367,0.032696213063122426,0.032696213063153214,0.032695361354797274,0.032696153719941765,0.032696209256620805,3.078787225163637e-14,-5.934318066114219e-08
3363.3293778524608,0.03270653302758027,0.032706533027580045,0.03270653302760421,0.032705645638015896,0.03270647122573046,0.03270652906377706,2.416122857340497e-14,-6.180184958237689e-08
3367.401205186423,0.03271786135688245,0.03271786135688294,0.0327178613568924,0.032716936664765724,0.03271779698429815,0.03271785722860426,9.457712391025552e-15,-6.437258479041752e-08
3371.4730325203845,0.03273021476737567,0.032730214767376406,0.03273021476737278,0.03272925103753353,0.032730147704177606,0.03273021046694821,-3.6290415117434804e-15,-6.706319879978828e-08
3375.544859854346,0.03274361326838559,0.03274361326838681,0.0327436132683836,0.03274260864405284,0.03274354338634913,0.03274360878760194,-3.2127078775090467e-15,-6.988203767738232e-08
3379.6166871883083,0.03275808022893104,0.03275808022893327,0.03275808022894649,0.032757032723234145,0.03275800739089877,0.0327580755590135,1.321859288694327e-14,-7.283803449970039e-08
3383.68851452227,0.032773642467857085,0.03277364246786003,0.03277364246789016,0.03277254995444367,0.0327735665270921,0.03277363759941487,3.013561622466909e-14,-7.594076792405424e-08
3387.7603418562317,0.032790330367934765,0.03279033036793737,0.03279033036796786,0.03278919057066993,0.03279025116741111,0.032790325290918736,3.048949981376836e-14,-7.92005262553741e-08
3391.832169190194,0.03280817801477028,0.0328081780147724,0.0328081780147966,0.03280698849640745,0.032808095386394315,0.03280817271842451,2.4202861936828413e-14,-8.262837808414858e-08
3395.9039965241554,0.03282722336166908,0.032827223361671,0.032827223361696724,0.032825981511388665,0.03282713712542168,0.032827217834475654,2.5722479701784096e-14,-8.623624932202478e-08
3399.975823858117,0.03284750842190812,0.03284750842191003,0.03284750842193381,0.032846211441607355,0.03284741838490033,0.03284750265152641,2.3779589408690072e-14,-9.003700970205974e-08
3404.0476511920792,0.0328690794902111,0.03286907949021218,0.03286907949022266,0.03286772437941295,0.032868985445645406,0.032869073463410156,1.0477729794899915e-14,-9.404456677297723e-08
3408.119478526041,0.03289198739558172,0.03289198739558099,0.032891987395583376,0.03289057093481425,0.032891889121609244,0.032891981098168176,2.3869795029440866e-15,-9.827397174505537e-08
3412.1913058600026,0.032916287788049364,0.032916287788046825,0.03291628778805625,0.03291480652052457,0.03291618504651133,0.03291628120478824,9.423017921506016e-15,-1.0274153549455489e-07
3416.2631331939647,0.032942041462318564,0.032942041462314844,0.03294204146233476,0.032940491673715704,0.03294193399735536,0.03294203457684363,1.9914625504213745e-14,-1.0746495948676937e-07
3420.3349605279263,0.032969314721793236,0.032969314721789274,0.032969314721819444,0.03296769241793086,0.03296920225830902,0.032969307516508756,3.017031069418863e-14,-1.1246348025073516e-07
3424.406787861888,0.03299817978700089,0.032998179786997685,0.03299817978703647,0.03299648066914947,0.03299806202896611,0.032998172242972794,3.8788416922841407e-14,-1.1775803157587639e-07
3428.47861519585,0.033028715253056715,0.03302871525305534,0.03302871525309863,0.0330269346906103,0.0330285918816295,0.03302870734989266,4.32917590664772e-14,-1.2337142583918048e-07
3432.550442529812,0.03306100660151105,0.03306100660151177,0.033061006601564184,0.03305913960169595,0.03306087727295397,0.03306099831722627,5.2416404550115203e-14,-1.293285578005121e-07
3436.6222698637735,0.033095146772720505,0.0330951467727218,0.03309514677280254,0.033093187946976715,0.03309501111608903,0.03309513808358909,8.074096946586451e-14,-1.3565663277426143e-07
3440.6940971977356,0.03313123680580421,0.03313123680580492,0.033131236805930143,0.03312918033242372,0.03313109442038069,0.0331312276861972,1.2522621828381375e-13,-1.4238542422884137e-07
3444.7659245316972,0.033169386554310135,0.0331693865543119,0.0331693865544714,0.033167226136851684,0.033169237006748155,0.03316937697651518,1.5950435416911546e-13,-1.495475637422472e-07
3448.837751865659,0.033209715486939906,0.03320971548694325,0.03320971548711628,0.033207444307864396,0.03320955830807411,0.03320970542095379,1.7302825838783065e-13,-1.5717886914234924e-07
3452.909579199621,0.03325235358407638,0.03325235358407929,0.033252353584251375,0.03324996425298096,0.03325218826536373,0.033252342997375964,1.7208456881689926e-13,-1.6531871555730548e-07
3456.9814065335827,0.033297442342531645,0.033297442342532194,0.03329744234269358,0.03329492683825848,0.033297268332075705,0.03329743119982243,1.6138479441707432e-13,-1.7401045648846036e-07
3461.0532338675443,0.033345135902855025,0.033345135902853755,0.0333451359029929,0.03334248550863139,0.03334495260095111,0.033345124165788394,1.3914563945505165e-13,-1.8330190264259638e-07
3465.1250612015065,0.0333956023157829,0.03339560231578115,0.0333956023158844,0.03339280754641969,0.03339540906991404,0.033395589942635015,1.0325074129013956e-13,-1.9324586710695035e-07
3469.196888535468,0.03344902496704945,0.03344902496704824,0.033449024967113244,0.03344607548707886,0.033448821066260084,0.03344901191236021,6.500355809180292e-14,-2.0390078815657464e-07
3473.26871586943,0.03350560418289392,0.03350560418289324,0.03350560418293356,0.033502488714339,0.033505388851451934,0.0335055903970614,4.0321912475604904e-14,-2.153314413028129e-07
3477.340543203392,0.033565559042267164,0.033565559042267386,0.033565559042289105,0.03356226526052335,0.033565331432511225,0.03356554447109168,2.1718737919229625e-14,-2.276097561607071e-07
3481.4123705373536,0.0336291294260894,0.03362912942609072,0.033629129426098595,0.033625643842135365,0.03362888861033495,0.03362911401025574,7.875644580934704e-15,-2.408157557670654e-07
3485.4841978713152,0.033696578339059646,0.03369657833906063,0.03369657833906125,0.03369288616591574,0.03369632330042226,0.03369656201354906,6.175615574477433e-16,-2.550386383748382e-07
3489.5560252052774,0.03376819454566536,0.03376819454566459,0.033768194545658256,0.03376427954665677,0.03376792416763643,0.03376817723909091,-6.3352101342672995e-15,-2.703780281609891e-07
3493.627852539239,0.03384429556939425,0.033844295569392405,0.03384429556939537,0.03384013988533457,0.033844008623968885,0.033844277203243754,2.9629076969683865e-15,-2.8694542351936914e-07
3497.6996798732007,0.03392523111294942,0.033925231112948005,0.03392523111298888,0.033920815064835366,0.033924926247069116,0.03392521160071802,4.087702398791748e-14,-3.0486587888900463e-07
3501.771507207163,0.034011386967857236,0.034011386967856536,0.03401138696793865,0.034006688831040466,0.03401106268789139,0.034011366214053415,8.211487045883814e-14,-3.242799651442807e-07
3505.8433345411245,0.03410318949464958,0.03410318949464838,0.034103189494751725,0.03409818523969017,0.03410284414858967,0.03410316739365696,1.0334788580479426e-13,-3.453460587082846e-07
3509.915161875086,0.03420111077030349,0.034201110770301656,0.03420111077040943,0.03419577376477926,0.03420074252727736,0.03420108720507406,1.0777490011548707e-13,-3.682430242957224e-07
3513.9869892090483,0.03430567451847056,0.03430567451846925,0.034305674518571375,0.03429997518288274,0.0343052813450998,0.03430564935901369,1.0212664047770659e-13,-3.9317336944511005e-07
3518.05881654301,0.0344174629610302,0.034417462961029856,0.034417462961123614,0.0344113683705684,0.0344170425940655,0.034417436062661864,9.375833442959447e-14,-4.2036696435571175e-07
3522.1306438769716,0.03453712475771421,0.034537124757713894,0.03453712475781745,0.03453059817994898,0.0345366746722686,0.03453709595902626,1.0355605262191148e-13,-4.500854452957337e-07
3526.2024712109337,0.034665384235288615,0.034665384235287554,0.03466538423540825,0.03465838459176241,0.03466490160784351,0.034665353355785654,1.2069512056456233e-13,-4.826274440442035e-07
3530.2742985448954,0.03480305215072763,0.0348030521507269,0.0348030521508399,0.034795533387813944,0.034802533815902814,0.03480301898806607,1.1299988722512921e-13,-5.183348240830887e-07
3534.346125878857,0.03495103828616488,0.03495103828616575,0.034951038286243824,0.03494294863732988,0.034950480686022335,0.03495100261291129,7.807643420676413e-14,-5.576001434123845e-07
3538.417953212819,0.03511036623999281,0.03511036623999509,0.035110366240021604,0.03510164735755188,0.03510976536436997,0.03511032779980915,2.651351360682952e-14,-6.008756251174585e-07
3542.489780546781,0.035282190862022646,0.03528219086202597,0.03528219086199985,0.035272776791393845,0.035281542178043114,0.03528214936516265,-2.6117996654306808e-14,-6.486839828553914e-07
3546.5616078807425,0.035467818885964,0.03546781888596759,0.03546781888590906,0.03545763484897328,0.03546711725442036,0.035467774003929205,-5.852957007945747e-14,-7.016315472299639e-07
3550.6334352147046,0.03566873344602561,0.03566873344602796,0.035668733445962476,0.03565769439163942,0.03566797302177416,0.035668684805199406,-6.548234177117251e-14,-7.604242538011841e-07
3554.7052625486663,0.03588662333475245,0.035886623334751296,0.03588662333469019,0.0358746322051413,0.035885797447537074,0.0358865705087839,-6.110389971780705e-14,-8.258872142216656e-07
3558.777089882628,0.036123418077687146,0.03612341807768246,0.03612341807762764,0.036110363724051325,0.03612251908888534,0.036123360578339134,-5.482420073477101e-14,-8.989887971197486e-07
3562.84891721659,0.03638133018249085,0.036381330182486495,0.03638133018244569,0.03636708484762122,0.03638034931206566,0.03638126744858259,-4.080763504887841e-14,-9.80870420837221e-07
3566.9207445505517,0.03666290628666631,0.036662906286665436,0.036662906286659,0.03664732254845468,0.036661833403042764,0.036662837670640866,-6.439293542825908e-15,-1.0728836226728267e-06
3570.9925718845134,0.036971089407631996,0.0369710894076336,0.03697108940766026,0.036953996447874296,0.036969912771170524,0.03697101415915968,2.665923037881157e-14,-1.1766364630752535e-06
3575.0643992184755,0.0373092951311679,0.03730929513117048,0.03730929513119156,0.037290494154452285,0.03730800107918354,0.03730921237702056,2.1073420786166253e-14,-1.2940519869414358e-06
3579.136226552437,0.037681505414220315,0.03768150541422179,0.03768150541421545,0.037660763988934386,0.03768007797184801,0.03768141413340377,-6.342149028171207e-15,-1.4274423737817288e-06
3583.208053886399,0.03809238480307257,0.038092384803072074,0.038092384803037255,0.03806942982563702,0.038090805199407864,0.038092283795906776,-3.481936960980647e-14,-1.5796036642104494e-06
3587.279881220361,0.038547425387940246,0.038547425387939295,0.038547425387869934,0.03852193427510604,0.03854567145024857,0.038547313237347655,-6.936118346345665e-14,-1.7539376907238502e-06
3591.3517085543226,0.039053128887671644,0.039053128887671054,0.03905312888757489,0.03902471846984701,0.039051174277369025,0.03905300391034944,-9.616613061425028e-14,-1.9546103020295913e-06
3595.4235358882843,0.03961723711201356,0.03961723711201229,0.03961723711190025,0.03958544951814871,0.0396150503535604,0.039617097296374235,-1.1203538097248611e-13,-2.186758451885873e-06
3599.4953632222464,0.040249026019246174,0.04024902601924396,0.04024902601909916,0.04021331058865659,0.040246569255502074,0.0402488689458807,-1.4480083798673604e-13,-2.4567637418870802e-06
3603.567190556208,0.04095968417201317,0.0409596841720099,0.04095968417183428,0.04091937406765134,0.040956911554712726,0.040959506910833554,-1.7562340470789195e-13,-2.7726172971767604e-06
3607.6390178901697,0.04176280434365543,0.041762804343652184,0.0417628043434898,0.04171708602473703,0.04175965993204221,0.04176260331960641,-1.6238399513923696e-13,-3.1444116099718644e-06
3611.710845224132,0.04267502848579,0.04267502848578837,0.04267502848568518,0.04262290144843571,0.04267144347475191,0.04267479930171054,-1.0318829124500439e-13,-3.5850110364638033e-06
3615.7826725580935,0.04371690300837717,0.043716903008378064,0.04371690300835741,0.04365712610112028,0.04371279203138648,0.043716640208733976,-2.0650148258027912e-14,-4.110976991586468e-06
3619.854499892055,0.044914026137742584,0.044914026137746164,0.04491402613782554,0.04484504511409797,0.04490928227636192,0.044913722889703814,7.937400736679479e-14,-4.743861384243209e-06
3623.9263272260173,0.04629860647701897,0.04629860647702299,0.04629860647718418,0.04621845495261018,0.04629309443643261,0.046298254134318165,1.6119050538776492e-13,-5.512040590377465e-06
3627.998154559979,0.04791160909084052,0.047911609090841696,0.04791160909103794,0.04781777122243883,0.047905155734852586,0.04791119658888685,1.9624579739030423e-13,-6.4533559891097325e-06
3632.0699818939406,0.04980575460716639,0.049805754607164486,0.049805754607371494,0.049694971756733805,0.049798135627590834,0.04980526761109963,2.0700802183526434e-13,-7.6189795736522625e-06
3636.1418092279027,0.052049778597382,0.052049778597379776,0.052049778597551354,0.051917772529466666,0.05204069942085849,0.05204919828182159,1.7157802956191404e-13,-9.079176521285814e-06
3640.2136365618644,0.05473458871861757,0.05473458871861694,0.05473458871870578,0.05457565794559954,0.05472365665127602,0.054733889987378465,8.884559754562815e-14,-1.0932067340915785e-05
3644.285463895826,0.05798233966713373,0.057982339667132766,0.05798233966712297,0.05778875879431636,0.057969022424473694,0.05798148850273596,-9.797718192317006e-15,-1.3317242659072193e-05
3648.357291229788,0.06196009774937384,0.06196009774937031,0.06196009774927825,0.06172120355028435,0.061943660323133934,0.06195904717789079,-9.20583054231372e-14,-1.6437426236373676e-05
3652.42911856375,0.06690090758847728,0.06690090758847228,0.0669009075883573,0.06660167381773485,0.06688031373599344,0.06689959138302336,-1.1497747198774277e-13,-2.0593852478836827e-05
3656.5009458977115,0.07313712873615139,0.07313712873614855,0.0731371287360395,0.07275588250574747,0.07311088302639093,0.07313545132053721,-1.09051656593806e-13,-2.624570975762186e-05
3660.5727732316736,0.08115472907169805,0.08115472907169884,0.08115472907157487,0.08065938059291787,0.08112061590725614,0.08115254883811357,-1.2397027848720654e-13,-3.411316444269785e-05
3664.6446005656353,0.09168454998541269,0.09168454998541367,0.0916845499853098,0.09102616078835236,0.09163918802641746,0.09168165081080171,-1.0387524174149121e-13,-4.536195899620954e-05
3668.716427899597,0.1058610710482518,0.10586107104824957,0.10586107104824291,0.10496248931237448,0.1057991252090706,0.10585711191826999,-6.661338147750939e-15,-6.194583917897012e-05
3672.788255233559,0.12550872931367474,0.1255087293136718,0.12550872931378576,0.12424377042560818,0.12542146593158873,0.12550315195164938,1.1396439347777232e-13,-8.726338208306372e-05
3676.8600825675207,0.15367663167925427,0.1536766316792521,0.15367663167941278,0.15183066265649706,0.15354918126368233,0.15366848554101878,1.6067702723887578e-13,-0.0001274504155697742
3680.9319099014824,0.1956632613977563,0.19566326139775655,0.19566326139796092,0.19285724177685643,0.19546934354805093,0.1956508664130474,2.043643032578757e-13,-0.0001939178497056271
3685.0037372354445,0.26096545449963554,0.2609654544996393,0.26096545449994724,0.25651464793927,0.260657589769149,0.26094577538277214,3.0792035587978717e-13,-0.0003078647304903259
3689.075564569406,0.36652325451655143,0.3665232545165627,0.36652325451697493,0.3592351889508925,0.3660189801936331,0.36649102057642924,4.122258090433206e-13,-0.0005042743229295987
3693.147391903368,0.5384141342926531,0.538414134292683,0.5384141342929661,0.5267488096185975,0.5376088009900039,0.5383626648814673,2.831068712794149e-13,-0.0008053333026791787
3697.21921923733,0.7880066177319559,0.7880066177320155,0.78800661773139,0.7731511085858724,0.7869929162524957,0.787941882878682,-6.254996520738132e-13,-0.0010137014795198462
3701.2910465712916,0.999999999999931,1.0,0.9999999999980969,0.994018746720271,0.9996213450945,0.9999759396920016,-1.9031443088124433e-12,-0.0003786549055000421
3705.3628739052533,0.9366439245780317,0.9366439245780489,0.9366439245760457,0.9480177058539995,0.9374392531614922,0.9366947760537405,-2.00317540333117e-12,0.0007953285834433332
3709.4347012392154,0.6814153395698843,0.6814153395698597,0.6814153395686527,0.6960550987523723,0.6824082729499686,0.6814787030893114,-1.2069234500700077e-12,0.0009929333801089735
3713.506528573177,0.4599515789632082,0.4599515789631789,0.45995157896275685,0.47012496274710724,0.4606369333101453,0.4599952951225345,-4.2205128281125326e-13,0.0006853543469664269
3717.5783559071388,0.31798985968064414,0.3179898596806217,0.3179898596806393,0.3242309479666755,0.318409925607112,0.3180166522035038,1.759703494030873e-14,0.0004200659264902984
3721.650183241101,0.23118332463262398,0.2311833246326073,0.23118332463288077,0.23503394386926213,0.23144266820131348,0.23119986645206497,2.734756865407917e-13,0.00025934356870618847
3725.7220105750625,0.17672747452380802,0.17672747452379664,0.17672747452419868,0.1791964082012989,0.17689392201481682,0.17673809158197037,4.020395127923848e-13,0.00016644749102018297
3729.793837909024,0.14110780112082924,0.14110780112082139,0.1411078011212093,0.1427601379349992,0.14121929981566675,0.14111491348053884,3.879119248040297e-13,0.00011149869484536334
3733.8656652429863,0.11682163607210508,0.11682163607209949,0.11682163607242438,0.11797189832836316,0.11689931696480231,0.11682659138133303,3.2489289036874425e-13,7.768089270282497e-05
3737.937492576948,0.09963949245546794,0.09963949245546193,0.09963949245570464,0.10046818057320735,0.09969549330069516,0.09964306484979409,2.4270863097086703e-13,5.600084523323112e-05
3742.0093199109097,0.08708987427195214,0.08708987427194488,0.08708987427207163,0.08770469980034175,0.08713144506606257,0.08709252617463399,1.2674583604876943e-13,4.157079411769293e-05
3746.0811472448718,0.07767061888217038,0.07767061888216618,0.07767061888221778,0.07813839287503922,0.0777022606524586,0.07767263739411724,5.159761506945415e-14,3.164177029241211e-05
3750.1529745788334,0.07043393912943151,0.0704339391294317,0.07043393912949655,0.0707976059780089,0.07045854732554367,0.07043550894641816,6.485090242591696e-14,2.4608196111969294e-05
3754.224801912795,0.06476120790286966,0.06476120790287083,0.06476120790298688,0.065049267212666,0.06478070540459292,0.06476245168634148,1.160460616489445e-13,1.949750172208775e-05
3758.296629246757,0.06023625241746447,0.060236252417463255,0.0602362524175541,0.06046816217094253,0.060251952862914245,0.06023725396740882,9.084399898995343e-14,1.570044545098903e-05
3762.368456580719,0.05657149178878236,0.056571491788779515,0.05657149178875902,0.05676087546900564,0.05658431540774648,0.05657230981010435,-2.0497492592141953e-14,1.2823618966963102e-05
3766.4402839146805,0.05356342250277319,0.05356342250277186,0.05356342250262507,0.053720034232825904,0.05357402846412846,0.05356409904708184,-1.467853616432535e-13,1.06059613566023e-05
3770.5121112486427,0.0510649605205243,0.05106496052052492,0.0510649605203143,0.05119592457721165,0.05107383046570496,0.05106552631450744,-2.106231855592e-13,8.869945180040029e-06
3774.5839385826043,0.04896777453183258,0.04896777453183176,0.048967774531619435,0.049078387966766945,0.04897526669722674,0.048968252429689746,-2.1232321456565728e-13,7.492165394980266e-06
3778.655765916566,0.04719071484074845,0.04719071484074436,0.04719071484053004,0.04728497970055385,0.04719709996544973,0.04719112211479118,-2.1431467711607866e-13,6.385124705375611e-06
3782.727593250528,0.0456720608151809,0.04567206081517554,0.045672060814981805,0.04575304474139343,0.04567754648145105,0.04567241070857603,-1.9373391779708982e-13,5.4856662755134455e-06
3786.79942058449,0.044364218804163434,0.044364218804159576,0.044364218804037014,0.04443430417910862,0.04436896626192752,0.044364521604229906,-1.2256168302471337e-13,4.747457767940999e-06
3790.8712479184514,0.043230027534197954,0.043230027534196865,0.043230027534170226,0.04329108671379916,0.043234163538824553,0.043230291327595434,-2.663841369709985e-14,4.136004627688927e-06
3794.9430752524136,0.04224013938121755,0.04224013938121897,0.04224013938128388,0.04229365996262814,0.0422437646588469,0.042240370593999294,6.491335247105212e-14,3.6252776279277477e-06
3799.0149025863752,0.04137113507503867,0.041371135075041296,0.041371135075184154,0.04141831078948029,0.04137433046684891,0.04137133886463563,1.4285794769364202e-13,3.195391807611636e-06
3803.086729920337,0.040604146891762345,0.04060414689176427,0.04060414689196718,0.04064594446368708,0.0406069778748576,0.04060432743540395,2.0291407443195908e-13,2.8309830933312408e-06
3807.158557254299,0.03992383989003051,0.039923839890031405,0.039923839890256926,0.03996104884114403,0.03992635994595486,0.039924000599650594,2.2552099077088883e-13,2.52005592345228e-06
3811.2303845882607,0.03931764888958246,0.03931764888958251,0.039317648889781315,0.03935091907265891,0.039319902043519775,0.03931779257381458,1.98806249240846e-13,2.2531539372663834e-06
3815.3022119222223,0.038775200551688954,0.03877520055168891,0.038775200551817136,0.03880507074376766,0.03877722330722871,0.03877532953930177,1.2822382045030167e-13,2.0227555397947516e-06
3819.3740392561845,0.03828787108492871,0.03828787108492879,0.038287871084982675,0.038314790988683615,0.038289693913078425,0.03828798731982207,5.3887450057743536e-14,1.8228281496376897e-06
3823.445866590146,0.03784844446228162,0.03784844446228021,0.03784844446229635,0.03787279179368595,0.03785009295812994,0.037848549577279525,1.6139867220488213e-14,1.648495849729259e-06
3827.517693924108,0.03745084592053598,0.03745084592053286,0.037450845920537934,0.0374729397960769,0.03745234170958011,0.03745094129521212,5.072331443756184e-15,1.4957890472483415e-06
3831.58952125807,0.037089932406263834,0.03708993240626103,0.037089932406259116,0.03711004391662211,0.03709129386036072,0.03709001921261967,-1.915134717478395e-15,1.361454099686743e-06
3835.6613485920316,0.036761326498852935,0.03676132649885156,0.0367613264988286,0.036779687124162005,0.03676256930609322,0.03676140573767202,-2.296079992802902e-14,1.242807241660926e-06
3839.7331759259932,0.036461283816029255,0.036461283816030816,0.0364612838159765,0.03647809217134041,0.03646242143759364,0.036461356346025486,-5.4317661479785784e-14,1.1376215628203235e-06
3843.8050032599554,0.03618658641562831,0.03618658641563234,0.03618658641554012,0.03620201369434935,0.03618763045449718,0.03618665297696727,-9.221789998292707e-14,1.0440388648405574e-06
3847.876830593917,0.03593445653628205,0.0359344565362848,0.035934456536157164,0.035948650930798055,0.03593541703669567,0.03593451776968457,-1.2763401446846956e-13,9.605004108736992e-07
3851.9486579278787,0.035702486366036755,0.03570248636603569,0.035702486365902925,0.03571557667920393,0.03570337205817138,0.03570254282839329,-1.327687959573609e-13,8.856921356881209e-07
3856.020485261841,0.03548858052793758,0.035488580527933904,0.03548858052782946,0.03550067914023696,0.03548939902894361,0.035488632705136566,-1.044442310416116e-13,8.185010097055967e-07
3860.0923125958025,0.03529090872068233,0.035290908720678374,0.03529090872061205,0.03530211404104167,0.035291666700746856,0.03529095703820196,-6.632194793354529e-14,7.579800684817672e-07
3864.164139929764,0.035107866518077666,0.03510786651807459,0.03510786651804397,0.03511826501848629,0.03510856983829505,0.03510791134977985,-3.06213387979426e-14,7.033202204589917e-07
3868.2359672637263,0.0349380427614063,0.034938042761404525,0.03493804276141097,0.03494771067414008,0.03493869658879559,0.03493808443687465,6.446232436729815e-15,6.538273910616788e-07
3872.307794597688,0.03478019230861792,0.03478019230861738,0.03478019230864528,0.03478919704849665,0.034780801212511904,0.03478023111930759,2.7894353493707058e-14,6.089038945208958e-07
3876.3796219316496,0.034633213158722094,0.034633213158722566,0.03463321315874805,0.03464161452013452,0.03463378119189598,0.034633249363135755,2.548655730905125e-14,5.680331734148059e-07
3880.4514492656117,0.03449612716739011,0.034496127167390374,0.03449612716739185,0.03450397833592946,0.034496657934627396,0.034496160995451136,1.4779844015322396e-15,5.307672370225003e-07
3884.5232765995734,0.03436806372419425,0.03436806372419401,0.0343680637241628,0.03437541213500012,0.034368560440467814,0.03436809538096055,-3.1204205885870806e-14,4.967162738067632e-07
3888.595103933535,0.034248245883313384,0.03424824588331357,0.03424824588326787,0.03425513395209284,0.034248711423337,0.03424827555213882,-4.5699555251133006e-14,4.655400234268581e-07
3892.666931267497,0.03413597853547026,0.03413597853547151,0.03413597853543088,0.034142444283327716,0.03413641547605146,0.034136006380704985,-4.063416270128073e-14,4.3694057994675406e-07
3896.738758601459,0.03403063828511839,0.03403063828511977,0.03403063828509005,0.03403671587446364,0.034031048941485044,0.034030664454425145,-2.971928259043466e-14,4.1065636527393146e-07
3900.8105859354205,0.03393166475780846,0.03393166475780888,0.033931664757790525,0.03393738495351852,0.03393205121487218,0.03393168938415849,-1.835337437583462e-14,3.86457063301926e-07
3904.8824132693826,0.03383855311156006,0.03383855311156016,0.03383855311154497,0.03384394367907252,0.033838917250904876,0.03383857631495644,-1.5189238755652923e-14,3.6413934471901666e-07
3908.9542406033443,0.033750847565491,0.03375084756549194,0.03375084756547817,0.03375593361549534,0.03375119108873928,0.03375086945445808,-1.3766765505351941e-14,3.435232473411598e-07
3913.026067937306,0.03366813579089351,0.03366813579089487,0.0336681357908917,0.03367294007865339,0.03366846023999611,0.03366815646376922,-3.1710745140856034e-15,3.2444910123829995e-07
3917.097895271268,0.03359004403594077,0.03359004403594086,0.03359004403595133,0.03359458722195029,0.03359035081084809,0.033590063582004365,1.0470790900996008e-14,3.067749072271919e-07
3921.1697226052297,0.033516232876445146,0.03351623287644375,0.033516232876459266,0.033520533754024674,0.03351652325053965,0.03351625137690425,1.5515366769136563e-14,2.903740959001033e-07
3925.2415499391914,0.03344639350250833,0.03344639350250742,0.033446393502519246,0.0334504691970439,0.03344666863611239,0.03344641103136108,1.1823875212257917e-14,2.7513360496833617e-07
3929.3133772731535,0.03338024446523689,0.03338024446523716,0.033380244465248586,0.03338411060902837,0.033380505417463395,0.033380261090024864,1.1428358259735205e-14,2.6095222623728764e-07
3933.385204607115,0.03331752881954379,0.0333175288195448,0.033317528819552036,0.03332119970562295,0.03331777655872457,0.03331754460201718,7.237266341775239e-15,2.477391797678363e-07
3937.4570319410773,0.033258011608903786,0.03325801160890517,0.03325801160890114,0.03326150032666366,0.03325824702178574,0.03325802660560938,-4.0314973581701e-15,2.3541288056427856e-07
3941.528859275039,0.03320147764610489,0.03320147764610622,0.033201477646103456,0.03320479620115528,0.033201701545975446,0.033201491908903945,-2.761679773755077e-15,2.2389986922832783e-07
3945.6006866090006,0.033147729550860344,0.03314772955086081,0.03314772955087021,0.03315088897117492,0.03314794268474343,0.033147743127387594,9.402201239794294e-15,2.1313388261917643e-07
3949.6725139429627,0.03309658601087708,0.03309658601087569,0.03309658601090018,0.03309959644099486,0.03309678906591981,0.033096598944948125,2.448735658688861e-14,2.0305504411927133e-07
3953.7443412769244,0.03304788023777912,0.033047880237776064,0.0330478802378206,0.033050751022574605,0.03304807384693197,0.0330478925697541,4.453382107527659e-14,1.9360915590876937e-07
3957.816168610886,0.03300145859333915,0.033001458593336655,0.03300145859338958,0.03300419835265978,0.03300164334041679,0.03300147036044636,5.292294380510043e-14,1.847470801341622e-07
3961.887995944848,0.03295717936489637,0.03295717936489539,0.03295717936493008,0.03295979606018454,0.032957355789091106,0.032957190601517056,3.469446951953614e-14,1.7642419571778367e-07
3965.95982327881,0.03291491167172665,0.03291491167172583,0.03291491167172325,0.032917412665600485,0.032915080271646475,0.03291492240965158,-2.581268532253489e-15,1.6859992064272022e-07
3970.0316506127715,0.032874534486611026,0.03287453448660967,0.03287453448657543,0.03287692659624562,0.0328746957239013,0.03287454475527425,-3.424344141578217e-14,1.6123729162931255e-07
3974.1034779467336,0.03283593575895313,0.032835935758952974,0.03283593575890873,0.032838225303983684,0.03283609006154554,0.032835945585640985,-4.424238753131249e-14,1.54302592564326e-07
3978.1753052806953,0.032799011627581004,0.03279901162758287,0.03279901162754682,0.032801204473158034,0.03279915939260915,0.0327990210376149,-3.604755383079805e-14,1.4776502627739108e-07
3982.247132614657,0.03276366571289461,0.032763665712897634,0.03276366571287581,0.0327657673084502,0.03276380730932096,0.03276367472979772,-2.1822821327788233e-14,1.4159642332256528e-07
3986.318959948619,0.032729808479357116,0.03272980847936043,0.03272980847934955,0.03273182389356521,0.032729944250344825,0.032729817125007415,-1.0880185641326534e-14,1.357709843927135e-07
3990.3907872825807,0.03269735666046138,0.032697356660464125,0.03269735666046138,0.03269929061280896,0.03269748692551392,0.032697364955228,-2.7478019859472624e-15,1.3026504979557485e-07
3994.4626146165424,0.032666232739266936,0.0326662327392683,0.032666232739279745,0.032668089628608815,0.03266635779616403,0.03266624070213383,1.144223604754302e-14,1.2505689572783751e-07
3998.5344419505045,0.03263636447845737,0.032636364478456976,0.03263636447848244,0.03263814840887992,0.03263648460500837,0.03263637212713527,2.5465740627339528e-14,1.2012655139365114e-07
