wavenumber_cm-1,NMA_reference,Dense_exact,Sparse_Krylov,Suzuki4_r1,Suzuki4_r2,Suzuki4_r4,Krylov_minus_exact,Suzuki4_r2_minus_exact
0.0,0.041950155232911616,0.04195015523291063,0.04195015523290957,0.04195056879666386,0.0419501823685542,0.041950156961331864,-1.061650767297806e-15,2.7135643565490142e-08
4.071827333961817,0.04195320597510857,0.04195320597510786,0.041953205975107495,0.0419536185349811,0.04195323320491662,0.04195320771010438,-3.677613769070831e-16,2.7229808755024898e-08
8.143654667923634,0.04196240291092474,0.04196240291092439,0.04196240291092566,0.041962815787581216,0.04196243044026902,0.041962404665929265,1.2698175844150228e-15,2.7529344630294883e-08
12.215482001885452,0.04197788315427013,0.04197788315427034,0.04197788315427542,0.041978300948345114,0.04197791121252809,0.04197788494347634,5.079270337660091e-15,2.8058257751928384e-08
16.28730933584727,0.041999885627468495,0.04199988562746927,0.041999885627480596,0.04200031343833643,0.04199991446480868,0.04199988746632835,1.1324274851176597e-14,2.8837339405285434e-08
20.359136669809086,0.04202876832661125,0.042028768326611995,0.042028768326629086,0.04202921126930508,0.042028798222036236,0.04202877023249573,1.7090495685323503e-14,2.989542424031155e-08
24.430964003770903,0.04206503625774777,0.04206503625774774,0.04206503625776691,0.04206549980958045,0.042065067533614366,0.04206503825082709,1.9172163856495672e-14,3.127586662571291e-08
28.50279133773272,0.04210938497579902,0.04210938497579865,0.04210938497581654,0.042109875433753975,0.04210941801774508,0.042109387080255134,1.7888468484272835e-14,3.3041946428946645e-08
32.57461867169454,0.04216276822752866,0.04216276822752825,0.04216276822754375,0.04216329324060496,0.04216280351268636,0.042162770473299346,1.5501488981328748e-14,3.528515810785615e-08
36.64644600565635,0.04222650452253136,0.04222650452253089,0.04222650452254399,0.0422270738057462,0.042226542661584945,0.04222650694793214,1.3100631690576847e-14,3.8139054053809573e-08
40.71827333961817,0.042302449124723966,0.04230244912472359,0.04230244912473483,0.04230307552635929,0.04230249092752279,0.04230245178055192,1.124100812432971e-14,4.180279920135144e-08
44.790100673579985,0.04239328029649036,0.042393280296490254,0.04239328029649901,0.04239398150739724,0.042393326878868556,0.04239328325271351,8.756884106730922e-15,4.6582378301907035e-08
48.861928007541806,0.04250299285640592,0.04250299285640594,0.04250299285641136,0.04250379429355359,0.042503045821633924,0.04250299621353481,5.419276138951545e-15,5.296522798126091e-08
52.93375534150362,0.04263778204726792,0.04263778204726789,0.04263778204727002,0.04263872194452308,0.04263784380758223,0.04263778595651853,2.130240428499519e-15,6.176031434185214e-08
57.00558267546544,0.042807684941745125,0.042807684941744854,0.042807684941744584,0.04280882369969701,0.04280775931033046,0.042807689642180416,-2.706168622523819e-16,7.43685856022247e-08
61.077410009427254,0.043029704713519266,0.04302970471351881,0.043029704713517726,0.04303114247042996,0.04302979801859996,0.04302971060196983,-1.0824674490095276e-15,9.33050811544045e-08
65.14923734338907,0.04333365326246134,0.043333653262460754,0.04333365326245858,0.043335561847384664,0.04333377637118239,0.04333366102050756,-2.1718737919229625e-15,1.2310872163356912e-07
69.2210646773509,0.043771225189753536,0.04377122518975293,0.04377122518974654,0.043773892329016253,0.043771396270789895,0.043771235956457946,-6.390721285498557e-15,1.710810369620619e-07
73.2928920113127,0.04441593454242059,0.04441593454242004,0.044415934542406756,0.04441972449149925,0.044416176241620246,0.04441594973185195,-1.3281042932078435e-14,2.416992002096663e-07
77.36471934527452,0.04526923539188141,0.045269235391881164,0.04526923539186002,0.045273959921632814,0.04526953340246346,0.045269254068723286,-2.1142809725205325e-14,2.9801058229472766e-07
81.43654667923634,0.045936411342189044,0.045936411342189336,0.04593641134216329,0.04594010675183227,0.045936636051390166,0.0459364252935,-2.6048607715267735e-14,2.247092008300644e-07
85.50837401319816,0.04589175340831377,0.04589175340831437,0.045891753408291984,0.04589345887977735,0.04589184724174212,0.045891759075686024,-2.238487173400472e-14,9.383342775004522e-08
89.58020134715997,0.045563603016459,0.045563603016459876,0.045563603016447664,0.04556499183315882,0.045563681475520645,0.04556360779276278,-1.2212453270876722e-14,7.845906076914266e-08
93.65202868112179,0.04549422408088721,0.04549422408088798,0.045494224080886,0.04549619612057953,0.04549434594729106,0.04549423168023259,-1.97758476261356e-15,1.218664030799843e-07
97.72385601508361,0.045796768403726824,0.04579676840372751,0.045796768403730204,0.045799568597241325,0.04579694770927411,0.0457967796834516,2.6922908347160046e-15,1.7930554659789655e-07
101.79568334904542,0.046448693150782795,0.04644869315078328,0.046448693150786084,0.04645245252985127,0.046448936799187296,0.04644870852257108,2.8033131371785203e-15,2.4364840401497334e-07
105.86751068300724,0.047251333863543195,0.047251333863543125,0.04725133386354539,0.04725589379867729,0.047251630603748665,0.047251352602815974,2.2620794126737565e-15,2.967402055395474e-07
109.93933801696906,0.047880792864233336,0.04788079286423289,0.0478807928642366,0.04788613463682222,0.04788114274751755,0.047880814992849935,3.70536934468646e-15,3.4988328465740404e-07
114.01116535093088,0.04861705659338841,0.04861705659338791,0.04861705659339282,0.04862407832009346,0.048617520648879343,0.04861708600310565,4.912736883966318e-15,4.6405549143646585e-07
118.08299268489269,0.049948046798938155,0.0499480467989375,0.049948046798942804,0.049957227110847005,0.04994865613621807,0.04994808545152292,5.3013149425851225e-15,6.093372805701658e-07
122.15482001885451,0.05160937261200498,0.05160937261200442,0.05160937261201256,0.0516180260609975,0.05160994526810785,0.05160940890606034,8.139322549283179e-15,5.726561034327671e-07
126.22664735281633,0.052331946037113976,0.05233194603711364,0.05233194603712456,0.05233650372624977,0.05233224047486179,0.05233196459137553,1.091488011084607e-14,2.944377481481353e-07
130.29847468677815,0.05204006578767773,0.05204006578767738,0.05204006578768905,0.05204553007600842,0.052040417268837486,0.05204008792747591,1.1671219546371958e-14,3.5148116010741415e-07
134.37030202073996,0.05219406551171055,0.05219406551170995,0.05219406551172177,0.05220608387698062,0.052194851037665524,0.052194115181171584,1.181693631835401e-14,7.855259555739069e-07
138.4421293547018,0.053530963907355456,0.05353096390735454,0.05353096390736605,0.053552601877276715,0.05353238330812516,0.05353105372920437,1.1511624986582092e-14,1.4194007706205825e-06
142.5139566886636,0.056115507609237426,0.05611550760923667,0.056115507609244435,0.05614761295495456,0.05611761132607376,0.056115640691727316,7.764622278472189e-15,2.1037168370929837e-06
146.5857840226254,0.058827975576247964,0.058827975576247374,0.05882797557624273,0.058861325080641895,0.05883015020946132,0.0588281129696866,-4.642120021713936e-15,2.1746332139471747e-06
150.65761135658724,0.05933587677332733,0.05933587677332673,0.059335876773302446,0.05935918414392942,0.05933739211349485,0.05933597245238495,-2.42861286636753e-14,1.5153401681164413e-06
154.72943869054905,0.05837856820372017,0.05837856820372011,0.05837856820368095,0.05840056734579725,0.05838003438175865,0.058378661348593354,-3.915617829974849e-14,1.4661780385408218e-06
158.80126602451085,0.05840521609470544,0.058405216094705996,0.05840521609466151,0.05843649476140485,0.05840735070428259,0.05840535244705904,-4.448524881794924e-14,2.1346095765914508e-06
162.8730933584727,0.060161781104931714,0.06016178110493223,0.060161781104890226,0.0602062408340081,0.06016485122817818,0.0601619777028747,-4.2001124800350453e-14,3.070123245955958e-06
166.9449206924345,0.06318580807232568,0.06318580807232568,0.06318580807229475,0.06323352943152041,0.06318914815569485,0.06318602249870323,-3.0933589023618424e-14,3.3400833691632492e-06
171.01674802639633,0.06640638306533214,0.06640638306533173,0.06640638306531957,0.06644251811975642,0.0664089693726266,0.06640654982775754,-1.2156942119645464e-14,2.5863072948689725e-06
175.08857536035813,0.07013276166630225,0.07013276166630153,0.07013276166630439,0.07016183459701145,0.07013488676904377,0.07013289928238062,2.858824288409778e-15,2.125102742236984e-06
179.16040269431994,0.07406756535351809,0.07406756535351708,0.0740675653535288,0.0740838940046044,0.07406885172494958,0.07406764987655352,1.1726730697603216e-14,1.2863714324989894e-06
183.23223002828178,0.07653425022994857,0.07653425022994756,0.07653425022995533,0.0765457723690673,0.07653520537949914,0.07653431366915518,7.771561172376096e-15,9.551495515763841e-07
187.30405736224358,0.080109970682366,0.08010997068236554,0.08010997068235699,0.08015134110625195,0.08011292031270079,0.08011016096060006,-8.548717289613705e-15,2.949630335244424e-06
191.3758846962054,0.0886742367571529,0.0886742367571533,0.08867423675712043,0.08877151788153806,0.08868096393607153,0.08867466775036102,-3.287647931671245e-14,6.727178918225496e-06
195.44771203016722,0.10469871442419698,0.1046987144241975,0.1046987144241291,0.10485953549383054,0.10470978789485605,0.1046994229232401,-6.838973831690964e-14,1.107347065855413e-05
199.51953936412903,0.126960785576679,0.12696078557667898,0.12696078557659188,0.12707591861973389,0.12696893931580266,0.1269613093682762,-8.709699628184353e-14,8.153739123689663e-06
203.59136669809084,0.14058081584577375,0.14058081584577392,0.14058081584573803,0.14035274966751182,0.14056588409933687,0.14057986948347628,-3.5887959271008185e-14,-1.4931746437046867e-05
207.66319403205267,0.13085779499051506,0.13085779499051572,0.1308577949905541,0.1303848396954965,0.13082604781633278,0.13085577549713792,3.838596107641479e-14,-3.174717418294448e-05
211.73502136601448,0.11377876284324327,0.11377876284324388,0.11377876284330651,0.11341919464578712,0.11375449323214122,0.11377721809453495,6.263045637666664e-14,-2.4269611102661903e-05
215.8068486999763,0.10300009046887658,0.10300009046887733,0.10300009046892528,0.10280653251349435,0.10298700372815153,0.10299925742489904,4.794775687599895e-14,-1.3086740725795631e-05
219.87867603393812,0.09684228228590036,0.09684228228590167,0.09684228228593007,0.09673568006113709,0.09683507641692142,0.09684182364752973,2.8407831642596193e-14,-7.2058689802451115e-06
223.95050336789993,0.092960197404607,0.09296019740460858,0.09296019740463027,0.09290677559455741,0.09295658116632458,0.09295996732250847,2.1690982343613996e-14,-3.616238284001594e-06
228.02233070186176,0.09303422936169853,0.09303422936169992,0.09303422936171646,0.09303497925491899,0.09303426241951984,0.09303423162414799,1.6542323066914832e-14,3.305781992590795e-08
232.09415803582357,0.09785464353931102,0.09785464353931222,0.09785464353930856,0.09790228409985671,0.09785784044571566,0.09785484728177743,-3.6637359812630166e-15,3.1969064034353956e-06
236.16598536978537,0.10623232160046324,0.1062323216004647,0.10623232160043372,0.10628737879347357,0.10623605019433441,0.10623255946224641,-3.097522238704187e-14,3.728593869711805e-06
240.2378127037472,0.11641667501572094,0.11641667501572282,0.11641667501568656,0.11643877511102442,0.11641820796060953,0.11641677335937048,-3.6262659541819176e-14,1.5329448867090756e-06
244.30964003770902,0.1313359325787575,0.13133593257876044,0.13133593257872708,0.13133463244565752,0.13133588352384337,0.13133593021402168,-3.3362201889985954e-14,-4.905491707285492e-08
248.38146737167085,0.15508843694123028,0.15508843694123448,0.1550884369412001,0.15505843024881877,0.15508643047029655,0.15508830987393285,-3.4389158187764224e-14,-2.0064709379263856e-06
252.45329470563266,0.18704968030375282,0.1870496803037589,0.1870496803037351,0.18702969972826367,0.18704825335034783,0.18704958962171095,-2.3814283878209608e-14,-1.4269534110711302e-06
256.52512203959446,0.229600239167576,0.2296002391675855,0.22960023916762626,0.22982962822778863,0.22961550612098164,0.22960121052760998,4.0745185003743245e-14,1.5266953396125826e-05
260.5969493735563,0.29220266098257497,0.2922026609825922,0.29220266098272185,0.293014295118847,0.2922572844372341,0.29220613974129284,1.2967404927621828e-13,5.4623454641911096e-05
264.66877670751813,0.3778329808519077,0.37783298085193767,0.3778329808520777,0.37936152618526864,0.3779366413603777,0.3778395886910576,1.400546345564635e-13,0.00010366050844001773
268.7406040414799,0.4510558637549547,0.451055863754987,0.45105586375506684,0.452227476170944,0.45113663655895836,0.4510610242810886,7.982503547054876e-14,8.077280397134068e-05
272.81243137544175,0.4379239871243959,0.43792398712440134,0.4379239871244095,0.4377836569654917,0.4379160453667943,0.4379234981067746,8.1601392309949e-15,-7.941757607043964e-06
276.8842587094036,0.3659084808443924,0.3659084808443634,0.36590848084430605,0.3651376203896447,0.365857105618314,0.36590521626265,-5.734301922188934e-14,-5.137522604936606e-05
280.95608604336536,0.29002898988616077,0.2900289898861238,0.29002898988605325,0.28898884658433194,0.28995875715405856,0.2900245163859429,-7.05546732149287e-14,-7.023273206524516e-05
285.0279133773272,0.22654267320715765,0.22654267320713184,0.22654267320706772,0.22555529167831692,0.22647557486447045,0.22653839596457825,-6.411537967210279e-14,-6.709834266138692e-05
289.09974071128903,0.18140633216362245,0.18140633216360763,0.18140633216357338,0.1806934915847226,0.18135771710959683,0.18140323203252257,-3.425038030968608e-14,-4.861505401079769e-05
293.1715680452508,0.15434537410870874,0.1543453741087012,0.15434537410871818,0.15391324899404396,0.15431582171126546,0.15434348876997456,1.6986412276764895e-14,-2.955239743573923e-05
297.24339537921264,0.14169409792826715,0.14169409792826465,0.14169409792832477,0.14145764931460658,0.1416778460800637,0.1416930600647768,6.011857678345223e-14,-1.6251848200948826e-05
301.3152227131745,0.13979270235412897,0.139792702354131,0.1397927023542138,0.1396778558000055,0.13978473006074707,0.13979219218872962,8.279488206142105e-14,-7.972293383923246e-06
305.38705004713626,0.14794172478308332,0.14794172478309087,0.14794172478317644,0.1479187768682845,0.14794002070865042,0.14794161439917686,8.557043962298394e-14,-1.7040744404450692e-06
309.4588773810981,0.16949598673875246,0.1694959867387682,0.16949598673883962,0.16956965760901593,0.16950085379660237,0.1694962953103076,7.14150960590132e-14,4.867057834173627e-06
313.5307047150599,0.20878644922578116,0.20878644922580736,0.2087864492258581,0.2089618496073186,0.20879822315228544,0.208787197994153,5.0737192225369654e-14,1.1773926478081398e-05
317.6025320490217,0.26023496366408655,0.2602349636641159,0.2602349636641526,0.26045273296121746,0.26024963231022613,0.2602358969879873,3.6692870963861424e-14,1.4668646110216343e-05
321.67435938298354,0.29336883288549703,0.2933688328855033,0.2933688328855146,0.2935066966487886,0.2933781068329349,0.29336942247596004,1.1268763699945339e-14,9.273947431609475e-06
325.7461867169454,0.2796930070382014,0.2796930070381802,0.279693007038174,0.2796509284423978,0.27969021659251325,0.27969282952596486,-6.161737786669619e-15,-2.7904456669225475e-06
329.81801405090715,0.23181427784595798,0.23181427784593367,0.23181427784593905,0.23161622242071112,0.23180106932120761,0.2318134388849968,5.384581669432009e-15,-1.3208524726054938e-05
333.889841384869,0.18145475576244335,0.18145475576242656,0.1814547557624577,0.18123275584180099,0.1814399340860274,0.18145381452557205,3.114175584073564e-14,-1.4821676399157102e-05
337.9616687188308,0.1433076962626246,0.1433076962626143,0.14330769626265555,0.14315381442706315,0.14329740890563594,0.14330704291322965,4.1244785364824565e-14,-1.028735697836125e-05
342.03349605279266,0.1194363427532016,0.11943634275319574,0.11943634275322806,0.11935603178518997,0.11943095835419802,0.11943600063678603,3.232136780439987e-14,-5.384398997720918e-06
346.10532338675443,0.10638685122206251,0.10638685122206101,0.10638685122208344,0.10636472284170886,0.10638533970652121,0.10638675489055015,2.2426505097428162e-14,-1.5115155398010005e-06
350.17715072071627,0.1010679227410014,0.10106792274100403,0.10106792274102364,0.10109534537344135,0.10106970226479661,0.10106803518246618,1.9609314172441827e-14,1.7795237925860574e-06
354.2489780546781,0.10061662227741466,0.10061662227741713,0.10061662227744039,0.10067773256763314,0.10062063318303398,0.10061687614296243,2.325917236589703e-14,4.01090561684414e-06
358.3208053886399,0.09914574772378867,0.09914574772378443,0.09914574772380977,0.09919848614700205,0.09914919374026021,0.09914596553074817,2.5340840537069198e-14,3.4460164757832423e-06
362.3926327226017,0.09268572002209936,0.09268572002209156,0.0926857200221084,0.0927130225021529,0.09268748240192157,0.09268583108266076,1.6833756610878936e-14,1.762379830003158e-06
366.46446005656355,0.0858747998097558,0.08587479980975002,0.0858747998097541,0.08589332010985942,0.0858760049882488,0.0858748759172496,4.08006961549745e-15,1.2051784987754388e-06
370.53628739052533,0.08225618920517062,0.08225618920516685,0.0822561892051608,0.08227632077429596,0.08225753166281514,0.08225627447676097,-6.050715484207103e-15,1.3424576482956585e-06
374.60811472448717,0.08210544802984238,0.08210544802984006,0.08210544802982725,0.0821316368184021,0.08210722401725783,0.08210556127240862,-1.2809198146612744e-14,1.7759874177680768e-06
378.679942058449,0.0849623639145163,0.0849623639145152,0.08496236391449913,0.08499538270365015,0.0849646246744265,0.08496250837227272,-1.607047828144914e-14,2.2607599113044774e-06
382.7517693924108,0.09010306467123787,0.09010306467123819,0.09010306467122242,0.09014009449523522,0.09010561663775835,0.09010322796862842,-1.5765166949677223e-14,2.551966520158988e-06
386.8235967263726,0.09841538846646834,0.09841538846647009,0.09841538846645417,0.09845841060984714,0.09841836660202956,0.09841557922351653,-1.5917822615563182e-14,2.978135559467132e-06
390.89542406033445,0.11136830211324099,0.11136830211324379,0.11136830211322508,0.11141045335878207,0.11137124943927582,0.111368491296833,-1.8707257964933888e-14,2.947326032023967e-06
394.9672513942962,0.12255942342887895,0.1225594234288812,0.12255942342886728,0.12256367796322847,0.1225598138425052,0.12255944977620672,-1.39194211712379e-14,3.90413623999053e-07
399.03907872825806,0.12131324162189298,0.12131324162189303,0.12131324162188108,0.12129035286925384,0.12131174817065968,0.12131314734412232,-1.1948775302528247e-14,-1.4934512333475425e-06
403.1109060622199,0.11400471838732125,0.11400471838731933,0.11400471838730573,0.11401320730105449,0.114005306193195,0.11400475613987109,-1.3600232051658168e-14,5.878058756680904e-07
407.1827333961817,0.10716057987584632,0.10716057987584346,0.1071605798758336,0.10718402526392579,0.10716218279265712,0.10716068226978567,-9.853229343548264e-15,1.6029168136560967e-06
411.2545607301435,0.09925239997634142,0.09925239997633893,0.09925239997632707,0.09926847136557145,0.09925350761641565,0.09925247084796182,-1.186550857568136e-14,1.1076400767140449e-06
415.32638806410534,0.09315231110171159,0.09315231110171032,0.09315231110170023,0.09317116678684588,0.09315359264456334,0.09315239285601783,-1.008915173628111e-14,1.2815428530182915e-06
419.3982153980672,0.09100121326836362,0.09100121326836298,0.09100121326835887,0.09102874353392856,0.09100306576587136,0.09100133117656804,-4.107825191113079e-15,1.852497508378348e-06
423.47004273202896,0.0925804869318104,0.09258048693181017,0.09258048693180572,0.0926186701572698,0.09258304665981107,0.09258064971212396,-4.454769886308441e-15,2.5597280008948786e-06
427.5418700659908,0.09744935406426174,0.09744935406426156,0.09744935406425118,0.09750165363932733,0.0974528527102138,0.09744957644490013,-1.0380585280245214e-14,3.4986459522406976e-06
431.6136973999526,0.10562238928049744,0.10562238928049762,0.10562238928048832,0.1056978099480227,0.10562742069714584,0.10562270888031933,-9.298117831235686e-15,5.03141664821849e-06
435.6855247339144,0.11862951848235768,0.11862951848235843,0.11862951848236002,0.11874429667423486,0.1186371566674253,0.11863000337806726,1.582067810090848e-15,7.638185066868863e-06
439.75735206787624,0.13973557030110156,0.13973557030110334,0.13973557030111441,0.13991186345504042,0.1397472882419986,0.139736313963431,1.1074474670635936e-14,1.1717940895272783e-05
443.8291794018381,0.17304609690758826,0.1730460969075912,0.17304609690760536,0.1733005942357723,0.1730630159350141,0.17304717059642086,1.4155343563970746e-14,1.691902742290141e-05
447.90100673579985,0.21898313977954656,0.2189831397795494,0.21898313977954698,0.21926563171552446,0.21900196113835438,0.2189843345467393,-2.4147350785597155e-15,1.882135880498792e-05
451.9728340697617,0.26677844103003445,0.26677844103003423,0.2667784410300003,0.266999157146638,0.2667931800079415,0.26677937721990896,-3.391731340229853e-14,1.4738977907269302e-05
456.0446614037235,0.30794806513056705,0.30794806513056283,0.30794806513052886,0.30816503049890837,0.30796251129057484,0.3079489824658266,-3.397282455352979e-14,1.4446160012004938e-05
460.1164887376853,0.321470213406995,0.3214702134069887,0.32147021340699067,0.32161321574732454,0.3214797190686719,0.32147081677110234,1.942890293094024e-15,9.50566168317346e-06
464.18831607164714,0.2886626708841991,0.2886626708841929,0.2886626708842391,0.28872214322764417,0.28866663731033204,0.288662922989117,4.618527782440651e-14,3.966426139145884e-06
468.26014340560897,0.2519223842184757,0.25192238421847046,0.25192238421853724,0.2520226951265921,0.2519291309408928,0.2519228138247811,6.677991493120317e-14,6.746722422346085e-06
472.33197073957075,0.23968831159353265,0.2396883115935283,0.2396883115935935,0.2398857450264217,0.23970161561271128,0.2396891589279778,6.519784712111232e-14,1.3304019182980298e-05
476.4037980735326,0.25048008003244776,0.25048008003244376,0.2504800800325104,0.2508176438441597,0.25050284505349485,0.25048153014753155,6.661338147750939e-14,2.2765021051085466e-05
480.4756254074944,0.28123641119517667,0.2812364111951723,0.2812364111952669,0.2818004099497139,0.28127447630893077,0.2812388363583712,9.459100169806334e-14,3.806511375847865e-05
484.5474527414562,0.3406093224266089,0.340609322426603,0.34060932242675984,0.3415252206813125,0.34067118059767515,0.3406132640019957,1.5681900222830336e-13,6.185817107212666e-05
488.61928007541803,0.4337213195430376,0.4337213195430292,0.4337213195432071,0.4350241570355675,0.4338093527666278,0.43372692831503784,1.7785772854495008e-13,8.803322359857146e-05
492.69110740937987,0.535896081840421,0.5358960818404127,0.5358960818404863,0.5368932644201618,0.535963510150452,0.5359003739445375,7.360778653264788e-14,6.742831003925254e-05
496.7629347433417,0.5556401334863336,0.5556401334863306,0.5556401334862237,0.5552188309160531,0.555611026645942,0.5556382651684955,-1.0691447727140257e-13,-2.9106840388593014e-05
500.8347620773035,0.47889326607082205,0.4788932660708202,0.4788932660706478,0.47796571669121696,0.4788289828512436,0.47888914834585056,-1.724176357242868e-13,-6.428321957663297e-05
504.9065894112653,0.411531143455521,0.4115311434555165,0.4115311434554289,0.41114984333459187,0.4115033534898445,0.41152934606841757,-8.759659664292485e-14,-2.7789965671987105e-05
508.97841674522715,0.40251971569856676,0.40251971569855916,0.40251971569859357,0.40290188633424445,0.40254294001457164,0.4025211597253463,3.441691376337985e-14,2.3224316012482316e-05
513.0502440791889,0.45786399281136736,0.4578639928113558,0.45786399281145557,0.45905787977189183,0.45794105765628257,0.4578688515686951,9.975353876257032e-14,7.706484492675525e-05
517.1220714131507,0.5660179959800373,0.566017995980025,0.5660179959800792,0.5677307925739127,0.5661295376689568,0.5660250390118587,5.417888360170764e-14,0.00011154168893179328
521.1938987471126,0.6626231327471768,0.6626231327471738,0.6626231327470562,0.6635664397845901,0.6626846367775613,0.6626270086951879,-1.1757261830780408e-13,6.150403038751584e-05
525.2657260810744,0.6639338098768409,0.663933809876846,0.6639338098765785,0.6628142436561016,0.6638599901283866,0.6639291238108691,-2.6756374893466273e-13,-7.381974845943606e-05
529.3375534150363,0.5573056642757142,0.5573056642757125,0.5573056642754611,0.5549140333748668,0.5571476411029362,0.5572956517328137,-2.5135449277513544e-13,-0.0001580231727762449
533.409380748998,0.42909589515938396,0.4290958951593724,0.4290958951592429,0.4271466110179349,0.42896681625579575,0.42908771742323676,-1.295075158225245e-13,-0.00012907890357666263
537.4812080829598,0.3474048540381214,0.34740485403809934,0.3474048540380627,0.34626720586943444,0.347329435328545,0.3474000757009763,-3.6637359812630166e-14,-7.541870955435348e-05
541.5530354169217,0.31793955392626366,0.31793955392622575,0.31793955392622475,0.3174333729613088,0.31790595089888796,0.31793742490050364,-9.992007221626409e-16,-3.360302733779186e-05
545.6248627508835,0.33374528062496506,0.3337452806249058,0.3337452806249137,0.33371379298248843,0.3337431295749565,0.33374514467959854,7.882583474838611e-15,-2.151049949328243e-06
549.6966900848453,0.3795368445605477,0.3795368445604834,0.37953684456049336,0.37978691299232864,0.3795533784156414,0.37953789281015177,9.936496070395151e-15,1.6533855157985222e-05
553.7685174188072,0.40303036853030866,0.4030303685303007,0.40303036853033086,0.40319719054525716,0.40304141290066164,0.4030310684055666,3.0142555118573e-14,1.1044370360924205e-05
557.8403447527689,0.35880575533463066,0.3588057553346869,0.35880575533474246,0.35876304189187874,0.35880288966491347,0.35880557288088116,5.5566662382489085e-14,-2.8656697734219527e-06
561.9121720867307,0.2854928532197321,0.2854928532197879,0.2854928532198403,0.28539255467273605,0.2854861529439692,0.2854924275162072,5.240252676230739e-14,-6.7002758187273415e-06
565.9839994206926,0.23038543764050642,0.23038543764054045,0.2303854376405685,0.2303066461541931,0.23038015984969137,0.23038510214850677,2.806088694740083e-14,-5.277790849078645e-06
570.0558267546544,0.20109069199010177,0.20109069199012033,0.20109069199011703,0.20104645685377964,0.20108770980447083,0.201090502140061,-3.3029134982598407e-15,-2.982185649508251e-06
574.1276540886162,0.19414115403531007,0.19414115403531906,0.19414115403529303,0.1941322166886521,0.19414051574874938,0.19414111285018887,-2.603472992745992e-14,-6.382865696819007e-07
578.1994814225781,0.20812189067960551,0.2081218906796062,0.20812189067956763,0.20814528930005635,0.20812340153486852,0.2081219858093161,-3.858025010572419e-14,1.5108552623155358e-06
582.2713087565398,0.23826407119044574,0.23826407119043874,0.23826407119038806,0.2382860537712156,0.23826553647971727,0.23826416407267992,-5.0681681074138396e-14,1.4652892785238514e-06
586.3431360905016,0.2575956762151085,0.2575956762150991,0.25759567621502,0.2575311617419668,0.2575915407435901,0.25759541594681507,-7.91033905045424e-14,-4.135471509014721e-06
590.4149634244635,0.24065916900995665,0.24065916900995968,0.2406591690098456,0.2405411080631048,0.2406515393958511,0.24065868818196212,-1.1407541578023483e-13,-7.629614108578542e-06
594.4867907584253,0.21696409484232623,0.21696409484235415,0.2169640948422511,0.21690662326051155,0.21696040383699974,0.21696386266729342,-1.0305645226083016e-13,-3.6910053544114696e-06
598.5586180923871,0.21435093445167458,0.2143509344517364,0.21435093445168182,0.2143856455887111,0.21435325821043663,0.21435108222166505,-5.4567461660326444e-14,2.3237587002400417e-06
602.630445426349,0.2311285461572686,0.2311285461573656,0.23112854615734932,0.23122798301497532,0.2311351045369058,0.2311289615539771,-1.6292522886374172e-14,6.55837954019467e-06
606.7022727603107,0.24057862599003932,0.24057862599013854,0.24057862599012667,0.24066651266850378,0.24058442323341625,0.24057899312967576,-1.1879386363489175e-14,5.797243277705366e-06
610.7741000942725,0.2276689937702272,0.2276689937702727,0.22766899377025115,0.22773142840934973,0.22767308614022233,0.22766925253538567,-2.1538326677728037e-14,4.092369949637575e-06
614.8459274282344,0.21576036234060839,0.21576036234058182,0.2157603623405626,0.21581991930986288,0.2157642248294317,0.21576060592336627,-1.9234613901630837e-14,3.862488849870616e-06
618.9177547621962,0.2048631151652583,0.20486311516518807,0.20486311516518768,0.204881980689952,0.20486431312036024,0.20486319027538696,-3.885780586188048e-16,1.1979551721719162e-06
622.989582096158,0.18165270484444568,0.1816527048443809,0.1816527048444008,0.18163492862396147,0.18165151036930233,0.18165262886010203,1.990074771640593e-14,-1.1944750785697344e-06
627.0614094301199,0.16102369865268315,0.16102369865264293,0.16102369865267457,0.16101725048772103,0.16102322743338826,0.16102366813850483,3.164135620181696e-14,-4.712192546718619e-07
631.1332367640816,0.15470622465600856,0.15470622465598924,0.15470622465602205,0.15471860643460597,0.15470696262226583,0.15470627021174121,3.2807090377673376e-14,7.379662765871764e-07
635.2050640980434,0.15531587224292975,0.15531587224292528,0.15531587224295074,0.1553108890097189,0.155315483620382,0.15531584669817705,2.5451862839531714e-14,-3.8862254328475565e-07
639.2768914320053,0.1451888645088193,0.1451888645088233,0.14518886450883012,0.14514154303781646,0.14518574782707694,0.1451886671917859,6.827871601444713e-15,-3.1166817463512686e-06
643.3487187659671,0.12553388167835466,0.12553388167836135,0.12553388167834847,0.12548273481308686,0.12553053510082904,0.1255336701752489,-1.2878587085651816e-14,-3.3465775323149316e-06
647.4205460999289,0.107093481591065,0.10709348159107114,0.10709348159104748,0.10705692059474321,0.10709109088990745,0.10709333052778883,-2.366162821232365e-14,-2.3907011636875586e-06
651.4923734338907,0.09269060717885609,0.09269060717886017,0.09269060717883497,0.09266677494144053,0.09268904681187684,0.09269050855239086,-2.5202062658991053e-14,-1.5603669833302858e-06
655.5642007678525,0.08296749196006957,0.08296749196007193,0.08296749196005003,0.08295253685539178,0.08296651068134081,0.0829674299041268,-2.1899149160731213e-14,-9.8127873111864e-07
659.6360281018143,0.07708790808358067,0.07708790808358186,0.0770879080835635,0.07707881798311493,0.07708730984248705,0.0770878702244823,-1.8360313269738526e-14,-5.982410948152106e-07
663.7078554357762,0.0740791281533492,0.07407912815334976,0.07407912815333134,0.07407427626494258,0.07407880711742319,0.07407910781254384,-1.8415824420969784e-14,-3.210359265648499e-07
667.779682769738,0.07356566452305019,0.07356566452305052,0.07356566452302943,0.07356456344652754,0.07356558913916084,0.07356565971235307,-2.1094237467877974e-14,-7.5383889686087e-08
671.8515101036998,0.07573289807796049,0.07573289807796052,0.07573289807793361,0.07573577231349563,0.07573308335992093,0.07573290975196412,-2.6909030559352232e-14,1.852819604131195e-07
675.9233374376616,0.08048630206491138,0.08048630206491125,0.080486302064873,0.0804923874737972,0.08048669897764588,0.08048632713809878,-3.824718319833664e-14,3.9691273462372223e-07
679.9951647716234,0.08442837324096174,0.08442837324096135,0.08442837324091866,0.08443219296980879,0.08442862551868775,0.08442838922355475,-4.268807529683727e-14,2.522777264035714e-07
684.0669921055853,0.0818140085150947,0.0818140085150941,0.08181400851506829,0.0818118582420032,0.08181387286755701,0.08181400001707614,-2.581268532253489e-14,-1.3564753709172095e-07
688.1388194395471,0.07551364359737406,0.07551364359737371,0.07551364359736563,0.07551030243015512,0.07551342917320285,0.07551363010768218,-8.076872504148014e-15,-2.1442417086348087e-07
692.2106467735089,0.07099967011362339,0.07099967011362338,0.07099967011362242,0.07099792187637563,0.07099955847039499,0.07099966309875212,-9.575673587391975e-16,-1.1164322838430607e-07
696.2824741074708,0.06944317245541733,0.0694431724554172,0.06944317245541996,0.069443452881056,0.06944319295760351,0.06944317378407693,2.761679773755077e-15,2.0502186309778736e-08
700.3543014414325,0.07076410627042097,0.07076410627042107,0.07076410627042384,0.07076673871894003,0.07076428107399016,0.07076411735794493,2.7755575615628914e-15,1.7480356909183037e-07
704.4261287753943,0.07506015834282648,0.07506015834282681,0.07506015834282767,0.07506511562700945,0.07506048732609764,0.07506017920572783,8.604228440844963e-16,3.289832708336382e-07
708.4979561093562,0.0810996509025099,0.08109965090251098,0.08109965090251174,0.0811030026464968,0.0810998810831336,0.08109966561143536,7.632783294297951e-16,2.3018062261792593e-07
712.569783443318,0.08323324726030878,0.0832332472603111,0.08323324726031268,0.08322725134982416,0.08323287490563004,0.08323322402147233,1.582067810090848e-15,-3.723546810607825e-07
716.6416107772798,0.07862001383481755,0.07862001383482035,0.07862001383481855,0.07860909994391511,0.07861931964252138,0.07861997025791076,-1.8041124150158794e-15,-6.941922989778249e-07
720.7134381112417,0.07314045912374088,0.07314045912374298,0.0731404591237374,0.07313216486054944,0.07313992963309388,0.07314042585751675,-5.578870698741412e-15,-5.294906491037921e-07
724.7852654452034,0.07014419880671553,0.07014419880671666,0.07014419880670945,0.07013936948622551,0.07014389021412273,0.07014417941452906,-7.202571872255703e-15,-3.0859259392279625e-07
728.8570927791652,0.06959008805775643,0.06959008805775704,0.06959008805775037,0.06958775765775431,0.06958993917898862,0.06959007870282213,-6.675215935558754e-15,-1.4887876842450964e-07
732.9289201131271,0.07106858239009971,0.07106858239009976,0.07106858239009418,0.07106808998666689,0.07106855126849203,0.07106858044012139,-5.578870698741412e-15,-3.112160773532935e-08
737.0007474470889,0.07457939145325873,0.0745793914532585,0.07457939145325214,0.07458055654549452,0.07457946689407374,0.07457939621009863,-6.356026815979021e-15,7.544081524757384e-08
741.0725747810507,0.08064298618848156,0.08064298618848108,0.08064298618847014,0.08064607217640905,0.0806431855615637,0.08064299875218268,-1.0935696792557792e-14,1.9937308262663045e-07
745.1444021150126,0.09046912780987898,0.09046912780987776,0.09046912780985808,0.09047490600559392,0.09046950130387675,0.09046915134857794,-1.96787031114809e-14,3.7349399899244684e-07
749.2162294489743,0.10620582161305185,0.10620582161304969,0.10620582161302033,0.10621556010442582,0.10620645157053828,0.10620586132180937,-2.9351521213527576e-14,6.299574885904047e-07
753.2880567829361,0.13025011429026684,0.13025011429026362,0.13025011429023065,0.13026408822759936,0.13025101857060387,0.13025017129484398,-3.297362383136715e-14,9.042803402470323e-07
757.359884116898,0.15941193232088732,0.1594119323208828,0.1594119323208587,0.1594235260151082,0.15941268127201635,0.15941197951063765,-2.4091839634365897e-14,7.489511335556642e-07
761.4317114508598,0.17848037387061405,0.17848037387060814,0.17848037387060156,0.1784816421962605,0.1784804495360502,0.17848037853963084,-6.5780714209040525e-15,7.566544205084291e-08
765.5035387848216,0.18838641516685373,0.188386415166846,0.1883864151668515,0.18839230015779906,0.18838678303302303,0.18838643816220935,5.495603971894525e-15,3.6786617702011526e-07
769.5753661187834,0.21377465660421474,0.2137746566042037,0.2137746566042122,0.2138007042482053,0.2137763220631841,0.21377476129341003,8.493206138382448e-15,1.6654589803932751e-06
773.6471934527452,0.2651601071015542,0.26516010710154014,0.2651601071015479,0.2652045083619173,0.26516295485925717,0.26516028623803833,7.771561172376096e-15,2.8477577170282764e-06
777.719020786707,0.3145424730533247,0.31454247305331323,0.31454247305332256,0.31457052523185725,0.3145442738938199,0.3145425863498179,9.325873406851315e-15,1.800840506660517e-06
781.7908481206689,0.30315109266669943,0.3031510926666965,0.3031510926667096,0.30313537190304085,0.3031500840801864,0.30315102921076736,1.3100631690576847e-14,-1.0085865100872837e-06
785.8626754546307,0.25070978442126024,0.2507097844212619,0.25070978442128206,0.2506837165611945,0.25070811377687074,0.25070967935042177,2.015054789694659e-14,-1.6706443911607138e-06
789.9345027885925,0.21131821578404436,0.2113182157840479,0.21131821578407745,0.21129876873832404,0.21131697241454803,0.2113181376303573,2.9531932455029164e-14,-1.2433694998870148e-06
794.0063301225543,0.1853250022993792,0.18532500229938523,0.185325002299425,0.18530327612208755,0.18532360889680333,0.1853249146470494,3.977373985719623e-14,-1.3934025819006823e-06
798.0781574565161,0.15483588492336622,0.15483588492337302,0.1548358849234144,0.15481141142123794,0.15483430993396996,0.1548357857684411,4.138356324290271e-14,-1.5749894030636646e-06
802.1499847904779,0.125679379491855,0.1256793794918607,0.1256793794918925,0.12566098682936916,0.1256781950382419,0.12567930491290052,3.1807889655510735e-14,-1.1844536187965993e-06
806.2218121244398,0.10588170735685534,0.10588170735686016,0.10588170735688043,0.10587044237601421,0.10588098259521503,0.10588166173350953,2.027544798721692e-14,-7.247616451294681e-07
810.2936394584016,0.09464583277312244,0.09464583277312702,0.09464583277313883,0.09463983139309672,0.09464544804732021,0.09464580857699134,1.1809997424450103e-14,-3.847258068095938e-07
814.3654667923633,0.08988340798449841,0.08988340798450356,0.08988340798451308,0.08988156712285396,0.08988329262911783,0.08988340077209468,9.520162436160717e-15,-1.153553857297096e-07
818.4372941263252,0.09088793036220881,0.09088793036221539,0.0908879303622259,0.09089030052038487,0.0908880883812517,0.0908879403976068,1.0505485370515544e-14,1.5801903631429415e-07
822.509121460287,0.09825025533844454,0.09825025533845366,0.09825025533846686,0.0982572440284161,0.09825071427389766,0.09825028437578058,1.3197776205231548e-14,4.5893544399489006e-07
826.5809487942488,0.1113431311207273,0.1113431311207399,0.11134313112075768,0.1113508472961152,0.11134364168756353,0.11134316348082011,1.777744618181032e-14,5.105668236249361e-07
830.6527761282107,0.12028603443783287,0.12028603443784634,0.12028603443786451,0.12027966936950434,0.12028564090067312,0.12028600990790783,1.8166024240429124e-14,-3.9353717322387904e-07
834.7246034621725,0.11147037606533382,0.11147037606534325,0.11147037606534971,0.11144853838134984,0.11146898269272751,0.11147028853173979,6.453171330633722e-15,-1.3933726157461246e-06
838.7964307961344,0.09415762853775471,0.09415762853776008,0.09415762853775235,0.09413770387654904,0.09415635338043071,0.09415754837408645,-7.729927808952652e-15,-1.2751573293667828e-06
842.8682581300961,0.08078527785436541,0.0807852778543684,0.08078527785435516,0.0807725782226485,0.08078446455825104,0.08078522671852585,-1.3239409568654992e-14,-8.132961173551445e-07
846.9400854640579,0.07284464110881735,0.07284464110881922,0.07284464110880896,0.07283759086919477,0.07284418942274655,0.07284461270687587,-1.0255685189974884e-14,-4.516860726694327e-07
851.0119127980198,0.0688300650085215,0.06883006500852248,0.06883006500851864,0.06882700077389496,0.06882986844644137,0.06883005264572403,-3.8441472227646045e-15,-1.9656208111173967e-07
855.0837401319816,0.0675236909619768,0.06752369096197657,0.06752369096198016,0.06752339945624458,0.0675236718117636,0.06752368975160461,3.594347042223944e-15,-1.9150212970941993e-08
859.1555674659434,0.06776195174486845,0.06776195174486688,0.06776195174487773,0.06776254108987084,0.0677619887601014,0.06776195406126703,1.0852430065710905e-14,3.701523451637989e-08
863.2273947999053,0.06877108772298142,0.06877108772297941,0.06877108772299599,0.06877145534413776,0.06877111007926455,0.06877108911032248,1.6583956430338276e-14,2.235628514257737e-08
867.299222133867,0.07180927413890997,0.07180927413890745,0.07180927413892887,0.07181036679045351,0.07180934234652302,0.07180927840073553,2.142730437526552e-14,6.820761556947108e-08
871.3710494678288,0.07888878159953407,0.07888878159953074,0.07888878159955508,0.0788915001791531,0.0788889531273321,0.07888879234583246,2.4341639814906557e-14,1.715278013653121e-07
875.4428768017907,0.09119735580162446,0.09119735580161978,0.09119735580164134,0.09120123858196649,0.0911976002262724,0.09119737110556868,2.1566082253343666e-14,2.4442465261509394e-07
879.5147041357525,0.10446423913486191,0.10446423913485453,0.10446423913486574,0.10446377896816886,0.10446420139262981,0.10446423663186678,1.1213252548714081e-14,-3.774222472052724e-08
883.5865314697143,0.10462093628561667,0.10462093628560612,0.1046209362856041,0.10461032613990952,0.10462024384785061,0.10462089254292466,-2.0261570199409107e-15,-6.924377555089789e-07
887.6583588036762,0.09059117850025757,0.09059117850024766,0.09059117850024151,0.0905783416916396,0.09059034438233546,0.0905911258648714,-6.147859998861804e-15,-8.341179121990061e-07
891.7301861376379,0.07645485553963106,0.07645485553962428,0.07645485553961888,0.07644584262349478,0.0764542701062556,0.07645481860086029,-5.398459457239824e-15,-5.854333686716728e-07
895.8020134715997,0.06713840245657557,0.06713840245657116,0.06713840245656512,0.06713297930799303,0.06713804996250872,0.06713838021214312,-6.036837696399289e-15,-3.524940624388684e-07
899.8738408055616,0.061592298370088124,0.061592298370084855,0.06159229837007709,0.061589237838071915,0.06159209914635086,0.06159228579368763,-7.764622278472189e-15,-1.9922373399594573e-07
903.9456681395234,0.05840718972183423,0.05840718972183111,0.05840718972182211,0.058405710019345816,0.05840709303924358,0.05840718361345355,-8.999745393367675e-15,-9.668258752620895e-08
908.0174954734852,0.05676611517262027,0.05676611517261709,0.05676611517260994,0.056765872922064295,0.05676609871920095,0.05676611412441316,-7.153999614928352e-15,-1.645341614342488e-08
912.089322807447,0.05631975662193039,0.05631975662192694,0.05631975662192478,0.05632072676805683,0.056319818703501764,0.05631976052611773,-2.157996004115148e-15,6.20815748253456e-08
916.1611501414088,0.057003297559653186,0.05700329755964948,0.0570032975596544,0.05700563284490033,0.05700344802262503,0.057003307036498675,4.919675777870225e-15,1.5046297555110222e-07
920.2329774753706,0.05863518084519859,0.05863518084519476,0.05863518084520393,0.0586385982119257,0.05863540153908602,0.05863519475282334,9.166278847061449e-15,2.206938912591161e-07
924.3048048093325,0.05993946318188088,0.059939463181877525,0.05993946318188234,0.05994228455762457,0.059939645995451464,0.059939474711724304,4.8155923693116165e-15,1.8281357393873376e-07
928.3766321432943,0.0595448830550055,0.05954488305500307,0.059544883055000414,0.05954651087674646,0.05954498913531232,0.05954488975535681,-2.6575963651964685e-15,1.0608030925202128e-07
932.448459477256,0.058868719689469336,0.058868719689467004,0.058868719689464256,0.058870584921474525,0.058868841024600826,0.05886872735011328,-2.7478019859472624e-15,1.2133513382223127e-07
936.5202868112179,0.05946498025367328,0.05946498025367032,0.059464980253673055,0.059467871340711194,0.05946516772209588,0.05946499207988484,2.733924198139448e-15,1.8746842556094379e-07
940.5921141451797,0.06161022632165255,0.061610226321648566,0.061610226321657934,0.061614315852849585,0.0616104912399519,0.06161024302935234,9.367506770274758e-15,2.6491830333597033e-07
944.6639414791415,0.06456874868049503,0.06456874868049015,0.06456874868050318,0.0645738252113525,0.06456907808169986,0.06456876946359708,1.3031242751537775e-14,3.2940120971158837e-07
948.7357688131034,0.06725021632893789,0.06725021632893192,0.0672502163289431,0.06725740592241758,0.06725068454414554,0.06725024589644148,1.1171619185290638e-14,4.68215213614287e-07
952.8075961470652,0.07104927476554279,0.07104927476553553,0.07104927476554576,0.07106184152139997,0.07105009456274562,0.07104932655469934,1.0227929614359255e-14,8.197972100887352e-07
956.879423481027,0.07842018199331217,0.07842018199330313,0.07842018199330962,0.07844126022209076,0.07842155782418367,0.07842026891828617,6.494804694057166e-15,1.3758308805428277e-06
960.9512508149888,0.09002407714011998,0.0900240771401078,0.09002407714010803,0.09005326394392602,0.09002598318485082,0.09002419757346353,2.3592239273284576e-16,1.906044743024693e-06
965.0230781489506,0.10096973417798155,0.10096973417796679,0.10096973417797452,0.10099485148468278,0.10097137546814912,0.10096983788931972,7.729927808952652e-15,1.641290182333166e-06
969.0949054829124,0.10373550611751327,0.10373550611749884,0.10373550611751346,0.10374918963388771,0.10373639786220189,0.10373556242618417,1.4627188349436437e-14,8.917447030520886e-07
973.1667328168743,0.10484094033977315,0.104840940339759,0.10484094033976563,0.10485594671129331,0.10484191105740796,0.10484100152913266,6.619704784327496e-15,9.707176489570646e-07
977.2385601508361,0.11349531416196759,0.11349531416195091,0.11349531416195678,0.11351721349622089,0.11349672848517539,0.11349540327674876,5.870304242705515e-15,1.4143232244800963e-06
981.3103874847978,0.12601166132081046,0.12601166132079095,0.12601166132080718,0.1260250310005625,0.12601252655567213,0.12601171584977136,1.6237011735142914e-14,8.652348811866162e-07
985.3822148187597,0.12597592031981056,0.1259759203197946,0.12597592031980465,0.12596139549150057,0.12597498615649316,0.1259758614975078,1.0047518372857667e-14,-9.341633014359196e-07
989.4540421527215,0.11293527869907227,0.11293527869906506,0.11293527869904889,0.11291240998209286,0.112933804320847,0.11293518583112809,-1.6167622796103842e-14,-1.4743782180554055e-06
993.5258694866834,0.10330058031038657,0.1033005803103884,0.10330058031034689,0.10328614173377926,0.10329964827565428,0.10330052158968939,-4.150846333317304e-14,-9.320347341135182e-07
997.5976968206452,0.10308633286038901,0.10308633286039964,0.10308633286034755,0.10308007565536605,0.1030859272897361,0.10308630728431949,-5.209721543053547e-14,-4.055706635391898e-07
1001.669524154607,0.10863388740973297,0.10863388740975183,0.10863388740971529,0.10862723611691318,0.10863345402490451,0.10863386004353524,-3.6540215297975465e-14,-4.3338484731481053e-07
1005.7413514885689,0.1082584109590844,0.10825841095910639,0.10825841095910625,0.10824206727074649,0.10825734856249096,0.10825834391345165,-1.3877787807814457e-16,-1.0623966154310605e-06
1009.8131788225306,0.09852661553570563,0.09852661553572495,0.0985266155357537,0.09850946857100916,0.09852549985126377,0.09852654511543107,2.8754776337791554e-14,-1.115684461178157e-06
1013.8850061564924,0.0899776104764823,0.08997761047649934,0.08997761047654057,0.08996872256116568,0.08997702804026324,0.08997757365540061,4.123090757701675e-14,-5.824362361017688e-07
1017.9568334904543,0.0875869904549024,0.08758699045492015,0.0875869904549662,0.08758682893370477,0.08758697043013652,0.08758698905392076,4.604649994632837e-14,-2.002478362295168e-08
1022.0286608244161,0.09035971489691097,0.09035971489693152,0.09035971489697626,0.09036460182986768,0.0903600168296391,0.09035973371804007,4.474198789239381e-14,3.0193270757206125e-07
1026.1004881583779,0.0937721939043376,0.09377219390435891,0.0937721939043886,0.09377492289320097,0.0937723488787055,0.0937722033450586,2.968458812091512e-14,1.549743465917297e-07
1030.1723154923397,0.0957714892599721,0.0957714892599902,0.09577148926000106,0.09577261592480002,0.09577153500008277,0.09577149172960264,1.086630785351872e-14,4.5740092574630964e-08
1034.2441428263014,0.10176878259235567,0.10176878259237039,0.10176878259237823,0.10177319098309473,0.10176903551518132,0.10176879804432847,7.840950111415168e-15,2.529228109310333e-07
1038.3159701602633,0.11381120643853135,0.11381120643854527,0.11381120643857344,0.11381527165764672,0.11381142922122361,0.11381121986576664,2.8171909249863347e-14,2.227826783468556e-07
1042.3877974942252,0.12195197962779573,0.1219519796278093,0.12195197962786702,0.1219412190093352,0.12195123926479495,0.12195193227516601,5.771771949270033e-14,-7.403630143537621e-07
1046.4596248281869,0.11452931782050305,0.11452931782051444,0.11452931782057238,0.11450662211078655,0.11452781343010013,0.11452922243536029,5.793976409762536e-14,-1.504390414311385e-06
1050.5314521621488,0.10174492790376598,0.10174492790377532,0.1017449279038055,0.10172820138775057,0.10174382344735683,0.10174485794398637,3.0184188481996443e-14,-1.104456418488109e-06
1054.6032794961106,0.09454463129127189,0.09454463129128025,0.09454463129128454,0.0945385638157694,0.09454422834505681,0.09454460573569794,4.288236432614667e-15,-4.0294622344339004e-07
1058.6751068300725,0.09458613205286245,0.0945861320528703,0.0945861320528542,0.09459019813659336,0.09458639459752122,0.09458614860006784,-1.609823385706477e-14,2.6254465092245827e-07
1062.7469341640342,0.10189177529139073,0.10189177529139888,0.101891775291361,0.10190664678155212,0.10189274682676254,0.10189183668480935,-3.788636071533347e-14,9.71535363658571e-07
1066.818761497996,0.11704806404370911,0.1170480640437193,0.1170480640436489,0.11707417165478773,0.11704977318229068,0.11704817209650431,-7.040201754904274e-14,1.7091385713791096e-06
1070.890588831958,0.13746808885006545,0.1374680888500776,0.13746808884999406,0.1374965276867269,0.1374699546793487,0.1374682068610004,-8.354428260304303e-14,1.865829271086028e-06
1074.9624161659196,0.1550593247721882,0.15505932477219653,0.15505932477213571,0.15507723677219856,0.1550605054209596,0.15505939952189943,-6.081246617384295e-14,1.1806487630605655e-06
1079.0342434998815,0.17321784823025127,0.17321784823025,0.1732178482302136,0.17323333139016012,0.17321887022516771,0.17321791296192124,-3.6387559632089506e-14,1.0219949177214804e-06
1083.1060708338434,0.19729415999931235,0.19729415999930128,0.1972941599992886,0.19730919966687863,0.19729515497420697,0.197294223055768,-1.2684298056342413e-14,9.949749056881174e-07
1087.177898167805,0.2102045584054219,0.21020455840541136,0.2102045584054234,0.21020899278058633,0.21020486678793548,0.21020457817111696,1.2045919817182948e-14,3.083825241279037e-07
1091.249725501767,0.20909158262343533,0.20909158262344116,0.20909158262347097,0.2090852913968808,0.20909120015036636,0.20909155888282022,2.980948821118545e-14,-3.8247307479477577e-07
1095.3215528357289,0.19896076049566186,0.19896076049568637,0.19896076049572542,0.1989361990647953,0.19895919181803534,0.19896066191203787,3.905209489118988e-14,-1.5686776510259737e-06
1099.3933801696905,0.16979559039318357,0.16979559039321954,0.16979559039324882,0.16976110569568892,0.16979336808720527,0.1697954504336224,2.9282132274488504e-14,-2.2223060142656514e-06
1103.4652075036524,0.13777776260316824,0.13777776260321584,0.13777776260322497,0.1377533340134102,0.13777618500711547,0.13777766319908488,9.131584377541913e-15,-1.5775961003661187e-06
1107.5370348376143,0.1173054934335003,0.11730549343356474,0.11730549343356067,0.1172943137362509,0.11730477067846712,0.11730544788268897,-4.066191827689636e-15,-7.227550976179886e-07
1111.608862171576,0.10725137277804311,0.10725137277810759,0.10725137277809364,0.10724915088786213,0.10725122857628398,0.10725136368291921,-1.3947176746853529e-14,-1.4420182360697087e-07
1115.6806895055379,0.10120261032980629,0.10120261032980594,0.10120261032978924,0.10120331028576049,0.10120265629717269,0.10120261323915854,-1.6708856520608606e-14,4.5967366746335614e-08
1119.7525168394998,0.09497245867185804,0.0949724586717861,0.09497245867178103,0.09497387368077291,0.09497255285298833,0.09497246465052471,-5.065392549852277e-15,9.418120223980697e-08
1123.8243441734614,0.09045689615866825,0.09045689615859649,0.090456896158607,0.09046091679295092,0.09045715977442265,0.0904569128322025,1.0505485370515544e-14,2.6361582615430645e-07
1127.8961715074233,0.0904497653089786,0.09044976530893209,0.09044976530894998,0.09045867225349696,0.09045034580287072,0.09044980197072534,1.7888468484272835e-14,5.804939386261365e-07
1131.9679988413852,0.09640031596194808,0.09640031596192129,0.09640031596193623,0.09641665491008856,0.09640137890433882,0.09640038306306939,1.4932499681208355e-14,1.0629424175290225e-06
1136.039826175347,0.1095720706064871,0.10957207060647413,0.10957207060648026,0.10959748029798305,0.10957372260647236,0.10957217487464707,6.13398221105399e-15,1.651999998228404e-06
1140.1116535093088,0.12787692793230226,0.1278769279322973,0.12787692793228256,0.127901538927533,0.12787852642780573,0.12787702878941387,-1.4738210651898953e-14,1.5984955084313857e-06
1144.1834808432707,0.13784624036106966,0.13784624036106474,0.13784624036101747,0.13784550700642614,0.13784618618109756,0.13784623682881408,-4.726774527341604e-14,-5.4179967179379673e-08
1148.2553081772323,0.13163304776381402,0.13163304776380885,0.13163304776375423,0.13161722683241944,0.1316320081641205,0.13163298198274803,-5.46229728115577e-14,-1.0395996883627578e-06
1152.3271355111942,0.12347739118148586,0.12347739118148401,0.1234773911814472,0.12346861758982798,0.12347681069489938,0.12347735439502519,-3.6817771054131754e-14,-5.804865846337215e-07
1156.3989628451561,0.1170901853686347,0.11709018536863483,0.1170901853686115,0.11708538637901957,0.11708986848169047,0.11709016529500692,-2.3328561304936102e-14,-3.168869443653799e-07
1160.4707901791178,0.10819854967823282,0.10819854967823278,0.10819854967821696,0.1081938432722864,0.10819824370594552,0.1081985303677745,-1.582067810090848e-14,-3.059722872567061e-07
1164.5426175130797,0.09985779521595971,0.09985779521596061,0.099857795215956,0.09985462298842301,0.0998575913346017,0.09985778238500947,-4.6074255521944e-15,-2.03881358906699e-07
1168.6144448470416,0.09351014669374923,0.09351014669375474,0.09351014669376022,0.09350885008684809,0.09351006541508723,0.09351014161097619,5.4817261840867104e-15,-8.127866750473611e-08
1172.6862721810032,0.0905886892419001,0.09058868924191509,0.09058868924192816,0.0905899396747876,0.09058877346328417,0.09058869460302127,1.3072876114961218e-14,8.422136908714517e-08
1176.7580995149651,0.0925324669802088,0.09253246698023918,0.092532466980257,0.09253670984747199,0.0925327460602099,0.09253248464424722,1.7819079545233762e-14,2.7907997073028934e-07
1180.829926848927,0.09972226761117339,0.09972226761122167,0.0997222676112403,0.09972981866290354,0.09972276272935973,0.09972229892489308,1.8623991238087e-14,4.951181380580261e-07
1184.9017541828887,0.111821555461966,0.11182155546201518,0.11182155546203486,0.11183269039320255,0.11182228442303799,0.111821601547803,1.96787031114809e-14,7.289610228083943e-07
1188.9735815168506,0.12880064052059323,0.1288006405206107,0.1288006405206312,0.1288157114040808,0.12880162607745937,0.12880070281238803,2.0511370379949767e-14,9.855568486871746e-07
1193.0454088508125,0.146734992199598,0.14673499219956376,0.14673499219957184,0.14674720210757494,0.1467357964848168,0.14673504312062072,8.076872504148014e-15,8.042852530365519e-07
1197.1172361847741,0.1505732648068796,0.15057326480679845,0.15057326480678743,0.15057519366277408,0.15057340530237506,0.1505732739049462,-1.1018963519404679e-14,1.4049557661710566e-07
1201.189063518736,0.14131829448667413,0.14131829448658942,0.14131829448657862,0.14132009124933886,0.14131841949807816,0.14131830250534505,-1.0796918914479647e-14,1.2501148874410895e-07
1205.260890852698,0.1369437523618065,0.13694375236174786,0.13694375236173947,0.1369544617092555,0.13694444353270396,0.13694379591183098,-8.382183835919932e-15,6.911709561074897e-07
1209.3327181866596,0.146441567556015,0.1464415675559805,0.1464415675559706,0.14646583919516273,0.14644312464198656,0.14644166551747395,-9.908740494779522e-15,1.557086006048758e-06
1213.4045455206215,0.1730727803174177,0.1730727803173995,0.1730727803173831,0.1731137950653782,0.1730754068087735,0.17307294548125493,-1.6403545188836688e-14,2.6264913740026152e-06
1217.4763728545834,0.21378231186786986,0.21378231186786192,0.21378231186783045,0.2138260549034286,0.21378510106964957,0.2137824870650065,-3.147482274812319e-14,2.7892017876451902e-06
1221.548200188545,0.23910474520657507,0.23910474520657216,0.23910474520651906,0.23910023876200712,0.23910440987208523,0.23910472337581182,-5.309641615269811e-14,-3.3533448692835144e-07
1225.620027522507,0.21683424549881117,0.21683424549881028,0.2168342454987459,0.2167811926740393,0.2168307785190716,0.21683402641478314,-6.439293542825908e-14,-3.466979738686593e-06
1229.6918548564688,0.17679738914697005,0.1767973891469721,0.1767973891469106,0.17674851458076915,0.17679420379062574,0.17679718800236696,-6.150635556423367e-14,-3.1853563463579704e-06
1233.7636821904305,0.14939672140381735,0.14939672140382285,0.14939672140377463,0.14936615142875068,0.14939472859909975,0.1493965955614808,-4.821143484434742e-14,-1.992804723099928e-06
1237.8355095243924,0.13771851907829818,0.13771851907830784,0.1377185190782756,0.13770149522894087,0.13771740774663851,0.1377184488776663,-3.22519788653608e-14,-1.1113316693289743e-06
1241.9073368583543,0.1392430943655761,0.13924309436559157,0.13924309436557503,0.13923463251744583,0.13924253983933457,0.1392430593078242,-1.6542323066914832e-14,-5.545262569961462e-07
1245.979164192316,0.15354501731589837,0.15354501731592246,0.15354501731592074,0.15354200851190694,0.1535448168946868,0.1535450046007012,-1.7208456881689926e-15,-2.0042123566321735e-07
1250.0509915262778,0.17935151047110007,0.17935151047113498,0.17935151047113848,0.17935043266299278,0.17935143499623873,0.1793515056339446,3.497202527569243e-15,-7.547489624948334e-08
1254.1228188602397,0.20123646703367054,0.20123646703371084,0.20123646703371265,0.20123122805709015,0.20123612191388304,0.20123644519405842,1.8041124150158794e-15,-3.451198277992784e-07
1258.1946461942014,0.19552723605847178,0.19552723605850847,0.19552723605851524,0.1955206257676077,0.19552680418417528,0.19552720878289806,6.772360450213455e-15,-4.3187433318436774e-07
1262.2664735281633,0.17615588504051505,0.17615588504055096,0.17615588504055124,0.1761598983480781,0.17615614548843783,0.17615590148723986,2.7755575615628914e-16,2.6044788686840903e-07
1266.3383008621252,0.16603755466999442,0.16603755467003664,0.1660375546700232,0.16605781784217635,0.16603887241845822,0.16603763786389103,-1.3433698597964394e-14,1.3177484215753932e-06
1270.4101281960868,0.1701705768746519,0.1701705768747079,0.17017057687468873,0.17021142299064784,0.17017323315795763,0.17017074456365208,-1.917910275039958e-14,2.6562832497190048e-06
1274.4819555300487,0.18921501055428244,0.18921501055436335,0.18921501055435697,0.1892858698066447,0.18921961786098399,0.18921530139519893,-6.38378239159465e-15,4.607306620635354e-06
1278.5537828640106,0.22699509306305354,0.2269950930631797,0.22699509306320792,0.22711470532988937,0.22700286888012924,0.22699558389812335,2.8227420401094605e-14,7.775816949551206e-06
1282.6256101979723,0.29263552003296706,0.2926355200331774,0.2926355200332574,0.2928332031500889,0.2926483711096408,0.2926363312242332,7.999156892424253e-14,1.2851076463427091e-05
1286.6974375319342,0.39842071252159494,0.39842071252196076,0.39842071252211253,0.39870500130677683,0.39843920842245606,0.39842188015452995,1.517674874662589e-13,1.8495900495296702e-05
1290.769264865896,0.5358434634264406,0.5358434634269718,0.535843463427167,0.5360610578298258,0.5358576884409444,0.5358443621442035,1.9528823003156504e-13,1.4225013972635203e-05
1294.8410921998577,0.6302463347559893,0.6302463347560989,0.6302463347562232,0.6301259106478926,0.6302386362664293,0.6302458504346096,1.2423395645555502e-13,-7.698489669638597e-06
1298.9129195338196,0.616809260407645,0.616809260406975,0.6168092604070067,0.6165200644600857,0.6167905315107518,0.6168080793796814,3.164135620181696e-14,-1.872889622323015e-05
1302.9847468677815,0.5523042268735403,0.5523042268728703,0.5523042268728932,0.5521459685763722,0.5522939258587538,0.552303576653272,2.2870594307278225e-14,-1.0301014116476104e-05
1307.0565742017432,0.5268075918174349,0.5268075918171279,0.5268075918171624,0.5268501307850505,0.5268102787129736,0.5268077603007596,3.452793606584237e-14,2.6868958457049175e-06
1311.128401535705,0.5467702518012837,0.5467702518012779,0.5467702518012854,0.5468431196658374,0.546774933980727,0.5467705463581661,7.438494264988549e-15,4.68217944904481e-06
1315.200228869667,0.5332983916250941,0.53329839162518,0.5332983916251655,0.5331733234291164,0.5332903027148813,0.5332978815877644,-1.454392162258955e-14,-8.088910298686969e-06
1319.2720562036286,0.46836092933767437,0.4683609293376946,0.46836092933770795,0.4681552046640422,0.4683476192125676,0.46836009028430453,1.3378187446733136e-14,-1.3310125126952954e-05
1323.3438835375905,0.3947004560097871,0.3947004560097423,0.39470045600976705,0.3945115731279467,0.39468824872493435,0.3946996867117006,2.475797344914099e-14,-1.220728480794131e-05
1327.4157108715524,0.3221550422890856,0.32215504228902503,0.322155042289042,0.3220088688699004,0.3221456026130918,0.322154447535782,1.6986412276764895e-14,-9.439675933253788e-06
1331.487538205514,0.2718624492669526,0.27186244926689207,0.2718624492669045,0.27177955995720215,0.2718570891202686,0.27186211144452854,1.2434497875801753e-14,-5.3601466234454165e-06
1335.559365539476,0.2478646853181433,0.2478646853180839,0.2478646853180747,0.2478299086324998,0.24786242487292107,0.2478645426768411,-9.18709552877317e-15,-2.260445162827196e-06
1339.6311928734378,0.2289071041868171,0.22890710418676996,0.22890710418671859,0.2288897759051473,0.2289059735493542,0.22890703276689997,-5.137557046452912e-14,-1.1306374157471488e-06
1343.7030202073995,0.20182683109151567,0.20182683109148902,0.20182683109141578,0.2018146689906866,0.2018260394966798,0.2018267811155525,-7.32469640496447e-14,-7.915948092296343e-07
1347.7748475413614,0.18025800075154316,0.18025800075153386,0.18025800075146722,0.18025518203528568,0.18025781349280612,0.18025798887075753,-6.664113705312502e-14,-1.872587277462756e-07
1351.8466748753233,0.17260265535947086,0.17260265535947203,0.1726026553594064,0.1726116140707958,0.17260322753342183,0.17260269131410305,-6.564193633096238e-14,5.721739498032452e-07
1355.918502209285,0.1775305376526173,0.1775305376526033,0.1775305376525106,0.17755170611216137,0.1775318964662802,0.17753062314596732,-9.270362255620057e-14,1.3588136769104864e-06
1359.9903295432468,0.18868649377219826,0.18868649377214003,0.1886864937720216,0.18871960500555787,0.18868862024533026,0.188686627583105,-1.1843304115188857e-13,2.126473190228184e-06
1364.0621568772087,0.20370587860202904,0.20370587860198386,0.20370587860185776,0.20375522844456653,0.20370904564871278,0.20370607785779327,-1.2609358002180215e-13,3.1670467289246496e-06
1368.1339842111706,0.22878428830703576,0.22878428830706185,0.2287842883069315,0.2288464045147579,0.22878827152763018,0.22878453885963992,-1.3034018309099338e-13,3.983220568326562e-06
1372.2058115451323,0.25457178961330457,0.25457178961338617,0.2545717896132777,0.25461831186948464,0.25457476872207163,0.25457197694505007,-1.084687895058778e-13,2.979108685463583e-06
1376.2776388790942,0.26748068975503386,0.2674806897551119,0.2674806897550724,0.2675177560399724,0.2674830682471448,0.267480839413428,-3.952393967665557e-14,2.378492032883983e-06
1380.349466213056,0.28639836907543575,0.28639836907544797,0.28639836907548116,0.2864602597167955,0.2864023576890315,0.2863986202812117,3.319566843629218e-14,3.988613583527645e-06
1384.4212935470177,0.32957137348786103,0.3295713734877364,0.3295713734878019,0.3296754507264858,0.32957808725217835,0.329571796411762,6.550315845288424e-14,6.713764441945713e-06
1388.4931208809796,0.3968724633448155,0.3968724633445885,0.39687246334463944,0.39699530810515576,0.39688040143510134,0.3968729635529751,5.0959236830294685e-14,7.938090512860096e-06
1392.5649482149415,0.4411469011417402,0.4411469011416591,0.44114690114167576,0.4411779058533022,0.44114894010908773,0.44114703012391165,1.6653345369377348e-14,2.0389674286191983e-06
1396.6367755489032,0.4156789935806192,0.41567899358077076,0.41567899358076854,0.41564643624202846,0.41567694082827994,0.41567886504026297,-2.220446049250313e-15,-2.0527524908220407e-06
1400.708602882865,0.35984070466939005,0.3598407046695748,0.35984070466957374,0.35983460283701996,0.3598403611170634,0.35984068384364076,-1.0547118733938987e-15,-3.435525113837379e-07
1404.780430216827,0.31151895068366703,0.3115189506837142,0.3115189506837289,0.3115573525509428,0.311521473783389,0.3115191103494324,1.4710455076283324e-14,2.5230996748004664e-06
1408.8522575507886,0.2839336067501418,0.283933606750067,0.2839336067501195,0.28401303900345204,0.28393876833336773,0.2839339324701579,5.2513549064769904e-14,5.16158330071681e-06
1412.9240848847505,0.2802943907020065,0.2802943907019207,0.28029439070199935,0.280423429137438,0.2803027422256222,0.2802949171976218,7.865930129469234e-14,8.351523701488617e-06
1416.9959122187124,0.3110438958897642,0.3110438958897163,0.3110438958898147,0.3112514001112683,0.31105730277645743,0.31104474070239996,9.836575998178887e-14,1.3406886741118562e-05
1421.067739552674,0.3779193045430586,0.3779193045430584,0.37791930454320055,0.3781733647323889,0.37793571510690943,0.3779203384127341,1.421640583032513e-13,1.641056385104367e-05
1425.139566886636,0.43527197380464167,0.43527197380471083,0.43527197380491756,0.4353360849101271,0.4352761157942044,0.4352722343785274,2.0672352718520415e-13,4.141989493555709e-06
1429.2113942205979,0.4047652875025857,0.40476528750271007,0.40476528750292123,0.40450484463196795,0.4047484244030156,0.40476422421252245,2.1116441928370477e-13,-1.6863099694452988e-05
1433.2832215545595,0.3173126149600593,0.3173126149601845,0.31731261496031465,0.3170144377492613,0.3172932921578977,0.31731139669185815,1.301736496372996e-13,-1.932280228678085e-05
1437.3550488885214,0.24518251263304983,0.2451825126331505,0.24518251263317925,0.24499383076222778,0.24517027839697894,0.24518174124555606,2.8754776337791554e-14,-1.2234236171554391e-05
1441.4268762224833,0.2011651091566731,0.20116510915672386,0.201165109156698,0.20106727836970317,0.2011587604829862,0.20116470880215748,-2.5868196473766147e-14,-6.348673737666122e-06
1445.498703556445,0.17855999633939182,0.17855999633938327,0.1785599963393647,0.17851635418921252,0.17855715918132467,0.17855981736357202,-1.8568480086855743e-14,-2.8371580585995204e-06
1449.5705308904069,0.1688658183153585,0.16886581831531874,0.1688658183153417,0.16884586734822762,0.1688645197361334,0.1688657363750337,2.295386103412511e-14,-1.2985791853492579e-06
1453.6423582243688,0.16144655813977146,0.1614465581397365,0.1614465581397861,0.16142611148058703,0.16144523442398073,0.16144647469808232,4.959921362512887e-14,-1.3237157557577373e-06
1457.7141855583304,0.14625130213482052,0.1462513021347989,0.14625130213483523,0.14622427755109427,0.14624955842242043,0.14625119229747222,3.633204848085825e-14,-1.7437123784602715e-06
1461.7860128922923,0.12659011971361991,0.1265901197136067,0.12659011971361328,0.1265673628384268,0.12658865201315983,0.12659002727363053,6.5780714209040525e-15,-1.4677004468721666e-06
1465.8578402262542,0.11305300373510219,0.11305300373509279,0.1130530037350689,0.11303952935461124,0.11305213421343094,0.1130529489645986,-2.3897550605056495e-14,-8.695216618531676e-07
1469.9296675602159,0.10796066220651279,0.10796066220650487,0.1079606622064601,0.10795556495254974,0.10796033280765292,0.10796064145329523,-4.476974346800944e-14,-3.2939885194482876e-07
1474.0014948941778,0.10770670795803412,0.10770670795802859,0.10770670795797915,0.10770679638035188,0.10770671404423017,0.1077067083502766,-4.9432680171435095e-14,6.0862015843765604e-09
1478.0733222281397,0.1038756288001797,0.10387562880018042,0.10387562880014989,0.10387583463824997,0.10387564449625934,0.10387562982716937,-3.0531133177191805e-14,1.5696078922711187e-08
1482.1451495621013,0.0935246642080508,0.09352466420805643,0.09352466420804519,0.09352331716669647,0.09352458033813192,0.09352465897222524,-1.124100812432971e-14,-8.386992450537534e-08
1486.2169768960632,0.08261867447882218,0.08261867447882737,0.08261867447882652,0.08261676294013368,0.08261855333539476,0.08261866688210198,-8.465450562766819e-16,-1.2114343260483107e-07
1490.288804230025,0.07484339031923887,0.07484339031924205,0.07484339031924529,0.07484145827714865,0.07484326701284014,0.07484338257341787,3.247402347028583e-15,-1.2330640190849618e-07
1494.3606315639868,0.06968146435168866,0.0696814643516904,0.06968146435169027,0.0696794537908926,0.06968133568571706,0.06968145626371723,-1.249000902703301e-16,-1.2866597333405227e-07
1498.4324588979487,0.06555136679243463,0.06555136679243573,0.06555136679243088,0.06554929462221704,0.06555123406609109,0.065551358447378,-4.8433479449272454e-15,-1.3272634463712407e-07
1502.5042862319106,0.06205533777909137,0.06205533777909193,0.06205533777908319,0.062053512957593905,0.06205522070785486,0.062055330415474036,-8.743006318923108e-15,-1.1707123707266343e-07
1506.5761135658722,0.0593922367573568,0.05939223675735689,0.059392236757343,0.05939073830340629,0.0593921404267278,0.05939223069528579,-1.3884726701718364e-14,-9.633062908465106e-08
1510.647940899834,0.0574363265937082,0.05743632659370776,0.057436326593688546,0.057435089460637946,0.05743624691370726,0.05743632157718934,-1.9213797219919115e-14,-7.968000050040391e-08
1514.719768233796,0.05597954176016553,0.055979541760164446,0.05597954176014154,0.05597850044285852,0.05597947458949387,0.055979537529648606,-2.290528877679776e-14,-6.717067057432358e-08
1518.7915955677577,0.054873344513014004,0.05487334451301243,0.054873344512993076,0.05487245418385973,0.05487328701064834,0.05487334089033532,-1.935257509799726e-14,-5.750236408558207e-08
1522.8634229017196,0.054024960336697826,0.054024960336696556,0.054024960336682984,0.05402419099526764,0.05402491059671116,0.05402495720226501,-1.3572476476042539e-14,-4.97399853943703e-08
1526.9352502356815,0.053376552862485514,0.053376552862484994,0.053376552862471074,0.053375883557872456,0.053376509550631425,0.05337655013252808,-1.39194211712379e-14,-4.331185356892808e-08
1531.0070775696431,0.052891313917690516,0.05289131391769079,0.052891313917675986,0.0528907293333345,0.0528912760563629,0.05289131153079617,-1.4800660697034118e-14,-3.78613278853579e-08
1535.078904903605,0.052545589427071646,0.052545589427072076,0.05254558942706093,0.0525450779709166,0.05254555627498242,0.05254558733665144,-1.1143863609675009e-14,-3.315208965681826e-08
1539.150732237567,0.052324490606863575,0.05232449060686438,0.0523244906068574,0.05232404331234229,0.05232446158975487,0.05232448877681378,-6.980527267330672e-15,-2.901710950686809e-08
1543.2225595715286,0.052219427602524224,0.052219427602525494,0.05221942760251961,0.05221903746681664,0.052219402271410795,0.05221942600460983,-5.88418203051333e-15,-2.533111469887883e-08
1547.2943869054905,0.05222674305067599,0.052226743050676774,0.052226743050669606,0.05222640462155272,0.05222672105575813,0.05222674166289505,-7.167877402736167e-15,-2.1994918643353234e-08
1551.3662142394523,0.0523470247811554,0.052347024781155216,0.052347024781146376,0.0523467338968243,0.05234700585540118,0.05234702358671227,-8.840150833577809e-15,-1.892575403339425e-08
1555.438041573414,0.052584888443890435,0.05258488844388974,0.052584888443879506,0.05258464207732158,0.052584872393247224,0.05258488743058358,-1.0234868508263162e-14,-1.6050642516474145e-08
1559.509868907376,0.05294913937006835,0.05294913937006694,0.05294913937005514,0.05294893555474914,0.0529491260688688,0.052949138530002444,-1.1803058530546195e-14,-1.3301198142912085e-08
1563.5816962413378,0.05345329954936671,0.053453299549364224,0.05345329954935439,0.053453137379350486,0.05345328894051033,0.053453298878967576,-9.832412661836543e-15,-1.0608853892590808e-08
1567.6535235752995,0.054116548052578435,0.05411654805257452,0.054116548052567395,0.05411642776232318,0.054116540152871276,0.05411654755293254,-7.126244039312724e-15,-7.899703245717316e-09
1571.7253509092614,0.054965190092997634,0.05496519009299243,0.05496519009298899,0.05496511323596721,0.05496518500490438,0.054965189770596286,-3.4416913763379853e-15,-5.088088048110784e-09
1575.7971782432232,0.05603485879751076,0.05603485879750487,0.056034858797511994,0.056034828560780375,0.056034856729760225,0.05603485866555311,7.126244039312724e-15,-2.0677446421757395e-09
1579.869005577185,0.05737378819311133,0.057373788193105194,0.05737378819312534,0.05737380991377726,0.05737378949445591,0.057373788273637386,2.0143609003042684e-14,1.3013507146886205e-09
1583.9408329111468,0.05904771440442252,0.05904771440441616,0.059047714404439816,0.05904779640189225,0.05904771961799919,0.05904771473174743,2.365468931841974e-14,5.2135830305721775e-09
1588.0126602451087,0.0611473338026517,0.06114733380264487,0.06114733380266041,0.06114748872650808,0.0611473437539748,0.06114733442892509,1.5536183450848284e-14,9.951329926760621e-09
1592.0844875790704,0.06379990279501975,0.06379990279501203,0.06379990279501715,0.06380014984581965,0.06379991873691013,0.06379990379938111,5.1209037010835345e-15,1.5941898093285722e-08
1596.1563149130322,0.06718776133283202,0.06718776133282264,0.0671877613328279,0.0671881300135799,0.06718778519016595,0.06718776283687003,5.259681579161679e-15,2.3857343309230394e-08
1600.2281422469941,0.07157882290597828,0.07157882290596587,0.07157882290597521,0.0715793595532601,0.07157885770165935,0.0715788251006356,9.33975119465913e-15,3.479569347930589e-08
1604.2999695809558,0.07737848536978187,0.07737848536976476,0.07737848536977053,0.07737926491259467,0.07737853599144288,0.07737848856377694,5.773159728050814e-15,5.062167812708296e-08
1608.3717969149177,0.08522127893394464,0.08522127893392074,0.08522127893392349,0.08522242681307891,0.08522135356270687,0.08522128364399947,2.7478019859472624e-15,7.462878612307655e-08
1612.4436242488796,0.09613864367172735,0.09613864367169321,0.09613864367169794,0.0961403779889419,0.09613875652883765,0.09613865079600786,4.73232564246473e-15,1.128571444353188e-07
1616.5154515828413,0.11187511030260651,0.11187511030255691,0.11187511030255964,0.1118778240737667,0.1118752870086281,0.11187512145912333,2.733924198139448e-15,1.7670607119213422e-07
1620.5872789168031,0.13548420992086374,0.13548420992079035,0.13548420992079002,0.13548862503863812,0.13548449752977273,0.13548422808110333,-3.3306690738754696e-16,2.8760898238000543e-07
1624.659106250765,0.17233628819527674,0.1723362881951644,0.17233628819517127,0.17234367179410906,0.17233676933029637,0.17233631857736736,6.8833827526759706e-15,4.81135131985555e-07
1628.7309335847267,0.2308564075407443,0.2308564075405678,0.2308564075405941,0.2308683472254336,0.23085718605586397,0.2308564567086903,2.631228568361621e-14,7.785152961736763e-07
1632.8027609186886,0.3167256224227266,0.31672562242245533,0.31672562242250707,0.31674033398163165,0.3167265844010057,0.31672568321882505,5.1736392947532295e-14,9.61978550373388e-07
1636.8745882526505,0.40319338094018214,0.4031933809398365,0.4031933809398605,0.40319570857714626,0.4031935449792867,0.40319339148909966,2.403632848313464e-14,1.6403945024556776e-07
1640.9464155866121,0.4300920272473715,0.4300920272470884,0.4300920272470465,0.43006911907835366,0.43009055264482626,0.43009193441978966,-4.191091917959966e-14,-1.4746022621303645e-06
1645.018242920574,0.4279844289844202,0.4279844289843204,0.42798442898424194,0.42794886618784905,0.4279821186626358,0.42798428322746523,-7.843725668976731e-14,-2.3103216845732355e-06
1649.090070254536,0.46782974283836115,0.4678297428384724,0.46782974283837875,0.467792740979941,0.46782731964349045,0.4678295896692346,-9.364731212713195e-14,-2.423194981948651e-06
1653.1618975884976,0.5245743165255193,0.5245743165258197,0.5245743165257627,0.5245604058615856,0.5245733789191818,0.5245742568506588,-5.695444116327053e-14,-9.376066378852244e-07
1657.2337249224595,0.48897987353993944,0.4889798735402985,0.4889798735402676,0.48900858013732323,0.4889817049745447,0.48897998855454333,-3.086420008457935e-14,1.831434246202246e-06
1661.3055522564214,0.3692199862779886,0.36921998627826347,0.3692199862782031,0.3692581987897274,0.3692224448453024,0.36922014100536343,-6.034062138837726e-14,2.458567038954307e-06
1665.3773795903833,0.26173002307738064,0.2617300230775557,0.2617300230774712,0.26175703586799975,0.26173176258405517,0.2617301325756712,-8.454348332520567e-14,1.739506499454091e-06
1669.449206924345,0.19137329948080362,0.1913732994809126,0.1913732994808467,0.19139002515402745,0.19137437610473312,0.19137336724518142,-6.591949208711867e-14,1.0766238205117684e-06
1673.5210342583068,0.1476960129073471,0.1476960129074178,0.14769601290739082,0.14770641682677246,0.1476966820909527,0.14769605501874025,-2.6978419498391304e-14,6.691835349181829e-07
1677.5928615922687,0.11990500097099761,0.11990500097104508,0.11990500097104727,0.119911731845763,0.11990543353028794,0.1199050281858628,2.192690473634684e-15,4.325592428688907e-07
1681.6646889262304,0.10146844227456056,0.10146844227459328,0.10146844227460851,0.10147299162285997,0.10146873438613067,0.10146846064905254,1.522393322517246e-14,2.9211153738939455e-07
1685.7365162601923,0.08872354563611975,0.08872354563614311,0.08872354563616801,0.08872674547979986,0.08872375092755566,0.08872355854675629,2.4896751327219135e-14,2.052914125499905e-07
1689.8083435941542,0.07958867776453932,0.07958867776455687,0.07958867776459887,0.0795910065451445,0.07958882705717504,0.07958868715164522,4.1994185906446546e-14,1.4929261817064887e-07
1693.8801709281158,0.07283752923802717,0.07283752923804158,0.07283752923809411,0.07283927317000286,0.07283764095959662,0.07283753626153958,5.252742685257772e-14,1.1172155503502701e-07
1697.9519982620777,0.06771849925585653,0.06771849925586834,0.06771849925592277,0.06771983641520836,0.06771858486538966,0.06771850463696578,5.44286837822483e-14,8.560952131919652e-08
1702.0238255960396,0.06375339296536428,0.06375339296537301,0.06375339296542908,0.06375443820854675,0.06375345984996225,0.06375339716892721,5.6066262743570405e-14,6.688458924208884e-08
1706.0956529300013,0.06062762011263712,0.0606276201126435,0.060627620112693875,0.06062844992332561,0.060627673189145276,0.06062762344802674,5.037636974236648e-14,5.307650177699408e-08
1710.1674802639632,0.058128097970951136,0.058128097970956756,0.058128097970996516,0.05812876471150396,0.05812814060424824,0.05812810064986944,3.975986206938842e-14,4.263329148046502e-08
1714.239307597925,0.056106859871269725,0.05610685987127529,0.056106859871306515,0.056107400243126805,0.056106894419191186,0.05610686204204953,3.122502256758253e-14,3.45479158961326e-08
1718.3111349318867,0.054459016082896695,0.054459016082901865,0.054459016082930654,0.05445945630850034,0.05445904422987805,0.05445901785150284,2.878947080731109e-14,2.814697618730433e-08
1722.3829622658486,0.05310901258916903,0.05310901258917303,0.053109012589205265,0.053109371673778126,0.053109035556206205,0.05310901403241401,3.223810107755298e-14,2.2967033178056262e-08
1726.4547895998105,0.05200185105322137,0.05200185105322415,0.05200185105325904,0.05200214288474612,0.05200186973302353,0.052001852227272966,3.4888758548845544e-14,1.867979938091624e-08
1730.5266169337722,0.05109737445331022,0.05109737445331238,0.05109737445334566,0.051097609175518484,0.051097389498703315,0.05109737539925567,3.327893516313907e-14,1.5045390933110525e-08
1734.598444267734,0.05036651390978663,0.05036651390978874,0.05036651390981809,0.05036669882460608,0.05036652579185299,0.050366514657292374,2.9351521213527576e-14,1.1882064249180146e-08
1738.670271601696,0.049788842625803104,0.04978884262580474,0.049788842625824725,0.049788982776667205,0.049788851671556444,0.04978884319548701,1.9984014443252818e-14,9.045751703240512e-09
1742.7420989356576,0.04935105087393222,0.049351050873932795,0.049351050873939074,0.04935114939923901,0.04935105728928766,0.04935105127881335,6.279698983036042e-15,6.415354865396683e-09
1746.8139262696195,0.04904612608854669,0.04904612608854642,0.04904612608854467,0.04904618439326781,0.049046129969709536,0.04904612633476835,-1.7555401576885288e-15,3.881163113117481e-09
1750.8857536035814,0.04887314270400284,0.04887314270400227,0.04887314270399902,0.04887316046704818,0.04887314403846047,0.04887314279090227,-3.247402347028583e-15,1.3344582036611818e-09
1754.957580937543,0.048837669041349924,0.04883766904134998,0.04883766904134717,0.048837644048630696,0.04883766769790437,0.04883766896084294,-2.8102520310824275e-15,-1.3434456117011884e-09
1759.029408271505,0.048952909977954,0.04895290997795472,0.048952909977953415,0.04895283773891495,0.0489529056832107,0.04895290971307187,-1.304512053934559e-15,-4.294744018751295e-09
1763.1012356054669,0.049241855966258456,0.049241855966259275,0.04924185596625632,0.049241729025554425,0.04924184826211364,0.04924185548849959,-2.9559688030644793e-15,-7.704145633946613e-09
1767.1730629394285,0.049740950696605335,0.049740950696606244,0.049740950696597834,0.04974075747696731,0.04974093886855996,0.04974094996146689,-8.409939411535561e-15,-1.1828046285466964e-08
1771.2448902733904,0.05050621168321691,0.05050621168321811,0.050506211683204155,0.0505059345611516,0.050506194640983645,0.050506210622747696,-1.3954115640757436e-14,-1.7042234463915396e-08
1775.3167176073523,0.05162351845547041,0.05162351845547208,0.051623518455454626,0.05162313051971724,0.05162349453168385,0.051623516965713274,-1.745131816832668e-14,-2.3923788228241705e-08
1779.388544941314,0.053226288900819665,0.05322628890082124,0.053226288900803206,0.05322574835269477,0.053226255503128726,0.053226286820103205,-1.8034185256254887e-14,-3.3397692514314237e-08
1783.4603722752759,0.055526771973832996,0.05552677197383381,0.05552677197381632,0.05552601214029927,0.055526724964174004,0.05552676904403843,-1.7486012637846216e-14,-4.7009659803753934e-08
1787.5321996092378,0.05887334233206887,0.058873342332068326,0.058873342332048606,0.058872253233406883,0.05887327488067871,0.05887333812711427,-1.9720336474904343e-14,-6.745138961955499e-08
1791.6040269431994,0.06385879944261186,0.06385879944260991,0.0638587994425853,0.06385719275360305,0.06385869984906917,0.06385879323246466,-2.4619195571062846e-14,-9.95935407477333e-08
1795.6758542771613,0.07152870428698253,0.07152870428698013,0.07152870428695103,0.07152624627004725,0.07152855180901206,0.07152869477732918,-2.9101721032986916e-14,-1.5247796807116298e-07
1799.7476816111232,0.08376843439941037,0.08376843439940725,0.08376843439937644,0.08376452694649324,0.0837681918556431,0.08376841927000149,-3.0808688933348094e-14,-2.4254376414234446e-07
1803.8195089450849,0.10385820830328152,0.1038582083032765,0.10385820830325147,0.1038518640452826,0.10385781432496455,0.10385818372466445,-2.5021651417489466e-14,-3.9397831194665223e-07
1807.8913362790468,0.136072822253277,0.1360728222532696,0.13607282225326875,0.13606313252325325,0.13607222053215412,0.13607278471457335,-8.604228440844963e-16,-6.017211154896174e-07
1811.9631636130086,0.1777801986145403,0.17778019861453323,0.17778019861456773,0.17776984940005014,0.17777955714132715,0.17778015861601074,3.450018049022674e-14,-6.414732060811001e-07
1816.0349909469703,0.19886326122977277,0.1988632612297743,0.1988632612298192,0.19886177814438696,0.19886317385070446,0.19886325585882392,4.490852134608758e-14,-8.737906984079835e-08
1820.1068182809322,0.17243630667060422,0.17243630667061288,0.17243630667063586,0.17244329828632946,0.172436747294441,0.17243633427018634,2.298161660974074e-14,4.4062382811849155e-07
1824.178645614894,0.1307281611204425,0.13072816112045002,0.13072816112045021,0.1307349216771614,0.13072858592454897,0.13072818770822445,1.942890293094024e-16,4.248040989529578e-07
1828.2504729488558,0.09993056108512155,0.09993056108512588,0.09993056108511403,0.09993489803920774,0.0999308336217717,0.09993057814316612,-1.1851630787873546e-14,2.725366458206091e-07
1832.3223002828177,0.08078642358842973,0.08078642358843166,0.08078642358841932,0.08078901588075314,0.08078658661761634,0.08078643379460543,-1.2337353361147052e-14,1.6302918467991923e-07
1836.3941276167795,0.068983593712098,0.06898359371209882,0.06898359371209294,0.068985170057391,0.06898369295260677,0.06898359992667054,-5.88418203051333e-15,9.924050795029338e-08
1840.4659549507412,0.061439769260847356,0.061439769260847786,0.06143976926084873,0.06144076478655289,0.06143983200751292,0.06143977319136825,9.43689570931383e-16,6.274666513456095e-08
1844.537782284703,0.056402005139832935,0.05640200513983295,0.056402005139839964,0.05640265891540367,0.056402046394495364,0.05640200772490154,7.015221736850208e-15,4.1254662415390886e-08
1848.609609618665,0.052895983909295126,0.0528959839092945,0.052895983909307186,0.05289642854274793,0.052896011997886995,0.052895985669907206,1.2684298056342413e-14,2.8088592493591413e-08
1852.6814369526267,0.05036570154717005,0.05036570154716912,0.05036570154718429,0.05036601309737981,0.05036572124831736,0.0503657027824027,1.51684220739412e-14,1.9701148240569566e-08
1856.7532642865885,0.04848146736232789,0.04848146736232734,0.04848146736233888,0.048481691151915904,0.048481481525676336,0.04848146825056648,1.1539380562197721e-14,1.416334899362326e-08
1860.8250916205504,0.04703999378292935,0.0470399937829294,0.04703999378293199,0.04704015783266525,0.047040004171691074,0.04703999443457317,2.5951463200613034e-15,1.0388761677304625e-08
1864.896918954512,0.045911293759191014,0.045911293759191375,0.04591129375918703,0.045911415986245034,0.04591130150177162,0.045911294244908335,-4.343747583845925e-15,7.742580243608188e-09
1868.968746288474,0.04500948534924414,0.0450094853492447,0.04500948534923935,0.04500957756128349,0.04500949118995134,0.04500948571565987,-5.349887199912473e-15,5.8407066405585795e-09
1873.0405736224359,0.044276149279248236,0.0442761492792492,0.04427614927924421,0.044276219469624206,0.04427615372242989,0.04427614955796398,-4.989064716909297e-15,4.443180691426907e-09
1877.1124009563976,0.04367050571258968,0.043670505712590804,0.0436705057125863,0.043670559423505874,0.04367050910828411,0.043670505925543814,-4.503342143635791e-15,3.3956933029322123e-09
1881.1842282903594,0.04316342565686656,0.043163425656867246,0.04316342565686532,0.043163466813937276,0.0431634282532677,0.04316342581961841,-1.9290125052862095e-15,2.5964004557454956e-09
1885.2560556243213,0.04273367085752337,0.04273367085752385,0.04273367085752335,0.042733702295007336,0.04273367283401955,0.042733670981322566,-4.996003610813204e-16,1.976495696276448e-09
1889.327882958283,0.04236546893559392,0.04236546893559506,0.04236546893559219,0.04236549273532768,0.04236547042409938,0.04236546902871619,-2.8727020762175925e-15,1.4885043198020753e-09
1893.399710292245,0.042046911296221304,0.04204691129622288,0.04204691129621618,0.04204692901134805,0.042046912395263876,0.0420469113648489,-6.696032617270475e-15,1.09904099709901e-09
1897.4715376262068,0.04176887116086435,0.041768871160865514,0.041768871160856647,0.04176888396659115,0.04176887194508555,0.04176887120968161,-8.867906409193438e-15,7.842200361318774e-10
1901.5433649601684,0.04152425816278387,0.04152425816278377,0.041524258162774115,0.04152426695988663,0.04152425868946603,0.041524258195386646,-9.652001420334955e-15,5.266822603045007e-10
1905.6151922941303,0.041307495414162725,0.041307495414161656,0.04130749541415282,0.04130750090127442,0.041307495727791216,0.041307495433345554,-8.833211939673902e-15,3.1362955982272567e-10
1909.6870196280922,0.041114146520215604,0.04111414652021493,0.04111414652020888,0.04111414924510636,0.04111414665571632,0.04111414652817411,-6.050715484207103e-15,1.355013878878708e-10
1913.758846962054,0.04094064547753168,0.04094064547753171,0.04094064547753015,0.04094064587401086,0.04094064546260085,0.04094064547600698,-1.5612511283791264e-15,-1.4930862102247033e-11
1917.8306742960158,0.04078409833163929,0.040784098331639214,0.04078409833164109,0.040784096746466734,0.0407840981884448,0.040784098322024454,1.8735013540549517e-15,-1.4319441465904248e-10
1921.9025016299777,0.04064213564616167,0.04064213564616091,0.04064213564616266,0.04064213235891468,0.04064213539260158,0.04064213562958197,1.7486012637846216e-15,-2.5355933325199587e-10
1925.9743289639393,0.04051280145598408,0.04051280145598363,0.04051280145598274,0.04051279669388961,0.04051280110662691,0.04051280143335708,-8.881784197001252e-16,-3.493567171664047e-10
1930.0461562979012,0.04039446875721645,0.040394468757217396,0.040394468757213815,0.040394462706339396,0.04039446832400909,0.04039446872929521,-3.58046925441613e-15,-4.332083025637701e-10
1934.1179836318631,0.04028577453147263,0.04028577453147467,0.04028577453146824,0.04028576734523938,0.04028577402427933,0.04028577449887801,-6.432354648922001e-15,-5.071953412816299e-10
1938.1898109658248,0.04018556931101484,0.040185569311016404,0.04018556931100773,0.040185561116768236,0.04018556873803357,0.040185569274261805,-8.673617379884035e-15,-5.729828347900146e-10
1942.2616382997867,0.04009287768090946,0.040092877680909876,0.040092877680899565,0.04009286858499412,0.04009287704899696,0.04009287764042948,-1.0311196341206141e-14,-6.319129178256055e-10
1946.3334656337486,0.04000686708788652,0.04000686708788661,0.0400068670878745,0.04000685717962318,0.04000686640281153,0.04000686704404396,-1.2108369862318114e-14,-6.850750799980432e-10
1950.4052929677102,0.0399268230158782,0.03992682301587802,0.03992682301586536,0.039926812370691706,0.0399268222825185,0.039926822968980785,-1.2663481374630692e-14,-7.333595189451536e-10
1954.4771203016721,0.03985212908318254,0.039852129083181455,0.039852129083169284,0.03985211776508497,0.03985212830568324,0.039852129033491224,-1.2170819907453279e-14,-7.774982116459661e-10
1958.548947635634,0.039782250974893796,0.03978225097489248,0.039782250974880744,0.039782239038469745,0.039782250156795616,0.039782250922632566,-1.1733669591507123e-14,-8.180968610882466e-10
1962.6207749695957,0.039716723386754256,0.03971672338675331,0.03971672338674233,0.039716710878753746,0.0397167225310942,0.03971672333211554,-1.0984269049885143e-14,-8.556591130082225e-10
1966.6926023035576,0.03965513935049687,0.039655139350496374,0.03965513935048882,0.03965512631112389,0.039655138459889744,0.03965513929364582,-7.556455461354972e-15,-8.906066301106463e-10
1970.7644296375195,0.03959714145529233,0.03959714145529175,0.039597141455290565,0.03959712791925333,0.03959714053199801,0.03959714139637115,-1.186550857568136e-15,-9.232937400738273e-10
1974.8362569714814,0.039542414588528384,0.03954241458852752,0.03954241458853132,0.0395424005858908,0.039542413634507556,0.03954241452766085,3.795574965437254e-15,-9.540199671920213e-10
1978.908084305443,0.03949067990142447,0.03949067990142383,0.039490679901427475,0.039490665458321944,0.03949067891838416,0.039490679838718956,3.642919299551295e-15,-9.83039670499064e-10
1982.979911639405,0.03944168976776905,0.039441689767768746,0.039441689767768524,0.0394416749069828,0.039441688757198924,0.03944168970331983,-2.220446049250313e-16,-1.0105698222684367e-09
1987.0517389733668,0.039395223552320106,0.039395223552319905,0.03939522355231593,0.039395208293762383,0.03939522251552362,0.03939522348620955,-3.975986206938842e-15,-1.0367962877122494e-09
1991.1235663073285,0.03935108404275562,0.039351084042755446,0.039351084042749736,0.03935106840387347,0.039351082980876126,0.03935108397505586,-5.710709682915649e-15,-1.0618793205852128e-09
1995.1953936412904,0.03930909442813374,0.03930909442813369,0.03930909442812932,0.03930907842424678,0.039309093342176714,0.039309094358908656,-4.371503159461554e-15,-1.0859569771204391e-09
1999.2672209752523,0.03926909572960767,0.0392690957296082,0.0392690957296064,0.03926907937419216,0.03926909462045887,0.03926909565891367,-1.797173521111972e-15,-1.1091493279380416e-09
2003.339048309214,0.03923094460709334,0.03923094460709445,0.03923094460709475,0.039230927912021374,0.039230943475533596,0.03923094453497994,3.0531133177191805e-16,-1.1315608519635312e-09
2007.4108756431758,0.039194511479818284,0.03919451147981952,0.03919451147982142,0.0391944944555611,0.03919451032653651,0.039194511406328625,1.9012569296705806e-15,-1.1532830107574554e-09
2011.4827029771377,0.03915967891001897,0.039159678910019764,0.039159678910022776,0.03915966156582029,0.03915967773562386,0.03915967883519114,3.011479954295737e-15,-1.174395906911041e-09
2015.5545303110994,0.039126340208131175,0.0391263402081315,0.03912634020813463,0.039126322552155965,0.03912633901316133,0.03912634013199931,3.12944115066216e-15,-1.1949701714253358e-09
2019.6263576450613,0.03909439822512525,0.03909439822512574,0.03909439822512682,0.03909438026458591,0.03909439701005747,0.03909439814772015,1.0824674490095276e-15,-1.2150682682232627e-09
2023.6981849790232,0.03906376430354233,0.03906376430354306,0.03906376430353985,0.039063746044806946,0.039063763068797504,0.03906376422489077,-3.2127078775090467e-15,-1.2347455558003873e-09
2027.7700123129848,0.0390343573635829,0.039034357363583426,0.03903435736357461,0.039034338812268775,0.03903435610953218,0.039034357283708056,-8.819334151866087e-15,-1.2540512447922758e-09
2031.8418396469467,0.03900610310451658,0.03900610310451664,0.039006103104503066,0.03900608426557258,0.039006101831487214,0.03900610302343886,-1.3572476476042539e-14,-1.2730294249307939e-09
2035.9136669809086,0.03897893330488379,0.03897893330488336,0.03897893330486852,0.038978914182660536,0.03897893201316408,0.038978933222621595,-1.484229406045756e-14,-1.2917192801498167e-09
2039.9854943148703,0.038952785207593675,0.03895278520759285,0.03895278520758047,0.03895276580590505,0.03895278389743644,0.038952785124163,-1.2378986724570495e-14,-1.3101564069750715e-09
2044.0573216488322,0.03892760097819644,0.038927600978195614,0.038927600978187066,0.03892758130037329,0.038927599649823084,0.038927600893611844,-8.548717289613705e-15,-1.3283725300294869e-09
2048.129148982794,0.038903327226414604,0.038903327226414354,0.038903327226407956,0.038903307275351504,0.03890332588001782,0.0389033271406888,-6.3976601794024646e-15,-1.3463965359283847e-09
2052.2009763167557,0.038879914582511006,0.038879914582511374,0.03887991458250317,0.038879894360706574,0.03887991321825675,0.03887991449565458,-8.201772594418344e-15,-1.3642546259351462e-09
2056.2728036507174,0.03885731732132225,0.03885731732132299,0.03885731732131204,0.03885729683091564,0.038857315939352544,0.038857317233343985,-1.0949574580365606e-14,-1.381970447800196e-09
2060.3446309846795,0.0388354930278358,0.03883549302783621,0.03883549302782606,0.038835472270638334,0.03883549162827046,0.03883549293874267,-1.0151601781416275e-14,-1.3995657480170287e-09
2064.416458318641,0.03881440229906209,0.0388144022990621,0.038814402299054834,0.038814381276586624,0.038814400882001686,0.03881440220886039,-7.265021917390868e-15,-1.417060413455573e-09
2068.488285652603,0.03879400847770042,0.03879400847770019,0.038794008477695444,0.03879398719118581,0.03879400704322767,0.03879400838639556,-4.746203430272544e-15,-1.4344725199344488e-09
2072.560112986565,0.03877427741371444,0.03877427741371416,0.03877427741371057,0.038774255864147456,0.03877427596189525,0.038774277321310786,-3.594347042223944e-15,-1.4518189150880545e-09
2076.6319403205266,0.03875517725046761,0.03875517725046728,0.03875517725046319,0.0387551554386024,0.03875517578135233,0.038755177156968384,-4.093947403305265e-15,-1.4691149477497056e-09
2080.7037676544883,0.03873667823251919,0.03873667823251857,0.03873667823251444,0.038736656158894704,0.038736676746143534,0.038736678137926396,-4.128641872824801e-15,-1.4863750369409345e-09
2084.7755949884504,0.0387187525325631,0.03871875253256223,0.03871875253255993,0.03871873019751925,0.03871875102894984,0.038718752436878265,-2.3037127760972e-15,-1.5036123943157342e-09
2088.847422322412,0.038701374095322476,0.038701374095322004,0.038701374095322726,0.038701351499014595,0.0387013725744827,0.0387013739985469,7.216449660063518e-16,-1.5208393017163147e-09
2092.9192496563737,0.038684518496491675,0.038684518496491765,0.03868451849649507,0.03868449563890168,0.03868451695842445,0.03868451839862554,3.3029134982598407e-15,-1.5380673124010258e-09
2096.991076990336,0.03866816281505542,0.03866816281505561,0.0386681628150596,0.03866813969600307,0.03866816125974837,0.03866816271609746,3.989863994746656e-15,-1.5553072441054638e-09
2101.0629043242975,0.03865228551752771,0.038652285517527384,0.03865228551753133,0.03865226213668102,0.03865228394495824,0.03865228541747592,3.948230631323213e-15,-1.5725691443480017e-09
2105.134731658259,0.03863686635282956,0.03863686635282873,0.038636866352834365,0.03863684270971473,0.038636864762966225,0.038636866251682,5.6343818499726694e-15,-1.5898625055354998e-09
2109.2065589922213,0.03862188625668092,0.03862188625667971,0.03862188625668911,0.03862186235068985,0.038621884649483434,0.03862188615443513,9.395262345890387e-15,-1.6071962788410943e-09
2113.278386326183,0.038607327264511,0.03860732726450999,0.03860732726452356,0.03860730309490905,0.03860732563993088,0.038607327161164426,1.3572476476042539e-14,-1.6245791101265894e-09
2117.350213660145,0.03859317243201424,0.038593172432014294,0.03859317243203052,0.038593147997946685,0.038593170789995454,0.03859317232756421,1.62231339473351e-14,-1.6420188403420966e-09
2121.4220409941067,0.03857940576257795,0.03857940576257922,0.03857940576259543,0.03857938106307473,0.038579404103056,0.03857940565702043,1.6209256159527285e-14,-1.6595232202321064e-09
2125.4938683280684,0.038566012140891504,0.03856601214089354,0.03856601214090814,0.038565987174873015,0.038566010463793945,0.038566012034221546,1.4606371667724716e-14,-1.6770995911463693e-09
2129.5656956620305,0.03855297727213301,0.03855297727213494,0.03855297727214849,0.038552952038414925,0.03855297557738011,0.038552977164344616,1.3551659794330817e-14,-1.694754829528744e-09
2133.637522995992,0.03854028762618966,0.038540287626190904,0.03854028762620473,0.03854026212348816,0.03854028591369533,0.038540287517276985,1.3829215550487106e-14,-1.7124955759006966e-09
2137.709350329954,0.03852793038643194,0.038527930386432645,0.03852793038644682,0.03852790461336803,0.038527928656104264,0.038527930276389157,1.4176160245682468e-14,-1.7303283805780723e-09
2141.781177663916,0.03851589340261085,0.03851589340261095,0.038515893402625435,0.03851586735771292,0.03851589165435172,0.038515893291431784,1.4488410471358293e-14,-1.7482592248874163e-09
2145.8530049978776,0.03850416514749177,0.03850416514749183,0.038504165147505744,0.03850413882919992,0.03850416338119759,0.038504165035170304,1.3912482277333993e-14,-1.7662942428109396e-09
2149.9248323318393,0.03849273467688619,0.03849273467688639,0.03849273467689951,0.03849270808355378,0.03849273289244729,0.03849273456341549,1.3121448372288569e-14,-1.784439096486068e-09
2153.9966596658014,0.038481591592767934,0.03848159159276822,0.03848159159278104,0.03848156472266478,0.03848158979006886,0.03848159147814072,1.2823075934420558e-14,-1.802699357844606e-09
2158.068486999763,0.038470726009201886,0.03847072600920207,0.03847072600921443,0.038470698860516295,0.03847072418812157,0.038470725893410246,1.2358170042858774e-14,-1.821080501673844e-09
2162.1403143337247,0.03846012852083457,0.038460128520834504,0.03846012852084523,0.03846010109167588,0.03846012668124669,0.03846012840387034,1.0727529975440575e-14,-1.8395878154109369e-09
2166.212141667687,0.03844979017372431,0.03844979017372381,0.03844979017373176,0.03844976246212462,0.038449788315497405,0.038449790055579,7.951972413877684e-15,-1.8582264060817977e-09
2170.2839690016485,0.03843970243830903,0.038439702438307986,0.038439702438312864,0.03843967444222508,0.038439700561306606,0.03843970231897381,4.8780424144467815e-15,-1.87700138071234e-09
2174.35579633561,0.03842985718432913,0.03842985718432781,0.03842985718432988,0.03842982890164403,0.03842985528841012,0.03842985706379528,2.0747292772682613e-15,-1.8959176867339167e-09
2178.4276236695723,0.03842024665754362,0.03842024665754216,0.03842024665754199,0.038420218086067826,0.03842024474256202,0.038420246535802026,-1.6653345369377348e-16,-1.9149801397388977e-09
2182.499451003534,0.038410863458087904,0.03841086345808622,0.03841086345808463,0.03841083459556015,0.03841086152389275,0.03841086333512896,-1.5890067039947553e-15,-1.9341934651140313e-09
2186.5712783374956,0.03840170052033975,0.03840170052033802,0.03840170052033458,0.038401671364428694,0.03840169856677558,0.03840170039615366,-3.4416913763379853e-15,-1.9535624368183235e-09
2190.6431056714578,0.03839275109417234,0.03839275109417114,0.03839275109416475,0.038392721642477354,0.038392749121079456,0.03839275096874958,-6.390721285498557e-15,-1.973091683094008e-09
2194.7149330054194,0.03838400872748292,0.03838400872748296,0.038384008727474266,0.038383978977535115,0.0383840067346972,0.03838400860081369,-8.694434061595757e-15,-1.99278576279438e-09
2198.786760339381,0.03837546724989689,0.03837546724989783,0.03837546724988843,0.03837543719915796,0.03837546523724856,0.03837546712197012,-9.395262345890387e-15,-2.012649269467204e-09
2202.858587673343,0.03836712075755156,0.038367120757552484,0.03836712075754258,0.038367090403415294,0.038367118724865805,0.03836712062835531,-9.901801600875615e-15,-2.032686678699047e-09
2206.930415007305,0.03835896359888062,0.03835896359888131,0.03835896359887036,0.03835893293867429,0.038358961545978815,0.038358963468403305,-1.0949574580365606e-14,-2.052902493832054e-09
2211.0022423412665,0.03835099036132371,0.03835099036132424,0.03835099036131319,0.03835095939230825,0.038350988288023094,0.03835099022955371,-1.1053657988924215e-14,-2.0733011488194286e-09
2215.0740696752287,0.038343195858887624,0.038343195858888145,0.03834319585887948,0.03834316457825753,0.03834319376500112,0.03834319572581334,-8.666678485980128e-15,-2.0938870221032246e-09
2219.1458970091903,0.03833557512049732,0.03833557512049826,0.0383355751204936,0.03833554352538116,0.0383355730058336,0.038335574986106916,-4.6629367034256575e-15,-2.114664658658949e-09
2223.217724343152,0.03832812337907941,0.038328123379080474,0.038328123379079565,0.03832809146653871,0.03832812124344211,0.038328123243360206,-9.08995101411847e-16,-2.1356383606008222e-09
2227.289551677114,0.03832083606132178,0.038320836061322416,0.038320836061323665,0.0383208038283517,0.038320833904509785,0.03832083592426043,1.2490009027033011e-15,-2.156812631270988e-09
2231.3613790110758,0.0383137087780631,0.03831370877806321,0.03831370877806629,0.03831367622159297,0.03831370659987141,0.03831370863964653,3.073929999430902e-15,-2.178191800539242e-09
2235.4332063450374,0.038306737315268076,0.038306737315268145,0.03830673731527357,0.03830670443216142,0.03830673511548773,0.03830673717548341,5.4262150328554526e-15,-2.1997804133810916e-09
2239.5050336789996,0.03829991762554547,0.03829991762554577,0.03829991762555309,0.0382998844125991,0.03829991540396295,0.038299917484379484,7.320533068622126e-15,-2.2215828204830146e-09
2243.576861012961,0.038293245820170144,0.038293245820170935,0.03829324582017875,0.03829321227411411,0.03829324357656743,0.038293245677609236,7.813194535799539e-15,-2.2436035043704727e-09
2247.648688346923,0.03828671816157749,0.038286718161577624,0.038286718161585374,0.03828668427907313,0.03828671589573069,0.03828671801760633,7.750744490664374e-15,-2.2658469336911402e-09
2251.720515680885,0.03828033105629146,0.038280331056290216,0.03828033105629783,0.03828029683393309,0.038280328767972556,0.038280330910894854,7.61196661258623e-15,-2.288317660359418e-09
2255.7923430148467,0.038274081048264755,0.03827408104826324,0.038274081048270625,0.03827404648258063,0.03827407873724309,0.03827408090142911,7.382983113757291e-15,-2.31102015302298e-09
2259.8641703488083,0.038267964812602924,0.038267964812602466,0.03826796481260886,0.0382679299000531,0.038267962478643495,0.03826796466431457,6.390721285498557e-15,-2.3339589705351216e-09
2263.9359976827704,0.03826197914964149,0.038261979149641974,0.03826197914964725,0.038261943886615656,0.0382619767925033,0.038261978999885045,5.2735593669694936e-15,-2.357138671749137e-09
2268.007825016732,0.038256120979353214,0.03825612097935418,0.03825612097935931,0.03825608536217099,0.038256118598790106,0.03825612082811256,5.127842594987442e-15,-2.380564072257396e-09
2272.079652350694,0.03825038733606923,0.03825038733607018,0.03825038733607521,0.038250351360980185,0.03825038493183058,0.03825038718332805,5.0306980803327406e-15,-2.4042395990742094e-09
2276.151479684656,0.03824477536349191,0.03824477536349277,0.03824477536349642,0.03824473902667509,0.03824477293532255,0.03824477520923385,3.649858193455202e-15,-2.428170220447612e-09
2280.2233070186176,0.038239282309979965,0.038239282309980575,0.038239282309982955,0.03823924560754271,0.038239279857620004,0.03823928215418844,2.3800406090401793e-15,-2.4523605715587316e-09
2284.295134352579,0.03823390552408883,0.038233905524089014,0.038233905524090755,0.03823386845206611,0.038233903047273594,0.03823390536674681,1.7416623698807143e-15,-2.4768154194276804e-09
2288.3669616865413,0.038228642450350764,0.03822864245035034,0.03822864245035093,0.03822860500470425,0.038228639948810546,0.038228642291441045,5.898059818321144e-16,-2.5015397947525386e-09
2292.438789020503,0.0382234906252792,0.03822349062527865,0.038223490625277814,0.038223452801897186,0.0382234880987401,0.03822349046478475,-8.326672684688674e-16,-2.526538547820145e-09
2296.5106163544647,0.03821844767358688,0.03821844767358652,0.038218447673584004,0.03821840946828233,0.0382184451217698,0.038218447511490304,-2.518818487118324e-15,-2.5518167232063682e-09
2300.582443688427,0.038213511304600344,0.03821351130459977,0.03821351130459646,0.03821347271310967,0.038213508727220395,0.038213511140883144,-3.309852392163748e-15,-2.5773793724259697e-09
2304.6542710223885,0.0382086793088598,0.038208679308859135,0.03820867930885779,0.038208640326842805,0.03820867670562754,0.038208679143503725,-1.3461454173580023e-15,-2.603231595565969e-09
2308.72609835635,0.03820394955489801,0.03820394955489759,0.038203949554899926,0.03820391017793673,0.038203946925519025,0.03820394938788465,2.338407245616736e-15,-2.6293785621023247e-09
2312.7979256903122,0.038199319986183165,0.038199319986182964,0.038199319986187766,0.03819928020978009,0.03819931733035728,0.038199319817493506,4.801714581503802e-15,-2.6558256843722816e-09
2316.869753024274,0.038194788618217276,0.03819478861821677,0.03819478861822139,0.03819474843779401,0.03819478593563854,0.03819478844783132,4.621303340002214e-15,-2.682578228996313e-09
2320.9415803582356,0.03819035353578037,0.038190353535779376,0.03819035353578227,0.03819031294667741,0.03819035082613775,0.03819035336367822,2.8935187579293142e-15,-2.7096416221894515e-09
2325.0134076921977,0.03818601289031522,0.03818601289031431,0.03818601289031492,0.03818597188779106,0.03818601015329297,0.03818601271647738,6.106226635438361e-16,-2.7370213387389875e-09
2329.0852350261594,0.03818176489744411,0.03818176489744343,0.03818176489744026,0.03818172347667287,0.03818176213272034,0.038181764721850336,-3.1710745140856034e-15,-2.7647230893546038e-09
2333.157062360121,0.03817760783460598,0.03817760783460548,0.03817760783459726,0.038177565990676114,0.038177605041852906,0.038177607657235275,-8.215650382226158e-15,-2.7927525708681955e-09
2337.228889694083,0.038173540038811876,0.03817354003881152,0.038173540038799525,0.03817349776672529,0.03817353721769618,0.03817353985964314,-1.1997347559855598e-14,-2.8211153413337797e-09
2341.300717028045,0.038169559904512075,0.03816955990451138,0.03816955990449712,0.038169517199181935,0.0381695570546939,0.03816955972352323,-1.4259426972529354e-14,-2.8498174792224162e-09
2345.3725443620065,0.03816566588156498,0.038165665881564226,0.03816566588154908,0.03816562273781565,0.03816566300269925,0.038165665698734405,-1.514760539222948e-14,-2.878864972799544e-09
2349.4443716959686,0.03816185647330851,0.0381618564733085,0.03816185647329393,0.038161812885873884,0.03816185356504478,0.038161856288614626,-1.4564738304301272e-14,-2.9082637201249817e-09
2353.5161990299302,0.03815813023472515,0.038158130234725834,0.03815813023471222,0.03815808619824552,0.038158127296705716,0.03815813004814529,-1.3614109839465982e-14,-2.9380201188589083e-09
2357.588026363892,0.03815448577069345,0.03815448577069399,0.03815448577068178,0.038154441279714096,0.03815448280255376,0.03815448558220369,-1.2212453270876722e-14,-2.9681402266557022e-09
2361.659853697854,0.0381509217343247,0.03815092173432478,0.038150921734314544,0.03815087678329539,0.03815091873569423,0.03815092154390115,-1.0234868508263162e-14,-2.998630552197845e-09
2365.7316810318157,0.038147436825381485,0.03814743682538157,0.038147436825372395,0.03814739140865527,0.03814743379588399,0.03814743663300074,-9.173217740965356e-15,-3.0294975764122434e-09
2369.8035083657774,0.03814402978877304,0.038144029788774035,0.0381440297887636,0.0381439839006039,0.038144026728026005,0.03814402959441163,-1.0436096431476471e-14,-3.0607480300259837e-09
2373.8753356997395,0.03814069941312391,0.03814069941312499,0.03814069941311254,0.03814065304766306,0.038140696320736474,0.03814069921675624,-1.2455314557513475e-14,-3.0923885188660627e-09
2377.947163033701,0.03813744452940667,0.038137444529406775,0.038137444529394104,0.038137397680701825,0.038137441404980744,0.038137444331006444,-1.2670420268534599e-14,-3.1244260303986415e-09
2382.018990367663,0.038134264009643766,0.03813426400964333,0.0381342640096321,0.03813421667163937,0.03813426085277594,0.03813426380918579,-1.1227130336521896e-14,-3.1568673855564278e-09
2386.090817701625,0.038131156765675106,0.03813115676567547,0.0381311567656663,0.03813110893220942,0.03813115357595554,0.03813115656313462,-9.166278847061449e-15,-3.1897199256891717e-09
2390.1626450355866,0.038128121747984724,0.03812812174798581,0.038128121747978756,0.03812807341278568,0.038128118524994994,0.03812812154333505,-7.056855100273651e-15,-3.222990818674276e-09
2394.2344723695483,0.03812515794458066,0.03812515794458122,0.038125157944576556,0.03812510910126405,0.038125154687893896,0.03812515773779357,-4.6629367034256575e-15,-3.2566873225947646e-09
2398.3062997035104,0.03812226437993119,0.03812226437993052,0.0381222643799287,0.03812221502200008,0.03812226108911327,0.03812226417097842,-1.817990202823694e-15,-3.2908172506451727e-09
2402.378127037472,0.03811944011395503,0.03811944011395377,0.03811944011395472,0.03811939023479844,0.0381194367885657,0.038119439902809284,9.506284648352903e-16,-3.3253880690753412e-09
2406.4499543714337,0.0381166842410633,0.03811668424106306,0.03811668424106424,0.03811663383395356,0.03811668088065527,0.0381166840276976,1.1796119636642288e-15,-3.360407792307729e-09
2410.521781705396,0.03811399588924949,0.0381139958892506,0.03811399588924928,0.03811394494733762,0.03811399249336625,0.038113995673635215,-1.3183898417423734e-15,-3.3958843514980686e-09
2414.5936090393575,0.03811137421922275,0.03811137421922372,0.03811137421921963,0.03811132273553574,0.038111370787397854,0.03811137400132885,-4.0870085094013575e-15,-3.431825865152227e-09
2418.665436373319,0.038108818423584524,0.0381088184235844,0.03810881842357829,0.03810876639102499,0.03810881495534374,0.038108818203380045,-6.106226635438361e-15,-3.4682406599428894e-09
2422.7372637072813,0.0381063277260532,0.03810632772605201,0.03810632772604374,0.038106275137397394,0.0381063242209147,0.03810632750350754,-8.271161533457416e-15,-3.505137312342921e-09
2426.809091041243,0.03810390138072897,0.038103901380726946,0.03810390138071718,0.038103848228623324,0.038103897838202484,0.03810390115581121,-9.76302372279747e-15,-3.5425244612752316e-09
2430.8809183752046,0.03810153867139657,0.03810153867139482,0.03810153867138458,0.03810148494835585,0.03810153509098398,0.03810153844407609,-1.0241807402167069e-14,-3.580410835868353e-09
2434.9527457091667,0.03809923891086995,0.038099238910869186,0.03809923891085842,0.03809918460927314,0.03809923529206363,0.038099238681115206,-1.0769163338864018e-14,-3.6188055538288744e-09
2439.0245730431284,0.03809700144037225,0.03809700144037219,0.03809700144036069,0.03809694655245918,0.03809699778265436,0.03809700120815007,-1.1497747198774277e-14,-3.6577178300079005e-09
2443.09640037709,0.038094825628950765,0.038094825628950876,0.038094825628939094,0.038094770146819876,0.03809482193179384,0.03809482539422722,-1.1782241848834474e-14,-3.6971570388510955e-09
2447.168227711052,0.03809271087292993,0.03809271087293001,0.03809271087291823,0.038092654788536025,0.03809270713579714,0.038092710635670726,-1.1775302954930567e-14,-3.737132867054349e-09
2451.240055045014,0.03809065659539814,0.03809065659539843,0.038090656595386525,0.038090599900549284,0.03809065281774341,0.03809065635556883,-1.1907141939104804e-14,-3.777655022130233e-09
2455.3118823789755,0.03808866224572937,0.03808866224573017,0.038088662245717796,0.03808860493208343,0.03808865842699656,0.038088662003294874,-1.2372047830666588e-14,-3.818733607108271e-09
2459.3837097129376,0.03808672729913695,0.03808672729913795,0.03808672729912512,0.038086669358197725,0.038086723438759164,0.038086727054061034,-1.2830014828324465e-14,-3.860378787468033e-09
2463.4555370468993,0.03808485125625814,0.038084851256259385,0.038084851256246006,0.038084792679372904,0.03808484735365826,0.03808485100850417,-1.3378187446733136e-14,-3.90260112420604e-09
2467.527364380861,0.03808303364277369,0.03808303364277515,0.0380830336427617,0.03808297442112935,0.03808302969736393,0.03808303339230431,-1.3447576385772209e-14,-3.945411219952177e-09
2471.599191714823,0.03808127400905718,0.03808127400905858,0.038081274009046304,0.03808121413367669,0.03808127002023858,0.03808127375583405,-1.2274903316011887e-14,-3.98881999652545e-09
2475.6710190487847,0.03807957192985569,0.03807957192985647,0.03807957192984821,0.0380795113915944,0.03807956789701781,0.03807957167383967,-8.257283745649602e-15,-4.032838660239513e-09
2479.7428463827464,0.03807792700400133,0.03807792700400106,0.038077927003999486,0.03807786579354342,0.03807792292652241,0.038077926745152424,-1.5751289161869408e-15,-4.077478653330413e-09
2483.8146737167085,0.03807633885415248,0.038076338854151875,0.03807633885415597,0.03807627696200847,0.038076334731400284,0.038076338592431286,4.093947403305265e-15,-4.122751591506546e-09
2487.88650105067,0.038074807126569916,0.03807480712656975,0.0380748071265754,0.038074744543071394,0.038074802957900354,0.0380748068619362,5.648259637780484e-15,-4.168669395787639e-09
2491.958328384632,0.038073331490919765,0.038073331490919925,0.03807333149092465,0.03807326820621448,0.03807332727567556,0.03807333122333168,4.7253867485608225e-15,-4.2152443618936886e-09
2496.030155718594,0.038071911640107425,0.0380719116401077,0.03807191164011185,0.03807184764415592,0.03807190737761886,0.038071911369522204,4.1494585545365226e-15,-4.262488841055845e-09
2500.1019830525556,0.038070547290143544,0.03807054729014365,0.038070547290148575,0.038070482572714844,0.038070542979727964,0.03807054701651771,4.926614671774132e-15,-4.310415684105617e-09
2504.1738103865173,0.038069238180041785,0.03806923818004176,0.03806923818004727,0.038069172730709415,0.038069233821003794,0.038069237903331166,5.509481759702339e-15,-4.359037963919121e-09
2508.2456377204794,0.038067984071748974,0.038067984071748474,0.038067984071753685,0.03806791787988554,0.038067979663379464,0.03806798379190818,5.2111093218343285e-15,-4.408369010111546e-09
2512.317465054441,0.038066784750106254,0.03806678475010501,0.03806678475010877,0.038066717804879274,0.038066780291682395,0.03806678446708911,3.760880495917718e-15,-4.458422617203972e-09
2516.3892923884027,0.03806564002284378,0.03806564002284247,0.0380656400228436,0.038065572313211726,0.038065635513629736,0.038065639736604234,1.1310397063368782e-15,-4.509212732373147e-09
2520.461119722365,0.03806454972061234,0.03806454972061141,0.03806454972061052,0.038064481235318665,0.038064545159857875,0.038064549431103246,-8.881784197001252e-16,-4.560753531779316e-09
2524.5329470563265,0.0380635136970468,0.038063513697046907,0.0380635136970458,0.038063444424614755,0.03806350908398685,0.03806351340422006,-1.1032841307212493e-15,-4.6130600589444626e-09
2528.604774390288,0.038062531828868575,0.03806253182886916,0.038062531828869144,0.03806246175759473,0.03806252716272206,0.03806253153267415,-1.3877787807814457e-17,-4.6661471006514965e-09
2532.6766017242503,0.03806160401602189,0.0380616040160224,0.03806160401602481,0.038061533133972,0.038061599295992295,0.03806160371640864,2.4147350785597155e-15,-4.720030102878248e-09
2536.748429058212,0.03806073018185351,0.038060730181853256,0.03806073018185883,0.03806065847685633,0.038060725407128244,0.03806072987876916,5.571931804837504e-15,-4.774725011202907e-09
2540.8202563921736,0.03805991027332984,0.03805991027332906,0.038059910273336946,0.038059837732972966,0.03805990544308131,0.03805990996672216,7.882583474838611e-15,-4.8302477503869845e-09
2544.8920837261358,0.03805914426130165,0.038059144261300436,0.03805914426130954,0.03805907087292373,0.0380591393746853,0.03805914395111706,9.103828801926284e-15,-4.886615133370409e-09
2548.9639110600974,0.03805843214080906,0.03805843214080779,0.0380584321408186,0.03805835789149429,0.0380584271969637,0.038058431826993165,1.0810796702287462e-14,-4.943844091054306e-09
2553.035738394059,0.03805777393143701,0.03805777393143587,0.038057773931447936,0.0380576988080083,0.0380577689294838,0.03805777361393419,1.206673649889467e-14,-5.00195206781795e-09
2557.107565728021,0.03805716967771931,0.03805716967771853,0.038057169677730915,0.03805709366673164,0.03805716461676168,0.03805716935647293,1.2385925618474403e-14,-5.060956848046416e-09
2561.179393061983,0.0380566194495974,0.038056619449597116,0.038056619449608746,0.03805654253733105,0.03805661432872025,0.038056619124549405,1.1629586182948515e-14,-5.120876868380808e-09
2565.2512203959445,0.038056123342934844,0.03805612334293485,0.03805612334294508,0.03805604551538756,0.03805611816120387,0.038056123014025785,1.0227929614359255e-14,-5.181730981795862e-09
2569.3230477299066,0.038055681480091974,0.038055681480092106,0.03805568148010014,0.03805560272297237,0.03805567623655371,0.038055681147261065,8.03523914072457e-15,-5.243538395149905e-09
2573.3948750638683,0.03805529401056616,0.038055294010566516,0.03805529401057315,0.03805521430928618,0.03805528870424749,0.03805529367375172,6.63358257213531e-15,-5.30631902306844e-09
2577.46670239783,0.03805496111170206,0.03805496111170203,0.038054961111708335,0.038054880451367956,0.038054955741608866,0.038054960770840404,6.3074545586516706e-15,-5.370093161816136e-09
2581.538529731792,0.038054682989473496,0.03805468298947306,0.03805468298947906,0.038054601354878884,0.038054677554591264,0.03805468264450022,6.0021432268797525e-15,-5.4348817946081596e-09
2585.6103570657538,0.03805445987934841,0.03805445987934823,0.038054459879353825,0.03805437725496592,0.03805445437864184,0.038054459530198315,5.592748486549226e-15,-5.500706390382248e-09
2589.6821843997154,0.038054292047241145,0.03805429204724126,0.03805429204724652,0.038054208417212056,0.038054286479652255,0.038054291693847185,5.259681579161679e-15,-5.567589007882123e-09
2593.7540117336775,0.0380541797905563,0.038054179790556204,0.03805417979056036,0.03805409513868158,0.038054174155003874,0.038054179432849236,4.15639744844043e-15,-5.635552330351956e-09
2597.825839067639,0.038054123439333946,0.03805412343933346,0.03805412343933546,0.03805403774906543,0.038054117734713816,0.03805412307724359,1.9984014443252818e-15,-5.704619644719688e-09
2601.897666401601,0.03805412335750781,0.03805412335750786,0.0380541233575072,0.0380540366119388,0.03805411758269271,0.038054122990963356,-6.591949208711867e-16,-5.774815146908363e-09
2605.969493735563,0.03805417994428519,0.038054179944286094,0.03805417994428376,0.03805409212613863,0.038054174098122714,0.038054179573213755,-2.3314683517128287e-15,-5.846163379785718e-09
2610.0413210695247,0.03805429363565577,0.03805429363565721,0.038054293635653935,0.03805420472727318,0.038054287716967526,0.03805429325998231,-3.2751579226442118e-15,-5.918689684192291e-09
2614.1131484034863,0.038054464906044715,0.038054464906046255,0.03805446490604244,0.03805437488937523,0.03805445891362571,0.038054464525692305,-3.816391647148976e-15,-5.992420545886112e-09
2618.1849757374484,0.03805469427012551,0.03805469427012641,0.038054694270123625,0.03805460312671401,0.038054688202743644,0.038054693885015124,-2.7824964554667986e-15,-6.0673827628754395e-09
2622.25680307141,0.03805498228480406,0.038054982284804584,0.03805498228480527,0.03805488999577995,0.038054976141200444,0.038054981894855996,6.869504964868156e-16,-6.143604139308145e-09
2626.3286304053718,0.03805532955139742,0.038055329551397885,0.03805532955140228,0.038055236097460865,0.03805532333028442,0.038055329156530246,4.3923198411732756e-15,-6.221113464655037e-09
2630.400457739334,0.0380557367180205,0.038055736718020775,0.03805573671802622,0.03805564207942807,0.03805573041808062,0.03805573631815039,5.447031714567174e-15,-6.299940152887373e-09
2634.4722850732956,0.03805620448220489,0.03805620448220479,0.03805620448220767,0.03805610863875577,0.03805619810208976,0.038056204077246136,2.8796409701214998e-15,-6.380115033510769e-09
2638.544112407257,0.03805673359377602,0.038056733593775906,0.03805673359377388,0.038056636524797405,0.03805672713210632,0.038056733183641216,-2.0261570199409107e-15,-6.461669588286867e-09
2642.6159397412193,0.03805732485801679,0.03805732485801665,0.038057324858009584,0.038057226542347306,0.03805731831338039,0.03805732444261636,-7.0637939941775585e-15,-6.544636256544667e-09
2646.687767075181,0.038057979139146936,0.03805797913914689,0.0380579791391357,0.03805787955512025,0.03805797251009786,0.03805797871838916,-1.1185496973098452e-14,-6.629049024986511e-09
2650.7595944091427,0.03805869736415674,0.0380586973641564,0.03805869736414185,0.038058596489583436,0.03805869064921361,0.03805869693794708,-1.4550860516493458e-14,-6.714942789309841e-09
2654.831421743105,0.03805948052703273,0.03805948052703186,0.03805948052701487,0.038059378339181986,0.03805947372467833,0.03805948009527473,-1.6993351170668802e-14,-6.802353534618444e-09
2658.9032490770664,0.0380603296934263,0.03806032969342501,0.03806032969340707,0.038060226169006395,0.038060322802105896,0.038060329256021194,-1.7937040741600185e-14,-6.8913191125785644e-09
2662.975076411028,0.03806124600581383,0.038061246005812246,0.038061246005796585,0.038061141120950756,0.03806123902393407,0.038061245562660655,-1.5661083541118614e-14,-6.981878179768142e-09
2667.0469037449902,0.038062230689210635,0.03806223068920945,0.03806223068919838,0.038062124419426246,0.038062223615138176,0.03806223024020629,-1.106753577673203e-14,-7.074071273205362e-09
2671.118731078952,0.03806328505750869,0.03806328505750846,0.038063285057501395,0.03806317737769571,0.03806327788956799,0.038063284602547265,-7.0637939941775585e-15,-7.1679404703428595e-09
2675.1905584129136,0.038064410520514035,0.03806441052051463,0.03806441052051091,0.038064301404910184,0.03806440325698525,0.03806441005948624,-3.7192471324942744e-15,-7.263529382128819e-09
2679.2623857468757,0.0380656085917771,0.03806560859177814,0.0380656085917754,0.038065498013937604,0.038065601230894225,0.03806560812457027,-2.7408630920433552e-15,-7.36088391628531e-09
2683.3342130808373,0.03806688089731987,0.038066880897320875,0.038066880897317835,0.03806676883008863,0.03806687343726954,0.03806688042381856,-3.039235529911366e-15,-7.460051333618711e-09
2687.406040414799,0.03806822918538187,0.03806822918538277,0.03806822918538073,0.038068115600859286,0.03806822162430116,0.03806822870546758,-2.040034807748725e-15,-7.561081608042919e-09
2691.477867748761,0.03806965533732381,0.03806965533732469,0.038069655337324586,0.038069540206832564,0.038069647673298,0.038069654850875094,-1.0408340855860843e-16,-7.664026691056591e-09
2695.549695082723,0.0380711613798515,0.03807116137985277,0.0380711613798527,0.03807104467389868,0.03807115361091157,0.038071160886743644,-7.632783294297951e-17,-7.76894120563254e-09
2699.6215224166845,0.03807274949874938,0.03807274949875081,0.038072749498748566,0.038072631186985104,0.03807274162286841,0.03807274899885342,-2.2412627309620348e-15,-7.875882397645473e-09
2703.6933497506466,0.038074422054341944,0.03807442205434317,0.0380744220543391,0.03807430210551468,0.03807441406943249,0.038074421547525,-4.073130721593543e-15,-7.98491068404461e-09
2707.7651770846082,0.03807618159894445,0.038076181598944964,0.03807618159894096,0.038076059980852485,0.03807617350285537,0.03807618108506938,-4.003741782554471e-15,-8.096089590403643e-09
2711.83700441857,0.03807803089660356,0.03807803089660331,0.03807803089659941,0.038077907576041126,0.03807802268711688,0.038078030375529426,-3.899658373995862e-15,-8.209486430932333e-09
2715.908831752532,0.03807997294548674,0.03807997294548605,0.03807997294548088,0.03807984788818478,0.038079964620313704,0.03807997241706851,-5.169475958410885e-15,-8.325172343170983e-09
2719.9806590864937,0.0380820110033413,0.03808201100334045,0.03808201100333518,0.03808188417390034,0.038082002560117435,0.038082010467429005,-5.2735593669694936e-15,-8.443223016574297e-09
2724.052486420456,0.03808414861652229,0.038084148616521415,0.038084148616516836,0.03808401997833855,0.03808414005280233,0.03808414807296079,-4.579669976578771e-15,-8.563719088028332e-09
2728.1243137544175,0.03808638965318609,0.038086389653185254,0.038086389653180064,0.038086259168368816,0.03808638096643844,0.038086389101814645,-5.190292640122607e-15,-8.686746814923207e-09
2732.196141088379,0.03808873834136117,0.038088738341360145,0.038088738341353255,0.03808860597063919,0.03808872952896156,0.038088737782012806,-6.890321646579878e-15,-8.812398588631254e-09
2736.2679684223413,0.03809119931274862,0.038091199312747265,0.038091199312739084,0.03809106501536541,0.03809119037197333,0.03809119874525023,-8.180955912706622e-15,-8.940773933707735e-09
2740.339795756303,0.03809377765328157,0.038093777653280224,0.03809377765327153,0.038093641386875605,0.03809376858129976,0.038093777077453664,-8.694434061595757e-15,-9.071980465458207e-09
2744.4116230902646,0.03809647896168852,0.03809647896168774,0.03809647896167818,0.038096340682156414,0.03809646975555293,0.03809647837734438,-9.56179579958416e-15,-9.206134812811406e-09
2748.4834504242267,0.03809930941757099,0.038099309417570844,0.03809930941755961,0.0380991690789091,0.03809930007420639,0.038099308824515316,-1.1234069230425803e-14,-9.343364457126135e-09
2752.5552777581884,0.03810227586084276,0.038102275860842666,0.038102275860830405,0.03810213341496533,0.03810226637703385,0.03810227525887074,-1.2261025528204073e-14,-9.483808814658712e-09
2756.62710509215,0.0381053858847984,0.03810538588479841,0.03810538588478643,0.03810524128132744,0.03810537625717683,0.038105385273696155,-1.1976530878143876e-14,-9.627621574970213e-09
2760.698932426112,0.03810864794561428,0.038108647945614846,0.03810864794560451,0.038108501131631826,0.038108638170641786,0.03810864732515741,-1.033895191682177e-14,-9.774973060150405e-09
2764.770759760074,0.03811207149175428,0.03811207149175506,0.0381120714917477,0.03811192241151046,0.03811206156570205,0.038112070861705635,-7.355227538141662e-15,-9.926053007314195e-09
2768.8425870940355,0.03811566711761875,0.03811566711761887,0.038115667117614216,0.03811551571218641,0.038115657036544286,0.038115666477727,-4.65599780952175e-15,-1.0081074586221206e-08
2772.9144144279976,0.038119446746895456,0.03811944674689469,0.0381194467468909,0.03811929295376,0.03811943650661646,0.038119446096894626,-3.795574965437254e-15,-1.0240278236484102e-08
2776.9862417619593,0.03812342385251939,0.0381234238525181,0.038123423852513404,0.03812326760508359,0.03812341344858023,0.03812342319212685,-4.697631172945194e-15,-1.0403937870939739e-08
2781.058069095921,0.038127613722039704,0.038127613722038635,0.038127613722032244,0.038127454949023885,0.0381276031496713,0.03812761305095304,-6.390721285498557e-15,-1.0572367335759392e-08
2785.129896429883,0.038132033779700286,0.038132033779699814,0.03813203377969203,0.03813187240440938,0.03813202303377016,0.03813203309759379,-7.78543896018391e-15,-1.074592965305543e-08
2789.2017237638447,0.03813670397987725,0.03813670397987674,0.038136703979868264,0.03813653991929833,0.03813669305482841,0.03813670328639724,-8.479328350574633e-15,-1.0925048331278386e-08
2793.2735510978064,0.03814164729100161,0.03814164729100105,0.03814164729099361,0.03814148045468521,0.03814163618077931,0.03814164658576344,-7.438494264988549e-15,-1.111022174260512e-08
2797.3453784317685,0.03814689029520753,0.03814689029520725,0.03814689029520157,0.038146720583861635,0.03814687899316477,0.03814688957778903,-5.68295410730002e-15,-1.1302042482452812e-08
2801.41720576573,0.038152463937316236,0.03815246393731647,0.03815246393731114,0.03815229124102447,0.038152452436094275,0.03815246320725016,-5.329070518200751e-15,-1.1501222196841354e-08
2805.489033099692,0.038158404468435506,0.0381584044684362,0.03815840446842977,0.03815822866437508,0.038158392759811,0.03815840372519923,-6.432354648922001e-15,-1.170862520133431e-08
2809.560860433654,0.038164754645875945,0.038164754645876826,0.03816475464586978,0.03816457559536036,0.03816474272056361,0.038164753888879334,-7.042977312465837e-15,-1.1925313216087918e-08
2813.6326877676156,0.0381715652745395,0.038171565274540624,0.03817156527453448,0.03817138281913848,0.038171553121933426,0.038171564503108726,-6.140921104957897e-15,-1.2152607198334664e-08
2817.7045151015773,0.03817889720892997,0.038178897208931105,0.03817889720892725,0.03817871116530788,0.03817888481675863,0.03817889642228519,-3.858025010572419e-15,-1.2392172475672592e-08
2821.7763424355394,0.03818682398499672,0.038186823984996794,0.03818682398499536,0.03818663413794805,0.03818681133885829,0.03818682318222204,-1.4363510381087963e-15,-1.264613850443519e-08
2825.848169769501,0.03819543532605827,0.03819543532605723,0.038195435326056466,0.03819524141896355,0.03819542240878651,0.038195434506063185,-7.632783294297951e-16,-1.2917270718337814e-08
2829.9199971034627,0.03820484188165418,0.03820484188165255,0.038204841881651075,0.03820464360316917,0.03820482867243232,0.0382048410431171,-1.4779844015322396e-15,-1.3209220231513719e-08
2833.991824437425,0.038215181736811744,0.03821518173681037,0.038215181736809066,0.03821497870195848,0.03821516820991523,0.03821518087809977,-1.304512053934559e-15,-1.3526895138726847e-08
2838.0636517713865,0.03822662951403195,0.0382266295140313,0.03822662951403034,0.038226421236786,0.038226615637007175,0.03822662863308499,-9.645062526431047e-16,-1.387702412702918e-08
2842.135479105348,0.038239409355537685,0.038239409355537865,0.03823940935553589,0.03823919520819292,0.038239395086506235,0.03823940844969743,-1.97758476261356e-15,-1.4269031629876583e-08
2846.2073064393103,0.0382538138537191,0.0382538138537202,0.03825381385371688,0.03825359300516867,0.03825379913728845,0.038253812919470186,-3.3237301799715624e-15,-1.4716431753769577e-08
2850.279133773272,0.03827023234487391,0.0382702323448754,0.038270232344871556,0.038270003664325744,0.03827021710576352,0.038270231377439616,-3.8441472227646045e-15,-1.523911188211491e-08
2854.3509611072336,0.038289194379876566,0.038289194379877434,0.03828919437987457,0.038288956282193615,0.038289178512692965,0.03828919337257105,-2.8657631823136853e-15,-1.5867184469109397e-08
2858.4227884411957,0.038311438597573515,0.03831143859757368,0.038311438597573584,0.038311188786787416,0.03831142194987337,0.038311437540730936,-9.71445146547012e-17,-1.6647700308569657e-08
2862.4946157751574,0.03833802561569021,0.038338025615689914,0.038338025615693085,0.03833776064468669,0.038338007958933225,0.03833802449482485,3.1710745140856034e-15,-1.7656756688688713e-08
2866.566443109119,0.03837052998746853,0.03837052998746815,0.038370529987475345,0.03837024447382782,0.038370510965343184,0.03837052878000451,7.195632978351796e-15,-1.9022124965462073e-08
2870.638270443081,0.03841137900396103,0.0384113790039609,0.03841137900397189,0.03841106418022447,0.038411358036951004,0.03841137767319348,1.099120794378905e-14,-2.0967009892181032e-08
2874.710097777043,0.03846446958932061,0.038464469589321044,0.03846446958933254,0.03846411052952684,0.03846444569235334,0.03846446807288085,1.1497747198774277e-14,-2.3896967703274097e-08
2878.7819251110045,0.038536297215595185,0.03853629721559594,0.03853629721560542,0.03853586740902222,0.038536268641973834,0.03853629540293796,9.478529072737274e-15,-2.8573622107286312e-08
2882.8537524449666,0.03863788231659168,0.038637882316592195,0.03863788231660029,0.038637333041265313,0.03863784586380274,0.03863788000515195,8.097689185859736e-15,-3.645278945363373e-08
2886.9255797789283,0.03878750785223937,0.03878750785223889,0.038787507852246286,0.038786749287081514,0.038787457638695566,0.0387875046703105,7.396860901565105e-15,-5.021354332335193e-08
2890.99740711289,0.03901286594250355,0.03901286594250203,0.039012865942506324,0.039011781427170295,0.03901279434240746,0.039012861408101694,4.295175326518574e-15,-7.160009456858019e-08
2895.069234446852,0.03932917097045866,0.03932917097045635,0.03932917097045601,0.03932795646819705,0.039329090608827215,0.03932916587728256,-3.400058012914542e-16,-8.03616291358833e-08
2899.1410617808137,0.03962395860079918,0.039623958600796184,0.039623958600791945,0.03962383836224683,0.039623948675462935,0.03962395793949911,-4.2396641752873165e-15,-9.92533324972733e-09
2903.2128891147754,0.03967040651811504,0.03967040651811156,0.03967040651810537,0.039671822793768,0.03967049565337033,0.03967041209819324,-6.189493362285248e-15,8.913525877118911e-08
2907.2847164487375,0.039578947417551996,0.039578947417548416,0.039578947417541456,0.03958014045814819,0.03957902238801002,0.03957895211190306,-6.95971058561895e-15,7.497046160265253e-08
2911.356543782699,0.039606020656958035,0.03960602065695347,0.039606020656945795,0.039606141237495326,0.03960602683899171,0.03960602102452203,-7.674416657721395e-15,6.182038242430465e-09
2915.428371116661,0.03984909503077021,0.03984909503076311,0.0398490950307563,0.03984806066308949,0.039849026970979154,0.03984909072560593,-6.807054919732991e-15,-6.80597839544661e-08
2919.500198450623,0.0403564820987197,0.04035648209870879,0.0403564820987041,0.040354361637382125,0.04035634408864768,0.04035647338840072,-4.690692279041286e-15,-1.3801006110841785e-07
2923.5720257845846,0.041108869505812634,0.041108869505799,0.04110886950579593,0.04110655325553048,0.0411087188318299,0.041108859994376114,-3.066991105526995e-15,-1.5067396910012354e-07
2927.6438531185463,0.041859928464930043,0.04185992846492048,0.04185992846491869,0.04185906804382001,0.041859871521188766,0.04185992485323794,-1.790234627208065e-15,-5.6943731716052604e-08
2931.7156804525084,0.04229815405794213,0.04229815405794026,0.04229815405793998,0.042298581996829114,0.042298180674593955,0.04229815571905519,-2.8449465006019636e-16,2.6616653693578574e-08
2935.78750778647,0.042213463053239295,0.04221346305324419,0.04221346305324538,0.04221414895766314,0.042213507261518235,0.042213465838125984,1.186550857568136e-15,4.420827404150174e-08
2939.8593351204318,0.041590653982695305,0.041590653982704444,0.041590653982707775,0.04159101749086244,0.041590677603748426,0.04159065547456898,3.3306690738754696e-15,2.36210439819029e-08
2943.931162454394,0.04094376575657498,0.04094376575658321,0.040943765756589263,0.04094315378091455,0.04094372631404437,0.04094376327460454,6.050715484207103e-15,-3.944253884613502e-08
2948.0029897883555,0.040655871691062016,0.04065587169106807,0.04065587169107468,0.040653903773035634,0.040655744737797164,0.04065586369714913,6.612765890423589e-15,-1.269532709027854e-07
2952.074817122317,0.04079033930652857,0.040790339306533085,0.04079033930653935,0.040786526897360814,0.04079009350361077,0.04079032382995346,6.265821195228227e-15,-2.458029223148528e-07
2956.1466444562793,0.04137440883812403,0.04137440883812824,0.04137440883813702,0.04136824916643594,0.0413740120802591,0.04137438386026286,8.777700788442644e-15,-3.967578691421725e-07
2960.218471790241,0.04232741426174761,0.04232741426175222,0.04232741426176549,0.04232067913764173,0.04232698145638679,0.042327387019679884,1.3274104038174528e-14,-4.328053654287234e-07
2964.2902991242026,0.042958451588547664,0.04295845158855202,0.04295845158856861,0.04295789528326121,0.04295841737845478,0.04295844943975766,1.6590895324242183e-14,-3.421009724113855e-08
2968.3621264581648,0.04252967769626038,0.04252967769626379,0.04252967769628308,0.042535227651395134,0.04253003463246825,0.042529700158774886,1.9290125052862095e-14,3.569362044611446e-07
2972.4339537921264,0.04176920705903673,0.041769207059039935,0.04176920705906111,0.0417737249952872,0.041769496613739444,0.04176922527530883,2.117750419472486e-14,2.8955469950908697e-07
2976.505781126088,0.04129197183726018,0.04129197183726334,0.041291971837284606,0.041294517110657555,0.04129213538480297,0.041291982132263635,2.1267709815475655e-14,1.635475396291608e-07
2980.57760846005,0.040817328418364544,0.04081732841836728,0.0408173284183862,0.04082010924863569,0.04081750849909246,0.04081733977238135,1.8922363675955012e-14,1.800807251789438e-07
2984.649435794012,0.0401876439944167,0.040187643994418175,0.04018764399443209,0.040190334329522535,0.04018781820973295,0.04018765497986217,1.3912482277333993e-14,1.7421531477851415e-07
2988.7212631279735,0.039654304946709615,0.039654304946710746,0.039654304946717074,0.03965610712764078,0.039654421378948694,0.03965431228497899,6.328271240363392e-15,1.1643223794821633e-07
2992.7930904619357,0.039298087067460255,0.03929808706746155,0.03929808706746187,0.03929912565103635,0.039298153871765475,0.03929809127346486,3.191891195797325e-16,6.680430392203007e-08
2996.8649177958973,0.039070262582533224,0.03907026258253372,0.039070262582531996,0.03907081330766042,0.039070297686013326,0.03907026478776035,-1.7208456881689926e-15,3.5103479609222e-08
3000.936745129859,0.038921327479560015,0.03892132747955949,0.038921327479559197,0.038921576918997156,0.03892134300267863,0.03892132844894337,-2.914335439641036e-16,1.5523119144267294e-08
3005.008572463821,0.03882064756382723,0.038820647563826145,0.038820647563828095,0.038820704741841267,0.03882065058723996,0.0388206477442111,1.949829186997931e-15,3.023413817915266e-09
3009.080399797783,0.03875056094831316,0.038750560948311835,0.038750560948313015,0.03875048943990032,0.03875055560023189,0.038750560600207255,1.1796119636642288e-15,-5.348079944178519e-09
3013.1522271317444,0.0387007154277597,0.038700715427758305,0.038700715427755925,0.03870055351808968,0.03870070419381677,0.03870071470801125,-2.3800406090401793e-15,-1.1233941533961289e-08
3017.2240544657066,0.03866481178848024,0.03866481178847868,0.03866481178847224,0.03866458342616058,0.03866479622323832,0.038664810795179055,-6.439293542825908e-15,-1.556524036050444e-08
3021.295881799668,0.038638861137226595,0.0386388611372256,0.038638861137216755,0.03863858184447371,0.038638842248045334,0.03863885993393155,-8.847089727481716e-15,-1.8889180268544248e-08
3025.36770913363,0.038620242640314814,0.03862024264031496,0.03862024264030437,0.03861992279184105,0.038620221100293034,0.03862024126949158,-1.058875209736243e-14,-2.1540021925836594e-08
3029.439536467592,0.03860717723325727,0.03860717723325799,0.03860717723324502,0.03860682394262645,0.03860715350372813,0.03860717572400735,-1.296879270640261e-14,-2.3729529861904464e-08
3033.5113638015537,0.03859842250924971,0.03859842250925016,0.038598422509236,0.03859804075447066,0.038598396912869766,0.03859842088192329,-1.4162282457874653e-14,-2.5596380397174823e-08
3037.5831911355153,0.03859308928854252,0.038593089288542895,0.038593089288527976,0.0385926826069443,0.038593062054410404,0.03859308755758707,-1.491862189340054e-14,-2.7234132490838725e-08
3041.6550184694775,0.03859052757743743,0.03859052757743814,0.03859052757742319,0.03859009850803658,0.03859049886981352,0.03859052575320911,-1.494637746901617e-14,-2.8707624617763106e-08
3045.726845803439,0.03859025348288138,0.03859025348288253,0.038590253482869694,0.03858980385584374,0.038590223419979246,0.03859025157283001,-1.2836953722228372e-14,-3.006290328483319e-08
3049.798673137401,0.038591901081609106,0.03859190108160994,0.03859190108160085,0.03859143221234169,0.038591869748194944,0.03859189909107304,-9.089951014118469e-15,-3.133341499456099e-08
3053.870500471363,0.03859518994130784,0.03859518994130808,0.038595189941302635,0.038594702763453705,0.038595157397334746,0.03859518787405961,-5.447031714567174e-15,-3.2543973335630305e-08
3057.9423278053246,0.03859990272009623,0.038599902720095974,0.03859990272009202,0.038599397878425874,0.03859986900673324,0.03859990057872326,-3.95516952522712e-15,-3.371336273344516e-08
3062.0141551392862,0.03860586941130336,0.03860586941130277,0.038605869411296366,0.038605347327698006,0.03860583455521771,0.03860586719747755,-6.404599073306372e-15,-3.48560850599311e-08
3066.0859824732484,0.038612956065168916,0.03861295606516819,0.03861295606515768,0.038612416986186615,0.03861292008161251,0.03861295377984144,-1.0505485370515544e-14,-3.598355567679956e-08
3070.15780980721,0.03862105658610578,0.03862105658610548,0.03862105658609371,0.038620500617704605,0.038621019481168146,0.038621054229649544,-1.176836406102666e-14,-3.710493733100062e-08
3074.2296371411717,0.038630086680743456,0.03863008668074438,0.03863008668073539,0.03862951381389804,0.038630048453013065,0.038630084253057785,-8.98586760555986e-15,-3.822773131378909e-08
3078.301464475134,0.03863997933471665,0.038639979334719014,0.03863997933471483,0.03863938946447129,0.038639939976515554,0.03863997683530429,-4.184153024056059e-15,-3.9358203460237995e-08
3082.3732918090955,0.03865068139242959,0.038650681392432086,0.03865068139243072,0.03865007433215218,0.03865064089073584,0.03865067882045413,-1.366962099069724e-15,-4.050169624680855e-08
3086.445119143057,0.03866215094366273,0.03866215094366459,0.038662150943661586,0.038661526435739856,0.038662109280804866,0.038662148297994234,-3.00454106039183e-15,-4.16628597246782e-08
3090.5169464770192,0.03867435530801115,0.038674355308012456,0.038674355308005455,0.03867371303186203,0.03867431246218666,0.03867435258725929,-7.0013439490423934e-15,-4.2845825796999915e-08
3094.588773810981,0.03868726946760881,0.03868726946760975,0.03868726946759993,0.03868660904565221,0.038687225413268383,0.03868726667014613,-9.825473767932635e-15,-4.405434136933728e-08
3098.6606011449426,0.038700874839804715,0.038700874839804986,0.03870087483979528,0.03870019584184354,0.038700829547934114,0.03870087196378408,-9.707512571566213e-15,-4.529187087182196e-08
3102.7324284789047,0.038715158310407026,0.03871515831040646,0.03871515831039889,0.038714460256769535,0.03871511174872893,0.038715155353774615,-7.570333249162786e-15,-4.6561677527479084e-08
3106.8042558128664,0.03873011146870355,0.03873011146870259,0.03873011146869821,0.038729393832392094,0.03873006360181465,0.03873010842920823,-4.378442053365461e-15,-4.786688793945171e-08
3110.876083146828,0.038745730000293785,0.03874573000029282,0.038745730000292064,0.03874499220832574,0.03874568078974829,0.038745726875491465,-7.563394355258879e-16,-4.9210544528222044e-08
3114.94791048079,0.03876201320455855,0.038762013204557,0.038762013204558826,0.03876125463864081,0.038761962608907984,0.038762009991813874,1.824929096727601e-15,-5.059564901765956e-08
3119.019737814752,0.03877896361153837,0.03877896361153639,0.03877896361153976,0.03877818360818177,0.03877891158633704,0.03877896030802669,3.372302437298913e-15,-5.2025199349936546e-08
3123.0915651487135,0.03879658667890508,0.038796586678903344,0.038796586678908285,0.038795784529051906,0.03879653317668205,0.038796583281610356,4.9404924595819466e-15,-5.3502221292189844e-08
3127.1633924826756,0.038814890554129504,0.038814890554128,0.03881489055413341,0.03881406550235166,0.03881483552433131,0.038814887059839376,5.412337245047638e-15,-5.502979668475794e-08
3131.2352198166373,0.03883388589030912,0.03883388589030748,0.038833885890312794,0.038833037133622406,0.03883382927921909,0.03883388229561035,5.315192730392937e-15,-5.6611088386504527e-08
3135.307047150599,0.038853585706694165,0.03885358570669258,0.03885358570669964,0.03885271239301329,0.038853527457328105,0.038853582007966576,7.056855100273651e-15,-5.8249364477680476e-08
3139.378874484561,0.03887400528692626,0.038874005286925285,0.03887400528693481,0.03887310651318141,0.03887394533890527,0.03887400148033461,9.527101330064625e-15,-5.99480200133562e-08
3143.4507018185227,0.03889516210954934,0.038895162109548985,0.03889516210955874,0.03889423691947152,0.0388951003989498,0.03889515819103284,9.756084828893563e-15,-6.171059918624877e-08
3147.5225291524844,0.03891707580656623,0.03891707580656552,0.038917075806574206,0.03891612318814858,0.0389170122657488,0.03891707177182733,8.68749516769185e-15,-6.354081671933187e-08
3151.5943564864465,0.038939768146784674,0.03893976814678354,0.03893976814679216,0.038938787029417554,0.03893970270420396,0.03893976399127865,8.618106228652778e-15,-6.544257958457367e-08
3155.666183820408,0.038963263041482094,0.03896326304148163,0.03896326304149041,0.03896225229275098,0.03896319562147235,0.03896325876040379,8.784639682346551e-15,-6.742000927678626e-08
3159.73801115437,0.03898758657054612,0.03898758657054713,0.03898758657055426,0.0389865449926783,0.03898751709308198,0.03898758215881323,7.13318293321663e-15,-6.94774651491259e-08
3163.809838488332,0.0390127670277779,0.03901276702778015,0.039012767027783724,0.03901169335372389,0.039012695408211714,0.03901276248001378,3.573530360512223e-15,-7.161956843554362e-08
3167.8816658222936,0.03903883498449911,0.03903883498450174,0.03903883498450158,0.03903772787362569,0.03903876113327297,0.03903883029501464,-1.5959455978986625e-16,-7.385122877123784e-08
3171.9534931562553,0.03906582337098744,0.039065823370989426,0.03906582337098571,0.039064681404355504,0.03906574719331829,0.039065818533761655,-3.7192471324942744e-15,-7.61776711363793e-08
3176.0253204902174,0.03909376757560831,0.03909376757560902,0.03909376757560297,0.03909258925080279,0.039093688971142924,0.0390937625842669,-6.050715484207103e-15,-7.860446609581073e-08
3180.097147824179,0.03912270556182178,0.039122705561821625,0.03912270556181744,0.03912148928729732,0.039122624424259386,0.03912270040961362,-4.184153024056059e-15,-8.113756223837587e-08
3184.1689751581407,0.039152678003536695,0.039152678003536424,0.03915267800353746,0.03915142209243484,0.03915259422021575,0.039152672683307306,1.033895191682177e-15,-8.378332067709993e-08
3188.240802492103,0.039183728439564414,0.03918372843956454,0.03918372843957088,0.03918243110295569,0.039183641891010264,0.03918372294372634,6.342149028171207e-15,-8.654855427475683e-08
3192.3126298260645,0.03921590344820233,0.03921590344820328,0.039215903448215746,0.039214562787698505,0.03921581400763443,0.03921589776870411,1.2462253451417382e-14,-8.944056885396012e-08
3196.384457160026,0.03924925284326864,0.03924925284327005,0.03924925284328801,0.03924786684294176,0.03924916037606011,0.0392492469715599,1.7957857423311907e-14,-9.246720993755231e-08
3200.4562844939883,0.039283829893198785,0.039283829893199305,0.039283829893220136,0.03928239641073673,0.039283734256285945,0.03928382382019244,2.08305594995295e-14,-9.563691336089697e-08
3204.52811182795,0.039319691565133354,0.039319691565133146,0.03931969156515516,0.03931820832215542,0.03931959260637123,0.03931968528116713,2.2017110357097636e-14,-9.895876191406972e-08
3208.5999391619116,0.03935689879628149,0.039356898796280584,0.03935689879630393,0.03935536336771603,0.039356796353733646,0.03935689229107124,2.3342439092743916e-14,-1.0244254693841937e-07
3212.6717664958737,0.03939551679520164,0.039395516795199696,0.039395516795222914,0.03939392659762928,0.03939541069636159,0.03939551005779166,2.3217539002473586e-14,-1.0609883810408505e-07
3216.7435938298354,0.039435615376078495,0.039435615376076316,0.03943561537609681,0.03943396765492511,0.039435505437016405,0.03943560839478877,2.0490553698238045e-14,-1.0993905991130148e-07
3220.815421163797,0.03947726932955195,0.039477269329551146,0.03947726932956683,0.03947556114499666,0.03947715535397387,0.03947726209191821,1.5681900222830336e-14,-1.1397557727471641e-07
3224.887248497759,0.03952055883418317,0.03952055883418331,0.03952055883419241,0.03951878704563092,0.039520440612392134,0.039520551326888115,9.096889908022376e-15,-1.1822179117604303e-07
3228.959075831721,0.03956556991325525,0.03956556991325513,0.039565569913259074,0.03956373116221061,0.039565447221009305,0.0395655621220573,3.941291737419306e-15,-1.226922458283375e-07
3233.0309031656825,0.03961239494232939,0.0396123949423287,0.03961239494233185,0.0396104856334742,0.039612267539580664,0.03961238685198417,3.1433189384699745e-15,-1.2740274803885177e-07
3237.1027304996446,0.03966113321378225,0.03966113321378133,0.039661133213787475,0.03965914949403335,0.03966100084327925,0.03966112480795358,6.147859998861804e-15,-1.3237050208031453e-07
3241.1745578336063,0.03971189156549233,0.03971189156549148,0.0397118915654993,0.039709829300787224,0.03971175395123022,0.03971188282665337,7.820133429703446e-15,-1.3761426125719067e-07
3245.246385167568,0.03976478508194875,0.039764785081947376,0.03976478508195317,0.03976263983146909,0.03976464192744867,0.039764775991271824,5.793976409762536e-15,-1.4315449870655472e-07
3249.31821250153,0.03981993787733579,0.039819937877334226,0.03981993787733717,0.03981770486483701,0.03981978886373354,0.03981992841457262,2.942091015256665e-15,-1.4901360068791947e-07
3253.3900398354917,0.03987748397166178,0.03987748397166106,0.03987748397166057,0.03987515805352019,0.039877328755575814,0.03987747411500811,-4.926614671774132e-16,-1.5521608524859953e-07
3257.4618671694534,0.039937568272759384,0.03993756827275939,0.0399375682727567,0.03993514390229099,0.039937406483908484,0.03993755799870198,-2.6922908347160046e-15,-1.6178885090673e-07
3261.5336945034155,0.04000034767907043,0.040000347679070354,0.04000034767906439,0.039997818866611905,0.04000017891761093,0.04000033696221843,-5.9674487573602164e-15,-1.6876145942507081e-07
3265.605521837377,0.04006599232060936,0.04006599232060944,0.04006599232059753,0.04006335258876105,0.040065816154150884,0.04006598113350645,-1.1914080833008711e-14,-1.7616645855977886e-07
3269.677349171339,0.040134686958429484,0.04013468695843035,0.0401346869584141,0.040131929291761285,0.040134502918679114,0.040134675271340264,-1.625088952295073e-14,-1.840397512373193e-07
3273.749176505301,0.04020663256640196,0.04020663256640332,0.04020663256638773,0.04020374935481046,0.040206440145384666,0.040206620347070725,-1.5591694602079542e-14,-1.9242101865352135e-07
3277.8210038392626,0.04028204812330049,0.04028204812330171,0.040282048123289095,0.040279031098067755,0.04028184676909391,0.040282035336681114,-1.2614909117303341e-14,-2.0135420780026392e-07
3281.8928311732243,0.04036117264820016,0.04036117264820117,0.04036117264819171,0.04035801280963363,0.04036096176010903,0.04036115925615044,-9.457712391025552e-15,-2.10888092135042e-07
3285.9646585071864,0.040444267518230305,0.04044426751823158,0.0404442675182253,0.04044095505356431,0.040444046441309965,0.04044425347916455,-6.279698983036042e-15,-2.2107692161654757e-07
3290.036485841148,0.040531619115013046,0.04053161911501445,0.04053161911500786,0.040528143305011435,0.04053138713383871,0.04053160438350518,-6.58501031480796e-15,-2.319811757342527e-07
3294.1083131751097,0.04062354185496799,0.04062354185496822,0.04062354185495526,0.04061989096737905,0.04062329818652781,0.04062352638130021,-1.2961853812498703e-14,-2.436684404111267e-07
3298.180140509072,0.04072038166944705,0.040720381669445194,0.04072038166942605,0.040716542837106566,0.04072012545501308,0.04072036539909498,-1.9144408280880043e-14,-2.562144321149873e-07
3302.2519678430335,0.04082252001385449,0.040822520013851595,0.040822520013834775,0.040818479094798674,0.040822250309654154,0.0408225028868968,-1.6819878823071122e-14,-2.6970419744060115e-07
3306.323795176995,0.04093037850111176,0.040930378501109844,0.040930378501101615,0.04092611991753117,0.04093009426758604,0.040930360451547076,-8.229528170033973e-15,-2.84233523807631e-07
3310.3956225109573,0.041044424274824645,0.041044424274824104,0.04104442427482592,0.04103993082704418,0.04104412436421904,0.04104440522978171,1.817990202823694e-15,-2.999106050657896e-07
3314.467449844919,0.041165176262320455,0.04116517626231998,0.04116517626233056,0.04116042891318798,0.04116485940430546,0.041165156141145215,1.0574874309554616e-14,-3.168580145207489e-07
3318.5392771788806,0.041293212478651385,0.04129321247865094,0.04129321247866567,0.041288190102715054,0.04129287726359706,0.041293191191848204,1.4731271757995046e-14,-3.352150538815657e-07
3322.6111045128428,0.04142917859140434,0.04142917859140462,0.04142917859142025,0.04142385768200131,0.04142882345084554,0.041429156039395586,1.5633327965502986e-14,-3.551405590787593e-07
3326.6829318468044,0.04157379800494508,0.04157379800494544,0.04157379800496028,0.041568152330765905,0.04157342118867546,0.041573774076615284,1.4835355166553654e-14,-3.7681626997854156e-07
3330.7547591807665,0.04172788378455872,0.04172788378455873,0.041727883784570874,0.04172188398527112,0.04172748333366429,0.0417278583555444,1.214306433183765e-14,-4.004508944374652e-07
3334.826586514728,0.0418923528197601,0.04189235281976061,0.04189235281976943,0.041885965927750936,0.0418919265347252,0.04189232575042641,8.819334151866087e-15,-4.2628503540975693e-07
3338.89841384869,0.04206824272710347,0.042068242727104625,0.04206824272711162,0.04206143159917517,0.04206778812990869,0.042068213860136754,6.994405055138486e-15,-4.545971959354911e-07
3342.970241182652,0.04225673212329399,0.0422567321232938,0.04225673212329864,0.042249454762014194,0.04225624641215518,0.04225670128082779,4.8433479449272454e-15,-4.857111386147306e-07
3347.0420685166137,0.042459165069042584,0.04245916506903985,0.04245916506904152,0.04245137380806619,0.04245864506408168,0.04245913204921215,1.672273430841642e-15,-5.200049581696731e-07
3351.1138958505753,0.04267708070627807,0.04267708070627409,0.042677080706274996,0.04266872122692881,0.04267652278393784,0.04267704527905933,9.08995101411847e-16,-5.579223362472963e-07
3355.1857231845374,0.042912249404547284,0.042912249404544106,0.04291224940454859,0.04290325954169892,0.042911649417949393,0.04291221130670061,4.4825254619240695e-15,-5.999865947126093e-07
3359.257550518499,0.043166717122659425,0.043166717122657995,0.04316671712266827,0.04315702540568193,0.04316607030428928,0.04316667605155155,1.0276501871686605e-14,-6.468183687130535e-07
3363.3293778524608,0.04344286021550092,0.04344286021550072,0.043442860215513,0.043432384073583075,0.04344216105750522,0.043442815821507434,1.2281842209915794e-14,-6.991579954984672e-07
3367.401205186423,0.04374345362575425,0.04374345362575535,0.043743453625765615,0.04373209716466575,0.04374269573164924,0.04374340550284986,1.026262408387879e-14,-7.578941061125999e-07
3371.4730325203845,0.04407175637155164,0.04407175637155303,0.04407175637156579,0.04405940759850795,0.04407093227110591,0.04407170404556004,1.2760625889285393e-14,-8.241004471193358e-07
3375.544859854346,0.044431619584222024,0.04443161958422199,0.04443161958424278,0.04441814691556208,0.04443072050048563,0.04443156249803018,2.0788926136106056e-14,-8.990837363567761e-07
3379.6166871883083,0.04482762422866053,0.04482762422865892,0.04482762422868713,0.044812872056426784,0.04482663978219421,0.04482756172344948,2.8206603719382883e-14,-9.844464647149054e-07
3383.68851452227,0.04526525829747149,0.04526525829746901,0.04526525829749866,0.04524904130808481,0.04526417612728603,0.045265189588657995,2.964989365139559e-14,-1.0821701829782926e-06
3387.7603418562317,0.045751147081903955,0.0457511470819012,0.04575114708193022,0.045733242901352125,0.04574995235469555,0.04575107122799238,2.901845430614003e-14,-1.1947272056528346e-06
3391.832169190194,0.046293355664415815,0.046293355664413345,0.04629335566444811,0.04627349523170705,0.04629203043214203,0.04629327152622549,3.4763858458575214e-14,-1.3252322713167008e-06
3395.9039965241554,0.04690179095593006,0.04690179095592827,0.04690179095597267,0.04687964577166675,0.046900313304737484,0.046901697142579794,4.439504319719845e-14,-1.4776511907885204e-06
3399.975823858117,0.047588742866329296,0.04758874286632809,0.04758874286638021,0.04756390788064413,0.047587085774267616,0.04758863766273839,5.211803211224719e-14,-1.657092060472487e-06
3404.0476511920792,0.04836962291682425,0.04836962291682311,0.04836962291687539,0.048341593236092155,0.048367752698683604,0.048369504185008294,5.227762667203706e-14,-1.8702181395074957e-06
3408.119478526041,0.049263987721631874,0.0492639877216298,0.04926398772166964,0.049232126401698204,0.04926186187826945,0.04926385276420023,3.9843128796235305e-14,-2.1258433603524307e-06
3412.1913058600026,0.050296981004204884,0.050296981004200686,0.05029698100422346,0.05026047374591284,0.050294545196602,0.05029682637230241,2.2773449792623524e-14,-2.435807598684392e-06
3416.2631331939647,0.05150140290118558,0.051501402901178994,0.05150140290119292,0.05145919309695626,0.05149858661109035,0.05150122411906607,1.3926360065141807e-14,-2.816290088643314e-06
3420.3349605279263,0.05292074026338116,0.05292074026337409,0.05292074026339538,0.0528714338853732,0.05291745043745142,0.05292053142498106,2.1295465391091284e-14,-3.2898259226671334e-06
3424.406787861888,0.054613705208130296,0.05461370520812428,0.054613705208163534,0.05455542822377239,0.05460981672686354,0.05461345837208223,3.925332281440319e-14,-3.888481260740095e-06
3428.47861519585,0.05666120478216933,0.056661204782163826,0.056661204782220025,0.056591383729178775,0.05665654578755503,0.056660909040448015,5.619810172774464e-14,-4.6589946087957634e-06
3432.550442529812,0.0591773460079635,0.05917734600795659,0.05917734600801101,0.05909236031482518,0.05917167464657954,0.05917698600956908,5.4414805994440485e-14,-5.671361377052042e-06
3436.6222698637735,0.06232735779945816,0.0623273577994471,0.06232735779947585,0.062221970744686425,0.062320324143054745,0.06232691133310582,2.874783744388765e-14,-7.033656392353704e-06
3440.6940971977356,0.06635778565103966,0.0663577856510231,0.06635778565102485,0.06622417935880835,0.06634886709206389,0.06635721954387683,1.7486012637846216e-15,-8.9185589592089e-06
3444.7659245316972,0.07164925637041179,0.07164925637038891,0.07164925637037066,0.0714753323848184,0.07163764379998629,0.07164851926200305,-1.824929096727601e-14,-1.1612570402622091e-05
3448.837751865659,0.07881217231653304,0.07881217231650228,0.0788121723164572,0.07857844594561632,0.07879656203463066,0.07881118144780859,-4.508893258758917e-14,-1.56102818716225e-05
3452.909579199621,0.08886589679564515,0.08886589679560306,0.088865896795524,0.08853966177794884,0.08884409943754776,0.08886451318017781,-7.906175714111896e-14,-2.17973580552977e-05
3456.9814065335827,0.10357751264176411,0.10357751264170194,0.10357751264159691,0.10310196095205992,0.10354572430584195,0.10357549479121217,-1.0502709812953981e-13,-3.178833585998353e-05
3461.0532338675443,0.1260576482922446,0.12605764829214644,0.12605764829202415,0.1253343360425214,0.12600927957479083,0.12605457788535754,-1.22291066162461e-13,-4.8368717355612434e-05
3465.1250612015065,0.16139193780243313,0.16139193780227595,0.16139193780215325,0.1602745747640515,0.16131722924840589,0.1613871953689085,-1.2270739979669543e-13,-7.470855387006758e-05
3469.196888535468,0.21448778373047075,0.2144877837302277,0.21448778373014182,0.2129265844365155,0.2143836221833786,0.2144811722988684,-8.587575095475586e-14,-0.0001041615468490853
3473.26871586943,0.2744239663428248,0.27442396634251587,0.27442396634252864,0.2730455847102109,0.2743326640595555,0.27441817285448766,1.27675647831893e-14,-9.130228296039267e-05
3477.340543203392,0.3011690716621287,0.30116907166188145,0.3011690716619908,0.30079037673623904,0.301144240843926,0.30116749627866474,1.0935696792557792e-13,-2.483081795545683e-05
3481.4123705373536,0.2980873708309354,0.2980873708308474,0.2980873708309124,0.2976241365916491,0.29805623755950994,0.2980853981333781,6.500355809180292e-14,-3.1133271337469015e-05
3485.4841978713152,0.3185400228587701,0.31854002285885136,0.3185400228588342,0.3168866891633989,0.31843012117623065,0.31853306256559266,-1.715294573045867e-14,-0.00010990168262070554
3489.5560252052774,0.37922419497469184,0.37922419497492627,0.3792241949749198,0.37667357604406687,0.3790562082726879,0.37921356117728666,-6.439293542825908e-15,-0.0001679867022383874
3493.627852539239,0.4279161270760261,0.4279161270763236,0.42791612707645066,0.426949847165148,0.42785491276639354,0.42791226061253645,1.2706502516834917e-13,-6.121430993005772e-05
3497.6996798732007,0.38251873678493464,0.38251873678516657,0.38251873678539233,0.3842968702962233,0.3826369803177152,0.38252622348892085,2.2576385205752558e-13,0.00011824353254863418
3501.771507207163,0.28571653880046033,0.2857165388006086,0.28571653880077197,0.2878366059639826,0.2858555216351313,0.285725331210754,1.6336931807359178e-13,0.0001389828345226829
3505.8433345411245,0.2082352409075203,0.20823524090761367,0.20823524090768686,0.2096588879773751,0.20832825621945097,0.20824112374036738,7.319145289841344e-14,9.301531183730782e-05
3509.915161875086,0.15936102671680494,0.15936102671686667,0.15936102671688987,0.1602109300641304,0.15941649557177395,0.15936453423361582,2.3203661214665772e-14,5.546885490728681e-05
3513.9869892090483,0.12958175803133418,0.1295817580313781,0.12958175803138164,0.13008601036905038,0.12961463491939162,0.12958383638143617,3.524958103184872e-15,3.2876888013511074e-05
3518.05881654301,0.11110370655235945,0.1111037065523918,0.11110370655239042,0.11140642666160291,0.11112340453699236,0.11110495113183706,-1.3739009929736312e-15,1.969798460056682e-05
3522.1306438769716,0.09939365894667855,0.09939365894670199,0.09939365894670557,0.0995743391355934,0.09940536545417585,0.09939439783341443,3.58046925441613e-15,1.1706507473854821e-05
3526.2024712109337,0.09194365813903364,0.09194365813905063,0.09194365813906878,0.09204556269560918,0.09195019452474727,0.09194406973669275,1.815214645262131e-14,6.536385696642721e-06
3530.2742985448954,0.08735465933986376,0.08735465933987646,0.08735465933991181,0.08740139869087729,0.08735756245607137,0.08735484078531652,3.534672554650342e-14,2.9031161949133466e-06
3534.346125878857,0.0848401167551888,0.08484011675519888,0.08484011675525129,0.08484416113400386,0.08484019381108021,0.08484011900589893,5.240252676230739e-14,7.70558813284472e-08
3538.417953212819,0.08397208654725413,0.08397208654726294,0.08397208654732524,0.0839389707473939,0.0839696884877326,0.0839719316602844,6.22973894692791e-14,-2.398059530339669e-06
3542.489780546781,0.08455483883130988,0.0845548388313188,0.08455483883137714,0.08448505367783678,0.08454998218414835,0.0845545276505116,5.834221994405198e-14,-4.856647170453643e-06
3546.5616078807425,0.08656879578515445,0.0865687957851637,0.08656879578520618,0.08645826158532452,0.0865611909166373,0.08656830969606256,4.247990847972005e-14,-7.604868526397968e-06
3550.6334352147046,0.09016022828445952,0.09016022828446728,0.09016022828449405,0.08999961345059158,0.09014923041142159,0.090159526061435,2.6770252681274087e-14,-1.0997873045689999e-05
3554.7052625486663,0.09567153613053651,0.095671536130541,0.0956715361305667,0.09544421177494214,0.09565600388348018,0.09567054489648232,2.5701663020072374e-14,-1.5532247060814908e-05
3558.777089882628,0.1037232601406835,0.10372326014068473,0.10372326014071064,0.10340111192116865,0.10370126780271063,0.10372185699654934,2.590982983718959e-14,-2.1992337974091614e-05
3562.84891721659,0.115381114619626,0.11538111461962657,0.11538111461964012,0.11491645173607998,0.11534939700425932,0.11537909121738062,1.3558598688234724e-14,-3.171761536724382e-05
3566.9207445505517,0.13248121608264457,0.1324812160826465,0.13248121608264235,0.13179111068503968,0.13243409431931658,0.1324782100769152,-4.163336342344337e-15,-4.7121763329938116e-05
3570.9925718845134,0.15826159649752997,0.15826159649753146,0.15826159649751328,0.15719755331564259,0.1581888984536514,0.15825695884980695,-1.8179902028236938e-14,-7.269804388007617e-05
3575.0643992184755,0.1985530502219956,0.19855305022199304,0.19855305022196593,0.19684601351257597,0.19843634979436237,0.19854560527862808,-2.711719737646945e-14,-0.00011670042763067823
3579.136226552437,0.2636241046473776,0.26362410464736746,0.2636241046473125,0.2608192571209436,0.263432344210304,0.26361187121880647,-5.495603971894525e-14,-0.00019176043706348178
3583.208053886399,0.3680510678013779,0.36805106780135816,0.3680510678012318,0.3636760724466724,0.3677526711047202,0.3680320345504082,-1.2634338020234281e-13,-0.0002983966966379481
3587.279881220361,0.5108111575533842,0.510811157553359,0.5108111575532197,0.5059532604781762,0.5104836707037138,0.5107902852171468,-1.3933298959045715e-13,-0.000327486849645231
3591.3517085543226,0.6076256651316694,0.6076256651316544,0.6076256651316799,0.607373520168824,0.6076168142015368,0.6076251348282063,2.55351295663786e-14,-8.850930117598743e-06
3595.4235358882843,0.547931842418602,0.5479318424186032,0.5479318424186937,0.5531636408790143,0.5482893251282842,0.5479546445341921,9.059419880941277e-14,0.0003574827096810562
3599.4953632222464,0.4181299615692975,0.4181299615693001,0.41812996156932375,0.423251360905193,0.4184750226967566,0.41815195195116794,2.3647750424515834e-14,0.0003450611274565252
3603.567190556208,0.3235210465165064,0.32352104651650343,0.32352104651648994,0.3266625067534537,0.3237319102908435,0.3235344826699569,-1.3489209749195652e-14,0.00021086377434009762
3607.6390178901697,0.2776001886977563,0.27760018869774755,0.2776001886977349,0.27912167399140875,0.27770206007018755,0.27760668113256326,-1.2656542480726785e-14,0.00010187137243999889
3611.710845224132,0.2716744986340222,0.27167449863400606,0.2716744986340036,0.2719687724822936,0.27169374611886504,0.27167572796177025,-2.4424906541753444e-15,1.9247484858986308e-05
3615.7826725580935,0.30344195678438296,0.30344195678435476,0.3034419567843385,0.3026211011117534,0.30338602460843617,0.30343839795521865,-1.6264767310758543e-14,-5.5932175918593785e-05
3619.854499892055,0.3723725916726782,0.3723725916726403,0.372372591672641,0.37069508672520546,0.37225944983948456,0.3723653924335431,6.661338147750939e-16,-0.00011314183315574988
3623.9263272260173,0.44286557780581803,0.4428655778058098,0.44286557780597446,0.44197511911797205,0.442807476361641,0.44286189302329265,1.6464607455191071e-13,-5.810144416884544e-05
3627.998154559979,0.4285842194168425,0.42858421941689784,0.42858421941719066,0.4300780547537084,0.4286869836499089,0.42859077920595556,2.9282132274488504e-13,0.00010276423301108784
3632.0699818939406,0.3405509072303845,0.34055090723045683,0.34055090723061815,0.34265287734573974,0.34069310086589893,0.3405599702070933,1.6131540547803525e-13,0.0001421936354421005
3636.1418092279027,0.26078837558121226,0.2607883755812723,0.2607883755812795,0.2622272643478097,0.2608854445342448,0.2607945623699012,7.16093850883226e-15,9.706895297245666e-05
3640.2136365618644,0.21137857354653164,0.2113785735465812,0.21137857354652387,0.21216530915487652,0.211431728338174,0.21138196386651945,-5.734301922188934e-14,5.315479159279102e-05
3644.285463895826,0.18490294524652362,0.1849029452465698,0.1849029452465125,0.18524131076369532,0.18492597394362226,0.18490441795619336,-5.731526364627371e-14,2.3028697052451808e-05
3648.357291229788,0.17362164543218023,0.1736216454322299,0.17362164543219807,0.17363258784215174,0.17362270146921824,0.1736217203973081,-3.1835645231126364e-14,1.056036988328346e-06
3652.42911856375,0.1735952028423764,0.17359520284243563,0.17359520284240454,0.17331330930482325,0.17357663606260146,0.1735940306424481,-3.108624468950438e-14,-1.8566779834167102e-05
3656.5009458977115,0.18396480539491494,0.1839648053949903,0.18396480539490298,0.18335012895342365,0.18392397003259053,0.18396221909635446,-8.731904088676856e-14,-4.083536239976593e-05
3660.5727732316736,0.20659474103612244,0.2065947410362229,0.20659474103602754,0.20551996426182872,0.20652314518376583,0.2065902025658324,-1.9537149675841192e-13,-7.159585245708477e-05
3664.6446005656353,0.24667810193910966,0.2466781019392495,0.2466781019389032,0.24488750752371527,0.24655868499847153,0.24667052965769437,-3.4630631695620195e-13,-0.00011941694077796661
3668.716427899597,0.31382757103529907,0.31382757103550174,0.3138275710350131,0.3109140959025067,0.313633302948008,0.3138152515477919,-4.886646642887627e-13,-0.00019426808749373192
3672.788255233559,0.4186202629373319,0.4186202629376335,0.4186202629370948,0.41438774060534206,0.4183389979544665,0.4186024300142728,-5.38680211548126e-13,-0.00028126498316699555
3676.8600825675207,0.5434955109319665,0.5434955109324074,0.543495510932182,0.5396598105416731,0.5432438251520268,0.5434795648933581,-2.254862963013693e-13,-0.00025168578038059497
3680.9319099014824,0.6061797450132755,0.6061797450139289,0.6061797450142232,0.6057781084629525,0.606155778734666,0.6061782275587166,2.94320123828129e-13,-2.396627926293249e-05
3685.0037372354445,0.5957737243473139,0.5957737243484117,0.5957737243487621,0.5963586970131054,0.5958092988172433,0.5957759442561728,3.503863865716994e-13,3.557446883162285e-05
3689.075564569406,0.6224451653238473,0.6224451653256805,0.6224451653259123,0.6206023022021667,0.6223162947322468,0.622436928362611,2.318145675417327e-13,-0.00012887059343369422
3693.147391903368,0.7424011500816915,0.7424011500839729,0.7424011500841894,0.7374783866061129,0.7420666619278721,0.742379852502673,2.1649348980190553e-13,-0.0003344881561008206
3697.21921923733,0.9155269938635838,0.9155269938638385,0.9155269938641826,0.9097785927260336,0.915141101524809,0.9155024470738845,3.44058115331336e-13,-0.00038589233902952547
3701.2910465712916,1.0000000000032931,1.0,1.000000000000502,0.9987802785366865,0.999924246064979,0.9999951850403329,5.020428517354958e-13,-7.57539350210168e-05
3705.3628739052533,0.8935952199047977,0.8935952199022027,0.8935952199025926,0.8992117703906574,0.8939764415002927,0.8936194536183307,3.89910326248355e-13,0.0003812215980899536
3709.4347012392154,0.6980446558505806,0.6980446558496206,0.6980446558496493,0.7046230775155262,0.6984831992991816,0.6980725191825916,2.864375403532904e-14,0.0004385434495609575
3713.506528573177,0.5607715408467777,0.5607715408464138,0.5607715408461198,0.5644242097915342,0.5610127212654594,0.5607868590869066,-2.9398705692074145e-13,0.00024118041904563903
3717.5783559071388,0.514770807291122,0.5147708072909819,0.5147708072904793,0.5155566651884015,0.5148212991368778,0.5147740125810691,-5.025979632478084e-13,5.049184589589473e-05
3721.650183241101,0.5260641525132134,0.5260641525131944,0.5260641525128231,0.5259894109980329,0.5260601778123727,0.526063909123246,-3.7125857943465235e-13,-3.974700821696153e-06
3725.7220105750625,0.5031304623782344,0.5031304623782469,0.5031304623783941,0.5053745849972578,0.5032832226756337,0.5031401826468578,1.4721557306529576e-13,0.00015276029738686692
3729.793837909024,0.40300859688956325,0.4030085968895623,0.4030085968898985,0.4066520552937775,0.4032521777468208,0.40302407435535553,3.361755318564974e-13,0.00024358085725850742
3733.8656652429863,0.2974440514228159,0.29744405142280533,0.2974440514229381,0.3003091478068732,0.297634591771037,0.2974561540573899,1.3278267374516872e-13,0.00019054034823168253
3737.937492576948,0.22347179506252807,0.22347179506251297,0.223471795062418,0.22534368732120974,0.2235961723951114,0.22347969470554793,-9.497957975668214e-14,0.00012437733259842987
3742.0093199109097,0.17588032782409255,0.17588032782407503,0.1758803278238632,0.17709318975921184,0.17596094557548916,0.17588544827770622,-2.1183055309847987e-13,8.061775141413041e-05
3746.0811472448718,0.1446886764435936,0.1446886764435759,0.1446886764433362,0.14550466798246028,0.14474294834392254,0.14469212368496998,-2.396971510165713e-13,5.427190034665297e-05
3750.1529745788334,0.12335996075398215,0.12335996075396609,0.12335996075374114,0.12393346041817126,0.12339812729429536,0.12336238511536865,-2.2494506257686453e-13,3.816654032927358e-05
3754.224801912795,0.10814152461046125,0.1081415246104476,0.10814152461025009,0.10856075420861651,0.10816943883478711,0.10814329780074083,-1.9750867608081535e-13,2.7914224339509186e-05
3758.296629246757,0.0968737297265483,0.09687372972653639,0.0968737297263595,0.09719051445212724,0.09689483182136159,0.09687507023033763,-1.7688628339840307e-13,2.1102094825198314e-05
3762.368456580719,0.08826895754656781,0.08826895754655785,0.08826895754639717,0.08851500881165326,0.08828535379405379,0.08826999913868952,-1.6067702723887578e-13,1.6396247495942262e-05
3766.4402839146805,0.08152689404536068,0.0815268940453528,0.08152689404521385,0.08172242869692903,0.08153992800581458,0.08152772206179419,-1.3894441153183834e-13,1.3033960461789063e-05
3770.5121112486427,0.0761299121349789,0.07612991213497193,0.07612991213484836,0.07628831113490286,0.07614047351279128,0.07613058308704307,-1.2356782264077992e-13,1.0561377819351403e-05
3774.5839385826043,0.07173103510524409,0.07173103510523705,0.07173103510512668,0.07186145290905047,0.07173973284395059,0.07173158767227356,-1.1037004643554837e-13,8.69773871353674e-06
3778.655765916566,0.0680902555743718,0.0680902555743652,0.06809025557428292,0.06819913869002504,0.06809751864652326,0.06809071700480535,-8.228140391253191e-14,7.263072158064654e-06
3782.727593250528,0.06503694460817439,0.06503694460816883,0.0650369446081258,0.06512894836737387,0.06504308289421615,0.06503733458607099,-4.303501999203263e-14,6.13828604731359e-06
3786.79942058449,0.06244685970139011,0.06244685970138562,0.06244685970138209,0.0625254207101695,0.062452102021074464,0.0624471927619463,-3.524958103184872e-15,5.242319688847363e-06
3790.8712479184514,0.06022761914576177,0.06022761914575828,0.06022761914578554,0.060295323791424965,0.06023213775032071,0.06022790623094742,2.72629141484515e-14,4.518604562436801e-06
3794.9430752524136,0.058309253565661114,0.058309253565658706,0.05830925356569086,0.0583680818103345,0.058313180346987535,0.058309503053781284,3.2154834350706096e-14,3.926781328829343e-06
3799.0149025863752,0.056637897086050326,0.05663789708604783,0.05663789708606246,0.05668938774959936,0.05664133456944147,0.05663811548998735,1.4634127243340345e-14,3.4374833936395843e-06
3803.086729920337,0.055171474908984275,0.055171474908980125,0.0551714749089735,0.055216840210301765,0.055174503873299516,0.05517166736022871,-6.626643678231403e-15,3.0289643193903704e-06
3807.158557254299,0.05387669281806245,0.05387669281805732,0.05387669281803561,0.05391689933278243,0.05387937768301245,0.05387686340891968,-2.1711799025325718e-14,2.68486495513115e-06
3811.2303845882607,0.05272689534149766,0.05272689534149321,0.052726895341464075,0.05276272224885055,0.05272928804452582,0.05272704737135254,-2.913641550250645e-14,2.39270303260819e-06
3815.3022119222223,0.051700515617840934,0.05170051561783935,0.05170051561782243,0.05173259728682316,0.051702658449211646,0.051700651773248,-1.692396223162973e-14,2.1428313722940406e-06
3819.3740392561845,0.05077993595959338,0.05077993595959453,0.050779935959599,0.0508087935428879,0.05078186366607582,0.050780058447906604,4.475586568020162e-15,1.9277064812958655e-06
3823.445866590146,0.049950638400645196,0.049950638400645814,0.0499506384006562,0.049976703587413386,0.049952379767356545,0.049950749050501175,1.0387524174149121e-14,1.741366710730774e-06
3827.517693924108,0.049200563218293636,0.049200563218291464,0.04920056321828761,0.04922419631041463,0.0492021422726908,0.04920066355609727,-3.851086116668512e-15,1.5790543993338124e-06
3831.58952125807,0.048519618762381936,0.04851961876237804,0.04851961876235837,0.048541122585136195,0.04852105570092683,0.04851971007117462,-1.9671764217576992e-14,1.4369385487877917e-06
3835.6613485920316,0.04789930282008512,0.04789930282008214,0.047899302820058914,0.047918933537768466,0.04790061472881764,0.04789938618531707,-2.3224477896377493e-14,1.311908735500411e-06
3839.7331759259932,0.04733240719970951,0.04733240719970844,0.04733240719969406,0.047350382804996545,0.047333608619901,0.04733248354516976,-1.4377388168895777e-14,1.2014201925605872e-06
3843.8050032599554,0.046812785103651666,0.04681278510365138,0.046812785103649696,0.046829292139875134,0.04681388847976602,0.04681285521992427,-1.6861512186494565e-15,1.1033761146417298e-06
3847.876830593917,0.046335166368945885,0.046335166368944636,0.04633516636895208,0.04635036529675058,0.04633618240630106,0.04633523093613201,7.445433158892456e-15,1.0160373564230274e-06
3851.9486579278787,0.04589500955225805,0.04589500955225574,0.04589500955227228,0.04590903906670345,0.04589594750476794,0.04589506915825716,1.6535384173010925e-14,9.379525122005239e-07
3856.020485261841,0.04548838262947561,0.04548838262947271,0.04548838262950538,0.045501363157580646,0.04548925053278401,0.0454884377847942,3.266831249959523e-14,8.67903311302376e-07
3860.0923125958025,0.04511186610458784,0.045111866104585535,0.04511186610463553,0.04512390265778809,0.04511267096622001,0.04511191725441946,4.999473057765158e-14,8.048616344721871e-07
3864.164139929764,0.04476247380576144,0.04476247380576108,0.0447624738058174,0.044773658320791054,0.04476322176118394,0.04476252133989977,5.632300181801497e-14,7.479554228612129e-07
3868.2359672637263,0.04443758774405212,0.044437587744053195,0.04443758774410927,0.04444800101527568,0.04443828418550382,0.04443763200507333,5.607320163747431e-14,6.964414506274719e-07
3872.307794597688,0.044134904230029054,0.04413490423003042,0.04413490423008603,0.04414461751334474,0.044135553913465526,0.044134945520086726,5.560829574591253e-14,6.496834351055192e-07
3876.3796219316496,0.04385238906142973,0.043852389061430345,0.04385238906148435,0.04386146541250064,0.043852996195758914,0.04385242764792452,5.400541125410996e-14,6.071343285687925e-07
3880.4514492656117,0.043588240064428296,0.043588240064427554,0.04358824006448019,0.043596735460744884,0.0435888083863361,0.04358827618476145,5.2638449155040234e-14,5.683219085478308e-07
3884.5232765995734,0.0433408556306505,0.04334085563064876,0.04334085563070105,0.04334881991672667,0.043341388467635904,0.04334088949622902,5.229150445984487e-14,5.328369871437921e-07
3888.595103933535,0.04310880816947414,0.043108808169472004,0.0431088081695228,0.043116285856569694,0.04310930849318488,0.043108839969098235,5.079270337660091e-14,5.003237128764493e-07
3892.666931267497,0.04289082161067126,0.04289082161066942,0.0428908216107155,0.04289785255626744,0.04289129208222286,0.04289085151341307,4.6081194415847904e-14,4.704715534376014e-07
3896.738758601459,0.042685752261011324,0.042685752261010616,0.04268575226104521,0.04269237224841934,0.04268619526964741,0.04268578041867129,3.4590386110977533e-14,4.430086367954167e-07
3900.8105859354205,0.04249257245110058,0.0424925724511011,0.04249257245111512,0.04249881368575407,0.042492990147297224,0.042492599000309404,1.4016565685892601e-14,4.176961961241399e-07
3904.8824132693826,0.042310356513752895,0.04231035651375401,0.04231035651375211,0.04231624804969734,0.04231075083766855,0.04231038157777902,-1.9012569296705806e-15,3.943239145348665e-07
3908.9542406033443,0.04213826871881345,0.042138268718814466,0.042138268718810795,0.04214383682647294,0.04213864142482406,0.04213829240912224,-3.670674875166924e-15,3.727060095964907e-07
3913.026067937306,0.041975552856293216,0.04197555285629387,0.041975552856294,0.04198082134064384,0.04197590553421928,0.041975575273896254,1.3183898417423734e-16,3.526779254123258e-07
3917.097895271268,0.041821523213532066,0.04182152321353199,0.04182152321353635,0.04182651369023314,0.041821857307061165,0.04182154445015652,4.3576253716537394e-15,3.340935291751279e-07
3921.1697226052297,0.041675556735654005,0.04167555673565299,0.04167555673566243,0.04168028887141755,0.041675873558378616,0.041675576874762144,9.43689570931383e-15,3.168227256239442e-07
3925.2415499391914,0.04153708619396276,0.041537086193961105,0.041537086193975545,0.04154157791639478,0.04153738694338214,0.041537105311641634,1.4439838214030942e-14,3.007494210338635e-07
3929.3133772731535,0.04140559421579117,0.041405594215789876,0.04140559421581142,0.04140986189708889,0.04140587998556909,0.04140561238153165,2.1545265571631944e-14,2.8576977921523916e-07
3933.385204607115,0.04128060805297741,0.04128060805297737,0.0412806080530045,0.04128466667116541,0.041280879843700755,0.041280625330356646,2.7131075164277263e-14,2.7179072338567867e-07
3937.4570319410773,0.04116169498560626,0.04116169498560734,0.041161694985634684,0.041165558266420064,0.04116195371425246,0.04116171143288848,2.7346180875298387e-14,2.587286451194437e-07
3941.528859275039,0.04104845827373979,0.04104845827374083,0.04104845827376378,0.04105213881578638,0.04104870478202957,0.041048473944407006,2.2946922140221204e-14,2.46508288739844e-07
3945.6006866090006,0.04094053358319795,0.04094053358319773,0.040940533583212965,0.04094404296862495,0.04094076864498211,0.04094054852641996,1.5237811012980274e-14,2.3506178438437164e-07
3949.6725139429627,0.04083758582255061,0.04083758582254928,0.040837585822559794,0.04084093471512398,0.04083781015035735,0.04083760008360244,1.0512424264419451e-14,2.2432780806547203e-07
3953.7443412769244,0.04073930633775345,0.040739306337752176,0.040739306337764944,0.04074250456996457,0.04073952058860181,0.04073931995838427,1.27675647831893e-14,2.1425084963111463e-07
3957.816168610886,0.040645410418623344,0.040645410418623226,0.04064541041863942,0.04064846706921614,0.0406456151991971,0.04064542343738425,1.619537837171947e-14,2.047805738730757e-07
3961.887995944848,0.040555635077884435,0.040555635077885274,0.04055563507789961,0.04055855854099707,0.04055583094914602,0.040555647530420305,1.4335754805472334e-14,1.958712607455504e-07
3965.95982327881,0.04046973706902077,0.040469737069021516,0.04046973706902906,0.040472535115972194,0.040469924550336364,0.04046974898833298,7.542577673547157e-15,1.8748131484780384e-07
3970.0316506127715,0.040387491113835515,0.04038749111383582,0.040387491113833995,0.04039017094844327,0.040387670686668826,0.04038750253051766,-1.824929096727601e-15,1.7957283300618077e-07
3974.1034779467336,0.04030868831456597,0.04030868831456572,0.04030868831455781,0.04031125662276095,0.040308860425790446,0.04030869925701435,-7.91033905045424e-15,1.721112247235479e-07
3978.1753052806953,0.04023313472876202,0.04023313472876142,0.0402331347287528,0.040235597723169286,0.04023329979363691,0.040233145223364374,-8.625045122556685e-15,1.6506487549028392e-07
3982.247132614657,0.04016065008800619,0.04016065008800649,0.040160650088000564,0.04016301354807101,0.040160808492856255,0.040160660159312946,-5.925815393936773e-15,1.5840484976492597e-07
3986.318959948619,0.04009106664401162,0.0400910666440128,0.04009106664400911,0.04009333595217314,0.04009121874864003,0.040091076314886676,-3.6914915568786455e-15,1.5210462722681228e-07
3990.3907872825807,0.04002422812772193,0.04002422812772219,0.04002422812771937,0.040026408302080034,0.04002437426759129,0.04002423741948125,-2.8171909249863347e-15,1.4613986910189114e-07
3994.4626146165424,0.03995998880885915,0.0399599888088579,0.0399599888088522,0.03996208453272255,0.03996012929706686,0.03995999774139849,-5.6968318951078345e-15,1.4048820896200853e-07
3998.5344419505045,0.03989821264492281,0.03989821264492093,0.0398982126449094,0.039900228293571316,0.0398983477739884,0.03989822123683197,-1.1532441668293814e-14,1.3512906747031872e-07
