wavenumber_cm-1,NMA_reference,Dense_exact,Sparse_Krylov,Suzuki4_r1,Suzuki4_r2,Suzuki4_r4,Krylov_minus_exact,Suzuki4_r2_minus_exact
0.0,0.01997122481389274,0.01997122481389298,0.019971224813887304,0.019973412548928482,0.019971361106370506,0.01997123338890074,-5.676015213396113e-15,1.3629247752611207e-07
4.071827333961817,0.02000000355400678,0.020000003554006822,0.020000003554000934,0.02000222622049323,0.02000014295913595,0.020000012329130224,-5.887651477465283e-15,1.394051291278564e-07
8.143654667923634,0.02009044709148774,0.020090447091487596,0.02009044709148071,0.020092802935819623,0.020090596668907258,0.02009045651572398,-6.886852199627924e-15,1.4957741966206695e-07
12.215482001885452,0.02025623107436041,0.020256231074360462,0.020256231074351982,0.020258873759675743,0.020256400547764997,0.020256241761493366,-8.479328350574633e-15,1.6947340453557502e-07
16.28730933584727,0.020524934521771322,0.020524934521771697,0.020524934521762694,0.02052809861262491,0.020525138873692717,0.020524947418209167,-9.003214840319629e-15,2.0435192102027933e-07
20.359136669809086,0.020944167973176768,0.020944167973177337,0.020944167973169604,0.020948203871687367,0.020944429942140047,0.020944184516683347,-7.733397255904606e-15,2.6196896271007963e-07
24.430964003770903,0.021572059759848248,0.021572059759848796,0.021572059759842856,0.021577297858773544,0.021572400828522773,0.021572081307932565,-5.9396931817445875e-15,3.410686739771518e-07
28.50279133773272,0.02237844736375386,0.022378447363754272,0.02237844736374959,0.022384383273271972,0.022378833940536563,0.022378471783284577,-4.683753385137379e-15,3.8657678229012116e-07
32.57461867169454,0.023134734867624157,0.023134734867624514,0.02313473486762082,0.023139985505334044,0.023135075305077236,0.023134756348455195,-3.694961003830599e-15,3.4043745272133163e-07
36.64644600565635,0.023925334707563143,0.02392533470756347,0.023925334707561256,0.0239305866566605,0.02392567415576108,0.02392535611039419,-2.213507155346406e-15,3.3944819760947653e-07
40.71827333961817,0.02532008489367325,0.025320084893673326,0.025320084893673076,0.025326974674472768,0.02532053085612724,0.025320113020906712,-2.498001805406602e-16,4.4596245391340106e-07
44.790100673579985,0.027718583659978202,0.027718583659978046,0.027718583659979153,0.02772765852964689,0.02771917091222725,0.027718620693153076,1.106753577673203e-15,5.872522492039733e-07
48.861928007541806,0.030740139960994003,0.030740139960993545,0.03074013996099462,0.030748725094837226,0.030740691152700183,0.03074017465004109,1.0755285551056204e-15,5.511917066380878e-07
52.93375534150362,0.032665439375045034,0.032665439375044354,0.03266543937504431,0.03267029832332408,0.032665746046292805,0.032665458595948445,-4.163336342344337e-17,3.0667124845118465e-07
57.00558267546544,0.03291219385713804,0.03291219385713721,0.032912193857135376,0.032917452212584374,0.03291253680472359,0.032912215527765416,-1.8318679906315083e-15,3.429475863847564e-07
61.077410009427254,0.032525109668624166,0.03252510966862322,0.03252510966862095,0.03253379268694644,0.03252568600577358,0.0325251462326494,-2.275957200481571e-15,5.763371503583747e-07
65.14923734338907,0.03290404146308033,0.0329040414630794,0.03290404146307843,0.03291683425642377,0.03290489139740834,0.03290409538859194,-9.71445146547012e-16,8.499343289378181e-07
69.2210646773509,0.03458031875561085,0.034580318755609955,0.034580318755610996,0.03459398608403117,0.034581222276983466,0.034580376005955406,1.0408340855860843e-15,9.03521373510352e-07
73.2928920113127,0.036751228866791344,0.036751228866790525,0.03675122886679446,0.03676279211074537,0.036751982708694175,0.036751276478472754,3.9343528435153985e-15,7.53841903650132e-07
77.36471934527452,0.038211599675519854,0.03821159967551943,0.03821159967552671,0.03821711736850847,0.038211944687722085,0.0382116212503314,7.278899705198683e-15,3.4501220265437116e-07
81.43654667923634,0.036236055191821576,0.03623605519182172,0.03623605519183018,0.03623205624868988,0.03623576800055538,0.03623603667001424,8.458511668862911e-15,-2.87191266344633e-07
85.50837401319816,0.032048079797846775,0.03204807979784698,0.03204807979785424,0.03204334646912329,0.032047748102593275,0.03204805852466498,7.258083023486961e-15,-3.316952537080198e-07
89.58020134715997,0.028852008557744706,0.028852008557744686,0.028852008557750473,0.028851249822361612,0.02885194575083963,0.028852004415228925,5.7870375158586285e-15,-6.280690505525155e-08
93.65202868112179,0.02732741922734575,0.027327419227345467,0.027327419227350193,0.02733017290239859,0.027327596005222624,0.02732743037130128,4.7253867485608225e-15,1.7677787715608684e-07
97.72385601508361,0.02719547029962187,0.02719547029962155,0.027195470299625202,0.027200427334690185,0.027195801855992633,0.027195491378196237,3.653327640407156e-15,3.315563710838687e-07
101.79568334904542,0.027837092094110668,0.02783709209411036,0.027837092094112288,0.02784070203651061,0.02783734232374652,0.027837108120288705,1.9290125052862095e-15,2.502296361610312e-07
105.86751068300724,0.027748237620091376,0.027748237620091015,0.02774823762009122,0.02774490630339933,0.027748028947943978,0.027748224558556685,2.0469737016526324e-16,-2.0867214703748638e-07
109.93933801696906,0.026376081674429036,0.02637608167442871,0.02637608167442807,0.02636891807651882,0.02637561539966424,0.026376052232027655,-6.38378239159465e-16,-4.6627476446917115e-07
114.01116535093088,0.025071499272484567,0.025071499272484508,0.025071499272483633,0.025064773833763702,0.025071060575150406,0.025071471558385936,-8.743006318923108e-16,-4.38697334102095e-07
118.08299268489269,0.02441079032038846,0.024410790320388762,0.024410790320388304,0.0244037523705377,0.024410331408571885,0.024410761330001328,-4.579669976578771e-16,-4.5891181687726657e-07
122.15482001885451,0.023957014960152744,0.02395701496015319,0.02395701496015411,0.023948115400685362,0.02395643190567676,0.02395697809143521,9.228728892196614e-16,-5.830544764287571e-07
126.22664735281633,0.023287207265713497,0.02328720726571386,0.023287207265715846,0.02327880878357154,0.023286654450828052,0.02328717227879956,1.9845236565174673e-15,-5.52814885809022e-07
130.29847468677815,0.02266867903306072,0.022668679033060798,0.022668679033062866,0.02266306804942518,0.02266830858713212,0.02266865557504552,2.067790383364354e-15,-3.7044592867893633e-07
134.37030202073996,0.0223100102620413,0.022310010262041106,0.02231001026204271,0.022306791595122798,0.022309797049226247,0.02230999675181588,1.6028844918025698e-15,-2.1321281485839338e-07
138.4421293547018,0.022187121635817902,0.022187121635817448,0.02218712163581835,0.022185377319645237,0.022187005459288388,0.02218711426644968,9.020562075079397e-16,-1.1617652906012466e-07
142.5139566886636,0.022251233955729022,0.022251233955728495,0.02225123395572907,0.022250286937728132,0.0222511703940276,0.022251229917873885,5.759281940243e-16,-6.35617008956646e-08
146.5857840226254,0.02248875296904475,0.022488752969044245,0.022488752969045154,0.022488110694449198,0.022488709822705587,0.022488750227818696,9.08995101411847e-16,-4.314633865812323e-08
150.65761135658724,0.02292392783742666,0.022923927837426417,0.02292392783742804,0.02292310596150322,0.02292387356826242,0.022923924401176143,1.6237011735142914e-15,-5.426916399597914e-08
154.72943869054905,0.0235943196196918,0.023594319619691894,0.023594319619694527,0.02359258571452076,0.023594206232977092,0.0235943124528898,2.633310236532793e-15,-1.1338671480204399e-07
158.80126602451085,0.024411914857182967,0.02441191485718333,0.02441191485718738,0.024408157884609392,0.02441166798424937,0.024411899235302882,4.048844592929868e-15,-2.468729339601128e-07
162.8730933584727,0.02502623473260387,0.02502623473260431,0.02502623473260984,0.025021168435115232,0.02502589857436651,0.02502621341983664,5.530298441414061e-15,-3.3615823779795106e-07
166.9449206924345,0.025455531147545046,0.02545553114754517,0.025455531147551332,0.025453113434112936,0.02545536684535923,0.025455520684042776,6.161737786669619e-15,-1.6430218593987966e-07
171.01674802639633,0.026225133411015532,0.026225133411015483,0.026225133411021135,0.02622746687764732,0.02622528083118431,0.02622514266754498,5.6517290847324375e-15,1.4742016882576814e-07
175.08857536035813,0.02769787883207319,0.02769787883207331,0.027697878832076465,0.027705501202610668,0.02769837308131115,0.027697910026941882,3.1537272793258353e-15,4.942492378388896e-07
179.16040269431994,0.030083495905124328,0.030083495905124682,0.030083495905124148,0.030097028854799344,0.030084377180974217,0.030083551574139052,-5.342948306008566e-16,8.812758495353734e-07
183.23223002828178,0.03306221319223291,0.03306221319223345,0.033062213192230676,0.03308050882384691,0.03306340672959944,0.03306228861460867,-2.7755575615628914e-15,1.1935373659885395e-06
187.30405736224358,0.03520519285763999,0.03520519285764056,0.03520519285763757,0.035224444234938646,0.03520645063213755,0.03520527237126381,-2.9906632725840154e-15,1.2577744969918814e-06
191.3758846962054,0.03609847337442108,0.03609847337442148,0.03609847337441886,0.036116819919500665,0.036099673116870505,0.03609854923840074,-2.615963001773025e-15,1.1997424490262087e-06
195.44771203016722,0.03638158768437508,0.036381587684375445,0.03638158768437268,0.036395699114061084,0.036382509952384866,0.036381645996316554,-2.768618667658984e-15,9.222680094206348e-07
199.51953936412903,0.03677240539550141,0.03677240539550182,0.03677240539549966,0.03678314771794021,0.03677310922058336,0.036772449926031806,-2.157996004115148e-15,7.038250815424862e-07
203.59136669809084,0.03883028968873574,0.03883028968873618,0.03883028968873529,0.03884142809458328,0.03883102487144637,0.03883033628318751,-8.951173136040325e-16,7.351827101889641e-07
207.66319403205267,0.04360971837260877,0.04360971837260918,0.04360971837260873,0.043623116826323485,0.04361060973439299,0.043609774963384265,-4.510281037539698e-16,8.913617838141041e-07
211.73502136601448,0.051404814612383075,0.051404814612383186,0.051404814612381264,0.051416039796804765,0.05140557630579072,0.05140486317820486,-1.9220736113823023e-15,7.616934075346804e-07
215.8068486999763,0.06065567277544424,0.06065567277544414,0.060655672775438874,0.060648939931049556,0.06065527564199557,0.060655648290171026,-5.266620473065586e-15,-3.971334485708411e-07
219.87867603393812,0.06778539675540704,0.06778539675540715,0.06778539675540249,0.0677375603729791,0.06778231226423069,0.06778520237464795,-4.6629367034256575e-15,-3.084491176461035e-06
223.95050336789993,0.06665825374360035,0.0666582537436011,0.06665825374360167,0.06656452675817792,0.06665212779649365,0.06665786658131566,5.689893001203927e-16,-6.125947107443741e-06
228.02233070186176,0.058432231131133286,0.058432231131134715,0.05843223113114087,0.058349432115617085,0.0584267950706186,0.05843188730843951,6.1547988927657116e-15,-5.436060516117447e-06
232.09415803582357,0.051746210454067125,0.05174621045406947,0.05174621045408106,0.0517049873753468,0.051743499499383096,0.05174603899706061,1.1587952819525071e-14,-2.7109546863746115e-06
236.16598536978537,0.04956218851901085,0.04956218851901492,0.04956218851902952,0.04955976910239155,0.04956202727565726,0.04956217841479728,1.459943277382081e-14,-1.612433576589356e-07
240.2378127037472,0.05121473293454392,0.05121473293454968,0.05121473293456318,0.05124017816243646,0.05121640342968223,0.05121483875115756,1.3503087537003466e-14,1.6704951325482997e-06
244.30964003770902,0.05420070012246921,0.05420070012247198,0.05420070012248197,0.05422916575201124,0.054202570058051326,0.054200818530245574,9.992007221626409e-15,1.869935579344728e-06
248.38146737167085,0.05509305635346099,0.05509305635345618,0.05509305635346331,0.05510228530640846,0.0550936656149547,0.055093095011252834,7.126244039312724e-15,6.092614985159228e-07
252.45329470563266,0.053274531009731174,0.053274531009723416,0.05327453100972945,0.05327248776958318,0.05327439922396644,0.05327452278376992,6.036837696399289e-15,-1.3178575697381234e-07
256.52512203959446,0.05190165419336734,0.051901654193361596,0.05190165419336895,0.05190504663095524,0.05190187521411517,0.05190166822573873,7.355227538141662e-15,2.2102075357410822e-07
260.5969493735563,0.05328102525586485,0.05328102525586137,0.05328102525587114,0.0532901108920896,0.0532816180088037,0.05328106275162609,9.769962616701378e-15,5.927529423271904e-07
264.66877670751813,0.05673118205726099,0.0567311820572582,0.05673118205727028,0.0567329265691426,0.05673129213360954,0.056731188967393084,1.2073675392798577e-14,1.1007635133952753e-07
268.7406040414799,0.059181662923601566,0.05918166292359816,0.05918166292361151,0.05916504952270274,0.05918056120784158,0.05918159307176859,1.3350431871117507e-14,-1.1017157565823554e-06
272.81243137544175,0.059502055926906584,0.05950205592690289,0.059502055926915605,0.05948280730798052,0.0595007702641978,0.059501974325439584,1.2712053631958042e-14,-1.2856627050958358e-06
276.8842587094036,0.06112422656872567,0.06112422656872203,0.061124226568735916,0.06111299615365423,0.06112345834342187,0.06112417759664977,1.3884726701718364e-14,-7.68225300158687e-07
280.95608604336536,0.06617688017617801,0.06617688017617425,0.06617688017619291,0.06616193325572448,0.06617585353988217,0.06617681465577205,1.8665624601510444e-14,-1.0266362920757777e-06
285.0279133773272,0.07437297474614613,0.07437297474614196,0.07437297474616789,0.0743311090882006,0.07437013830546588,0.07437279422689051,2.5923707624997405e-14,-2.836440676085017e-06
289.09974071128903,0.08330824717820405,0.08330824717819937,0.08330824717823614,0.08325557916830047,0.08330461752366486,0.08330801579271555,3.6762259902900496e-14,-3.6296545345149145e-06
293.1715680452508,0.0929082500127187,0.09290825001271347,0.09290825001276477,0.09294396086880706,0.09291040552938501,0.09290838486525946,5.1306181525490047e-14,2.1555166715425678e-06
297.24339537921264,0.10641537102027716,0.10641537102027096,0.10641537102033262,0.10660156382093901,0.106427485159023,0.10641613716835134,6.165901123011963e-14,1.2114138752045145e-05
301.3152227131745,0.12401350146888232,0.12401350146887417,0.12401350146893497,0.12439068987517035,0.12403828015411665,0.12401507086088913,6.079858838603514e-14,2.477868524247695e-05
305.38705004713626,0.14842145205970425,0.14842145205969295,0.14842145205974072,0.1490855082635706,0.1484652340381388,0.14842422659601215,4.776734563449736e-14,4.378197844584486e-05
309.4588773810981,0.18809186352649396,0.18809186352647755,0.18809186352650004,0.1891459092360564,0.18816149225961668,0.18809627682307373,2.248201624865942e-14,6.962873313912099e-05
313.5307047150599,0.2464612414251349,0.24646124142511053,0.24646124142509063,0.2477858360607359,0.24654881082773686,0.24646678973167838,-1.990074771640593e-14,8.756940262633073e-05
317.6025320490217,0.3081096520408766,0.308109652040839,0.30810965204077717,0.3092533823900578,0.30818446210981904,0.30811437998435637,-6.183942247162122e-14,7.481006898002462e-05
321.67435938298354,0.36354325114558084,0.3635432511455176,0.3635432511454416,0.3651261892340103,0.36364544518223646,0.3635497022211686,-7.599476603559197e-14,0.00010219403671885008
325.7461867169454,0.45485537453260577,0.4548553745325004,0.4548553745324233,0.4582384069822821,0.45507611823045374,0.45486933935294616,-7.710498906021712e-14,0.0002207436979533295
329.81801405090715,0.6153138353993394,0.6153138353992017,0.615313835399111,0.6204733406625431,0.6156536186922498,0.6153353542277682,-9.070522111187529e-14,0.0003397832930480682
333.889841384869,0.7773825886709509,0.7773825886708913,0.7773825886707536,0.7803395087207183,0.7775816438229677,0.7773952097571792,-1.376676550535194e-13,0.00019905515207641056
337.9616687188308,0.7527441824342743,0.7527441824343774,0.7527441824342095,0.7495578162502688,0.7525364318076504,0.752731018808396,-1.6786572132332367e-13,-0.00020775062672695466
342.03349605279266,0.5607347743824269,0.5607347743825639,0.5607347743824503,0.5558358773181228,0.5604096000806496,0.5607141530636303,-1.1357581541915351e-13,-0.000325174301914366
346.10532338675443,0.3819749365620219,0.381974936562118,0.3819749365620698,0.3785170382183807,0.38174453034126765,0.3819603219581679,-4.8183679268731794e-14,-0.00023040622085035434
350.17715072071627,0.2667679263166738,0.26676792631673324,0.2667679263167196,0.2647475516509103,0.2666331932871601,0.26675938015646433,-1.3655743202889425e-14,-0.00013473302957311972
354.2489780546781,0.19878643333217824,0.198786433332216,0.19878643333222437,0.1977107511117516,0.19871469757457616,0.1987818839379077,8.382183835919932e-15,-7.17357576398292e-05
358.3208053886399,0.15864609975716232,0.15864609975718685,0.15864609975721855,0.15815585702071916,0.15861342910124476,0.15864402918698164,3.169686735304822e-14,-3.267065594209084e-05
362.3926327226017,0.13072159999376465,0.13072159999378052,0.13072159999382915,0.1305103149619986,0.13070756038652423,0.13072071134751537,4.8627768478581856e-14,-1.4039607256294273e-05
366.46446005656355,0.10701982252976981,0.10701982252978039,0.10701982252982795,0.10687838669935519,0.10701043176582054,0.10701922803548206,4.7559178817380143e-14,-9.390763959851722e-06
370.53628739052533,0.08883321630091254,0.08883321630092013,0.08883321630095585,0.08870355951258722,0.08882457979837176,0.08883266884158621,3.572142581731441e-14,-8.63650254837034e-06
374.60811472448717,0.07654225124532288,0.07654225124532793,0.07654225124534964,0.07641605142229961,0.07653381353020695,0.0765417157643124,2.170486013142181e-14,-8.437715120976352e-06
378.679942058449,0.0680819411216418,0.06808194112164485,0.06808194112165566,0.06795967242527759,0.06807374318695876,0.06808142047072104,1.0810796702287462e-14,-8.197934686093866e-06
382.7517693924108,0.061048703680134576,0.06104870368013649,0.06104870368014334,0.06094491854938929,0.06104173732164309,0.0610482611713172,6.8486882831564344e-15,-6.966358493398772e-06
386.8235967263726,0.05522658855065858,0.05522658855066056,0.055226588550669496,0.05515271402154058,0.055221629802251856,0.05522627362437197,8.93729534823251e-15,-4.958748408702418e-06
390.89542406033445,0.05085406356058131,0.050854063560584,0.05085406356059609,0.050798948298806774,0.050850365730175096,0.05085382874644334,1.2087553180606392e-14,-3.697830408905256e-06
394.9672513942962,0.0469643110462045,0.04696431104620818,0.04696431104621915,0.046913403567415385,0.04696089750818555,0.04696409426640249,1.0970391262077328e-14,-3.4135380226271717e-06
399.03907872825806,0.04283518397666112,0.0428351839766645,0.04283518397667225,0.04278892685193252,0.042832083616714624,0.042834987075757586,7.750744490664374e-15,-3.1003599498743983e-06
403.1109060622199,0.03906721305757547,0.03906721305757803,0.039067213057583546,0.03902925532009241,0.03906466885318995,0.03906705146201271,5.5164206536062466e-15,-2.5442043880760656e-06
407.1827333961817,0.03613479203545344,0.03613479203545493,0.03613479203545928,0.03610436702287446,0.03613275203139188,0.03613466244496109,4.350686477749832e-15,-2.0400040630502714e-06
411.2545607301435,0.03392442484629295,0.033924424846293606,0.03392442484629595,0.03389966948815971,0.03392276419715677,0.03392431933626655,2.345346139520643e-15,-1.6606491368351128e-06
415.32638806410534,0.03223337072220258,0.032233370722202975,0.032233370722201345,0.03221284191118796,0.03223199281662012,0.03223328316064511,-1.6306400674181987e-15,-1.3779055828555542e-06
419.3982153980672,0.030922466755211295,0.030922466755211892,0.030922466755205425,0.03090517972500409,0.030921305681035793,0.030922392958545212,-6.467049118441537e-15,-1.1610741760988141e-06
423.47004273202896,0.02991087020473282,0.0299108702047335,0.02991087020472325,0.029896145647338106,0.029909880488517903,0.02991080728640092,-1.0248746296070976e-14,-9.897162155970973e-07
427.5418700659908,0.02915813980832297,0.029158139808323512,0.02915813980831171,0.029145495825200353,0.029157289168100738,0.02915808571869441,-1.1803058530546195e-14,-8.506402227742571e-07
431.6136973999526,0.028656141049703616,0.028656141049704136,0.028656141049692847,0.028645232495423764,0.02865540631657179,0.028656094317023314,-1.128958038165706e-14,-7.347331323452611e-07
435.6855247339144,0.028431559029359375,0.0284315590293602,0.028431559029349834,0.028422148581113606,0.028430924179473595,0.02843151863445723,-1.0366707492437399e-14,-6.348498866048935e-07
439.75735206787624,0.02856044595649584,0.028560445956496754,0.02856044595648893,0.028552398625854854,0.02855990168789285,0.028560411305224697,-7.8236028766554e-15,-5.442686039046352e-07
443.8291794018381,0.029196165259814777,0.029196165259815433,0.029196165259813382,0.029189454015377935,0.029195709299863704,0.029196136201674747,-2.050443148604586e-15,-4.5595995172911796e-07
447.90100673579985,0.030579865307701976,0.030579865307702372,0.030579865307706462,0.030574491636024794,0.030579497238124715,0.03057984180907834,4.090477956353311e-15,-3.6806957765672665e-07
451.9728340697617,0.03280424716393121,0.032804247163931724,0.03280424716393984,0.03279962305276847,0.03280392852403424,0.032804226794104226,8.118505867571457e-15,-3.1863989748137644e-07
456.0446614037235,0.034880582925396246,0.03488058292539677,0.03488058292540746,0.034874583778452165,0.034880176192856084,0.03488055701425049,1.0685896612017132e-14,-4.0673254068923637e-07
460.1164887376853,0.03528722950738743,0.03528722950738762,0.03528722950740048,0.035279782625507065,0.035286729941538156,0.03528719775689274,1.2857770403940094e-14,-4.995658494655331e-07
464.18831607164714,0.035356288627085154,0.035356288627085244,0.03535628862709855,0.035350165010328394,0.03535587500916908,0.0353562622989309,1.3308798507694064e-14,-4.1361791616734145e-07
468.26014340560897,0.0366583865039108,0.036658386503911386,0.03665838650392281,0.03665321102273831,0.03665803354812408,0.036658363987488285,1.1421419365831298e-14,-3.529557873055422e-07
472.33197073957075,0.0384245486912487,0.038424548691249984,0.03842454869125796,0.03841813123214901,0.03842411347668347,0.03842452095996242,7.979727989493313e-15,-4.3521456651041124e-07
476.4037980735326,0.039718190658148966,0.03971819065815056,0.03971819065815541,0.039710628813274786,0.03971767973867188,0.03971815813001772,4.850286838831153e-15,-5.109194786828697e-07
480.4756254074944,0.039238806374814236,0.03923880637481552,0.039238806374818344,0.03922997383305417,0.03923821474577554,0.039238768782339076,2.824129818890242e-15,-5.916290399810009e-07
484.5474527414562,0.03670008973011392,0.03670008973011453,0.0367000897301154,0.03669260824087861,0.036699590314790746,0.03670005802373728,8.673617379884035e-16,-4.994153237833365e-07
488.61928007541803,0.03478207912598454,0.03478207912598511,0.034782079125985084,0.03477781396513013,0.03478179303654138,0.034782060945253164,-2.7755575615628914e-17,-2.8608944373231804e-07
492.69110740937987,0.03396113324220007,0.03396113324220049,0.033961133242201735,0.033958190999691745,0.03396093669144181,0.03396112076373542,1.2420620087993939e-15,-1.9655075868263427e-07
496.7629347433417,0.032622652014425005,0.032622652014425275,0.032622652014427704,0.03261925185445767,0.032622427654969095,0.03262263781003681,2.42861286636753e-15,-2.2435945618015651e-07
500.8347620773035,0.031040573336379242,0.031040573336379555,0.031040573336380346,0.031038316884188184,0.031040423950203372,0.03104056387288046,7.91033905045424e-16,-1.493861761826809e-07
504.9065894112653,0.030397666811350744,0.030397666811350626,0.030397666811348492,0.030397251459912542,0.030397637875466593,0.030397664960036954,-2.1337098754514727e-15,-2.893588403260483e-08
508.97841674522715,0.030120695135971844,0.030120695135971383,0.030120695135967504,0.030120478745420055,0.030120679921122277,0.030120694160958934,-3.878841692284141e-15,-1.5214849106298667e-08
513.0502440791889,0.02898525235764195,0.02898525235764163,0.02898525235763669,0.02898397964913411,0.028985167767298935,0.028985246993137294,-4.9404924595819466e-15,-8.459034269575616e-08
517.1220714131507,0.02760722577375425,0.027607225773754043,0.027607225773749005,0.027605674954961613,0.02760712122599074,0.02760721912133553,-5.037636974236648e-15,-1.0454776330423576e-07
521.1938987471126,0.026736715041761845,0.026736715041761137,0.026736715041757543,0.026735006910921833,0.02673659876110301,0.02673670762585874,-3.594347042223944e-15,-1.1628065812660515e-07
525.2657260810744,0.02602303450820363,0.026023034508202567,0.0260230345082004,0.026020824212367642,0.026022885268455597,0.026023025007572545,-2.168404344971009e-15,-1.492397469701756e-07
529.3375534150363,0.025295786606439365,0.02529578660643871,0.0252957866064372,0.025293562930426408,0.025295636845098543,0.025295777078376595,-1.5092094240998222e-15,-1.497613401658937e-07
533.409380748998,0.024862901434074103,0.024862901434073954,0.02486290143407227,0.024861015654055338,0.024862773947965773,0.024862893316392052,-1.6826817716975029e-15,-1.2748610818055783e-07
537.4812080829598,0.02482791113933174,0.024827911139331738,0.024827911139330246,0.024826310571733096,0.024827802317901222,0.024827904201295502,-1.4918621893400541e-15,-1.0882143051602067e-07
541.5530354169217,0.025178178210099714,0.025178178210099815,0.02517817821009905,0.02517675147168918,0.025178080627814032,0.02517817198033586,-7.632783294297951e-16,-9.75822857830766e-08
545.6248627508835,0.025948141161417262,0.025948141161417467,0.025948141161417488,0.02594680700355024,0.025948049330730062,0.025948135290554057,2.0816681711721685e-17,-9.183068740495348e-08
549.6966900848453,0.027270188392580448,0.02727018839258031,0.027270188392581326,0.027268892589533886,0.027270098507507504,0.02727018263624197,1.016547956922409e-15,-8.988507280496827e-08
553.7685174188072,0.029426617350385625,0.02942661735038539,0.029426617350388144,0.029425322031403005,0.029426526510221738,0.029426611518966157,2.7547408798511697e-15,-9.084016365165648e-08
557.8403447527689,0.03293665940800165,0.03293665940800155,0.032936659408006184,0.032935307857896896,0.03293656318656296,0.03293665321111176,4.6351811278100286e-15,-9.622143858772914e-08
561.9121720867307,0.038557688424949645,0.038557688424949416,0.038557688424954904,0.038555948037443256,0.03855756392512198,0.03855768039830827,5.488665077990618e-15,-1.2449982743356625e-07
565.9839994206926,0.04636572406235089,0.046365724062350296,0.04636572406235564,0.04636181627954203,0.046365453706156995,0.046365706755433486,5.342948306008566e-15,-2.703561933006804e-07
570.0558267546544,0.05269582076618499,0.052695820766183385,0.05269582076618955,0.052686238162903236,0.05269517536907053,0.052695779696914836,6.161737786669619e-15,-6.453971128569935e-07
574.1276540886162,0.05308112919088458,0.05308112919088151,0.053081129190889115,0.053069017798600265,0.05308031620305214,0.05308107749704172,7.605027718682322e-15,-8.129878293697268e-07
578.1994814225781,0.05186654899582386,0.051866548995820175,0.051866548995827086,0.05185821427192731,0.05186598116181039,0.05186651276729413,6.9111383282915995e-15,-5.678340097847734e-07
582.2713087565398,0.051879790880105706,0.051879790880104394,0.051879790880108786,0.051874367169103826,0.05187941472981701,0.05187976678467123,4.3923198411732756e-15,-3.761502873830813e-07
586.3431360905016,0.049697122600865506,0.049697122600869136,0.04969712260087121,0.04969301428518109,0.04969684193657038,0.04969710468405494,2.0747292772682613e-15,-2.806642987532304e-07
590.4149634244635,0.04582817972717344,0.045828179727178585,0.045828179727179987,0.045827509801732426,0.04582813584532672,0.04582817695695537,1.4016565685892601e-15,-4.388185186748883e-08
594.4867907584253,0.044167679355104295,0.04416767935510854,0.04416767935511028,0.04417252730927808,0.04416800756253482,0.044167700272975716,1.7416623698807143e-15,3.2820742627837074e-07
598.5586180923871,0.04646688143256088,0.046466881432563945,0.04646688143256735,0.04647908348461391,0.04646770429309213,0.04646693382346878,3.406996906818449e-15,8.228605281879187e-07
602.630445426349,0.053596976068146535,0.0535969760681487,0.05359697606815623,0.05361924427840431,0.05359847669154394,0.05359707159282648,7.528699885739343e-15,1.5006233952397086e-06
606.7022727603107,0.06581604536562452,0.06581604536562613,0.06581604536563605,0.06584797081358203,0.0658181994362328,0.06581618251763818,9.922618282587337e-15,2.154070606663616e-06
610.7741000942725,0.0773954681069833,0.07739546810698406,0.07739546810698743,0.07742029423722975,0.0773971563096732,0.07739557576745065,3.372302437298913e-15,1.688202689142937e-06
614.8459274282344,0.07597590054142778,0.07597590054142775,0.07597590054142005,0.07597701524797368,0.07597600253462614,0.07597590739647066,-7.702172233337023e-15,1.0199319838699594e-07
618.9177547621962,0.06535961146936523,0.06535961146936546,0.06535961146935333,0.06535243701294231,0.06535914844750154,0.06535958227575844,-1.2129186544029835e-14,-4.630218639195549e-07
622.989582096158,0.05809353246150005,0.05809353246150106,0.058093532461490426,0.05808959702744303,0.05809327447601662,0.058093516132269235,-1.0637324354689781e-14,-2.5798548444061487e-07
627.0614094301199,0.05772199811223647,0.05772199811223841,0.05772199811223106,0.05772252926291417,0.05772202844546981,0.0577219999523257,-7.348288644237755e-15,3.0333231398893545e-08
631.1332367640816,0.0629440124644137,0.06294401246441435,0.06294401246440963,0.06294762331332301,0.06294424101573172,0.06294402678627212,-4.718447854656915e-15,2.2855131737165024e-07
635.2050640980434,0.06906510245341643,0.06906510245341169,0.06906510245340805,0.06906790797922659,0.06906528099466881,0.06906511365631175,-3.635980405647388e-15,1.7854125712590818e-07
639.2768914320053,0.06780038844343146,0.0678003884434246,0.06780038844341983,0.06779662972357882,0.06780014982442839,0.06780037346713624,-4.773959005888173e-15,-2.3861899621502314e-07
643.3487187659671,0.05797326847650352,0.057973268476500306,0.0579732684764948,0.05796620317376074,0.057972820449746464,0.05797324037175791,-5.502542865798432e-15,-4.4802675384231216e-07
647.4205460999289,0.04745381263226951,0.047453812632269554,0.047453812632264454,0.04744747471962206,0.047453411265512786,0.047453787463664125,-5.100087019371813e-15,-4.013667567678847e-07
651.4923734338907,0.039267671779594324,0.03926767177959507,0.03926767177958917,0.03926292667915953,0.03926737111373514,0.03926765292332836,-5.904998712225051e-15,-3.006658599313816e-07
655.5642007678525,0.03367046633886133,0.033670466338861706,0.03367046633885358,0.0336673592831999,0.033670269479699505,0.03367045399308562,-8.125444761475364e-15,-1.9685916220063548e-07
659.6360281018143,0.030099703377416426,0.03009970337741652,0.030099703377407014,0.0300977400533966,0.030099579106194183,0.030099695585759024,-9.506284648352903e-15,-1.2427122233690802e-07
663.7078554357762,0.027837378036002128,0.027837378036002277,0.027837378035993725,0.027836119917120018,0.02783729855394955,0.02783737305490482,-8.552186736565659e-15,-7.948205272764741e-08
667.779682769738,0.02639610906804747,0.02639610906804766,0.02639610906804155,0.026395289822813573,0.02639605749485944,0.02639610583881536,-6.1096960823903146e-15,-5.1573188220022104e-08
671.8515101036998,0.025496667902200818,0.025496667902200933,0.025496667902197748,0.025496138265109016,0.02549663479812929,0.025496665833112525,-3.184952301893418e-15,-3.3104071643641486e-08
675.9233374376616,0.024986993696187416,0.024986993696187745,0.02498699369618648,0.024986671942073085,0.024986973921454034,0.02498699246550214,-1.2663481374630692e-15,-1.977473371161942e-08
679.9951647716234,0.024790827537888593,0.02479082753788923,0.024790827537888024,0.024790671998700022,0.02479081851193428,0.024790826984690456,-1.2073675392798577e-15,-9.025954952196491e-09
684.0669921055853,0.024882500584165693,0.024882500584166165,0.024882500584163435,0.024882496585399122,0.024882501464274436,0.02488250065695278,-2.7304547511874944e-15,8.801082709841701e-10
688.1388194395471,0.02527844296856683,0.02527844296856632,0.025278442968561438,0.025278598685120685,0.02527845440109952,0.025278443709866646,-4.881511861398735e-15,1.1432533201377604e-08
692.2106467735089,0.026041522544057946,0.026041522544056898,0.02604152254404987,0.026041871982641795,0.026041546879164514,0.02604152410429715,-7.029099524658022e-15,2.4335107616513252e-08
696.2824741074708,0.02730002292394182,0.027300022923941077,0.0273000229239329,0.027300637519056793,0.027300064997720336,0.027300025611239113,-8.177486465754669e-15,4.207377925918854e-08
700.3543014414325,0.02928981441494108,0.029289814414940274,0.029289814414933064,0.029290828518569983,0.02928988325344472,0.02928981880336226,-7.20951076615961e-15,6.883850444533435e-08
704.4261287753943,0.032437638016162326,0.03243763801616046,0.032437638016156345,0.03243929691387085,0.03243775004518458,0.032437645149637415,-4.1147640850169864e-15,1.1202902411994176e-07
708.4979561093562,0.03750582062072956,0.03750582062072665,0.037505820620726375,0.03750854354270174,0.037506003948632446,0.03750583228617283,-2.7755575615628914e-16,1.8332790579361768e-07
712.569783443318,0.045723962930489574,0.04572396293048568,0.04572396293048963,0.04572825946935994,0.045724252347973116,0.04572398134872092,3.948230631323213e-15,2.894174874340516e-07
716.6416107772798,0.05827335632796285,0.05827335632795794,0.0582733563279657,0.05827896386373,0.058273737795828014,0.058273380658535365,7.764622278472189e-15,3.814678700767016e-07
720.7134381112417,0.07389495183923495,0.07389495183923227,0.07389495183924273,0.07389992665043875,0.07389529974003976,0.0738949741644517,1.04638520070921e-14,3.4790080749580454e-07
724.7852654452034,0.08570064099315193,0.0857006409931548,0.08570064099316539,0.08570212623260522,0.08570075795181327,0.08570064867588094,1.058875209736243e-14,1.1695865846650388e-07
728.8570927791652,0.08149526888615745,0.08149526888616139,0.08149526888616614,0.08149071516032858,0.08149497839279897,0.08149525062339594,4.746203430272544e-15,-2.9049336242037427e-07
732.9289201131271,0.0648180355987542,0.06481803559875662,0.06481803559875544,0.06481214992909244,0.06481765159798478,0.064818011331751,-1.1796119636642288e-15,-3.840007718469707e-07
737.0007474470889,0.0499477685804242,0.04994776858042551,0.04994776858042274,0.049943720739658456,0.04994750397632082,0.04994775185150473,-2.768618667658984e-15,-2.6460410468970297e-07
741.0725747810507,0.04049869489521149,0.040498694895212045,0.04049869489520946,0.040496362946770365,0.04049854273958678,0.04049868527955613,-2.588207426157396e-15,-1.521556252659373e-07
745.1444021150126,0.03502243321361014,0.03502243321361051,0.03502243321360854,0.03502123942421385,0.0350223556628619,0.035022428317440915,-1.970645868709653e-15,-7.755074860754663e-08
749.2162294489743,0.03208238695908443,0.03208238695908476,0.03208238695908312,0.03208200080842281,0.032082362307176676,0.0320823854085573,-1.6375789613221059e-15,-2.465190808431661e-08
753.2880567829361,0.03094891827349718,0.030948918273497227,0.030948918273495583,0.030949260177954532,0.030948941308792742,0.030948919738822793,-1.6445178552260131e-15,2.303529551481165e-08
757.359884116898,0.03143511446886339,0.03143511446886345,0.03143511446886189,0.0314362851945607,0.03143519187058115,0.03143511937342212,-1.5612511283791264e-15,7.740171770187487e-08
761.4317114508598,0.03353997529551992,0.033539975295519935,0.03353997529551875,0.03354195188875871,0.03354010588392662,0.033539983569521044,-1.186550857568136e-15,1.3058840668545013e-07
765.5035387848216,0.03616557224829812,0.03616557224829811,0.03616557224829775,0.03616714918834709,0.036165677990280455,0.0361655789717435,-3.608224830031759e-16,1.0574198234386545e-07
769.5753661187834,0.0360034158600042,0.03600341586000452,0.03600341586000605,0.03600288077112621,0.03600338476830487,0.036003413954950984,1.5265566588595902e-15,-3.109169965237468e-08
773.6471934527452,0.03276919532930617,0.03276919532930667,0.03276919532931022,0.03276781584165283,0.032769108270811434,0.03276918987585654,3.5457747848965937e-15,-8.705849523921172e-08
777.719020786707,0.029753717911971005,0.029753717911971584,0.029753717911976157,0.02975284466704923,0.02975366225524127,0.029753714417121817,4.5727310826748635e-15,-5.5656730314768144e-08
781.7908481206689,0.02819202144788642,0.02819202144788711,0.028192021447892193,0.02819182466863129,0.02819200844340527,0.028192020624476507,5.082739784612045e-15,-1.3004481842077142e-08
785.8626754546307,0.02801642464233002,0.0280164246423308,0.028016424642335967,0.028016884508431136,0.028016453039795955,0.028016426412123516,5.1660065114589315e-15,2.8397465153678914e-08
789.9345027885925,0.029216986186365937,0.029216986186366777,0.02921698618637182,0.029218228043456047,0.02921706384656858,0.02921699104114303,5.044575868140555e-15,7.766020180405286e-08
794.0063301225543,0.03204579266221984,0.032045792662221004,0.03204579266222615,0.032048012405679206,0.03204593175406812,0.03204580136133532,5.1486592766991635e-15,1.3909184711641265e-07
798.0781574565161,0.0363811458154085,0.03638114581541039,0.036381145815415364,0.03638387854350707,0.03638131599566486,0.036381156441838314,4.975186929101483e-15,1.7018025447179674e-07
802.1499847904779,0.040215600562448155,0.0402156005624503,0.040215600562454254,0.04021689198657496,0.0402156766102627,0.04021560524111813,3.95516952522712e-15,7.604781240150293e-08
806.2218121244398,0.04111995115943303,0.04111995115943368,0.04111995115943632,0.041118497393924265,0.04111985074459682,0.041119944732019305,2.6367796834847468e-15,-1.0041483686218378e-07
810.2936394584016,0.03869022648801358,0.03869022648801195,0.03869022648801364,0.03868673208045336,0.03868999614292769,0.038690211902889425,1.6861512186494565e-15,-2.3034508426361677e-07
814.3654667923633,0.034515995209236275,0.034515995209233936,0.03451599520923535,0.0345120410053387,0.034515737308300314,0.03451597892110487,1.4155343563970746e-15,-2.579009336228788e-07
818.4372941263252,0.03028141887520818,0.03028141887520651,0.030281418875207675,0.030277989873270857,0.03028119628363349,0.030281404833450206,1.1657341758564144e-15,-2.2259157301737775e-07
822.509121460287,0.026956888960349028,0.026956888960347838,0.026956888960348223,0.026954536529904382,0.026956736271143356,0.02695687932870595,3.8510861166685117e-16,-1.5268920448147094e-07
826.5809487942488,0.024786211153730878,0.02478621115373011,0.024786211153729316,0.024784756235443635,0.02478611647172162,0.024786205177523737,-7.945033519973776e-16,-9.468200849044317e-08
830.6527761282107,0.023459216191665334,0.023459216191665255,0.023459216191663156,0.02345834681893288,0.02345915931808648,0.02345921259746739,-2.0990154059319366e-15,-5.687357877356969e-08
834.7246034621725,0.022675461710040735,0.022675461710041374,0.02267546171003812,0.022674978141688572,0.02267542971828601,0.022675459683008724,-3.25434124093249e-15,-3.199175536289234e-08
838.7964307961344,0.022263993803780358,0.022263993803781627,0.022263993803778435,0.022263801227923475,0.022263980517673233,0.02226399295398461,-3.191891195797325e-15,-1.3286108394017226e-08
842.8682581300961,0.02215556370163293,0.022155563701634507,0.022155563701632422,0.022155644571678793,0.022155567891516768,0.022155563950136358,-2.085137618124122e-15,4.189882260585698e-09
846.9400854640579,0.02235627896731634,0.02235627896731843,0.022356278967318045,0.022356673905571778,0.0223563031049581,0.02235628046753892,-3.8510861166685117e-16,2.4137639668270205e-08
851.0119127980198,0.0229080812792415,0.0229080812792449,0.022908081279246727,0.02290880171940935,0.02290812598135336,0.022908084068114086,1.8283985436795547e-15,4.4702108462774115e-08
855.0837401319816,0.023715259280916282,0.023715259280921018,0.023715259280924824,0.023715983850746407,0.023715304124332974,0.023715262076566018,3.805983306293115e-15,4.484341195598596e-08
859.1555674659434,0.02436817435655346,0.024368174356556565,0.024368174356561703,0.024368407290329814,0.024368188190098304,0.024368175209746174,5.138250935843303e-15,1.3833541739199928e-08
863.2273947999053,0.024576368948836084,0.024576368948835168,0.024576368948840716,0.02457608308732445,0.02457635040893413,0.0245763677798454,5.547645676173829e-15,-1.8539901038006068e-08
867.299222133867,0.024241516918117927,0.024241516918114804,0.02424151691811972,0.024240908162856217,0.024241478226963927,0.02424151449041132,4.916206330918271e-15,-3.8691150876929425e-08
871.3710494678288,0.023835681668691117,0.023835681668688418,0.023835681668691447,0.023835278865780844,0.023835656190424104,0.02383568007220159,3.028827189055505e-15,-2.5478264314288124e-08
875.4428768017907,0.023939465394797382,0.023939465394795887,0.02393946539479726,0.02393947626757207,0.023939466338010917,0.023939465458504477,1.3739009929736312e-15,9.432150303856357e-10
879.5147041357525,0.024783783826026404,0.024783783826025512,0.02478378382602661,0.02478425291411136,0.024783814132391033,0.024783785736315643,1.096345236817342e-15,3.030636552131538e-08
883.5865314697143,0.02658952765950104,0.02658952765949998,0.026589527659501445,0.02659053248835186,0.026589592399722063,0.026589531736891384,1.4641066137244252e-15,6.474022208255437e-08
887.6583588036762,0.029472409363451378,0.029472409363449806,0.029472409363451222,0.029473792388936416,0.029472498444898,0.029472414973179494,1.4155343563970746e-15,8.908144819366748e-08
891.7301861376379,0.03219285286110692,0.03219285286110484,0.03219285286110576,0.03219337257677367,0.03219288634057572,0.032192854969393565,9.159339953157541e-16,3.347947087617431e-08
895.8020134715997,0.03184145431186159,0.03184145431185956,0.031841454311860126,0.03184015869032205,0.03184137081004362,0.031841449053211186,5.689893001203927e-16,-8.350181593397288e-08
899.8738408055616,0.029060997512601848,0.029060997512600415,0.02906099751260091,0.029059384384469297,0.029060893485797153,0.02906099096064997,4.961309141293668e-16,-1.0402680326176972e-07
903.9456681395234,0.02667383731248046,0.026673837312479822,0.02667383731247991,0.02667278767960103,0.026673769528712105,0.026673833041954066,8.673617379884035e-17,-6.778376771682249e-08
908.0174954734852,0.02540824018126319,0.025408240181263007,0.025408240181262125,0.025407705922397866,0.025408205531880078,0.025408237996216814,-8.81239525796218e-16,-3.4649382928825245e-08
912.089322807447,0.025076141555158023,0.02507614155515803,0.025076141555156094,0.025075964530884013,0.025076129819528097,0.025076140811500395,-1.9359513991901167e-15,-1.1735629933118386e-08
916.1611501414088,0.025532720829635043,0.025532720829635328,0.025532720829632864,0.02553279236390628,0.025532724965028994,0.02553272108326425,-2.463307335887066e-15,4.135393666393483e-09
920.2329774753706,0.026702876768662738,0.026702876768663567,0.026702876768661905,0.026702974654787093,0.026702882519857855,0.026702877122801564,-1.6618650899857812e-15,5.751194288167172e-09
924.3048048093325,0.028115703358078597,0.028115703358079624,0.02811570335807963,0.02811526515812907,0.028115674855304116,0.028115701559523514,6.938893903907228e-18,-2.8502775507865952e-08
928.3766321432943,0.028975201955228888,0.028975201955229152,0.028975201955231407,0.02897437531064933,0.02897514879857302,0.028975198609962886,2.2551405187698492e-15,-5.3156656132369307e-08
932.448459477256,0.02958854415521247,0.02958854415521131,0.02958854415521551,0.02958816811266529,0.029588519965533758,0.02958854263269478,4.198030811863873e-15,-2.4189677552688416e-08
936.5202868112179,0.030269874352195598,0.030269874352193672,0.030269874352198394,0.030269868299161087,0.03026987369491163,0.030269874306430005,4.721917301608869e-15,-6.572820412942271e-10
940.5921141451797,0.03132306585865893,0.0313230658586575,0.03132306585866176,0.03132357882580239,0.031323097982180505,0.03132306786692636,4.253541963095131e-15,3.2123523001359455e-08
944.6639414791415,0.03330369134335221,0.03330369134335168,0.03330369134335492,0.03330464950299733,0.03330375132253127,0.03330369509285448,3.2404634531246757e-15,5.997917959521537e-08
948.7357688131034,0.03536011111391068,0.03536011111390987,0.03536011111391165,0.035360705169915116,0.035360146936270424,0.03536011333137472,1.7832957333041577e-15,3.582236055704735e-08
952.8075961470652,0.036851991174079855,0.03685199117407765,0.0368519911740784,0.03685198816183175,0.03685198781124446,0.03685199091322866,7.494005416219807e-16,-3.3628331855273252e-09
956.879423481027,0.03863682804349544,0.0386368280434939,0.038636828043495296,0.038636758209868456,0.03863681941368493,0.03863682743659232,1.394717674685353e-15,-8.629808971594155e-09
960.9512508149888,0.04084904300296206,0.040849043002964776,0.04084904300296775,0.04084934779616168,0.040849057552675025,0.040849043841053326,2.976785484776201e-15,1.4549710249112113e-08
965.0230781489506,0.041586961186682085,0.04158696118668905,0.041586961186692126,0.04158709210144437,0.04158696504956775,0.04158696135957433,3.073929999430902e-15,3.862878697469263e-09
969.0949054829124,0.04054387094876905,0.04054387094877774,0.04054387094877889,0.04054410137277434,0.040543881662890975,0.040543871559663526,1.1518563880486e-15,1.0714113235499312e-08
973.1667328168743,0.03980696121051789,0.03980696121052207,0.03980696121052061,0.03980745621966184,0.03980698878923608,0.03980696288030933,-1.457167719820518e-15,2.7578714013876127e-08
977.2385601508361,0.038461293341236893,0.03846129334123189,0.038461293341229094,0.03846176602628678,0.038461320129187536,0.038461294971278086,-2.796374243274613e-15,2.6787955645368733e-08
981.3103874847978,0.036309577600686746,0.03630957760067988,0.03630957760067737,0.036310620351149354,0.036309642209948305,0.03630958162965547,-2.5118795932144167e-15,6.460926842144499e-08
985.3822148187597,0.035109026843403696,0.03510902684339932,0.035109026843397395,0.035111172905021866,0.03510916322199358,0.03510903540273355,-1.9220736113823023e-15,1.363785942648521e-07
989.4540421527215,0.035482694590541035,0.03548269459053813,0.03548269459053557,0.03548618410452033,0.03548291771242359,0.03548270861545924,-2.5604518505417673e-15,2.2312188546064204e-07
993.5258694866834,0.03746255544427692,0.03746255544427415,0.03746255544426915,0.037467767434863256,0.037462889251018164,0.03746257643511598,-4.9960036108132044e-15,3.338067440170067e-07
997.5976968206452,0.041222996211837594,0.0412229962118342,0.04122299621182576,0.0412306081163855,0.041223483858583376,0.04122302687876252,-8.43769498715119e-15,4.876467491754521e-07
1001.669524154607,0.04696222371815283,0.04696222371814939,0.04696222371813818,0.04697320349390794,0.04696292731625925,0.04696226796896462,-1.1213252548714081e-14,7.035981098579835e-07
1005.7413514885689,0.05480413465737124,0.05480413465736963,0.05480413465735767,0.05482027311061216,0.05480516964436969,0.05480419976342673,-1.1955714196432154e-14,1.0349870000619932e-06
1009.8131788225306,0.06645150077001691,0.06645150077001832,0.06645150077000751,0.06647685295839054,0.06645312735916002,0.06645160310323873,-1.0810796702287462e-14,1.6265891416983314e-06
1013.8850061564924,0.0849454411474118,0.08494544114741498,0.08494544114740589,0.08498631580681502,0.08494806307991962,0.08494560609223303,-9.089951014118469e-15,2.62193250463727e-06
1017.9568334904543,0.11180143176660787,0.11180143176661217,0.11180143176660358,0.11186209589384773,0.11180532409329379,0.1118016766377343,-8.590350653037149e-15,3.892326681617653e-06
1022.0286608244161,0.14059720993916808,0.1405972099391763,0.14059720993916774,0.1406506094799062,0.14060064879297343,0.14059742643305032,-8.548717289613705e-15,3.438853797138597e-06
1026.1004881583779,0.14592710599556463,0.14592710599557124,0.1459271059955654,0.1459146365347552,0.14592633685853745,0.14592705803626005,-5.828670879282072e-15,-7.691370337847836e-07
1030.1723154923397,0.12234450382811522,0.12234450382811662,0.12234450382811457,0.12229623925234863,0.12234143673929433,0.12234431133724726,-2.0539125955565396e-15,-3.06708882229223e-06
1034.2441428263014,0.0981666425282214,0.09816664252821998,0.09816664252822073,0.09812792724939973,0.09816417895271723,0.09816648787712214,7.494005416219807e-16,-2.463575502750781e-06
1038.3159701602633,0.08459054124319276,0.08459054124318992,0.08459054124319247,0.0845647809300584,0.08458890334576644,0.0845904384457648,2.55351295663786e-15,-1.6378974234815269e-06
1042.3877974942252,0.07597634089261232,0.0759763408926077,0.07597634089261103,0.07595555712750682,0.0759750219351647,0.0759762581507003,3.3306690738754696e-15,-1.318957443000035e-06
1046.4596248281869,0.06684594127200288,0.06684594127199654,0.06684594127200005,0.06682945721264713,0.06684489699610592,0.06684587579098274,3.5110803153770576e-15,-1.0442758906215044e-06
1050.5314521621488,0.06015147998778643,0.060151479987778395,0.060151479987782246,0.06014142336602297,0.06015084457553914,0.06015144017199301,3.851086116668512e-15,-6.354122392554507e-07
1054.6032794961106,0.05837245124650924,0.05837245124649709,0.058372451246502005,0.05836806977677705,0.05837217673407892,0.05837243408327019,4.912736883966318e-15,-2.7451241817189054e-07
1058.6751068300725,0.06162037745991581,0.06162037745989687,0.06162037745990351,0.06162031310047138,0.06162037753843912,0.06162037753285647,6.6405214660392176e-15,7.854224909342733e-11
1062.7469341640342,0.06841924154712578,0.06841924154710301,0.068419241547111,0.06842143422219771,0.06841938468776304,0.068419250592216,7.993605777301127e-15,1.4314066003329184e-07
1066.818761497996,0.07482689769660016,0.07482689769658579,0.0748268976965946,0.07482995471414605,0.07482709445622183,0.0748269100867984,8.81239525796218e-15,1.9675963604248725e-07
1070.890588831958,0.08003906607457381,0.0800390660745747,0.08003906607458378,0.08004648500408926,0.08003953888442632,0.08003909577339012,9.076073226310655e-15,4.7280985161768374e-07
1074.9624161659196,0.0885097463577858,0.08850974635779521,0.08850974635780269,0.0885277746639244,0.0885108926024465,0.08850981831041406,7.480127628411992e-15,1.1462446512927604e-06
1079.0342434998815,0.10526039695807635,0.1052603969580894,0.1052603969580922,0.10528942098494144,0.10526224217651878,0.10526051277586757,2.789435349370706e-15,1.8452184293721308e-06
1083.1060708338434,0.12373685456422899,0.12373685456424278,0.12373685456424001,0.12375243034140053,0.12373784823356876,0.12373691696815033,-2.7755575615628914e-15,9.936693259743334e-07
1087.177898167805,0.12099853764486362,0.12099853764487566,0.12099853764487248,0.12097634061204461,0.12099713326851087,0.12099844958919827,-3.1780134079895106e-15,-1.4043763647830776e-06
1091.249725501767,0.09718642149691631,0.09718642149692627,0.09718642149692654,0.09715473502771493,0.09718441327424057,0.09718629554976785,2.636779683484747e-16,-2.008222685701e-06
1095.3215528357289,0.07397502497714167,0.0739750249771482,0.07397502497715186,0.0739529884092663,0.07397362998865532,0.07397493751953856,3.6637359812630166e-15,-1.394988492872673e-06
1099.3933801696905,0.0586065279286051,0.058606527928609244,0.058606527928615725,0.05859353491335387,0.05860570827314265,0.0586064765871346,6.480926906249351e-15,-8.196554665967914e-07
1103.4652075036524,0.04931369238278551,0.04931369238278853,0.04931369238279545,0.0493063423615634,0.04931323204836807,0.0493136636022221,6.918077222195507e-15,-4.603344204573423e-07
1107.5370348376143,0.04372781495177576,0.043727814951777785,0.043727814951782774,0.043723835557916264,0.0437275695344214,0.04372779967001448,4.989064716909297e-15,-2.454173563884443e-07
1111.608862171576,0.04037442682480891,0.04037442682480979,0.040374426824812196,0.040372543296532545,0.040374315319857496,0.04037441995848485,2.4077961846558082e-15,-1.1150495229234059e-07
1115.6806895055379,0.038442445850692425,0.03844244585069231,0.03844244585069272,0.03844194969056018,0.03844242323134973,0.03844244457410655,4.163336342344337e-16,-2.2619342579521806e-08
1119.7525168394998,0.03750048310900599,0.0375004831090055,0.037500483109004654,0.03750096349401425,0.03750052322571021,0.03750048578046298,-8.465450562766819e-16,4.0116704708159645e-08
1123.8243441734614,0.03733790686307145,0.03733790686307099,0.03733790686306897,0.03733910204636584,0.03733799294528893,0.037337912427942176,-2.0192181260370035e-15,8.608221794409454e-08
1127.8961715074233,0.03789410306824442,0.03789410306824369,0.03789410306824104,0.037895809045605834,0.03789422181802297,0.03789411068666619,-2.643718577388654e-15,1.187497792806691e-07
1131.9679988413852,0.03924438777221344,0.039244387772212085,0.0392443877722101,0.039246381769321076,0.0392445243064451,0.03924439649855416,-1.9845236565174673e-15,1.365342330167385e-07
1136.039826175347,0.04162072640924145,0.04162072640923952,0.041620726409238744,0.041622670716221874,0.04162085780921348,0.04162073478185341,-7.771561172376096e-16,1.3139997395716918e-07
1140.1116535093088,0.045364645565317274,0.0453646455653148,0.0453646455653143,0.045365948492988216,0.04536473174290893,0.045364651028570964,-4.996003610813204e-16,8.617759413021009e-08
1144.1834808432707,0.05028460792668957,0.05028460792668651,0.050284607926684474,0.05028444079266068,0.05028459418890214,0.05028460701586505,-2.033095913844818e-15,-1.3737784368417216e-08
1148.2553081772323,0.054101580927693495,0.05410158092769064,0.054101580927686625,0.05410046013763182,0.054101505712885044,0.054101576145856686,-4.017619570362285e-15,-7.521480559907756e-08
1152.3271355111942,0.05507933090546531,0.055079330905463006,0.05507933090545852,0.05508114189144597,0.0550794557010088,0.055079338896552955,-4.4825254619240695e-15,1.2479554579308827e-07
1156.3989628451561,0.056097897472149494,0.056097897472147086,0.05609789747214314,0.05610539756068618,0.056098404709524465,0.05609792980001567,-3.948230631323213e-15,5.072373773784555e-07
1160.4707901791178,0.05959836151239109,0.05959836151238862,0.05959836151238506,0.05961184099960742,0.05959926954892271,0.059598419327851884,-3.559652572704408e-15,9.080365340891072e-07
1164.5426175130797,0.06636027840981772,0.06636027840981547,0.0663602784098123,0.06637989764640971,0.06636159779105133,0.0663603623811085,-3.164135620181696e-15,1.3193812358619494e-06
1168.6144448470416,0.07640687686721089,0.07640687686720858,0.07640687686720712,0.07643328173122531,0.07640865234737992,0.07640698986349023,-1.457167719820518e-15,1.7754801713426582e-06
1172.6862721810032,0.08703262969780132,0.0870326296977974,0.08703262969779871,0.0870672329270047,0.0870349615650993,0.08703277818317565,1.304512053934559e-15,2.3318673018912772e-06
1176.7580995149651,0.09450357320664358,0.09450357320663527,0.0945035732066389,0.09455145261628246,0.09450680442354291,0.09450377903304413,3.622102617839573e-15,3.231216907637058e-06
1180.829926848927,0.10277937058710639,0.10277937058709127,0.10277937058709612,0.1028494941394928,0.10278409913694513,0.10277967173803144,4.8433479449272454e-15,4.728549853852404e-06
1184.9017541828887,0.1177749405929182,0.11777494059289395,0.11777494059290035,0.11787916570537482,0.11778196253392666,0.1177753877184522,6.3976601794024646e-15,7.021941032706036e-06
1188.9735815168506,0.1432271135873755,0.1432271135873376,0.14322711358734805,0.14338522401821963,0.14323776063246016,0.14322779147474532,1.0436096431476471e-14,1.0647045122547105e-05
1193.0454088508125,0.18434037403650058,0.18434037403644055,0.1843403740364574,0.1845882344168048,0.18435706001208538,0.18434143636396777,1.684763439868675e-14,1.6685975644831208e-05
1197.1172361847741,0.25088169761335977,0.2508816976132622,0.2508816976132853,0.251282259288227,0.25090865960173925,0.25088341413163245,2.3148150063434514e-14,2.6961988477069987e-05
1201.189063518736,0.3591307795624466,0.3591307795622889,0.3591307795623122,0.35977026578638543,0.3591738285816271,0.3591335202554586,2.3314683517128287e-14,4.304901933821492e-05
1205.260890852698,0.5239804188218227,0.5239804188215984,0.5239804188216097,0.5248393668537452,0.5240382900071662,0.523984103355876,1.1324274851176597e-14,5.787118556777049e-05
1209.3327181866596,0.7152090797649632,0.7152090797647829,0.715209079764768,0.7158134244272774,0.7152499140124098,0.715211680014595,-1.4876988529977098e-14,4.083424762690857e-05
1213.4045455206215,0.8262498577489966,0.826249857749057,0.8262498577490263,0.8260753272408368,0.8262382092741185,0.8262491163761733,-3.0753177782116836e-14,-1.164847493850818e-05
1217.4763728545834,0.7569278662404684,0.7569278662406891,0.756927866240684,0.7562542015819735,0.7568825089119174,0.7569249787417187,-5.10702591327572e-15,-4.535732877164467e-05
1221.548200188545,0.5590121540817801,0.5590121540819696,0.5590121540819896,0.558380434197391,0.5589695983163651,0.5590094451221485,1.9984014443252818e-14,-4.25557656045239e-05
1225.620027522507,0.3824197208086371,0.38241972080875775,0.38241972080878195,0.381996889028819,0.3823912361453489,0.3824179076304273,2.4202861936828413e-14,-2.8484663408823163e-05
1229.6918548564688,0.2688744657166023,0.26887446571667534,0.2688744657166974,0.2686053378333892,0.26885633688315275,0.26887331174981244,2.2037927038809357e-14,-1.8128833522590426e-05
1233.7636821904305,0.2020268820939619,0.20202688209400743,0.20202688209402225,0.2018431816600843,0.2020145088814006,0.20202609449913447,1.482147737874584e-14,-1.2373212606830997e-05
1237.8355095243924,0.164117571426484,0.16411757142651312,0.16411757142651778,0.16397347477356203,0.16410786734733052,0.16411695374870128,4.6629367034256575e-15,-9.704079182604186e-06
1241.9073368583543,0.14132216823992966,0.1413221682399477,0.14132216823994473,0.14119154733668807,0.14131337630792,0.14132160869750193,-2.9698465908722937e-15,-8.791932027685245e-06
1245.979164192316,0.12123736815639202,0.12123736815640336,0.12123736815639773,0.12112218077528729,0.12122961962500087,0.12123687510323661,-5.6343818499726694e-15,-7.74853140249332e-06
1250.0509915262778,0.10243245137343612,0.10243245137344553,0.10243245137344184,0.10234628187166736,0.10242665492782858,0.10243208254181946,-3.6914915568786455e-15,-5.796445616948476e-06
1254.1228188602397,0.08843895241986441,0.0884389524198723,0.08843895241987335,0.08837853476789091,0.08843488793360285,0.08843869378718515,1.0408340855860843e-15,-4.064486269453327e-06
1258.1946461942014,0.07753414107573348,0.07753414107573818,0.07753414107574386,0.07749023976086514,0.07753118952822138,0.0775339532863856,5.676015213396113e-15,-2.9515475167968264e-06
1262.2664735281633,0.06805908603638011,0.0680590860363856,0.06805908603639332,0.06802646803951244,0.06805689404145154,0.06805894658534445,7.729927808952652e-15,-2.191994934050423e-06
1266.3383008621252,0.06065844275742217,0.060658442757431395,0.06065844275743865,0.0606339813618078,0.06065679879408408,0.06065833816828469,7.258083023486961e-15,-1.6439633473142035e-06
1270.4101281960868,0.055223431267926774,0.05522343126793694,0.05522343126794217,0.05520440731875733,0.05522215296917113,0.05522334994490127,5.23192600354605e-15,-1.2782987658110923e-06
1274.4819555300487,0.05138963992371285,0.05138963992372067,0.05138963992372309,0.05137447318290517,0.05138862013409887,0.051389575035822595,2.4216739724636227e-15,-1.0197896218033797e-06
1278.5537828640106,0.04922022013661309,0.04922022013661824,0.04922022013661791,0.049207910372899025,0.049219390796274284,0.04922016734151305,-3.2612801348363973e-16,-8.293403439552094e-07
1282.6256101979723,0.048814770526115596,0.0488147705261187,0.04881477052611582,0.04880450641650788,0.04881407667684004,0.048814726320899,-2.8796409701214998e-15,-6.938492786573436e-07
1286.6974375319342,0.0504164505899162,0.05041645058991789,0.050416450589912516,0.0504074385358187,0.050415838485653126,0.05041641154892528,-5.370703881624195e-15,-6.12104264760549e-07
1290.769264865896,0.054290967391149886,0.05429096739115078,0.05429096739114334,0.05428218783784262,0.05429036819265704,0.05429092912973846,-7.438494264988549e-15,-5.991984937392392e-07
1294.8410921998577,0.05953522656509289,0.05953522656509447,0.059535226565084996,0.059525559624917186,0.05953456525039007,0.05953518431380564,-9.471590178833367e-15,-6.613147044004508e-07
1298.9129195338196,0.06193656721826674,0.06193656721826975,0.061936567218259235,0.061925744620204795,0.061935829378251,0.061936520115260026,-1.0512424264419451e-14,-7.378400187496581e-07
1302.9847468677815,0.059964276365051146,0.059964276365053304,0.05996427636504394,0.05995418400776225,0.05996359253904195,0.059964232773513836,-9.360567876370851e-15,-6.838260113509187e-07
1307.0565742017432,0.058743672633633476,0.05874367263363283,0.05874367263362589,0.058736092284766894,0.058743160646760696,0.058743640021240884,-6.938893903907228e-15,-5.119868721342735e-07
1311.128401535705,0.06167088578050893,0.06167088578050613,0.06167088578050146,0.06166571124064581,0.061670536895614955,0.061670863566891256,-4.669875597329565e-15,-3.488848911714637e-07
1315.200228869667,0.06782386235408773,0.06782386235408919,0.0678238623540861,0.06781939911551124,0.06782356462086297,0.06782384344536543,-3.0808688933348094e-15,-2.9773322621218234e-07
1319.2720562036286,0.07328289432985671,0.07328289432987213,0.07328289432987005,0.07327881133823845,0.07328262232143161,0.07328287706086073,-2.0816681711721685e-15,-2.7200844052166495e-07
1323.3438835375905,0.07682610991033532,0.07682610991035344,0.0768261099103523,0.07682353225498942,0.0768259347848067,0.07682609874024401,-1.1379786002407855e-15,-1.7512554673082548e-07
1327.4157108715524,0.0769797890929504,0.07697978909295333,0.07697978909295307,0.07697528309701887,0.0769794919445446,0.07697977027137363,-2.636779683484747e-16,-2.9714840872607784e-07
1331.487538205514,0.07189559024619482,0.07189559024618439,0.07189559024618442,0.07188804925127827,0.07189509898883628,0.07189555922298857,2.7755575615628914e-17,-4.912573481063998e-07
1335.559365539476,0.06756731543415911,0.06756731543413841,0.06756731543413813,0.06755963466761229,0.06756681406137492,0.06756728375681538,-2.7755575615628914e-16,-5.013727634867182e-07
1339.6311928734378,0.06864542700347595,0.06864542700344492,0.06864542700344375,0.06863830113830002,0.06864495951299665,0.06864539743036233,-1.1657341758564144e-15,-4.674904482693254e-07
1343.7030202073995,0.0753182782153354,0.07531827821530153,0.07531827821529928,0.07531142839459862,0.07531782584521889,0.07531824955214125,-2.248201624865942e-15,-4.523700826430943e-07
1347.7748475413614,0.0882024370825223,0.08820243708249687,0.08820243708249356,0.08819466854561159,0.0882019193212134,0.08820240420283156,-3.3029134982598407e-15,-5.177612834583734e-07
1351.8466748753233,0.10703095431806146,0.10703095431804746,0.10703095431804309,0.10701684684398996,0.10703000775813415,0.10703089411221955,-4.371503159461554e-15,-9.465599133118285e-07
1355.918502209285,0.12033331502949851,0.12033331502949729,0.12033331502949052,0.12030595291599677,0.1203314767314323,0.12033319807367761,-6.772360450213455e-15,-1.83829806499336e-06
1359.9903295432468,0.12069610856442028,0.1206961085644331,0.12069610856442382,0.12066669288417346,0.12069413322956982,0.12069598290881589,-9.270362255620057e-15,-1.9753348632772783e-06
1364.0621568772087,0.12449840903991113,0.12449840903993904,0.12449840903992777,0.1244802393115996,0.12449719116640816,0.1244983316032544,-1.1268763699945339e-14,-1.217873530884317e-06
1368.1339842111706,0.13816982949284892,0.1381698294928921,0.13816982949288112,0.1381641038781579,0.1381694453914596,0.13816980506580617,-1.099120794378905e-14,-3.841014325212111e-07
1372.2058115451323,0.14060932835382584,0.1406093283538757,0.14060932835386988,0.14061225105335945,0.14060951458600454,0.14060934005149495,-5.828670879282072e-15,1.8623212882928897e-07
1376.2776388790942,0.11757538813612711,0.11757538813617305,0.11757538813617303,0.11758015039989882,0.11757569272852664,0.1175754072858819,-1.3877787807814457e-17,3.045923535893724e-07
1380.349466213056,0.09058356893118796,0.09058356893122568,0.09058356893122715,0.0905865833178763,0.09058376001459288,0.09058358091780676,1.4710455076283324e-15,1.9108336719864116e-07
1384.4212935470177,0.07291331199053036,0.07291331199054794,0.07291331199054893,0.07291461869157304,0.07291339334181643,0.072913317070365,9.853229343548264e-16,8.135126848551888e-08
1388.4931208809796,0.06352904670786598,0.06352904670785336,0.06352904670785399,0.06352926489063603,0.06352905881883499,0.0635290474406232,6.245004513516506e-16,1.211098162035018e-08
1392.5649482149415,0.057566795283473436,0.057566795283440345,0.05756679528344158,0.05756659855047081,0.05756678129140313,0.0575667943820399,1.2351231148954867e-15,-1.3992037216359332e-08
1396.6367755489032,0.05152406175982036,0.05152406175978655,0.05152406175978964,0.05152412729623582,0.05152406441633738,0.0515240619029516,3.0878077872387166e-15,2.6565508334797094e-09
1400.708602882865,0.04664145879728022,0.046641458797251754,0.046641458797256355,0.0466419244270157,0.04664148669538104,0.04664146052170821,4.6004866582904924e-15,2.7898129285885975e-08
1404.780430216827,0.044211222376151826,0.04421122237612592,0.044211222376130455,0.04421231645235128,0.04421129027839319,0.04421122661245289,4.538036613155327e-15,6.790226727421134e-08
1408.8522575507886,0.04340198098058547,0.043401980980565996,0.043401980980569195,0.04340356765558539,0.043402080713883684,0.04340198722298955,3.1988300897012323e-15,9.973331768775573e-08
1412.9240848847505,0.0421960352459002,0.0421960352458979,0.042196035245899585,0.04219752607236344,0.042196129276484515,0.04219604113643355,1.6861512186494565e-15,9.403058661566766e-08
1416.9959122187124,0.039932474306817574,0.03993247430682811,0.039932474306829134,0.03993315895330014,0.03993251654897862,0.03993247693818443,1.0269562977782698e-15,4.224215051362723e-08
1421.067739552674,0.037601615354784436,0.03760161535479444,0.03760161535479567,0.03760175173155568,0.03760162154924593,0.03760161570478499,1.2281842209915794e-15,6.1944514864742395e-09
1425.139566886636,0.03678326920122331,0.03678326920122838,0.0367832692012305,0.03678340322533793,0.03678327386889869,0.03678326943363062,2.1163626406917047e-15,4.6676703058246005e-09
1429.2113942205979,0.03756617338785955,0.037566173387859565,0.03756617338786274,0.037566247221955264,0.03756617277582458,0.03756617326578755,3.1780134079895106e-15,-6.120349851923557e-10
1433.2832215545595,0.038384585934996523,0.0383845859349915,0.038384585934995566,0.038384052871409974,0.038384544901547926,0.038384583246507835,4.066191827689636e-15,-4.103344357353489e-08
1437.3550488885214,0.03775311297460215,0.037753112974594376,0.03775311297459867,0.03775172165938392,0.037753015292616404,0.03775310669743357,4.295175326518574e-15,-9.768197797160871e-08
1441.4268762224833,0.03605580634367827,0.0360558063436741,0.03605580634367747,0.036054214695615594,0.036055695539868,0.03605579923686422,3.372302437298913e-15,-1.1080380609568286e-07
1445.498703556445,0.034272642390903274,0.03427264239091041,0.034272642390912184,0.03427151134363094,0.034272561972780106,0.03427263720879813,1.7763568394002505e-15,-8.041813030074119e-08
1449.5705308904069,0.03270416964111633,0.03270416964112843,0.032704169641129106,0.032703362464799754,0.03270411131679267,0.032704165869629834,6.730727086790012e-16,-5.8324335763804136e-08
1453.6423582243688,0.03152403927228804,0.031524039272293934,0.03152403927229447,0.03152331413402855,0.03152398775170459,0.031524035953036385,5.342948306008566e-16,-5.1520589343379e-08
1457.7141855583304,0.030723464840759527,0.030723464840760144,0.03072346484076139,0.030722974458510223,0.030723429950388518,0.030723462592389575,1.2455314557513475e-15,-3.489037162657249e-08
1461.7860128922923,0.030501025984509156,0.03050102598450963,0.030501025984511754,0.030501080605288427,0.030501027486875963,0.030501026048065476,2.123301534595612e-15,1.5023663320345992e-09
1465.8578402262542,0.03130810585298337,0.03130810585298591,0.031308105852988724,0.0313088955849866,0.03130815574702748,0.0313081089802695,2.8171909249863347e-15,4.9894041571907355e-08
1469.9296675602159,0.03363151740954172,0.03363151740954586,0.03363151740954835,0.033633321372811865,0.033631633521078265,0.033631524720809824,2.491062911502695e-15,1.1611153240276284e-07
1474.0014948941778,0.038155048401007044,0.038155048401011735,0.0381550484010128,0.03815838126415906,0.038155264006242744,0.038155061993812266,1.0685896612017132e-15,2.156052310089973e-07
1478.0733222281397,0.04526978400034308,0.04526978400034577,0.04526978400034553,0.04527470534671503,0.045270103618856694,0.04526980416986411,-2.42861286636753e-16,3.196185109216598e-07
1482.1451495621013,0.05189800875098419,0.05189800875098117,0.05189800875098059,0.05190194775696367,0.05189826829746442,0.051898025187358886,-5.759281940243e-16,2.5954648324999496e-07
1486.2169768960632,0.050655607327806634,0.05065560732780011,0.05065560732780121,0.050655726957771686,0.050655623446358995,0.050655608475164066,1.096345236817342e-15,1.611855888344893e-08
1490.288804230025,0.04316920941082949,0.04316920941082451,0.043169209410829586,0.04316790850228223,0.043169133075367475,0.04316920472127659,5.072331443756184e-15,-7.633545703877864e-08
1494.3606315639868,0.03664331312206634,0.0366433131220635,0.036643313122072044,0.03664251910437322,0.03664326757338396,0.036643310341929775,8.541778395709798e-15,-4.5548679543372383e-08
1498.4324588979487,0.032930861917772454,0.03293086191777045,0.032930861917779816,0.032930775739990835,0.03293086097031801,0.03293086193058895,9.367506770274758e-15,-9.474524359509573e-10
1502.5042862319106,0.03151946879335644,0.03151946879335393,0.031519468793362114,0.0315200155379131,0.03151950864562128,0.03151947137581599,8.180955912706622e-15,3.985226734726233e-08
1506.5761135658722,0.03203092686822033,0.03203092686821649,0.03203092686822335,0.03203217588150703,0.032031013019837976,0.03203093238285461,6.855627177060342e-15,8.615162148256639e-08
1510.647940899834,0.03462658536444413,0.03462658536443916,0.03462658536444502,0.03462880523645963,0.034626736361361266,0.03462659499864764,5.856426454897701e-15,1.5099692210474025e-07
1514.719768233796,0.03976380314930753,0.03976380314930231,0.03976380314930729,0.03976732880321345,0.03976404172228021,0.039763818352611446,4.98212582300539e-15,2.3857297790086385e-07
1518.7915955677577,0.046292825906153176,0.046292825906148555,0.046292825906153266,0.046297243609980145,0.04629312351768036,0.04629284485198586,4.711508960753008e-15,2.976115318076289e-07
1522.8634229017196,0.04811083987707487,0.04811083987707277,0.04811083987707721,0.048114209008488916,0.04811106462081944,0.048110854151105616,4.440892098500626e-15,2.2474374666847652e-07
1526.9352502356815,0.04220127992976888,0.04220127992976883,0.04220127992977273,0.042202994731484034,0.04220139239215943,0.042201287043798726,3.899658373995862e-15,1.1246239059459207e-07
1531.0070775696431,0.03496024076377943,0.034960240763779654,0.03496024076378349,0.03496117473303694,0.034960301409918175,0.03496024459091482,3.837208328860697e-15,6.064613852080347e-08
1535.078904903605,0.02990149128513624,0.029901491285136556,0.029901491285140306,0.029902095204643226,0.029901530544658876,0.029901493763366208,3.750472155061857e-15,3.925952232058938e-08
1539.150732237567,0.026792409200191204,0.026792409200191578,0.026792409200194874,0.02679282694667207,0.02679243646220079,0.02679241092271461,3.2959746043559335e-15,2.7262009212603022e-08
1543.2225595715286,0.024896389996005047,0.024896389996005446,0.024896389996007885,0.02489668194008114,0.02489640910756369,0.02489639120446576,2.4390212072233908e-15,1.911155824221855e-08
1547.2943869054905,0.023728997106739747,0.023728997106740306,0.023728997106741038,0.023729197041048977,0.023729010219976702,0.023728997936299328,7.320533068622126e-16,1.3113236396050665e-08
1551.3662142394523,0.023024081915924928,0.02302408191592574,0.023024081915924505,0.023024210669080215,0.02302409036700648,0.023024082450650053,-1.2351231148954867e-15,8.451080741461725e-09
1555.438041573414,0.022643698932999067,0.022643698933000053,0.022643698932997648,0.02264376902537026,0.02264370353069753,0.022643699223859795,-2.4043267377038546e-15,4.597697476210749e-09
1559.509868907376,0.022525513181191812,0.022525513181192735,0.022525513181190098,0.022525530851839337,0.022525514330793018,0.022525513253761828,-2.6367796834847468e-15,1.1496002830235774e-09
1563.5816962413378,0.02266004596143369,0.02266004596143398,0.022660045961431622,0.022660011766100906,0.02266004369992995,0.022660045818054263,-2.3592239273284576e-15,-2.2615040326523506e-09
1567.6535235752995,0.02308839510190142,0.02308839510190099,0.023088395101899035,0.023088303181140656,0.023088389048801616,0.023088394718550842,-1.9532986339498848e-15,-6.053099372432813e-09
1571.7253509092614,0.02391936250858746,0.023919362508586613,0.02391936250858565,0.02391919803955363,0.023919351699615468,0.023919361824370863,-9.645062526431047e-16,-1.0808971145220836e-08
1575.7971782432232,0.02537174396699776,0.025371743966997116,0.025371743966997786,0.02537147757318368,0.02537172648978981,0.025371742861132186,6.696032617270475e-16,-1.7477207306382248e-08
1579.869005577185,0.027836555217905068,0.027836555217904988,0.0278365552179075,0.02783613241380887,0.027836527517854055,0.027836553465770658,2.5118795932144167e-15,-2.7700050933554543e-08
1583.9408329111468,0.03180976109770621,0.031809761097706835,0.031809761097710776,0.03180908861405666,0.03180971703289628,0.031809758310323254,3.941291737419306e-15,-4.4064810557353784e-08
1588.0126602451087,0.0368792074438697,0.03687920744387093,0.03687920744387585,0.03687817694361194,0.03687913961578824,0.036879203148701835,4.919675777870225e-15,-6.782808269212293e-08
1592.0844875790704,0.039381827194189784,0.03938182719419169,0.039381827194196986,0.03938052987000501,0.0393817410448664,0.03938182172742407,5.294376048681215e-15,-8.614932529155128e-08
1596.1563149130322,0.03661291646741009,0.03661291646741207,0.036612916467416226,0.036611782142450436,0.03661284065568727,0.036612911649375676,4.15639744844043e-15,-7.581172480064513e-08
1600.2281422469941,0.03261857216009738,0.03261857216009882,0.03261857216010083,0.03261781993529421,0.032618521802504255,0.032618568958473156,2.005340338229189e-15,-5.035759456650801e-08
1604.2999695809558,0.03033099148461688,0.030330991484617823,0.030330991484617775,0.030330555426503727,0.030330962333521134,0.030330989631786227,-4.85722573273506e-17,-2.915109668932825e-08
1608.3717969149177,0.02997570153777218,0.029975701537772972,0.029975701537771335,0.029975492049104623,0.0299756876158829,0.02997570065399472,-1.6375789613221059e-15,-1.3921890071322274e-08
1612.4436242488796,0.0314683904868117,0.03146839048681243,0.031468390486809966,0.03146836767973596,0.0314683891380981,0.03146839040338622,-2.463307335887066e-15,-1.348714327720213e-09
1616.5154515828413,0.035202558587878456,0.03520255858787924,0.035202558587876784,0.03520273356400839,0.03520257059292248,0.035202559354897446,-2.456368441983159e-15,1.2005043237284241e-08
1620.5872789168031,0.04213104320380237,0.04213104320380355,0.04213104320380126,0.042131471906138175,0.04213107236267293,0.042131045063536085,-2.2898349882893854e-15,2.915886938154033e-08
1624.659106250765,0.052712784306742935,0.05271278430674433,0.05271278430674135,0.052713507934557986,0.0527128333392244,0.05271278743142798,-2.976785484776201e-15,4.9032480069211015e-08
1628.7309335847267,0.06201979155379866,0.062019791553799844,0.06201979155379541,0.06202061478577495,0.06201984695738469,0.06201979507896632,-4.433953204596719e-15,5.540358484490415e-08
1632.8027609186886,0.05937741733423995,0.05937741733424072,0.05937741733423508,0.059377977309056806,0.05937745450387731,0.05937741969157847,-5.641320743876577e-15,3.716963659083916e-08
1636.8745882526505,0.04795647836011121,0.04795647836011162,0.04795647836010573,0.04795677504325707,0.047956497781263124,0.04795647958773683,-5.891120924417237e-15,1.9421151506437973e-08
1640.9464155866121,0.0379017913242801,0.03790179132428079,0.037901791324275284,0.0379019501361031,0.037901801669132276,0.037901791977404634,-5.502542865798432e-15,1.0344851489318962e-08
1645.018242920574,0.03141749893755155,0.03141749893755312,0.03141749893754804,0.031417582891307555,0.03141750441118905,0.03141749928320322,-5.079270337660091e-15,5.473635926456222e-09
1649.090070254536,0.02743904138988734,0.027439041389888973,0.027439041389884185,0.027439079135939275,0.027439043860268013,0.02743904154602736,-4.7878367936959876e-15,2.470379040220294e-09
1653.1618975884976,0.024938433372465943,0.024938433372466384,0.024938433372462102,0.024938439923612426,0.02493843381241025,0.02493843340043578,-4.28129753871076e-15,4.399438660596111e-10
1657.2337249224595,0.023303376233918253,0.023303376233917497,0.02330337623391343,0.02330336013048979,0.023303375198175078,0.023303376168718925,-4.066191827689636e-15,-1.0357424189144648e-09
1661.3055522564214,0.022193666335420546,0.022193666335419488,0.022193666335415602,0.02219363255390199,0.022193664148963625,0.02219366619758275,-3.885780586188048e-15,-2.1864558635842357e-09
1665.3773795903833,0.021417754327023492,0.021417754327022698,0.021417754327019315,0.02141770568944249,0.0214177511755697,0.021417754128301734,-3.382710778154774e-15,-3.1514529978682315e-09
1669.449206924345,0.02086418946122525,0.020864189461224703,0.02086418946122168,0.020864127373093143,0.020864185438718548,0.020864189207586717,-3.021888295151598e-15,-4.022506154555128e-09
1673.5210342583068,0.020465982334563305,0.02046598233456295,0.020465982334559978,0.020465907169333226,0.020465977468056316,0.0204659820277569,-2.9733160378242474e-15,-4.86650663517052e-09
1677.5928615922687,0.02018198996567309,0.020181989965673042,0.020181989965670367,0.020181901235753696,0.02018198422652736,0.020181989603937668,-2.6749435999562365e-15,-5.739145682998048e-09
1681.6646889262304,0.019987054868047895,0.019987054868047933,0.019987054868046077,0.019986951238697388,0.019987048173052187,0.019987054446185513,-1.8561541192951836e-15,-6.6949957452933084e-09
1685.7365162601923,0.019866894534891454,0.019866894534891495,0.0198668945348907,0.01986677368223326,0.01986688673739947,0.019866894043714056,-7.945033519973776e-16,-7.797492023592367e-09
1689.8083435941542,0.01981593673405062,0.01981593673405103,0.019815936734051014,0.019815794992312463,0.019815927601667623,0.019815936158981612,-1.734723475976807e-17,-9.132383408522182e-09
1693.8801709281158,0.019837532317590757,0.019837532317591274,0.01983753231759172,0.019837363986747528,0.019837521488233593,0.019837531635906923,4.440892098500626e-16,-1.0829357681430007e-08
1697.9519982620777,0.019946587724781056,0.019946587724781837,0.0199465877247824,0.019946383874664613,0.019946574630694387,0.01994658690084469,5.620504062164855e-16,-1.3094087449733172e-08
1702.0238255960396,0.02017259280769381,0.0201725928076944,0.020172592807694838,0.020172340035192117,0.02017257659633832,0.020172591787984206,4.371503159461554e-16,-1.6211356080458872e-08
1706.0956529300013,0.020542761837594858,0.020542761837594924,0.020542761837594948,0.020542446013433493,0.02054274160893354,0.020542760565588594,2.42861286636753e-17,-2.0228661384846802e-08
1710.1674802639632,0.020969862975566703,0.020969862975566456,0.020969862975566095,0.020969492419855025,0.020969839252791143,0.020969861484014005,-3.608224830031759e-16,-2.37227753135949e-08
1714.239307597925,0.02115688644365318,0.021156886443652212,0.021156886443651695,0.021156496628890527,0.021156861476430925,0.021156884873686187,-5.169475958410885e-16,-2.4967221286947838e-08
1718.3111349318867,0.021096407385097767,0.02109640738509616,0.021096407385095713,0.02109598871864673,0.021096380567663896,0.02109640569877095,-4.475586568020162e-16,-2.6817432264431007e-08
1722.3829622658486,0.02111006410406579,0.021110064104065077,0.021110064104064744,0.02110957772405515,0.021110032965757027,0.021110062146305914,-3.3306690738754696e-16,-3.113830805007156e-08
1726.4547895998105,0.021325683415690896,0.021325683415691334,0.021325683415691233,0.021325090844883186,0.021325645502892544,0.02132568103237785,-1.0061396160665481e-16,-3.791279878928577e-08
1730.5266169337722,0.021753090417094483,0.02175309041709543,0.02175309041709562,0.02175234464924611,0.02175304272996565,0.021753087419764235,1.9081958235744878e-16,-4.768712977970546e-08
1734.598444267734,0.022411055490029846,0.02241105549003142,0.022411055490031723,0.022410089019409236,0.022410993720619322,0.022411051608043252,3.0184188481996443e-16,-6.17694120991219e-08
1738.670271601696,0.023357790705086572,0.023357790705088703,0.02335779070508917,0.023356499824497837,0.02335770823550258,0.02335778552269394,4.683753385137379e-16,-8.246958612193045e-08
1742.7420989356576,0.02470656534095457,0.02470656534095639,0.02470656534095738,0.024704783168015637,0.024706451521967192,0.024706558189152954,9.8879238130678e-16,-1.1381898919887723e-07
1746.8139262696195,0.026656917118895267,0.026656917118895673,0.02665691711889717,0.02665436339858352,0.026656754066494877,0.026656906874182706,1.4953316362920077e-15,-1.6305240079644845e-07
1750.8857536035814,0.02955930002255513,0.029559300022554875,0.02955930002255629,0.029555484785503138,0.029559056469790006,0.029559284720695505,1.4155343563970746e-15,-2.4355276486906496e-07
1754.957580937543,0.034042142457327604,0.03404214245732708,0.034042142457328145,0.03403618374757993,0.034041762122754005,0.03404211856263755,1.061650767297806e-15,-3.803345730787888e-07
1759.029408271505,0.04123802352044067,0.04123802352043939,0.041238023520440426,0.04122835610749729,0.04123740652309999,0.04123798475826199,1.033895191682177e-15,-6.169973394004602e-07
1763.1012356054669,0.053013801891192064,0.053013801891190815,0.05301380189119224,0.052998130318115295,0.05301280178186739,0.05301373906148195,1.4224732503009818e-15,-1.0001093234263125e-06
1767.1730629394285,0.07103685448851838,0.07103685448851749,0.07103685448851926,0.07101502254851284,0.0710354614913323,0.07103676697774626,1.7763568394002505e-15,-1.3929971851844858e-06
1771.2448902733904,0.09012654796845936,0.09012654796845886,0.09012654796846048,0.09011199426670793,0.09012561996576433,0.09012648967070153,1.6237011735142914e-15,-9.280026945224229e-07
1775.3167176073523,0.0917563547676747,0.09175635476767477,0.09175635476767606,0.09176800474599643,0.09175709846032737,0.09175640148532255,1.2906342661267445e-15,7.43692652599437e-07
1779.388544941314,0.07380359262879806,0.07380359262879817,0.07380359262880008,0.07382559580844318,0.07380499603757446,0.07380368078699878,1.915134717478395e-15,1.4034087762876402e-06
1783.4603722752759,0.05513665254195347,0.055136652541953456,0.05513665254195648,0.05515312651629169,0.05513770307166369,0.055136718532307796,3.0253577421035516e-15,1.0505297102364475e-06
1787.5321996092378,0.04268467999439459,0.042684679994394514,0.042684679994398046,0.042694852934237894,0.042685328652414645,0.04268472074001306,3.5318969970887792e-15,6.48658020130366e-07
1791.6040269431994,0.035096859175353254,0.03509685917535236,0.03509685917535553,0.03510304258071829,0.03509725341133165,0.03509688393879955,3.1710745140856034e-15,3.9423597929244547e-07
1795.6758542771613,0.030423878107630586,0.03042387810762856,0.030423878107631294,0.030427746346937443,0.0304241247016004,0.030423893596576084,2.733924198139448e-15,2.465939718393484e-07
1799.7476816111232,0.027448604404311416,0.027448604404309213,0.027448604404311048,0.027451108188731456,0.027448763983694134,0.027448614427220137,1.835337437583462e-15,1.5957938492155987e-07
1803.8195089450849,0.025493589955269187,0.025493589955267865,0.025493589955268348,0.025495254595597365,0.025493696019431574,0.02549359661648732,4.822531263215524e-16,1.0606416370878557e-07
1807.8913362790468,0.02418159910453691,0.024181599104536714,0.024181599104536586,0.024182721271228086,0.024181670572474848,0.02418160359250756,-1.2836953722228372e-16,7.146793813347929e-08
1811.9631636130086,0.023296783815854965,0.02329678381585597,0.02329678381585623,0.023297536218085654,0.023296831701482584,0.023296786822443433,2.6020852139652106e-16,4.788562661325879e-08
1816.0349909469703,0.022712234697986125,0.022712234697988123,0.022712234697988918,0.02271272022695772,0.0227122655628044,0.0227122366353679,7.945033519973776e-16,3.0864816275705254e-08
1820.1068182809322,0.02235234626223588,0.022352346262238032,0.022352346262239073,0.022352626387757223,0.022352364026172265,0.022352347376648755,1.0408340855860843e-15,1.77639342333058e-08
1824.178645614894,0.022172943848083344,0.0221729438480848,0.022172943848085887,0.022173053754272892,0.02217295075469832,0.022172944280459937,1.0859368959614812e-15,6.906613520679672e-09
1828.2504729488558,0.022150739805267876,0.022150739805267914,0.022150739805268875,0.022150696368193546,0.02215073693048942,0.02215073962319334,9.610368056911511e-16,-2.8747784951155264e-09
1832.3223002828177,0.022278019849286904,0.02227801984928555,0.02227801984928636,0.022277825405910213,0.022278007341749544,0.02227801906209752,8.083811398051921e-16,-1.2507536006900466e-08
1836.3941276167795,0.022560632700393306,0.022560632700391197,0.02256063270039213,0.022560275931566485,0.0225606098377285,0.02256063126271281,9.332812300755222e-16,-2.2862662697048508e-08
1840.4659549507412,0.023018545991464887,0.02301854599146296,0.023018545991464277,0.023018000272488362,0.023018511075083365,0.02301854379659565,1.3149203947904198e-15,-3.491637959665561e-08
1844.537782284703,0.023689050247643954,0.023689050247643173,0.023689050247644314,0.02368826903416667,0.02368900030844199,0.023689047109081623,1.141448047192739e-15,-4.993920118406825e-08
1848.609609618665,0.024633523920168217,0.02463352392016866,0.024633523920169098,0.02463243177698935,0.024633454146351583,0.024633519535661456,4.371503159461554e-16,-6.97738170782336e-08
1852.6814369526267,0.025949898568740637,0.02594989856874115,0.025949898568740356,0.025948374860323833,0.02594980126563896,0.025949892454954517,-7.945033519973776e-16,-9.730310219016602e-08
1856.7532642865885,0.027795193585317533,0.02779519358531751,0.027795193585315257,0.02779304280716841,0.027795056283207692,0.027795184958984625,-2.2516710718178956e-15,-1.373021098170779e-07
1860.8250916205504,0.030426923893580544,0.030426923893579646,0.03042692389357664,0.03042382046224253,0.030426725826591495,0.030426911450335683,-3.00454106039183e-15,-1.980669881510022e-07
1864.896918954512,0.03428123137988423,0.03428123137988249,0.0342812313798794,0.03427661418129328,0.0342809367607461,0.03428121287184425,-3.0878077872387166e-15,-2.9461913638589854e-07
1868.968746288474,0.040123220967738876,0.04012322096773616,0.0401232209677332,0.040116090008622055,0.040122766019329584,0.04012319238894193,-2.9629076969683865e-15,-4.5494840657939184e-07
1873.0405736224359,0.04933045173140339,0.049330451731398835,0.0493304517313958,0.049318998325907054,0.04932972110338675,0.04933040583651876,-3.0322966360074588e-15,-7.306280120841779e-07
1877.1124009563976,0.06433776218613912,0.06433776218613213,0.06433776218612887,0.06431891471801111,0.064336559996524,0.0643376866715517,-3.2612801348363973e-15,-1.2021896081265693e-06
1881.1842282903594,0.08865279685314154,0.08865279685313138,0.08865279685312842,0.08862322207911884,0.0886509106029978,0.0886526783713028,-2.9559688030644793e-15,-1.8862501335731308e-06
1885.2560556243213,0.12230938625766755,0.12230938625765697,0.12230938625765517,0.1222755680921334,0.12230722968784644,0.12230925079390562,-1.8041124150158794e-15,-2.156569810535247e-06
1889.327882958283,0.1455642111908853,0.14556421119088536,0.14556421119088517,0.14555919610373746,0.14556389114901813,0.14556419106900098,-1.942890293094024e-16,-3.2004186723000316e-07
1893.399710292245,0.130417651512431,0.1304176515124431,0.13041765151244417,0.13044936155845177,0.13041967150487774,0.13041777835522053,1.0547118733938987e-15,2.019992434626472e-06
1897.4715376262068,0.09625782760446504,0.09625782760447676,0.09625782760447817,0.09629081668013917,0.0962599287322026,0.0962579595466097,1.4016565685892601e-15,2.101127725834262e-06
1901.5433649601684,0.06912633455830618,0.06912633455831338,0.0691263345583146,0.06914823057965291,0.06912772901127451,0.06912642212349872,1.2212453270876722e-15,1.3944529611287226e-06
1905.6151922941303,0.052048320089086386,0.05204832008909002,0.05204832008909065,0.052061703520610764,0.0520491723436303,0.05204837360569874,6.245004513516506e-16,8.522545402803172e-07
1909.6870196280922,0.04157716070219926,0.04157716070220105,0.04157716070220104,0.0415854817777017,0.04157769053396735,0.041577193971652764,-6.938893903907228e-18,5.298317663007812e-07
1913.758846962054,0.03495378365167075,0.03495378365167211,0.034953783651672385,0.03495917255351672,0.034954126738792085,0.034953805194241634,2.7755575615628914e-16,3.4308711997776964e-07
1917.8306742960158,0.030581099859678815,0.030581099859680203,0.03058109985968168,0.030584741452906683,0.03058133166765547,0.030581114414403244,1.4779844015322396e-15,2.3180797526639596e-07
1921.9025016299777,0.02757275557710513,0.027572755577106024,0.02757275557710817,0.027575312699659644,0.027572918322026043,0.02757276579502365,2.147587663259287e-15,1.6274492001949747e-07
1925.9743289639393,0.0254262328245094,0.025426232824508937,0.02542623282451056,0.02542808900328928,0.02542635093266018,0.02542624023950452,1.6237011735142914e-15,1.1810815124177476e-07
1930.0461562979012,0.023845802822874,0.0238458028228725,0.023845802822873255,0.023847188905698816,0.02384589099627894,0.023845808358172172,7.563394355258879e-16,8.817340644076688e-08
1934.1179836318631,0.02265045927989964,0.02265045927989845,0.022650459279899112,0.022651519634984695,0.0226505267127031,0.022650463512850858,6.626643678231403e-16,6.743280464918677e-08
1938.1898109658248,0.021725250318138482,0.021725250318138305,0.021725250318139787,0.021726078443618305,0.021725302964626,0.02172525362264051,1.4814538484841933e-15,5.264648769362501e-08
1942.2616382997867,0.020994699713642408,0.02099469971364275,0.020994699713645287,0.02099535808602331,0.020994741552404144,0.020994702339526206,2.536165721878092e-15,4.183876139290943e-08
1946.3334656337486,0.020407757888166157,0.020407757888166265,0.02040775788816953,0.0204082894306455,0.020407791652515016,0.02040776000706484,3.264749581788351e-15,3.376434875093648e-08
1950.4052929677102,0.019928975593738366,0.019928975593738286,0.01992897559374208,0.019929410531498087,0.019929003208318016,0.01992897732650538,3.795574965437254e-15,2.7614579730522726e-08
1954.4771203016721,0.01953315452638006,0.019533154526379933,0.01953315452638435,0.019533514614474383,0.019533177376430108,0.019533155959997456,4.416605969836951e-15,2.2850050174910708e-08
1958.548947635634,0.019202006462879992,0.01920200646287943,0.019202006462884183,0.019202307668898633,0.019202025565085615,0.019202007661186276,4.7531423241764514e-15,1.9102206184895554e-08
1962.6207749695957,0.018922009206009408,0.018922009206008564,0.01892200920601346,0.018922263456679293,0.018922025319735733,0.018922010216685662,4.89538964920655e-15,1.6113727168559633e-08
1966.6926023035576,0.018682996270989936,0.01868299627098965,0.018682996270994547,0.018683212616164582,0.018683009972409913,0.018682997130214672,4.89538964920655e-15,1.3701420262246522e-08
1970.7644296375195,0.0184772082734573,0.018477208273458168,0.0184772082734626,0.018477393678411936,0.01847722000600648,0.018477209009074,4.433953204596719e-15,1.1732548311355062e-08
1974.8362569714814,0.018298641816107956,0.018298641816109577,0.01829864181611315,0.018298801711296386,0.01829865192549291,0.0182986424498225,3.573530360512223e-15,1.0109383333928301e-08
1978.908084305443,0.018142594264925663,0.018142594264927172,0.018142594264930145,0.018142732934184506,0.018142603023845315,0.01814259481385936,2.9733160378242474e-15,8.758918142864891e-09
1982.979911639405,0.018005340087187776,0.018005340087188577,0.018005340087190957,0.0180054609462838,0.018005347713071416,0.018005340564991725,2.3800406090401793e-15,7.625882838396825e-09
1987.0517389733668,0.017883897163384073,0.01788389716338414,0.01788389716338577,0.01788400296283255,0.017883903831306502,0.017883897581050495,1.6306400674181987e-15,6.667922363562395e-09
1991.1235663073285,0.017775855663478078,0.017775855663477905,0.017775855663478873,0.017775948638225698,0.0177758615156906,0.01777585602993868,9.679756995950584e-16,5.852212693613357e-09
1995.1953936412904,0.01767925109907931,0.017679251099079408,0.01767925109908017,0.017679333080353674,0.01767925625213109,0.01767925142165206,7.632783294297951e-16,5.1530516832765105e-09
1999.2672209752523,0.017592469011431463,0.017592469011431883,0.017592469011432948,0.017592541511286922,0.01759247356155221,0.017592469296157986,1.0651202142497596e-15,4.550120325658158e-09
2003.339048309214,0.017514172612865433,0.017514172612866172,0.01751417261286735,0.017514236888775486,0.017514176640078472,0.017514172864769844,1.1761425167122752e-15,4.027212299750893e-09
2007.4108756431758,0.01744324728529331,0.017443247285294013,0.017443247285294998,0.017443304389988288,0.01744325085658825,0.017443247508580957,9.853229343548264e-16,3.5712942360321964e-09
2011.4827029771377,0.017378757598806284,0.017378757598806256,0.017378757598807484,0.017378808419084128,0.017378760770610027,0.017378757797019022,1.2281842209915794e-15,3.1718037710182223e-09
2015.5545303110994,0.017319913727385623,0.017319913727385006,0.017319913727386605,0.017319959014597593,0.017319916547504272,0.01731991390352482,1.5994150448506161e-15,2.820119266583321e-09
2019.6263576450613,0.01726604498722746,0.01726604498722674,0.01726604498722857,0.017266085381415944,0.01726604749638272,0.01726604514385005,1.8318679906315083e-15,2.5091559802126184e-09
2023.6981849790232,0.017216578823462822,0.017216578823462166,0.017216578823463766,0.017216614872618483,0.01721658105651709,0.017216578962757488,1.5994150448506161e-15,2.233054924999367e-09
2027.7700123129848,0.0171710240006037,0.017171024000603295,0.017171024000604235,0.017171056176139676,0.017171025987545628,0.01717102412445326,9.402201239794294e-16,1.9869423328877645e-09
2031.8418396469467,0.017128957062709317,0.017128957062709334,0.01712895706270984,0.01712898577197747,0.01712895882945041,0.017128957172740513,5.065392549852277e-16,1.7667410763533287e-09
2035.9136669809086,0.017090011356202306,0.017090011356202674,0.01709001135620328,0.017090036952680816,0.01709001292522526,0.017090011453826364,6.071532165918825e-16,1.569022585468094e-09
2039.9854943148703,0.017053868075621575,0.01705386807562213,0.01705386807562268,0.017053890867257487,0.01705386946651147,0.017053868162067786,5.516420653606247e-16,1.3908893412017953e-09
2044.0573216488322,0.017020248917114917,0.017020248917115538,0.017020248917115316,0.017020269173193273,0.017020250146996572,0.0170202489934581,-2.220446049250313e-16,1.2298810338207122e-09
2048.129148982794,0.016988910017897905,0.016988910017898234,0.016988910017896996,0.016988927974728008,0.016988911101797458,0.016988910085080914,-1.2385925618474403e-15,1.0838992238471068e-09
2052.2009763167557,0.01695963693056002,0.016959636930559862,0.016959636930558082,0.016959652796206825,0.01695963788170663,0.016959636989413062,-1.779826286352204e-15,9.511467689848896e-10
2056.2728036507174,0.016932240434941907,0.016932240434941674,0.01693224043493979,0.01693225439318159,0.016932241265019746,0.016932240486198732,-1.8839096949108125e-15,8.300780722503287e-10
2060.3446309846795,0.016906553031626335,0.016906553031626352,0.016906553031624697,0.01690656524526709,0.016906553750985424,0.01690655307593692,-1.654926196081874e-15,7.193590723097998e-10
2064.416458318641,0.016882425993010063,0.01688242599301032,0.016882425993008997,0.01688243660669324,0.01688242661084421,0.01688242603095141,-1.321859288694327e-15,6.178338916862369e-10
2068.488285652603,0.016859726872757524,0.01685972687275758,0.016859726872756563,0.016859736015330126,0.01685972739725526,0.016859726904843126,-1.016547956922409e-15,5.244976813978397e-10
2072.560112986565,0.01683833739386326,0.01683833739386303,0.016838337393861955,0.016838345180396022,0.01683833783233704,0.01683833742055198,-1.0755285551056204e-15,4.384740105722873e-10
2076.6319403205266,0.016818151650845117,0.016818151650844906,0.016818151650843327,0.016818158184354105,0.016818152009840832,0.01681815167254802,-1.5785983631388945e-15,3.589959267358278e-10
2080.7037676544883,0.01679907457368849,0.016799074573688486,0.016799074573686203,0.016799079946609268,0.016799074859078895,0.016799074590774347,-2.282896094385478e-15,2.853904092214865e-10
2084.7755949884504,0.016781020610794353,0.016781020610794565,0.0167810206107915,0.0167810249062491,0.01678102082785952,0.01678102062359449,-3.0635216585750413e-15,2.1706495628714961e-10
2088.847422322412,0.016763912595887377,0.016763912595887696,0.016763912595884268,0.01676391588877794,0.016763912749384442,0.016763912604700244,-3.427813588530171e-15,1.5349674656328638e-10
2092.9192496563737,0.016747680770029874,0.01674768077003029,0.01674768077002753,0.016747683127983016,0.016747680864253264,0.016747680775124896,-2.761679773755077e-15,9.422297317374095e-11
2096.991076990336,0.016732261934886212,0.016732261934886666,0.016732261934885046,0.016732263419073693,0.01673226197371977,0.016732261936507065,-1.6202317265623378e-15,3.883310339958257e-11
2101.0629043242975,0.01671759871743559,0.016717598717435674,0.016717598717435434,0.016717599383287356,0.016717598704397638,0.01671759871580261,-2.393918396847994e-16,-1.30380359286697e-11
2105.134731658259,0.016703638929633426,0.01670363892963305,0.01670363892963409,0.016703638827460995,0.01670363886791705,0.01670363892494689,1.0373646386341306e-15,-6.171600036575242e-11
2109.2065589922213,0.016690335009226537,0.016690335009226155,0.01669033500922808,0.016690334184767782,0.01669033490173445,0.016690335001668947,1.925543058334256e-15,-1.0749170650803386e-10
2113.278386326183,0.01667764353014205,0.01667764353014187,0.016677643530144348,0.01667764202503826,0.016677643379516233,0.016677643519879375,2.4771851236948805e-15,-1.5062563696321973e-10
2117.350213660145,0.016665524772698247,0.016665524772697983,0.016665524772700942,0.01666552262491396,0.016665524581346385,0.016665524759881273,2.959438250016433e-15,-1.913515977614022e-10
2121.4220409941067,0.016653942345401046,0.01665394234540088,0.01665394234540366,0.01665393958959523,0.01665394211552106,0.01665394233016778,2.779027008514845e-15,-2.298798200406349e-10
2125.4938683280684,0.016642862851349003,0.016642862851349038,0.01664286285135105,0.016642859519201577,0.01664286258494931,0.016642862833825506,2.0122792321330962e-15,-2.663997286656006e-10
2129.5656956620305,0.016632255593308994,0.016632255593309154,0.016632255593310306,0.016632251713810334,0.016632255292226845,0.016632255573610446,1.1518563880486e-15,-3.0108230839043237e-10
2133.637522995992,0.016622092312406418,0.016622092312406442,0.01662209231240669,0.016622087912114177,0.01662209197832416,0.016622092290638046,2.463307335887066e-16,-3.340822826713996e-10
2137.709350329954,0.0166123469561043,0.016612346956104095,0.016612346956103526,0.016612342059372242,0.016612346590564393,0.01661234693236275,-5.689893001203927e-16,-3.655397026736118e-10
2141.781177663916,0.01660299547176605,0.016602995471765754,0.01660299547176476,0.01660299010094746,0.0166029950761839,0.016602995446140183,-9.922618282587337e-16,-3.955818554668422e-10
2145.8530049978776,0.01659401562261377,0.016594015622613506,0.016594015622612403,0.016594009798242926,0.016594015198289166,0.016594015595185193,-1.1032841307212493e-15,-4.24324339554083e-10
2149.9248323318393,0.016585386823337007,0.016585386823336833,0.01658538682333575,0.016585380564291406,0.016585386371464346,0.016585386794180666,-1.0824674490095276e-15,-4.5187248734479546e-10
2153.9966596658014,0.016577089992980163,0.016577089992980056,0.016577089992979438,0.016577083316625905,0.01657708951465765,0.016577089962164882,-6.175615574477433e-16,-4.783224059889957e-10
2158.068486999763,0.01656910742305478,0.01656910742305484,0.01656910742305523,0.016569100345377293,0.016569106919292982,0.01656910739064401,3.885780586188048e-16,-5.037618586167802e-10
2162.1403143337247,0.016561422659095115,0.016561422659095548,0.016561422659097137,0.01656141519481638,0.016561422130824403,0.016561422625147322,1.5890067039947553e-15,-5.282711455778522e-10
2166.212141667687,0.01655402039410623,0.01655402039410707,0.016554020394109317,0.01655401255679006,0.016554019842183142,0.01655402035867512,2.248201624865942e-15,-5.519239267004483e-10
2170.2839690016485,0.01654688637255242,0.016546886372553336,0.016546886372555414,0.01654687817469951,0.016546885797765608,0.0165468863356871,2.078198724220215e-15,-5.747877278305946e-10
2174.35579633561,0.016540007303705844,0.01654000730370679,0.0165400073037081,0.016539998756840202,0.01654000670678213,0.016540007265451823,1.3079815008865125e-15,-5.969246624770719e-10
2178.4276236695723,0.016533370783323124,0.01653337078332437,0.016533370783324952,0.016533361898069972,0.016533370164932507,0.0165333707437226,5.828670879282072e-16,-6.183918620228379e-10
2182.499451003534,0.016526965222743273,0.016526965222744577,0.01652696522274463,0.016526956008898388,0.016526964583502463,0.016526965181834618,5.204170427930421e-17,-6.392421141032667e-10
2186.5712783374956,0.016520779784607795,0.01652077978460837,0.016520779784608284,0.016520770251201414,0.01652077912508447,0.01652077974242586,-8.673617379884035e-17,-6.595239007700648e-10
2190.6431056714578,0.016514804324503748,0.016514804324503512,0.016514804324503533,0.01651479447985961,0.016514803645221156,0.01651480428108118,2.0816681711721685e-17,-6.792823560586303e-10
2194.7149330054194,0.01650902933791312,0.01650902933791285,0.01650902933791296,0.016509019189701258,0.016509028639353888,0.01650902929328082,1.1102230246251565e-16,-6.985589606767206e-10
2198.786760339381,0.016503445911920697,0.01650344591192098,0.016503445911920454,0.016503435467204345,0.016503445194528708,0.01650344586610705,-5.273559366969494e-16,-7.173922740577598e-10
2202.858587673343,0.016498045681194524,0.016498045681195176,0.016498045681193126,0.016498034946473148,0.016498044945377006,0.01649804563422478,-2.050443148604586e-15,-7.358181702832312e-10
2206.930415007305,0.016492820787811016,0.01649282078781149,0.01649282078780823,0.016492809769060396,0.01649282003394158,0.016492820739708026,-3.2612801348363973e-15,-7.538699109410629e-10
2211.0022423412665,0.016487763844545648,0.016487763844545866,0.016487763844542765,0.016487752547255288,0.016487763072967548,0.01648776379533083,-3.101685575046531e-15,-7.715783185979763e-10
2215.0740696752287,0.016482867901291345,0.016482867901291207,0.01648286790128891,0.016482856330496877,0.01648286711231876,0.016482867850984174,-2.2967738821932926e-15,-7.88972446402747e-10
2219.1458970091903,0.016478126414298886,0.016478126414298272,0.01647812641429675,0.016478114574612703,0.016478125608219228,0.016478126362917258,-1.5230872119076366e-15,-8.060790437913745e-10
2223.217724343152,0.016473533217973298,0.016473533217972236,0.016473533217971775,0.016473521113612385,0.016473532395048836,0.01647353316553358,-4.614364446098307e-16,-8.229233995626917e-10
2227.289551677114,0.016469082498984388,0.01646908249898339,0.01646908249898403,0.016469070133796167,0.01646908165945442,0.016469082445502006,6.418476861114186e-16,-8.395289671780937e-10
2231.3613790110758,0.016464768772478183,0.016464768772477562,0.016464768772478926,0.016464756149963178,0.016464767916559753,0.016464768717966937,1.3634926521177704e-15,-8.55917808850748e-10
2235.4332063450374,0.016460586860193405,0.016460586860192992,0.016460586860195046,0.016460573983526582,0.016460585988082355,0.01646058680466535,2.0539125955565396e-15,-8.721106371789578e-10
2239.5050336789996,0.016456531870311514,0.01645653187031104,0.016456531870314005,0.016456518742362022,0.016456530982184137,0.016456531813777348,2.96637714392034e-15,-8.881269018823357e-10
2243.576861012961,0.01645259917888551,0.01645259917888489,0.016452599178888586,0.01645258580223541,0.01645259827490006,0.01645259912135504,3.694961003830599e-15,-9.039848314351673e-10
2247.648688346923,0.0164487844127078,0.016448784412707366,0.016448784412710943,0.016448770789668676,0.016448783493005638,0.016448784354190067,3.576999807464176e-15,-9.19701727969402e-10
2251.720515680885,0.016445083433490482,0.016445083433490687,0.016445083433493452,0.016445069566118683,0.016445082498196813,0.016445083373993686,2.7651492207070305e-15,-9.352938735995853e-10
2255.7923430148467,0.016441492323245124,0.016441492323245776,0.016441492323247417,0.01644147821335488,0.01644149137246922,0.016441492262775904,1.6410484082740595e-15,-9.507765547089875e-10
2259.8641703488083,0.016438007370757693,0.016438007370758307,0.016438007370759032,0.016437993019934673,0.01643800640459397,0.01643800730932139,7.251144129583054e-16,-9.661643360359129e-10
2263.9359976827704,0.01643462505906811,0.01643462505906847,0.016434625059068748,0.01643461046868168,0.01643462407759744,0.016434624996669506,2.7755575615628914e-16,-9.814710294486773e-10
2268.007825016732,0.01643134205387081,0.016431342053871027,0.01643134205387082,0.01643132722508524,0.0164313410571613,0.016431341990514207,-2.0816681711721685e-16,-9.967097286400772e-10
2272.079652350694,0.01642815519275966,0.01642815519275978,0.016428155192758857,0.016428140126543835,0.016428154180866825,0.016428155128448453,-9.228728892196614e-16,-1.0118929548441624e-09
2276.151479684656,0.016425061475247173,0.016425061475247308,0.016425061475245747,0.016425046172384127,0.016425060448214786,0.01642506140998411,-1.5612511283791264e-15,-1.0270325215278042e-09
2280.2233070186176,0.01642205805349737,0.0164220580534976,0.0164220580534959,0.016422042514592686,0.016422057011357898,0.01642205798728451,-1.700029006457271e-15,-1.0421397009241495e-09
2284.295134352579,0.016419142223714312,0.016419142223714853,0.016419142223713788,0.01641912644920436,0.016419141166489522,0.01641914215655308,-1.0651202142497596e-15,-1.0572253315854763e-09
2288.3669616865413,0.016416311418136143,0.016416311418136615,0.016416311418136546,0.016416295408294552,0.016416310345836838,0.016416311350026812,-6.938893903907228e-17,-1.07229977674983e-09
2292.438789020503,0.01641356319758406,0.016413563197584448,0.016413563197585516,0.016413546952529348,0.016413562110211492,0.0164135631285266,1.0685896612017132e-15,-1.087372955566046e-09
2296.5106163544647,0.016410895244528552,0.016410895244528864,0.016410895244531525,0.016410878764230016,0.016410894142074434,0.016410895174522322,2.661065812148422e-15,-1.1024544298299244e-09
2300.582443688427,0.016408305356629956,0.016408305356629783,0.016408305356634345,0.01640828864091291,0.016408304239076413,0.01640830528567334,4.562322741819003e-15,-1.1175533692897588e-09
2304.6542710223885,0.01640579144071729,0.01640579144071677,0.016405791440722958,0.016405774489269272,0.016405790308038175,0.016405791368808716,6.186023915333294e-15,-1.1326785967491482e-09
2308.72609835635,0.016403351507177272,0.016403351507176252,0.01640335150718301,0.016403334319551887,0.016403350359337595,0.016403351434314282,6.7584826624056404e-15,-1.1478386574559352e-09
2312.7979256903122,0.01640098366471713,0.016400983664715898,0.016400983664722434,0.01640096624033922,0.016400982501673978,0.01640098359089722,6.536438057480609e-15,-1.1630419197161679e-09
2316.869753024274,0.016398686115480118,0.01639868611547925,0.016398686115484937,0.0163986684536495,0.016398684937182936,0.016398686040700508,5.686423554251974e-15,-1.1782963146855785e-09
2320.9415803582356,0.01639645715048545,0.01639645715048491,0.016396457150489138,0.016396439250379806,0.016396455956875194,0.01639645707474231,4.229255834431456e-15,-1.193609714539301e-09
2325.0134076921977,0.016394295145368415,0.01639429514536814,0.016394295145370948,0.016394277006047085,0.01639429393637849,0.016394295068657392,2.806782584130474e-15,-1.208989651446668e-09
2329.0852350261594,0.016392198556403673,0.01639219855640333,0.016392198556404877,0.016392180176810413,0.01639219733195984,0.01639219847871973,1.547373340571312e-15,-1.2244434910435587e-09
2333.157062360121,0.016390165916788973,0.01639016591678844,0.016390165916788702,0.01639014729575506,0.01639016467680984,0.016390165838126747,2.636779683484747e-16,-1.2399785989658518e-09
2337.228889694083,0.016388195833173535,0.016388195833173188,0.01638819583317269,0.016388176969420593,0.016388194577571215,0.01638819575352776,-4.996003610813204e-16,-1.2556019730880497e-09
2341.300717028045,0.016386286982415364,0.016386286982415493,0.01638628698241531,0.01638626787455683,0.016386285711094923,0.016386286901780234,-1.8388068845354155e-16,-1.2713205696512908e-09
2345.3725443620065,0.01638443810855004,0.0163844381085506,0.01638443810855121,0.016384418755092896,0.01638443682140937,0.01638443802691903,6.106226635438361e-16,-1.2871412304049645e-09
2349.4443716959686,0.01638264801995881,0.016382648019959554,0.0163826480199608,0.01638262841930529,0.016382646716888806,0.01638264793732467,1.2455314557513475e-15,-1.3030707485262027e-09
2353.5161990299302,0.016380915586723284,0.016380915586724012,0.01638091558672597,0.016380895737172683,0.016380914267608293,0.01638091550307847,1.9567680809018384e-15,-1.3191157194336611e-09
2357.588026363892,0.01637923973815567,0.01637923973815636,0.01637923973815935,0.016379219637905645,0.016379238402873707,0.016379239653492424,2.9906632725840154e-15,-1.3352826518098215e-09
2361.659853697854,0.016377619460493584,0.016377619460494073,0.01637761946049802,0.016377599107640813,0.016377618108915925,0.01637761937480352,3.948230631323213e-15,-1.3515781480122335e-09
2365.7316810318157,0.016376053794748255,0.016376053794748307,0.016376053794752803,0.016376033187289432,0.01637605242673967,0.016376053708022517,4.496403249731884e-15,-1.368008636926099e-09
2369.8035083657774,0.01637454183469857,0.01637454183469839,0.016374541834702685,0.016374520970531423,0.016374540450117853,0.01637454174692839,4.295175326518574e-15,-1.3845805370282793e-09
2373.8753356997395,0.01637308272502327,0.016373082725023157,0.016373082725026706,0.01637306160194678,0.0163730813237229,0.01637308263619954,3.5492442318485473e-15,-1.4013002563872945e-09
2377.947163033701,0.016371675659562043,0.01637167565956201,0.016371675659564686,0.01637165427527622,0.016371674241387805,0.016371675569675007,2.6749435999562365e-15,-1.4181742065411118e-09
2382.018990367663,0.016370319879698576,0.01637031987969847,0.01637031987970021,0.016370298231804845,0.016370318444489797,0.016370319788737833,1.7381929229287607e-15,-1.4352086741276082e-09
2386.090817701625,0.016369014672860026,0.016369014672859953,0.01636901467286117,0.016368992758861358,0.016369013220449792,0.01636901458081512,1.2177758801357186e-15,-1.4524101608903717e-09
2390.1626450355866,0.016367759371127475,0.016367759371127583,0.016367759371129054,0.016367737188428082,0.016367757901342515,0.01636775927798749,1.4710455076283324e-15,-1.4697850679590285e-09
2394.2344723695483,0.016366553349950793,0.01636655334995094,0.016366553349953412,0.016366530895855356,0.01636655186261117,0.016366553255704176,2.473715676742927e-15,-1.4873397687076295e-09
2398.3062997035104,0.016365396026962686,0.016365396026962856,0.016365396026966267,0.016365373298676225,0.01636539452188208,0.016365395931597634,3.4104663537704027e-15,-1.5050807752881035e-09
2402.378127037472,0.016364286860889244,0.016364286860889286,0.016364286860892356,0.016364263855516113,0.01636428533787467,0.016364286764393342,3.0704605524789486e-15,-1.523014617199614e-09
2406.4499543714337,0.01636322535055071,0.01636322535055077,0.016363225350552558,0.01636320206509405,0.016363223809402815,0.01636322525291141,1.7867651802561113e-15,-1.5411479557803087e-09
2410.521781705396,0.016362211033950944,0.01636221103395118,0.016362211033952086,0.016362187465311637,0.01636220947446382,0.01636221093515546,9.055256544598933e-16,-1.5594873586932678e-09
2414.5936090393575,0.01636124348745119,0.0163612434874512,0.01636124348745172,0.016361219632425695,0.016361241909411496,0.01636124338748546,5.204170427930421e-16,-1.57803970238235e-09
2418.665436373319,0.016360322325022637,0.016360322325022193,0.016360322325022585,0.016360298180302744,0.01636032072821037,0.016360322223872507,3.920475055707584e-16,-1.5968118216580507e-09
2422.7372637072813,0.016359447197580288,0.016359447197579282,0.016359447197579938,0.01635942275975133,0.01635944558176882,0.01635944709523131,6.557254739192331e-16,-1.6158104611252444e-09
2426.809091041243,0.016358617792391932,0.016358617792390506,0.01635861779239144,0.016358593057931217,0.016358616157347645,0.016358617688829458,9.332812300755222e-16,-1.6350428615197199e-09
2430.8809183752046,0.016357833832560672,0.016357833832559312,0.01635783383256044,0.016357808797835986,0.016357832178043208,0.01635783372776991,1.1275702593849246e-15,-1.654516103982706e-09
2434.9527457091667,0.01635709507658121,0.016357095076580123,0.016357095076581334,0.016357069737847896,0.016357093402342517,0.01635709497054657,1.2108369862318114e-15,-1.6742376061917863e-09
2439.0245730431284,0.016356401317963995,0.016356401317963776,0.016356401317964606,0.016356375671363665,0.01635639962374906,0.016356401210669922,8.291978215169138e-16,-1.6942147164356047e-09
2443.09640037709,0.016355752384932237,0.01635575238493275,0.016355752384932854,0.016355726426489137,0.016355750670477613,0.01635575227636188,1.0408340855860843e-16,-1.7144551368863947e-09
2447.168227711052,0.016355148140183882,0.016355148140184465,0.016355148140184,0.01635512186580272,0.01635514640521786,0.016355148030319434,-4.649058915617843e-16,-1.7349666044108591e-09
2451.240055045014,0.01635458848072166,0.0163545884807221,0.016354588480721795,0.01635456188618574,0.01635458672496502,0.01635458836954523,-3.0531133177191805e-16,-1.7557570813897527e-09
2455.3118823789755,0.016354073337751823,0.016354073337752458,0.016354073337752958,0.01635404641872035,0.016354071560917654,0.01635407322524546,4.996003610813204e-16,-1.7768348042901394e-09
2459.3837097129376,0.016353602676649384,0.016353602676650068,0.016353602676651247,0.016353575428653396,0.01635360087844214,0.01635360256279432,1.1796119636642288e-15,-1.7982079263123563e-09
2463.4555370468993,0.016353176496987774,0.016353176496988447,0.01635317649698974,0.016353148915427253,0.016353174677103212,0.01635317638176462,1.294103713078698e-15,-1.8198852355655326e-09
2467.527364380861,0.016352794832637046,0.016352794832637334,0.016352794832638684,0.016352766912777168,0.016352792990761922,0.01635279471602562,1.349614864309956e-15,-1.8418754126059422e-09
2471.599191714823,0.016352457751927583,0.016352457751927525,0.016352457751929,0.016352429488895665,0.01635245588773993,0.016352457633907493,1.474514954580286e-15,-1.8641875959568566e-09
2475.6710190487847,0.016352165357883277,0.01635216535788318,0.016352165357884807,0.01635213674666474,0.01635216347105217,0.016352165238433882,1.627170620466245e-15,-1.886831010877721e-09
2479.7428463827464,0.01635191778852294,0.016351917788522716,0.01635191778852428,0.016351888823956474,0.016351915878707417,0.01635191766762254,1.56472057533108e-15,-1.9098152989616146e-09
2483.8146737167085,0.016351715217229886,0.016351715217229595,0.016351715217230597,0.01635168589400351,0.01635171328407935,0.016351715094856382,1.0026701691145945e-15,-1.9331502440489423e-09
2487.88650105067,0.016351557853194195,0.01635155785319401,0.016351557853193692,0.01635152816584066,0.016351555896347826,0.016351557729324874,-3.191891195797325e-16,-1.9568461850916208e-09
2491.958328384632,0.016351445941927393,0.016351445941927306,0.016351445941924763,0.01635141588481872,0.01635144396101377,0.016351445816538655,-2.5431046157819992e-15,-1.9809135373693998e-09
2496.030155718594,0.016351379765851284,0.016351379765851257,0.01635137976584638,0.016351349333193946,0.016351377760488044,0.016351379638918778,-4.8780424144467815e-15,-2.0053632122929432e-09
2500.1019830525556,0.01635135964496418,0.016351359644963762,0.016351359644957816,0.016351328830793196,0.016351357614757495,0.01635135951646279,-5.946632075648495e-15,-2.030206266989687e-09
2504.1738103865173,0.016351385937585595,0.01635138593758486,0.016351385937578608,0.016351354735759306,0.016351383882130293,0.016351385807489564,-6.251943407420413e-15,-2.0554545669682067e-09
2508.2456377204794,0.016351459041184176,0.016351459041183316,0.01635145904117699,0.01635142744537814,0.016351456960063446,0.0163514589094674,-6.324801793411439e-15,-2.0811198701842226e-09
2512.317465054441,0.016351579393290766,0.01635157939329019,0.016351579393283636,0.016351547396990913,0.01635157728607545,0.016351579259926367,-6.553785292240377e-15,-2.1072147395051477e-09
2516.3892923884027,0.016351747472499973,0.016351747472499917,0.016351747472493756,0.01635171506899558,0.016351745338747895,0.01635174733746022,-6.161737786669619e-15,-2.133752022293045e-09
2520.461119722365,0.0163519637995644,0.016351963799564627,0.016351963799559853,0.016351930981940387,0.01635196163881946,0.016351963662820206,-4.773959005888173e-15,-2.1607451661243005e-09
2524.5329470563265,0.01635222893858457,0.01635222893858498,0.01635222893858179,0.016352195699714626,0.01635222675037709,0.016352228800106054,-3.191891195797325e-15,-2.188207889192162e-09
2528.604774390288,0.01635254349830254,0.016352543498302997,0.016352543498299954,0.016352509830840512,0.016352541282148216,0.016352543358058913,-3.0427049768633196e-15,-2.2161547805210624e-09
2532.6766017242503,0.016352908133500262,0.016352908133500717,0.01635290813349629,0.016352874029871983,0.01635290588890006,0.01635290799145991,-4.427014310692812e-15,-2.2446006581189337e-09
2536.748429058212,0.016353323546511225,0.016353323546511686,0.0163533235465059,0.01635328899890519,0.016353321272950534,0.01635332340264158,-5.7870375158586285e-15,-2.2735611518442944e-09
2540.8202563921736,0.016353790488850134,0.016353790488850457,0.016353790488844194,0.01635375548920783,0.01635378818579801,0.01635379034311745,-6.262351748276274e-15,-2.3030524466671753e-09
2544.8920837261358,0.016354309762966646,0.016354309762966836,0.016354309762960432,0.01635427430297264,0.016354307429875377,0.016354309615336217,-6.404599073306372e-15,-2.3330914596109142e-09
2548.9639110600974,0.01635488222413224,0.016354882224132488,0.016354882224126135,0.01635484629520344,0.016354879860436808,0.016354882074568505,-6.3525573690270676e-15,-2.363695680157596e-09
2553.035738394059,0.01635550878246712,0.01635550878246738,0.016355508782460965,0.016355472375741063,0.016355506387583964,0.016355508630933116,-6.415007414162233e-15,-2.3948834165787858e-09
2557.107565728021,0.016356190405114702,0.016356190405115066,0.016356190405108453,0.01635615351143763,0.0163561879784412,0.016356190251572304,-6.612765890423589e-15,-2.426673865324469e-09
2561.179393061983,0.016356928118575035,0.016356928118575316,0.0163569281185691,0.01635689072848909,0.016356925659488444,0.016356927962984706,-6.217248937900877e-15,-2.459086871631211e-09
2565.2512203959445,0.016357723011205506,0.016357723011205593,0.016357723011200406,0.01635768511493515,0.016357720519062268,0.016357722853526387,-5.186823193170653e-15,-2.492143325039109e-09
2569.3230477299066,0.016358576235900747,0.016358576235901017,0.01635857623589705,0.016358537823338966,0.01635857371003603,0.016358576076091074,-3.965577866082981e-15,-2.525864985919446e-09
2573.3948750638683,0.016359489012965182,0.016359489012965703,0.016359489012962948,0.01635945007365749,0.016359486452691082,0.016359488850981544,-2.7547408798511697e-15,-2.5602746207831206e-09
2577.46670239783,0.016360462633187658,0.016360462633188366,0.016360462633187103,0.016360423156316015,0.016360460037792325,0.016360462468984927,-1.2628786905111156e-15,-2.595396040444564e-09
2581.538529731792,0.01636149846113563,0.016361498461136433,0.01636149846113686,0.016361458435501314,0.016361495829882184,0.0163614982946671,4.2674197509029455e-16,-2.6312542492079594e-09
2585.6103570657538,0.016362597938683443,0.01636259793868395,0.01636259793868593,0.016362557352688507,0.0163625952708085,0.016362597769900372,1.9810542095655137e-15,-2.6678754483366873e-09
2589.6821843997154,0.016363762588790538,0.016363762588790503,0.016363762588793622,0.016363721430418803,0.016363759883503564,0.016363762417642733,3.119032809806299e-15,-2.705286938908813e-09
2593.7540117336775,0.01636499401955027,0.01636499401954967,0.01636499401955284,0.016364952276346708,0.016364991276032033,0.016364993845985817,3.1676050671336498e-15,-2.743517638764681e-09
2597.825839067639,0.016366293928527214,0.016366293928526624,0.016366293928528806,0.016366251587576177,0.016366291145928896,0.01636629375249297,2.1822821327788233e-15,-2.782597728623326e-09
2601.897666401601,0.01636766410740745,0.016367664107407396,0.016367664107409117,0.016367621155308584,0.016367661284848376,0.016367663928848142,1.7208456881689926e-15,-2.822559019843851e-09
2605.969493735563,0.016369106446983382,0.01636910644698343,0.016369106446985495,0.0163690628698256,0.016369103583548563,0.016369106265840726,2.0643209364124004e-15,-2.863434867689252e-09
2610.0413210695247,0.016370622942498244,0.016370622942497977,0.016370622942499916,0.016370578725833883,0.01637062003723742,0.01637062275871169,1.9394208461420703e-15,-2.9052605564350298e-09
2614.1131484034863,0.016372215699383203,0.016372215699382547,0.016372215699383613,0.016372170828199827,0.01637221275130953,0.016372215512890278,1.0651202142497596e-15,-2.9480730183439885e-09
2618.1849757374484,0.016373886939416517,0.016373886939415622,0.01637388693941514,0.016373841398106135,0.016373883947504282,0.01637388675015244,-4.822531263215524e-16,-2.9919113402054887e-09
2622.25680307141,0.016375639007338422,0.016375639007337364,0.016375639007335265,0.01637559277966447,0.016375635970520625,0.016375638815235755,-2.0990154059319366e-15,-3.0368167390493195e-09
2626.3286304053718,0.01637747437795952,0.016377474377958518,0.016377474377955857,0.016377427447022135,0.01637747129512586,0.016377474182948246,-2.661065812148422e-15,-3.0828326592902133e-09
2630.400457739334,0.01637939566380601,0.016379395663805342,0.01637939566380314,0.01637934801200426,0.01637939253380032,0.01637939546581321,-2.203098814490545e-15,-3.1300050225280263e-09
2634.4722850732956,0.01638140562334597,0.016381405623345516,0.016381405623343823,0.016381357232337142,0.016381402444963073,0.016381405422295305,-1.6930901125533637e-15,-3.178382442653449e-09
2638.544112407257,0.016383507169847145,0.016383507169846448,0.016383507169844495,0.016383458020503602,0.016383503941830135,0.016383506965658653,-1.9532986339498848e-15,-3.228016312584181e-09
2642.6159397412193,0.01638570338092139,0.01638570338092046,0.0163857033809178,0.016385653453284885,0.01638570010195938,0.016385703173512144,-2.661065812148422e-15,-3.278961078351239e-09
2646.687767075181,0.016387997508819717,0.016387997508818954,0.016387997508815567,0.016387946782051202,0.016387994177544513,0.016387997298103557,-3.3861802251067274e-15,-3.3312744403268812e-09
2650.7595944091427,0.01639039299154332,0.016390392991542782,0.016390392991539167,0.01639034144386856,0.016390389606525155,0.01639039277742987,-3.615163723935666e-15,-3.3850176273109156e-09
2654.831421743105,0.016392893464844467,0.01639289346484422,0.01639289346484116,0.016392841073496124,0.016392890024588592,0.01639289324723923,-3.0600522116230877e-15,-3.440255628983646e-09
2658.9032490770664,0.016395502775203116,0.016395502775203182,0.01639550277520054,0.016395449516358285,0.016395499278145587,0.016395502554007204,-2.643718577388654e-15,-3.497057594892272e-09
2662.975076411028,0.016398224993870242,0.016398224993870635,0.01639822499386743,0.016398170842582598,0.016398221438373547,0.01639822476898003,-3.2057689836051395e-15,-3.555497087720516e-09
2667.0469037449902,0.01640106443208056,0.016401064432081038,0.016401064432076916,0.016401009362207092,0.016401060816428628,0.01640106420338731,-4.121702978920894e-15,-3.6156524094166365e-09
2671.118731078952,0.01640402565754866,0.01640402565754906,0.016404025657544185,0.016403969641670693,0.016404021979941962,0.01640402542493837,-4.874572967494828e-15,-3.6776070973243424e-09
2675.1905584129136,0.01640711351237702,0.016407113512377117,0.01640711351237134,0.01640705652171433,0.016407109770926975,0.016407113275730113,-5.776629175002768e-15,-3.741450142757952e-09
2679.2623857468757,0.016410333132517507,0.016410333132517527,0.01641033313251063,0.01641027513683532,0.01641032932524068,0.016410332891708648,-6.897260540483785e-15,-3.807276847955787e-09
2683.3342130808373,0.016413689968947084,0.016413689968947435,0.016413689968940166,0.016413630936454607,0.016413686093758397,0.016413689723844906,-7.268491364342822e-15,-3.875189037716442e-09
2687.406040414799,0.016417189810736782,0.01641718981073742,0.016417189810730516,0.01641712970797617,0.016417185865441757,0.016417189561202417,-6.904199434387692e-15,-3.945295663082549e-09
2691.477867748761,0.01642083881021364,0.01642083881021411,0.01642083881020766,0.016420777601939784,0.01642083479250045,0.01642083855610042,-6.449701883681769e-15,-4.017713661763622e-09
2695.549695082723,0.01642464351044439,0.016424643510444693,0.01642464351043899,0.016424581159494356,0.016424639417876176,0.01642464325159825,-5.703770789011742e-15,-4.092568516717021e-09
2699.6215224166845,0.016428610875299197,0.016428610875299753,0.016428610875295225,0.016428547342448706,0.01642860670530478,0.016428610611557887,-4.5276282722994665e-15,-4.1699949708540185e-09
2703.6933497506466,0.01643274832238491,0.016432748322385594,0.016432748322382063,0.01643268356618997,0.016432744072247416,0.01643274805357662,-3.5318969970887792e-15,-4.25013817889619e-09
2707.7651770846082,0.016437063759176203,0.01643706375917624,0.016437063759173358,0.016436997735800363,0.016437059426021815,0.016437063485118423,-2.8831104170734534e-15,-4.3331544255509336e-09
2711.83700441857,0.016441565622722202,0.0164415656227216,0.016441565622718684,0.0164414982857481,0.016441561203509043,0.016441565343222643,-2.9178048865929895e-15,-4.41921255839306e-09
2715.908831752532,0.016446262923362112,0.01644626292336146,0.016446262923357453,0.016446194223582466,0.016446258414866615,0.016446262638217524,-4.007211229506424e-15,-4.508494844818189e-09
2719.9806590864937,0.016451165292938878,0.016451165292938948,0.016451165292934024,0.016451095178124726,0.01645116069174015,0.016451165001933683,-4.9231452248221785e-15,-4.60119879697185e-09
2724.052486420456,0.016456283038078924,0.016456283038079552,0.016456283038075673,0.016456211452723583,0.016456278340541065,0.016456282740983142,-3.878841692284141e-15,-4.697538486669872e-09
2728.1243137544175,0.016461627199190823,0.016461627199191666,0.0164616271991891,0.016461554084226872,0.01646162240144519,0.01646162689575954,-2.5673907444456745e-15,-4.797746474410891e-09
2732.196141088379,0.016467209615945045,0.016467209615945933,0.016467209615943296,0.016467134908429926,0.016467204713870122,0.01646720930591757,-2.6367796834847468e-15,-4.902075811247242e-09
2736.2679684223413,0.016473043000118506,0.01647304300011924,0.01647304300011604,0.01647296663288273,0.016473037989316628,0.01647304268321668,-3.202299536653186e-15,-5.0108026131145955e-09
2740.339795756303,0.016479141016834856,0.016479141016835393,0.016479141016832313,0.016479062918089336,0.016479135892607032,0.016479140692761615,-3.0808688933348094e-15,-5.124228361075289e-09
2744.4116230902646,0.01648551837541861,0.016485518375419065,0.016485518375417656,0.016485438468313327,0.016485513132735587,0.016485518043856187,-1.4085954624931674e-15,-5.242683478318133e-09
2748.4834504242267,0.0164921909312991,0.016492190931299732,0.016492190931301054,0.016492109133426486,0.016492185564769148,0.01649219059190698,1.321859288694327e-15,-5.366530584499651e-09
2752.5552777581884,0.01649917580067451,0.01649917580067544,0.01649917580067841,0.01649909202350714,0.016499170304506396,0.016499175453086757,2.9698465908722937e-15,-5.4961690441890365e-09
2756.62710509215,0.016506491489981238,0.016506491489982286,0.01650649148998497,0.016506405638233818,0.016506485857942725,0.01650649113380387,2.6853519408120974e-15,-5.6320395604159135e-09
2760.698932426112,0.0165141580426377,0.016514158042638626,0.016514158042639854,0.016514070013539012,0.01651415226800828,0.016514157677445785,1.2281842209915794e-15,-5.774630346816467e-09
2764.770759760074,0.016522197206062652,0.016522197206063394,0.016522197206063755,0.016522106888520394,0.016522191281579446,0.016522196831397183,3.608224830031759e-16,-5.9244839485661505e-09
2768.8425870940355,0.016530632622646497,0.01653063262264687,0.01653063262264749,0.016530539896282857,0.016530626540441396,0.016530632238010167,6.175615574477433e-16,-6.0822054753773e-09
2772.9144144279976,0.0165394900492282,0.01653949004922818,0.016539490049229284,0.016539394783259345,0.016539483800755095,0.01653948965408103,1.1032841307212493e-15,-6.248473086167827e-09
2776.9862417619593,0.01654879761077573,0.01654879761077536,0.016548797610776683,0.016548699662699787,0.016548791186725417,0.01654879720452959,1.321859288694327e-15,-6.424049944775412e-09
2781.058069095921,0.0165585860954827,0.016558586095481862,0.01655858609548352,0.01655848530952972,0.01655857948568183,0.016558585677494863,1.6583956430338276e-15,-6.609800033696711e-09
2785.129896429883,0.016568889300531235,0.016568889300530024,0.016568889300532068,0.016568785505814667,0.016568882493822816,0.0165688888700969,2.0435042547006788e-15,-6.806707208290019e-09
2789.2017237638447,0.016579744440564023,0.01657974444056257,0.016579744440565154,0.016579637448849858,0.016579737424662625,0.016579743996907443,2.5847379792054426e-15,-7.015899944340376e-09
2793.2735510978064,0.01659119263479574,0.016591192634794468,0.016591192634797063,0.016591082237775324,0.016591185396110746,0.016591192177058834,2.5951463200613034e-15,-7.238683721877415e-09
2797.3453784317685,0.01660327949423399,0.01660327949423306,0.016603279494234603,0.016603165460138885,0.0166032720176502,0.01660327902146238,1.5439038936193583e-15,-7.476582859766712e-09
2801.41720576573,0.016616055838548575,0.01661605583854806,0.01661605583854806,0.016615937907873895,0.01661604810714933,0.016616055349674187,0.0,-7.73139872956019e-09
2805.489033099692,0.016629578584198813,0.016629578584198383,0.016629578584196995,0.016629456464188862,0.01662957057890948,0.01662957807801702,-1.3877787807814457e-15,-8.005288903989438e-09
2809.560860433654,0.016643911864006686,0.016643911864006187,0.016643911864003734,0.01664378522137259,0.016643903563124687,0.01664391133914732,-2.4528989950312052e-15,-8.3008814995289e-09
2813.6326877676156,0.01665912846792206,0.0166591284679215,0.016659128467918272,0.016658996918952788,0.016659119846479272,0.016659127922809245,-3.226585665316861e-15,-8.621442226797171e-09
2817.7045151015773,0.016675311743454595,0.0166753117434543,0.01667531174345056,0.01667517484014744,0.01667530277232362,0.01667531117625062,-3.740063814205996e-15,-8.971130678603334e-09
2821.7763424355394,0.01669255817783364,0.016692558177833612,0.01669255817782987,0.016692415387705137,0.016692548822428228,0.016692557586356578,-3.74353326115795e-15,-9.355405384409154e-09
2825.848169769501,0.01671098103332917,0.016710981033328992,0.016710981033326442,0.016710831708758533,0.01671097125163384,0.016710980414928783,-2.5500435096859064e-15,-9.781695151783731e-09
2829.9199971034627,0.01673071568461731,0.016730715684617092,0.016730715684616503,0.01673055901407069,0.016730705424057322,0.016730715035979185,-5.898059818321144e-16,-1.0260559769881272e-08
2833.991824437425,0.016751927835061957,0.01675192783506191,0.016751927835062706,0.01675176276164697,0.016751917027280707,0.016751927151878582,7.979727989493313e-16,-1.0807781201244149e-08
2838.0636517713865,0.0167748267674441,0.016774826767444014,0.016774826767445683,0.016774651847235613,0.016774815319228743,0.016774826043844154,1.6688039838896884e-15,-1.1448215271603335e-08
2842.135479105348,0.016799687213469475,0.01679968721346945,0.016799687213472053,0.016799500367646165,0.016799674990894537,0.016799686441022043,2.6020852139652106e-15,-1.2222574913983708e-08
2846.2073064393103,0.016826882416196513,0.016826882416196638,0.016826882416200256,0.016826680553130184,0.016826869220501355,0.016826881582395602,3.6186331708876196e-15,-1.3195695282991471e-08
2850.279133773272,0.01685690476863958,0.01685690476863956,0.016856904768643283,0.016856683655460867,0.016856890328315798,0.016856903856409713,3.722716579446228e-15,-1.4440323763131868e-08
2854.3509611072336,0.016890210884897817,0.016890210884897842,0.016890210884900243,0.01688996753121639,0.01689019500893311,0.016890209882229754,2.400857290751901e-15,-1.587596473034969e-08
2858.4227884411957,0.01692673210961007,0.016926732109610453,0.016926732109611004,0.016926470562677806,0.016926715054671672,0.01692673103258388,5.516420653606247e-16,-1.705493878068065e-08
2862.4946157751574,0.01696676763260892,0.016966767632609875,0.016966767632609098,0.01696649042001709,0.016966749544528554,0.016966766490156965,-7.771561172376096e-16,-1.8088081320949412e-08
2866.566443109119,0.01701291111676683,0.017012911116767945,0.01701291111676624,0.017012608000566157,0.017012891321506882,0.01701290986624513,-1.7034984534092246e-15,-1.979526106227203e-08
2870.638270443081,0.017068650946588736,0.017068650946589447,0.01706865094658695,0.01706830556629035,0.017068628380700442,0.017068649520898527,-2.4980018054066022e-15,-2.2565889004622086e-08
2874.710097777043,0.017137443070376263,0.01713744307037656,0.017137443070373935,0.0171370378333234,0.017137416589814866,0.017137441397319254,-2.626371342628886e-15,-2.6480561694797178e-08
2878.7819251110045,0.0172210902720132,0.017221090272013524,0.017221090272011137,0.017220611148188857,0.01722105897206945,0.017221088294614034,-2.3869795029440866e-15,-3.129994407408132e-08
2882.8537524449666,0.017319605328498727,0.01731960532849904,0.01731960532849664,0.017319042665930613,0.017319568620403826,0.017319603010140277,-2.3973878437999474e-15,-3.670809521280627e-08
2886.9255797789283,0.017423961556356986,0.017423961556357174,0.01742396155635415,0.017423408373386594,0.01742392550738466,0.01742395927997212,-3.0253577421035516e-15,-3.604897251541228e-08
2890.99740711289,0.017501932542094287,0.017501932542094364,0.017501932542090606,0.01750154985542048,0.01750190754014385,0.017501930962176063,-3.757411048965764e-15,-2.500195051338694e-08
2895.069234446852,0.017555046329429353,0.017555046329429353,0.01755504632942451,0.017554713910358774,0.017555024545083085,0.01755504495209001,-4.8433479449272454e-15,-2.1784346267844645e-08
2899.1410617808137,0.017629031317302257,0.01762903131730209,0.017629031317295554,0.017628590982052075,0.01762900251795145,0.017629029497394925,-6.536438057480609e-15,-2.8799350640373866e-08
2903.2128891147754,0.01774615642192439,0.017746156421924248,0.017746156421916688,0.017745571616965376,0.017746118237039803,0.017746154009844133,-7.559924908306925e-15,-3.818488444537471e-08
2907.2847164487375,0.017920571706687132,0.017920571706686983,0.017920571706679468,0.01791979833811999,0.01792052128530503,0.017920568522794493,-7.514822097931528e-15,-5.042138195160417e-08
2911.356543782699,0.01818668887785083,0.018186688877850757,0.01818668887784379,0.018185630981746314,0.01818662001012441,0.01818668453073507,-6.966649479522857e-15,-6.886772634800975e-08
2915.428371116661,0.01858291382565044,0.018582913825650305,0.018582913825644205,0.018581522503881565,0.018582823347403094,0.0185829081157076,-6.099287741534454e-15,-9.047824721039599e-08
2919.500198450623,0.0190540199681872,0.019054019968187202,0.019054019968182137,0.01905271566904863,0.01905393512687692,0.01905401461295646,-5.065392549852277e-15,-8.484131028274611e-08
2923.5720257845846,0.019287613211502068,0.01928761321150228,0.01928761321149838,0.0192872875558448,0.019287591677212106,0.019287611846175723,-3.899658373995862e-15,-2.1534290173957915e-08
2927.6438531185463,0.01914078371905973,0.019140783719060098,0.01914078371905661,0.019140960343290936,0.019140794570894428,0.01914078439437731,-3.4867941867133823e-15,1.0851834330444232e-08
2931.7156804525084,0.01895438217122822,0.01895438217122864,0.01895438217122463,0.018954194819218503,0.01895436939265185,0.01895438135622226,-4.010680676458378e-15,-1.2778576790467566e-08
2935.78750778647,0.01891917887163101,0.018919178871630936,0.018919178871626634,0.018918450385888616,0.018919130989308353,0.01891917584258578,-4.3021142204224816e-15,-4.788232258259861e-08
2939.8593351204318,0.019042289122757912,0.019042289122757478,0.01904228912275396,0.019040999241984876,0.019042204762049854,0.019042283792094713,-3.5180192092809648e-15,-8.43607076243813e-08
2943.931162454394,0.019313635201479933,0.01931363520147939,0.019313635201477417,0.019311716437740108,0.01931350993300353,0.01931362728901795,-1.9741153156616065e-15,-1.2526847585972445e-07
2948.0029897883555,0.01971454949747984,0.019714549497479302,0.019714549497479073,0.019712129908650254,0.019714391716398064,0.019714539533396046,-2.2898349882893854e-16,-1.5778108123851164e-07
2952.074817122317,0.02011010429625346,0.02011010429625279,0.0201101042962543,0.02010801670984532,0.020109968342846438,0.020110095711974783,1.5092094240998222e-15,-1.359534063521961e-07
2956.1466444562793,0.020317431361842973,0.020317431361842497,0.02031743136184554,0.020316064024070404,0.020317342370323198,0.0203174257438198,3.0427049768633196e-15,-8.899151929947502e-08
2960.218471790241,0.02046953958699156,0.020469539586991936,0.02046953958699589,0.02046807892417899,0.020469444458561036,0.02046953358170026,3.95516952522712e-15,-9.512843089989897e-08
2964.2902991242026,0.020757063961242116,0.020757063961243154,0.020757063961247844,0.02075506225584162,0.020756933578873725,0.020757055730286276,4.690692279041286e-15,-1.303823694287498e-07
2968.3621264581648,0.021226345560463978,0.021226345560464786,0.021226345560469737,0.02122369961819074,0.02122617325033449,0.02122633468295982,4.9509008004378074e-15,-1.7231013029611608e-07
2972.4339537921264,0.021883893932236102,0.021883893932236494,0.021883893932241442,0.021880540687555742,0.021883675603765036,0.021883880150173805,4.947431353485854e-15,-2.183284714581124e-07
2976.505781126088,0.022744467998849285,0.022744467998849584,0.02274446799885454,0.022740256371737863,0.022744193763943033,0.022744450687516227,4.957839694341715e-15,-2.742349065505689e-07
2980.57760846005,0.02386805913679896,0.023868059136799246,0.02386805913680378,0.02386257576587994,0.023867702013279073,0.023868036592123717,4.534567166203374e-15,-3.5712352017269744e-07
2984.649435794012,0.025378969743780445,0.025378969743780264,0.025378969743784393,0.02537158426089755,0.025378488691600493,0.02537893937519846,4.128641872824801e-15,-4.810521797710132e-07
2988.7212631279735,0.027460869492922604,0.02746086949292153,0.02746086949292531,0.027450645564658992,0.02746020356960452,0.02746082745404407,3.7816971776294395e-15,-6.65923317010042e-07
2992.7930904619357,0.030407879961388173,0.03040787996138611,0.030407879961388152,0.030393250162823248,0.030406927123296148,0.030407819811491668,2.0435042547006788e-15,-9.528380899605227e-07
2996.8649177958973,0.03472677850113197,0.03472677850112902,0.034726778501127924,0.034704988458426324,0.03472535940775904,0.03472668892049693,-1.096345236817342e-15,-1.4190933699809172e-06
3000.936745129859,0.04132061726633165,0.04132061726632779,0.04132061726632328,0.041286704936431,0.041318408826493715,0.04132047786186406,-4.5102810375396984e-15,-2.208439834075482e-06
3005.008572463821,0.05180724464538392,0.05180724464537858,0.051807244645369,0.05175245640570279,0.05180367698348141,0.05180701944778753,-9.582612481295882e-15,-3.5676618971719476e-06
3009.080399797783,0.06881509881284287,0.06881509881283436,0.06881509881281742,0.06872700128221476,0.06880936328148524,0.0688147367855032,-1.6944778913341452e-14,-5.73553134912419e-06
3013.1522271317444,0.09450030104682983,0.09450030104681618,0.0945003010467895,0.09438044133334333,0.09449250325610296,0.09449980887572178,-2.66869859544272e-14,-7.797790713220953e-06
3017.2240544657066,0.12111554722487518,0.12111554722485968,0.12111554722483076,0.12104122988687034,0.1211107265151468,0.12111524300319376,-2.892130979148533e-14,-4.820709712874405e-06
3021.295881799668,0.12475665623635072,0.12475665623634673,0.12475665623633403,0.12481434275475647,0.12476041507106707,0.12475689343739567,-1.2698175844150228e-14,3.7588347203409977e-06
3025.36770913363,0.1058460894602636,0.10584608946027749,0.10584608946027615,0.10594528797076938,0.10585252621281685,0.10584649550275066,-1.3322676295501878e-15,6.436752539362711e-06
3029.439536467592,0.08490636047535965,0.08490636047538336,0.084906360475385,0.08499325373273324,0.08491199222152042,0.08490671564335178,1.6375789613221059e-15,5.631746137060856e-06
3033.5113638015537,0.06637163760152916,0.06637163760155028,0.06637163760155176,0.06644285268607728,0.06637625159849277,0.06637192857554015,1.4849232954361469e-15,4.6139969424874305e-06
3037.5831911355153,0.05230576350476433,0.05230576350477886,0.05230576350477623,0.05235294098286069,0.05230881912363224,0.052305956200545435,-2.6298407895808396e-15,3.055618853380071e-06
3041.6550184694775,0.043354586472409515,0.04335458647241905,0.04335458647241168,0.04338161264177143,0.04335633628661562,0.043354696816790085,-7.369105325949477e-15,1.7498141965735514e-06
3045.726845803439,0.03810714855262908,0.03810714855263532,0.03810714855262606,0.03812039470724656,0.03810800546668591,0.038107202586207575,-9.256484467812243e-15,8.569140505926276e-07
3049.798673137401,0.035290029703504,0.03529002970350807,0.035290029703500043,0.035293250123786354,0.0352902368876722,0.03529004276321126,-8.028300246820663e-15,2.0718416413045837e-07
3053.870500471363,0.03421127924369927,0.03421127924370166,0.03421127924369649,0.03420567164150062,0.03421091419006164,0.03421125621853417,-5.169475958410885e-15,-3.6505364001820917e-07
3057.9423278053246,0.03463749202258376,0.034637492022584995,0.03463749202258285,0.03462203501074835,0.034636488397005935,0.0346374287324649,-2.1441182163073336e-15,-1.0036255790601967e-06
3062.0141551392862,0.03672140345845403,0.036721403458454906,0.0367214034584544,0.03669246173860354,0.03671952547345215,0.036721285039519526,-5.065392549852277e-16,-1.8779850027572653e-06
3066.0859824732484,0.041065258318178366,0.04106525831817928,0.04106525831817755,0.041015290887060386,0.04106201702018321,0.0410650539459615,-1.734723475976807e-15,-3.2412979960733113e-06
3070.15780980721,0.04887998332779846,0.04887998332779992,0.04887998332779384,0.04879633733038773,0.0488745588939469,0.0488796413187429,-6.078471059822732e-15,-5.424433853019883e-06
3074.2296371411717,0.061719495576758154,0.06171949557676067,0.061719495576748176,0.06159259824008092,0.06171127102360413,0.06171897702856343,-1.2496947920936918e-14,-8.224553156542525e-06
3078.301464475134,0.07818701784901728,0.07818701784902105,0.0781870178490048,0.07805965468986711,0.07817877435639667,0.07818649802458845,-1.625088952295073e-14,-8.243492624376847e-06
3082.3732918090955,0.087366557324695,0.08736655732469804,0.0873665573246885,0.08734933051473395,0.08736543583579873,0.08736648617945561,-9.547918011776346e-15,-1.121488899316625e-06
3086.445119143057,0.08356366426340457,0.08356366426340482,0.08356366426340178,0.08361000383341007,0.0835666262289327,0.08356385041842355,-3.039235529911366e-15,2.961965527875643e-06
3090.5169464770192,0.08052108404985459,0.08052108404985245,0.08052108404984566,0.08052138218258595,0.08052108008239876,0.0805210835790301,-6.786238238021269e-15,-3.9674536850276e-09
3094.588773810981,0.08418634604344845,0.08418634604344297,0.08418634604343228,0.08416381500015338,0.08418490290886617,0.08418625520793299,-1.0685896612017132e-14,-1.4431345767978998e-06
3098.6606011449426,0.08323492385629631,0.08323492385628549,0.08323492385628181,0.08330255208263597,0.08323932115975267,0.08323520109654738,-3.677613769070831e-15,4.397303467185143e-06
3102.7324284789047,0.06925820304798176,0.0692582030479702,0.06925820304797686,0.06939012736861358,0.06926672370352056,0.06925873991458426,6.661338147750939e-15,8.520655550361966e-06
3106.8042558128664,0.05311144496446897,0.05311144496446071,0.053111444964470345,0.05321773183846516,0.05311829797833,0.053111876690105385,9.631184738623233e-15,6.853013869288771e-06
3110.876083146828,0.04169941370637536,0.04169941370636954,0.04169941370637901,0.04176764771010229,0.041703811332853814,0.04169969073333584,9.471590178833367e-15,4.397626484277384e-06
3114.94791048079,0.03450158977362966,0.03450158977362523,0.0345015897736331,0.034544383835170625,0.0345043475944798,0.03450176349622289,7.868705687030797e-15,2.7578208545708804e-06
3119.019737814752,0.02992074444617977,0.029920744446176633,0.029920744446181625,0.029948465296866757,0.02992253083300107,0.029920856971730626,4.992534163861251e-15,1.7863868244372139e-06
3123.0915651487135,0.026886117598611765,0.026886117598609583,0.026886117598611863,0.02690485040371958,0.026887324698758118,0.026886193631317855,2.2794266474335245e-15,1.2071001485348953e-06
3127.1633924826756,0.024787166760811455,0.02478716676080987,0.02478716676081002,0.024800336486769183,0.024788015286440406,0.02478722020483108,1.491862189340054e-16,8.485256305368338e-07
3131.2352198166373,0.023278014155211774,0.02327801415521083,0.023278014155209813,0.023287592762871952,0.023278631194886434,0.023278053016716267,-1.016547956922409e-15,6.170396756044472e-07
3135.307047150599,0.022156391175424436,0.022156391175424162,0.0221563911754223,0.022163558538568457,0.022156852777071023,0.022156420245185365,-1.863093013199091e-15,4.616016468610151e-07
3139.378874484561,0.021299177592243274,0.0212991775922436,0.021299177592240037,0.02130466844604022,0.021299531116743552,0.021299199853831243,-3.563122019656362e-15,3.5352449995196267e-07
3143.4507018185227,0.020628428384751953,0.020628428384752436,0.020628428384747145,0.020632717590026464,0.020628704443477162,0.020628445766563412,-5.290906601729262e-15,2.7605872472691306e-07
3147.5225291524844,0.020092997584600522,0.02009299758460105,0.020092997584595557,0.020096402426792063,0.020093216631835085,0.020093011375162766,-5.492134524942571e-15,2.1904723403534665e-07
3151.5943564864465,0.019658237142324782,0.019658237142325417,0.019658237142321726,0.019660975942695662,0.019658413252759785,0.019658248228268727,-3.6914915568786455e-15,1.7611043436754903e-07
3155.666183820408,0.01930000582980988,0.019300005829810785,0.01930000582980964,0.019302232750355284,0.019300148941943988,0.019300014837198877,-1.1449174941446927e-15,1.4311213320308824e-07
3159.73801115437,0.019001061010552316,0.01900106101055346,0.019001061010553506,0.019002887419445766,0.019001178303948076,0.019001068391646014,4.5102810375396984e-17,1.1729339461502564e-07
3163.809838488332,0.01874881469326542,0.018748814693266513,0.01874881469326673,0.01875032268226181,0.018748911459965652,0.018748820781416816,2.185751579730777e-16,9.676669913971647e-08
3167.8816658222936,0.018533896852150743,0.018533896852151076,0.018533896852151205,0.01853514802506896,0.018533977063269383,0.018533901897500003,1.2836953722228372e-16,8.021111830638916e-08
3171.9534931562553,0.018349211141244885,0.018349211141244375,0.018349211141243715,0.018350252470035328,0.018349277824522083,0.01834921533450496,-6.591949208711867e-16,6.668327770867344e-08
3176.0253204902174,0.01818929938275356,0.018189299382752537,0.018189299382751812,0.018190167197051757,0.018189354879778748,0.01818930287141437,-7.251144129583054e-16,5.5497026210660216e-08
3180.097147824179,0.018049904624511934,0.018049904624510123,0.01804990462451105,0.018050627384603325,0.018049950769510614,0.018049907524102286,9.26342336171615e-16,4.614500049085479e-08
3184.1689751581407,0.017927664854069193,0.01792766485406711,0.0179276648540696,0.017928265113586535,0.017927703100451244,0.017927667256130066,2.4875934645507414e-15,3.8246384132661904e-08
3188.240802492103,0.01781989449505267,0.01781989449505081,0.01781989449505308,0.01782039031330046,0.017819926006472475,0.017819896472872812,2.2724877535296173e-15,3.151142166646359e-08
3192.3126298260645,0.017724426012903523,0.017724426012901605,0.017724426012902313,0.017724831986572206,0.017724451729779822,0.01772442762570913,7.077671781985373e-16,2.571687821723012e-08
3196.384457160026,0.01763949340294051,0.017639493402939303,0.017639493402937842,0.017639821430245915,0.01763951409172581,0.01763949469900058,-1.4606371667724716e-15,2.068878650687833e-08
3200.4562844939883,0.01756364532983507,0.01756364532983402,0.017563645329830353,0.01756390518367942,0.01756366161996726,0.017563646348786887,-3.66720542821497e-15,1.6290133238866522e-08
3204.52811182795,0.01749567956944551,0.01749567956944525,0.01749567956943967,0.017495879332371282,0.017495691981392524,0.01749568034406355,-5.582340145693365e-15,1.24119472720563e-08
3208.5999391619116,0.017434592963168932,0.017434592963169425,0.017434592963161848,0.017434739360989132,0.01743460192993612,0.01743459352071793,-7.577272143066693e-15,8.966766693735417e-09
3212.6717664958737,0.017379542810663926,0.017379542810665165,0.017379542810655502,0.01737964147093075,0.01737954869445774,0.01737954317394923,-9.662409761190816e-15,5.883792574684632e-09
3216.7435938298354,0.01732981679511435,0.017329816795116592,0.017329816795104754,0.017329872449207133,0.01732981990037007,0.017329816983302652,-1.1837753000065732e-14,3.1052534779640872e-09
3220.815421163797,0.01728480934228748,0.017284809342290052,0.0172848093422769,0.017284825984770977,0.017284809925940708,0.01728480937155274,-1.3152673394856151e-14,5.83650655583412e-10
3224.887248497759,0.01724400287975156,0.017244002879753306,0.01724400287974022,0.017243983895041722,0.017244001159403242,0.01724400276378977,-1.3086753902769033e-14,-1.7203500637941183e-09
3228.959075831721,0.01720695286329508,0.01720695286329531,0.01720695286328337,0.01720690112708195,0.01720694902374949,0.01720695261373675,-1.194183640862434e-14,-3.839545820172319e-09
3233.0309031656825,0.017173275725007753,0.0171732757250069,0.017173275724998233,0.01717319368602349,0.01717326992354324,0.017173275351750745,-8.666678485980128e-15,-5.80146366016554e-09
3237.1027304996446,0.017142639105940934,0.017142639105940854,0.017142639105937243,0.017142528852300616,0.017142631476585284,0.017142638617419822,-3.611694276983712e-15,-7.629355570915042e-09
3241.1745578336063,0.0171147538890138,0.01711475388901502,0.01711475388901647,0.01711461720235509,0.017114744546030253,0.017114753292417056,1.4502288259166107e-15,-9.342984767790607e-09
3245.246385167568,0.017089367660836418,0.01708936766083795,0.01708936766084255,0.017089206060746886,0.017089356701586195,0.017089366962286308,4.597017211338539e-15,-1.0959251756093025e-08
3249.31821250153,0.017066259315511607,0.017066259315512946,0.01706625931551805,0.017066074096168744,0.017066246822815982,0.017066258520214917,5.1035564663237665e-15,-1.2492696963711802e-08
3253.3900398354917,0.017045234577017464,0.01704523457701837,0.017045234577021656,0.017045026837540826,0.01704522062111279,0.017045233689388397,3.2855662635000726e-15,-1.3955905580481653e-08
3257.4618671694534,0.01702612226500149,0.017026122265001786,0.01702612226500191,0.017025892934700967,0.01702610690516485,0.01702612128876388,1.249000902703301e-16,-1.5359836937067772e-08
3261.5336945034155,0.01700877116572843,0.017008771165727958,0.01700877116572563,0.01700852102518372,0.017008754451634894,0.0170087701040011,-2.327998904760875e-15,-1.6714093064446045e-08
3265.605521837377,0.016993047398360075,0.016993047398359006,0.016993047398356057,0.016992777097075668,0.016993029371219298,0.016993046253728755,-2.949029909160572e-15,-1.802713970808223e-08
3269.677349171339,0.01697883218881061,0.01697883218880904,0.01697883218880673,0.016978542260040627,0.016978812882320553,0.01697883096338753,-2.310651670001107e-15,-1.930648848777472e-08
3273.749176505301,0.0169660199806499,0.01696601998064807,0.016966019980646587,0.016965710853873103,0.01696599942179934,0.01696601867612461,-1.4814538484841933e-15,-2.055884872759206e-08
3277.8210038392626,0.016954516826074722,0.01695451682607259,0.016954516826071873,0.016954188837505553,0.01695449503581871,0.016954515443756125,-7.181755190543981e-16,-2.1790253882519872e-08
3281.8928311732243,0.016944239010668292,0.016944239010665905,0.01694423901066602,0.0169438924121197,0.01694421600449778,0.016944237551520906,1.1449174941446927e-16,-2.300616812681011e-08
3285.9646585071864,0.016935111874185244,0.016935111874183072,0.016935111874183784,0.016934746840538948,0.0169350876626072,0.016935110338859683,7.112366251504909e-16,-2.4211575872651325e-08
3290.036485841148,0.01692706879639986,0.016927068796398197,0.016927068796398628,0.016926685431892873,0.01692704338533979,0.016927067185257536,4.3021142204224816e-16,-2.5411058406782372e-08
3294.1083131751097,0.016920050322520603,0.016920050322519774,0.01692005032251882,0.016919648666022233,0.01692002371366103,0.01692004863565543,-9.54097911787244e-16,-2.6608858744864294e-08
3298.180140509072,0.016914003407092586,0.016914003407092683,0.016914003407090553,0.016913583436512065,0.016913975598154555,0.01691400164434817,-2.130240428499519e-15,-2.7808938127954486e-08
3302.2519678430335,0.01690888075888705,0.016908880758887797,0.016908880758886826,0.016908442394829682,0.016908851743863525,0.016908878919871407,-9.71445146547012e-16,-2.901502427210545e-08
3306.323795176995,0.01690464027219807,0.01690464027219926,0.01690464027220178,0.01690418338096738,0.016904610041545344,0.01690463835629585,2.518818487118324e-15,-3.023065391766222e-08
3310.3956225109573,0.01690124453235865,0.016901244532359697,0.016901244532366657,0.01690076892838272,0.01690121307315,0.01690124253874065,6.95971058561895e-15,-3.145920969560567e-08
3314.467449844919,0.016898660385249367,0.01689866038524988,0.01689866038526147,0.016898165832999128,0.016898627681296515,0.016898658312880475,1.1591422266477025e-14,-3.270395336485432e-08
3318.5392771788806,0.016896858562200138,0.01689685856220036,0.016896858562215896,0.01689634477765439,0.016896824594145255,0.016896856409845524,1.5536183450848284e-14,-3.396805510480494e-08
3322.6111045128428,0.016895813353031065,0.016895813353031412,0.016895813353049703,0.0168952800047304,0.01689577809841135,0.016895811119259828,1.8290924330699454e-14,-3.525462006354063e-08
3326.6829318468044,0.016895502321094595,0.016895502321095008,0.01689550232111426,0.016894949030823732,0.016895465754382576,0.01689550000428161,1.9251961136390605e-14,-3.6566712432323234e-08
3330.7547591807665,0.016895906055121552,0.016895906055121986,0.01689590605514045,0.016895332398249408,0.01689586814774401,0.016895903653449076,1.8464396678297135e-14,-3.790737797618182e-08
3334.826586514728,0.01689700795346106,0.016897007953461676,0.016897007953480148,0.016896413458962437,0.016896968673797183,0.016897005464918704,1.8471335572201042e-14,-3.9279664493241384e-08
3338.89841384869,0.01689879403696547,0.016898794036966296,0.016898794036985517,0.016898178187141406,0.016898753350324633,0.016898791459348486,1.9220736113823023e-14,-4.0686641663428835e-08
3342.970241182652,0.016901252787330946,0.01690125278733109,0.016901252787349785,0.016900615017242996,0.016901210655911585,0.016901250118236854,1.8693380177126073e-14,-4.21314195059308e-08
3347.0420685166137,0.01690437500818197,0.01690437500818092,0.01690437500819659,0.01690371470481214,0.016904331391014306,0.016904372245008056,1.5668022435022522e-14,-4.3617166614606795e-08
3351.1138958505753,0.016908153706600863,0.01690815370659961,0.01690815370661019,0.01690747020774186,0.016908108559471745,0.01690815084654041,1.057834375650657e-14,-4.5147127866046466e-08
3355.1857231845374,0.0169125839931504,0.01691258399315001,0.01691258399315473,0.016911876586026896,0.0169125372685083,0.01691258103318534,4.721917301608869e-15,-4.6724641707823755e-08
3359.257550518499,0.016917662998734213,0.016917662998734644,0.01691766299873574,0.016916930918357623,0.016917614645576708,0.016917659935626852,1.096345236817342e-15,-4.835315793594308e-08
3363.3293778524608,0.01692338980690919,0.01692338980690998,0.016923389806911122,0.016922632234165,0.016923339770654664,0.016923386637194674,1.141448047192739e-15,-5.0036255316160405e-08
3367.401205186423,0.016929765400496743,0.01692976540049734,0.01692976540050026,0.016928981459956582,0.016929713622837603,0.016929762120474003,2.921274333544943e-15,-5.177765973612969e-08
3371.4730325203845,0.016936792621537515,0.01693679262153708,0.016936792621540266,0.016935981378987212,0.01693673904027423,0.0169367892272586,3.184952301893418e-15,-5.358126285021081e-08
3375.544859854346,0.01694447614381432,0.016944476143813243,0.01694447614381295,0.01694363660348906,0.016944420692671373,0.016944472631074067,-2.914335439641036e-16,-5.5451141869194975e-08
3379.6166871883083,0.016952822457339048,0.01695282245733862,0.0169528224573311,0.016951953558848553,0.01695276506575907,0.01695281882166174,-7.521760991835436e-15,-5.7391579551258065e-08
3383.68851452227,0.016961839864337986,0.0169618398643386,0.01696183986432226,0.01696094047926512,0.01696178045725247,0.016961836100960997,-1.6341095143701523e-14,-5.940708612886536e-08
3387.7603418562317,0.016971538486407284,0.016971538486408165,0.016971538486385558,0.016970607414563594,0.01697147698398634,0.0169715345902651,-2.260691633892975e-14,-6.150242182548227e-08
3391.832169190194,0.016981930282644383,0.016981930282644758,0.01698193028262044,0.016980966247959757,0.01698186660002322,0.01698192624835225,-2.4317353686242882e-14,-6.368262153721993e-08
3395.9039965241554,0.016993029078680204,0.016993029078680076,0.01699302907865714,0.016992030724698758,0.01699296312565928,0.01699302490051579,-2.2936513799365343e-14,-6.595302079470677e-08
3399.975823858117,0.01700485060665153,0.017004850606651224,0.01700485060663018,0.017003816491603426,0.017004782287367317,0.017004846278533603,-2.1045665210550624e-14,-6.831928390724218e-08
3404.0476511920792,0.017017412556266653,0.017017412556266064,0.017017412556245635,0.017016341147682964,0.017017341768831733,0.017017408071731552,-2.042810365310288e-14,-7.078743433086565e-08
3408.119478526041,0.01703073463723253,0.017030734637231572,0.017030734637210262,0.017029624306067383,0.017030661273343975,0.017030729989409736,-2.1309343178899098e-14,-7.336388759687784e-08
3412.1913058600026,0.017044838653430826,0.017044838653429952,0.01704483865340727,0.017043687667646787,0.017044762597943172,0.017044833835016326,-2.268324417187273e-14,-7.605548677999674e-08
3416.2631331939647,0.0170597485893464,0.017059748589345947,0.017059748589321414,0.01705855510691467,0.01705966971980415,0.01705974359257241,-2.4532459397264006e-14,-7.88695417967833e-08
3420.3349605279263,0.01707549070937326,0.017075490709373253,0.01707549070934709,0.017074252770636907,0.017075408895501774,0.017075485525975743,-2.6163099464682205e-14,-8.18138714796246e-08
3424.406787861888,0.017092093670758923,0.0170920936707591,0.017092093670732698,0.017090809190099344,0.01709200877390893,0.017092088291942312,-2.6402491304367004e-14,-8.489685017140647e-08
3428.47861519585,0.017109588651086773,0.017109588651086787,0.017109588651063,0.017108255407826255,0.01710950052362823,0.017109583067485754,-2.378652830259398e-14,-8.812745855638071e-08
3432.550442529812,0.017128009491348198,0.01712800949134803,0.017128009491329078,0.017126625119814092,0.017127917976008336,0.01712800369298601,-1.8953588698522594e-14,-9.151533969520287e-08
3436.6222698637735,0.017147392855822563,0.017147392855822337,0.01714739285580897,0.01714595483448851,0.017147297784962028,0.017147386832064918,-1.3367779105877275e-14,-9.507086030924317e-08
3440.6940971977356,0.017167778410164255,0.017167778410164238,0.017167778410158364,0.017166284049775285,0.017167679604985754,0.0171677721496692,-5.873773689657469e-15,-9.880517848337433e-08
3444.7659245316972,0.017189209019299365,0.01718920901930033,0.017189209019301564,0.017187655449875272,0.017189106288981567,0.017189202509962444,1.2351231148954867e-15,-1.0273031876215089e-07
3448.837751865659,0.017211730966961238,0.017211730966963285,0.017211730966968607,0.01721011512355906,0.017211624107708892,0.01721172419585437,5.322131624296844e-15,-1.0685925439304911e-07
3452.909579199621,0.017235394198941264,0.01723539419894345,0.017235394198949528,0.01723371280604499,0.017235282992944075,0.017235387152246068,6.078471059822732e-15,-1.1120599937436415e-07
3456.9814065335827,0.017260252592418843,0.017260252592420068,0.01726025259242527,0.017258502146808293,0.017260136806710617,0.017260245255355258,5.200700980978468e-15,-1.1578570945081079e-07
3461.0532338675443,0.017286364254057853,0.01728636425405736,0.01728636425406281,0.01728454100598545,0.01728624363926203,0.017286356610804837,5.450501161519128e-15,-1.2061479533198582e-07
3465.1250612015065,0.017313791849913426,0.01731379184991101,0.017313791849916715,0.01731189178239943,0.01731366613886296,0.017313783883521717,5.703770789011742e-15,-1.2571104805042532e-07
3469.196888535468,0.01734260297060904,0.017342602970605494,0.01734260297060974,0.017340621776640096,0.017342471876826776,0.017342594662905015,4.246603069191224e-15,-1.3109377871786676e-07
3473.26871586943,0.01737287053571669,0.01737287053571322,0.017372870535716213,0.01737080359310326,0.017372733751738187,0.01737286186719535,2.994132719535969e-15,-1.3678397503200102e-07
3477.340543203392,0.01740467324180522,0.017404673241803555,0.01740467324180639,0.01740251558542322,0.017404530437328133,0.017404664191512917,2.8345381597461028e-15,-1.4280447542189267e-07
3481.4123705373536,0.017438096059248443,0.01743809605924975,0.017438096059253925,0.017435842350350166,0.01743794687908506,0.017438086604651893,4.173744683200198e-15,-1.4918016469009365e-07
3485.4841978713152,0.017473230783586438,0.01747323078358961,0.01747323078359535,0.017470875275824162,0.017473074845396074,0.017473220900427123,5.7419347054832315e-15,-1.559381935349602e-07
3489.5560252052774,0.017510176648052468,0.01751017664805497,0.017510176648059896,0.017507713149811463,0.017510013539830102,0.017510166310188095,4.926614671774132e-15,-1.6310822486750864e-07
3493.627852539239,0.01754904100482863,0.017549041004830065,0.017549041004832133,0.01754646283740567,0.01754887028211877,0.01754903018405959,2.067790383364354e-15,-1.7072271129431327e-07
3497.6996798732007,0.017589940083690563,0.017589940083692992,0.017589940083693908,0.017587240034780436,0.017589761266484785,0.0175899287495634,9.159339953157541e-16,-1.7881720820733804e-07
3501.771507207163,0.017632999837963237,0.017632999837966228,0.017632999837969968,0.01763017010984255,0.01763281240723891,0.017632987957546205,3.740063814205996e-15,-1.8743072731711163e-07
3505.8433345411245,0.017678356889178726,0.01767835688917988,0.01767835688918581,0.01767538904089777,0.017678160283042428,0.01767834442681751,5.93275428784068e-15,-1.9660613745017819e-07
3509.915161875086,0.017726159583578736,0.01772615958357705,0.017726159583582257,0.01772304446635354,0.017725953192958718,0.017726146500626268,5.207639874882375e-15,-2.0639061833194194e-07
3513.9869892090483,0.01777656917561276,0.017776569175609307,0.017776569175616822,0.017773296860481694,0.017776352339431888,0.01777655543012331,7.514822097931528e-15,-2.1683617741977135e-07
3518.05881654301,0.017829761155938276,0.01782976115593474,0.017829761155948882,0.01782632085260929,0.01782953315569687,0.01782974670232228,1.4141465776162931e-14,-2.2800023787017398e-07
3522.1306438769716,0.01788592674421776,0.017885926744215106,0.017885926744234972,0.017882306709861677,0.0178856867979049,0.017885911532854168,1.9866053246886395e-14,-2.3994631020637924e-07
3526.2024712109337,0.017945274570288224,0.017945274570287165,0.01794527457030915,0.017941462006830878,0.017945021825526288,0.01794525854708957,2.1985885334530053e-14,-2.52744760877166e-07
3530.2742985448954,0.018008032571159446,0.01800803257116023,0.018008032571180617,0.018004013509383045,0.018007766097467005,0.018008015677080626,2.0386470289679437e-14,-2.6647369322577164e-07
3534.346125878857,0.01807445013588909,0.018074450135891065,0.018074450135907822,0.01807020930437053,0.018074168915930017,0.018074432306371423,1.6757428777935957e-14,-2.812199610471855e-07
3538.417953212819,0.018144800535849645,0.018144800535851432,0.01814480053586365,0.01814032121242719,0.01814450345551571,0.018144781700191452,1.2219392164780629e-14,-2.9708033572051207e-07
3542.489780546781,0.018219383684425394,0.01821938368442616,0.018219383684433207,0.018214647527480053,0.01821906952157037,0.01821936376506798,7.0464467594177904e-15,-3.141628557891407e-07
3546.5616078807425,0.01829852927798019,0.01829852927798014,0.018298529277981816,0.018293516134333002,0.018298196689590557,0.018298508189693745,1.6757428777935957e-15,-3.3258838958230563e-07
3550.6334352147046,0.01838260037930068,0.018382600379300385,0.018382600379299365,0.01837728806494673,0.018382247886849237,0.018382578028254187,-1.0200174038743626e-15,-3.524924511479066e-07
3554.7052625486663,0.018471997516002196,0.0184719975160017,0.018471997516001936,0.0184663615652025,0.018471623488685935,0.018471973798698013,2.3592239273284576e-16,-3.7402731576513526e-07
3558.777089882628,0.018567163380022855,0.018567163380022237,0.01856716338002723,0.018561176757427536,0.018566766015530468,0.018567138182076427,4.992534163861251e-15,-3.973644917693031e-07
3562.84891721659,0.018668588230884187,0.01866858823088405,0.018668588230895122,0.01866222100032622,0.018668165533265665,0.018668561425619554,1.1071005223683983e-14,-4.226976183865916e-07
3566.9207445505517,0.018776816125544018,0.018776816125544642,0.018776816125561636,0.018770035067885393,0.01877636587967161,0.018776787572371372,1.6993351170668802e-14,-4.502458730328007e-07
3570.9925718845134,0.018892452122304882,0.01889245212230527,0.01889245212232953,0.018885220293180384,0.018891971864313614,0.018892421664843062,2.425837308805967e-14,-4.802579916564353e-07
3575.0643992184755,0.019016170636492403,0.019016170636491567,0.019016170636522677,0.019008446852903486,0.01901565761946272,0.019016138100391253,3.111053081816806e-14,-5.130170288476787e-07
3579.136226552437,0.019148725162919673,0.01914872516291798,0.0191487251629516,0.019140463405289184,0.019148176316903572,0.019148690353323252,3.361894096443052e-14,-5.488460144073559e-07
3583.208053886399,0.019290959626339373,0.019290959626337856,0.01929095962636753,0.01928210833973635,0.019290371511637202,0.019290922324918636,2.967417978005926e-14,-5.881147006545073e-07
3587.279881220361,0.01944382167855,0.019443821678549064,0.019443821678569187,0.019434322953182995,0.01944319043090593,0.0194437816400218,2.0122792321330962e-14,-6.312476431326319e-07
3591.3517085543226,0.019608378332678315,0.019608378332677916,0.019608378332684934,0.019598166939226634,0.01960769959876038,0.019608335280708954,7.0186911838021615e-15,-6.787339175348683e-07
3595.4235358882843,0.01978583441545143,0.019785834415452078,0.019785834415446235,0.019774836665099053,0.0197851032765955,0.019785788037815322,-5.842548667089886e-15,-7.311388565793553e-07
3599.4953632222464,0.019977554432329597,0.019977554432331436,0.019977554432321444,0.01996568682414528,0.01997676531404231,0.019977504375162183,-9.992007221626409e-15,-7.891182891260617e-07
3603.567190556208,0.020185088585253693,0.02018508858525519,0.020185088585253853,0.02017225619437516,0.02018423514935541,0.020185034446201244,-1.3357370765021415e-15,-8.53435899780125e-07
3607.6390178901697,0.02041020386788674,0.020410203867885855,0.020410203867900073,0.020396298416196362,0.020409278883388605,0.020410145187908155,1.421779360910591e-14,-9.249844972504528e-07
3611.710845224132,0.02065492140121142,0.02065492140120912,0.02065492140123451,0.020639818937020958,0.020653916588998636,0.020654857654718476,2.538941279439655e-14,-1.004812210485262e-06
3615.7826725580935,0.02092156148023603,0.02092156148023552,0.020921561480266276,0.020905119573813708,0.020920467325303664,0.02092149206316904,3.075664722906879e-14,-1.0941549318556343e-06
3619.854499892055,0.021212798203575724,0.021212798203577642,0.021212798203610182,0.02119485253965742,0.02121160372684393,0.021212722418908134,3.253994296237295e-14,-1.1944767337110362e-06
3623.9263272260173,0.021531726083731377,0.02153172608373351,0.021531726083766196,0.021512086298353102,0.021530418563205464,0.021531643123761546,3.2685659734355e-14,-1.3075205280467517e-06
3627.998154559979,0.021881941731154722,0.021881941731155725,0.0218819417311928,0.021860386295309453,0.021880506359175572,0.02188185065574213,3.707451012857632e-14,-1.435371980152561e-06
3632.0699818939406,0.022267644631322858,0.022267644631320995,0.02226764463136887,0.02224391452402595,0.022266064090620524,0.022267544340962522,4.787489849000792e-14,-1.5805407004715333e-06
3636.1418092279027,0.02269376227805158,0.022693762278048122,0.022693762278107737,0.022667553110659305,0.02269201621390602,0.022693651480353867,5.961550697541895e-14,-1.7460641421017387e-06
3640.2136365618644,0.023166106612192372,0.023166106612190453,0.023166106612258548,0.023137058755948715,0.023164170970604168,0.02316598377984776,6.809483532599359e-14,-1.935641586285619e-06
3644.285463895826,0.023691571020986672,0.02369157102098693,0.023691571021057723,0.02365925713891378,0.023689417212625765,0.023691434338660812,7.07940650546135e-14,-2.1538083611639947e-06
3648.357291229788,0.02427838033954985,0.024278380339550522,0.024278380339612986,0.024242289514475886,0.024275974175179956,0.024278227636266792,6.246392292297287e-14,-2.4061643705657054e-06
3652.42911856375,0.024936410744883265,0.02493641074488313,0.024936410744929687,0.02489592810177126,0.024933711068194853,0.02493623940718966,4.655650864826555e-14,-2.6996766882766976e-06
3656.5009458977115,0.025677602715329605,0.025677602715328818,0.025677602715361906,0.025631983019413416,0.02567455963107095,0.025677409574748077,3.308811558078162e-14,-3.0430842578692274e-06
3660.5727732316736,0.026516499207762976,0.02651649920776184,0.026516499207786478,0.026464832321382022,0.026513051762760708,0.02651628039348762,2.4636542805822614e-14,-3.447445001133337e-06
3664.6446005656353,0.027470954205170352,0.02747095420516901,0.027470954205189125,0.027412119414658244,0.027467027321134495,0.02747070494922943,2.0115853427427055e-14,-3.926884034513578e-06
3668.716427899597,0.02856307587101161,0.02856307587101037,0.028563075871026907,0.028495680807917506,0.028558576241293578,0.028562790247609948,1.653885361996288e-14,-4.499629716790687e-06
3672.788255233559,0.029820496979124856,0.029820496979124235,0.02982049697913648,0.029742794930023273,0.029815307511492844,0.029820167551609513,1.2243678293444304e-14,-5.189467631391137e-06
3676.8600825675207,0.03127810833031437,0.031278108330314164,0.03127810833032411,0.03118788478725112,0.031272080519380706,0.031277725666599046,9.943434964299058e-15,-6.027810933458e-06
3680.9319099014824,0.032980457157746716,0.03298045715774632,0.03298045715775735,0.03287487189572546,0.0329734004626069,0.032980009155454154,1.1025902413308586e-14,-7.05669513942353e-06
3685.0037372354445,0.03498511653640441,0.03498511653640346,0.034985116536412446,0.03486048028207716,0.03497678335143718,0.03498458746799569,8.98586760555986e-15,-8.333184966277662e-06
3689.075564569406,0.03736749832928855,0.03736749832928689,0.03736749832928285,0.03721895142039557,0.037357562348062354,0.037366867467367004,-4.038436252074007e-15,-9.935981224534762e-06
3693.147391903368,0.04022785466029181,0.040227854660289414,0.04022785466027054,0.040048895826689024,0.04021587912998803,0.04022709426048478,-1.887379141862766e-14,-1.1975530301383541e-05
3697.21921923733,0.04370166936043903,0.04370166936043584,0.04370166936040815,0.04348345014105309,0.043687059517843047,0.04370074163902276,-2.768618667658984e-14,-1.460984259279291e-05
3701.2910465712916,0.04797542538138991,0.04797542538138604,0.047975425381351446,0.04770566900274616,0.047957355523902775,0.0479742778808893,-3.459732500488144e-14,-1.806985748326745e-05
3705.3628739052533,0.05331112044561569,0.0533111204456115,0.053311120445570216,0.052972422614377,0.05328841922269222,0.05330967874502207,-4.128641872824801e-14,-2.270122291928023e-05
3709.4347012392154,0.06008542649967236,0.06008542649966811,0.06008542649962393,0.05965250868310546,0.06005639133835913,0.06008358242035646,-4.417993748617732e-14,-2.9035161308976765e-05
3713.506528573177,0.06885412788564202,0.06885412788563713,0.0688541278855924,0.06828925799248878,0.06881621532649483,0.06885171980948192,-4.4728110104585994e-14,-3.791255914230296e-05
3717.5783559071388,0.08046166595315624,0.08046166595314953,0.08046166595309763,0.079706762411231,0.08041095720016313,0.08045844485109713,-5.190292640122607e-14,-5.070875298640587e-05
3721.650183241101,0.09623400496802181,0.09623400496801204,0.09623400496793702,0.09519652630592751,0.09616424985445958,0.09622957362684827,-7.502332088904495e-14,-6.975511355246378e-05
3725.7220105750625,0.11833068906911579,0.1183306890691016,0.11833068906896878,0.11685749880219597,0.11823153365287985,0.11832438941532657,-1.3282430710859217e-13,-9.915541622175505e-05
3729.793837909024,0.15040917837370102,0.15040917837368037,0.1504091783734477,0.14823666775107547,0.15026278029802703,0.15039987629356216,-2.326749903858172e-13,-0.00014639807565333673
3733.8656652429863,0.1989021992797088,0.198902199279678,0.19890219927934488,0.1955604454580844,0.1986767269114908,0.1988878713363013,-3.331224185387782e-13,-0.00022547236818720728
3737.937492576948,0.2753958019035102,0.27539580190346247,0.27539580190305396,0.2700378220203001,0.2750339049025682,0.27537280260332936,-4.0850656191082635e-13,-0.00036189700089428456
3742.0093199109097,0.4000882827773933,0.40008828277731806,0.4000882827768441,0.39130869697637577,0.399495283985893,0.40005059609804255,-4.739542092124793e-13,-0.0005929987914250479
3746.0811472448718,0.5997224814172909,0.5997224814171808,0.599722481416646,0.5862270754457455,0.5988147384675849,0.5996648085389177,-5.347944309619379e-13,-0.0009077429495958356
3750.1529745788334,0.8605509726244317,0.8605509726243281,0.8605509726239949,0.8463573469034752,0.859614835868445,0.8604915794815081,-3.331779296900095e-13,-0.0009361367558831102
3754.224801912795,0.999999999999976,1.0,1.0000000000004174,0.999980096554687,1.000033892454032,1.0000023148608073,4.1744385725905886e-13,3.389245403195851e-05
3758.296629246757,0.8427179255308977,0.8427179255310253,0.8427179255318245,0.8566962025741931,0.8436612067744003,0.8427778850607247,7.991385331251877e-13,0.0009432812433749493
3762.368456580719,0.5828107334909773,0.5828107334910865,0.5828107334917091,0.5960208016248325,0.5836854278964337,0.5828662620731032,6.226130722097878e-13,0.000874694405347265
3766.4402839146805,0.38909780441474157,0.3890978044148086,0.3890978044152584,0.3976676533127332,0.3896629911356599,0.3891336752285076,4.497513472756509e-13,0.0005651867208512629
3770.5121112486427,0.2686915062199462,0.2686915062199855,0.2686915062203243,0.2739120657907299,0.2690358189870215,0.2687133592117563,3.387845559643665e-13,0.00034431276703600355
3774.5839385826043,0.1947210976325047,0.19472109763252843,0.19472109763276021,0.19797140886466597,0.19493569948277312,0.19473471933737627,2.3178681196611706e-13,0.00021460185024468892
3778.655765916566,0.14769002260105393,0.14769002260106898,0.14769002260119007,0.1497989351673838,0.14782943967909584,0.14769887294557718,1.2109757641098895e-13,0.00013941707802686554
3782.727593250528,0.11648493894467696,0.11648493894468696,0.1164849389447047,0.11791187221377707,0.11657938406849984,0.11649093503942355,1.7735812818386876e-14,9.444512381287518e-05
3786.79942058449,0.09493161453185166,0.09493161453185847,0.09493161453181308,0.09593412265061763,0.09499803887057616,0.09493583205679886,-4.539424391936109e-14,6.642433871768827e-05
3790.8712479184514,0.07951096521449086,0.07951096521449544,0.07951096521443302,0.08023857137722938,0.07955922043455049,0.07951402938423098,-6.242228955954943e-14,4.825522005505456e-05
3794.9430752524136,0.06813933134011552,0.0681393313401185,0.0681393313400632,0.06868232659714413,0.06817537297485055,0.0681416201414734,-5.530298441414061e-14,3.604163473204525e-05
3799.0149025863752,0.05953389350486036,0.059533893504862635,0.05953389350482735,0.05994889871640754,0.059561460038576736,0.05953564423156208,-3.5284275501368256e-14,2.7566533714100394e-05
3803.086729920337,0.05287568151335052,0.052875681513352556,0.0528756815133428,0.053199444685491475,0.05289720154132068,0.052877048327616236,-9.756084828893563e-15,2.152002796812491e-05
3807.158557254299,0.047624493935531156,0.04762449393553288,0.04762449393553445,0.04788160857813817,0.047641594143784737,0.04762558010305802,1.5751289161869408e-15,1.710020825185926e-05
3811.2303845882607,0.04341350809169502,0.04341350809169633,0.04341350809168792,0.04362088786721806,0.043427308036724156,0.04341438468890028,-8.409939411535561e-15,1.3799945027828664e-05
3815.3022119222223,0.03998713723383813,0.03998713723383913,0.03998713723381406,0.04015669868303707,0.03999842623255948,0.039987854374369344,-2.5070223674816816e-14,1.1288998720354604e-05
3819.3740392561845,0.037163182913157206,0.037163182913158024,0.037163182913121484,0.0373035042105263,0.03717252950549073,0.037163776695488135,-3.6540215297975465e-14,9.346592332704073e-06
3823.445866590146,0.034809093230250825,0.03480909323025104,0.03480909323021183,0.034926468953866106,0.034816914836396026,0.03480959015909048,-3.921168945097975e-14,7.821606144986504e-06
3827.517693924108,0.032826665531324864,0.032826665531324295,0.03282666553129518,0.03292579461014298,0.032833273915059705,0.03282708540350051,-2.911559882079473e-14,6.6083837354097286e-06
3831.58952125807,0.03114194827656468,0.03114194827656399,0.03114194827655213,0.031226393117814638,0.03114757990584484,0.03114230610832476,-1.1858569681777453e-14,5.631629280848649e-06
3835.6613485920316,0.029698427096887102,0.029698427096886987,0.02969842709688959,0.029770926454415782,0.02970326384465622,0.029698734438057203,2.6020852139652106e-15,4.8367477692330685e-06
3839.7331759259932,0.028452334444036814,0.028452334444037424,0.02845233444404597,0.02851502069637162,0.02845651797190729,0.028452600291183454,8.545247842661752e-15,4.183527869867226e-06
3843.8050032599554,0.027369361974518145,0.02736936197451897,0.027369361974521486,0.02742391464558924,0.027373003900683965,0.02736959341649608,2.5153490401663703e-15,3.6419261649940637e-06
3847.876830593917,0.02642231774009933,0.02642231774010018,0.026422317740090143,0.026470073696455633,0.02642550694114354,0.026422520421653307,-1.0037110032001806e-14,3.1892010433597073e-06
3851.9486579278787,0.025589431211131212,0.02558943121113168,0.025589431211113452,0.02563146491401869,0.025592239141845413,0.025589609670669367,-1.822847428556429e-14,2.8079307137322818e-06
3856.020485261841,0.024853109845175966,0.024853109845175716,0.024853109845160874,0.02489029257729382,0.024855594466159307,0.02485326776415573,-1.484229406045756e-14,2.4846209835914512e-06
3860.0923125958025,0.02419901517170122,0.02419901517170043,0.024199015171696883,0.02423205928639529,0.02420122388479312,0.024199155561023252,-3.5457747848965937e-15,2.2087130926926046e-06
3864.164139929764,0.023615368138790248,0.02361536813879021,0.023615368138794866,0.023644860496245333,0.023617340005936984,0.023615493479696728,4.65599780952175e-15,1.971867146774442e-06
3868.2359672637263,0.023092421095423008,0.02309242109542492,0.023092421095431994,0.023118848595127348,0.0230941885335838,0.02309253344712595,7.074202335033419e-15,1.7674381588804466e-06
3872.307794597688,0.02262205234657396,0.022622052346577083,0.0226220523465817,0.022645821615718133,0.02262364243507644,0.022622153429275,4.6178338930502605e-15,1.590088499356379e-06
3876.3796219316496,0.02219745187725176,0.022197451877252868,0.022197451877247178,0.022218904591449217,0.02219888737541442,0.02219754313676641,-5.689893001203927e-15,1.4354981615512241e-06
3880.4514492656117,0.02181287559335732,0.02181287559335547,0.02181287559333967,0.02183230050030481,0.021814175739337187,0.021812958251851606,-1.579986141919676e-14,1.300145981715517e-06
3884.5232765995734,0.021463451555892413,0.021463451555889638,0.021463451555872943,0.021481093986775383,0.0214646326987786,0.021463526652027234,-1.669497873280079e-14,1.1811428889604847e-06
3888.595103933535,0.021145026028539654,0.02114502602853768,0.021145026028523937,0.021161095478350187,0.021146102132233023,0.02114509444946904,-1.3742479376688266e-14,1.076103695343139e-06
3892.666931267497,0.020854040271744492,0.02085404027174553,0.020854040271733237,0.02086871648299551,0.02085502331945271,0.020854102778806803,-1.2292250550771655e-14,9.830477071814947e-07
3896.738758601459,0.02058743127134831,0.02058743127135094,0.020587431271338514,0.020600869148899012,0.02058833159243146,0.020587488520821276,-1.2427558981897846e-14,9.003210805179351e-07
3900.8105859354205,0.020342551239306506,0.02034255123930705,0.02034255123928951,0.020354884845599473,0.020343377775029703,0.020342603799287866,-1.7541523789077473e-14,8.265357226526493e-07
3904.8824132693826,0.02011710194204733,0.020117101942045332,0.02011710194202065,0.02012844776389363,0.02011786246292693,0.02011715030626491,-2.468164561619801e-14,7.605208815972264e-07
3908.9542406033443,0.019909080819317453,0.019909080819315146,0.019909080819287626,0.01991954045387212,0.01990978210385544,0.01990912541848149,-2.7519653222896068e-14,7.012845402928902e-07
3913.026067937306,0.01971673653783615,0.019716736537834793,0.019716736537804827,0.019726398912637937,0.019717384520274283,0.019716777749021114,-2.9965613324023366e-14,6.479824394903244e-07
3917.097895271268,0.01953853214001792,0.019538532140017655,0.01953853213998407,0.01954747535707014,0.01953913203309521,0.019538570294459913,-3.3584246494910985e-14,5.998930775567846e-07
3921.1697226052297,0.019373114341547384,0.01937311434154831,0.019373114341512832,0.019381407216354337,0.01937367073897058,0.01937314973115433,-3.547856453067766e-14,5.563974222709545e-07
3925.2415499391914,0.01921928783384373,0.0192192878338453,0.019219287833811004,0.019226991185636984,0.019219804796204866,0.019219320716652496,-3.4295483120061476e-14,5.169623595660533e-07
3929.3133772731535,0.019075993681185257,0.019075993681186693,0.019075993681160777,0.019083161419196314,0.019076474808310664,0.019076024285957945,-2.5916768731093498e-14,4.811271239711645e-07
3933.385204607115,0.018942291084179302,0.018942291084179958,0.018942291084167357,0.018948971125928003,0.018942739576300164,0.0189423196142896,-1.2601031329495527e-14,4.484921202058123e-07
3937.4570319410773,0.018817341923688738,0.01881734192368797,0.018817341923685237,0.018823576974284877,0.01881776063336082,0.018817368560419954,-2.733924198139448e-15,4.187096728502926e-07
3941.528859275039,0.01870039761149195,0.0187003976114905,0.01870039761149008,0.018706225827444904,0.01870078908782897,0.01870042251684848,-4.198030811863873e-16,3.9147633846756125e-07
3945.6006866090006,0.01859078786278781,0.01859078786278701,0.018590787862783193,0.018596243419445064,0.018591154389276988,0.01859081118189669,-3.816391647148976e-15,3.665264899782583e-07
3949.6725139429627,0.018487911076359727,0.018487911076359734,0.018487911076353867,0.018493024654613766,0.01848825470330042,0.018487932939529925,-5.8668347957535616e-15,3.436269406867365e-07
3953.7443412769244,0.018391226064793733,0.018391226064794156,0.018391226064789917,0.01839602526990509,0.018391548637217998,0.018391246589290467,-4.2396641752873165e-15,3.225724238414829e-07
3957.816168610886,0.01830024492264261,0.018300244922643365,0.01830024492263945,0.0183047546457696,0.018300548104419636,0.018300264214219687,-3.913536161803677e-15,3.0318177627122744e-07
3961.887995944848,0.01821452685716329,0.01821452685716407,0.018214526857156868,0.018218769588368662,0.018214812151870322,0.018214545011388462,-7.202571872255703e-15,2.85294706251632e-07
3965.95982327881,0.01813367283606205,0.01813367283606194,0.018133672836051135,0.0181376689360885,0.018133941605108537,0.01813368993946834,-1.0803857808383555e-14,2.687690465984216e-07
3970.0316506127715,0.018057320930971937,0.018057320930970497,0.018057320930957712,0.018061088867871233,0.01805757440938322,0.018057337062061418,-1.2784912017949068e-14,2.5347841272477245e-07
3974.1034779467336,0.017985142255260586,0.01798514225525885,0.017985142255244797,0.01798869881096674,0.017985381565458362,0.017985157485380914,-1.4054729602364091e-14,2.393101995110114e-07
3978.1753052806953,0.017916837411081986,0.017916837411081344,0.017916837411066668,0.017920197862205427,0.01791706357494493,0.017916851805191605,-1.4675760606763788e-14,2.2616386358489948e-07
3982.247132614657,0.017852133374037703,0.017852133374038782,0.017852133374023697,0.017855311650488155,0.01785234732348398,0.017852146991377247,-1.5085155347094314e-14,2.139494451984525e-07
3986.318959948619,0.017790780754948873,0.017790780754951524,0.017790780754935606,0.01779378957943764,0.01779098334124531,0.017790793649632677,-1.5917822615563182e-14,2.025862937855838e-07
3990.3907872825807,0.017732551387487333,0.01773255138749118,0.01773255138747665,0.017735402398493166,0.01773274338945614,0.017732563609025337,-1.4530043834781736e-14,1.920019649589988e-07
3994.4626146165424,0.01767723619811243,0.01767723619811613,0.01767723619810829,0.017679940058509924,0.017677418329381304,0.017677247791870337,-7.840950111415168e-15,1.821312651736906e-07
3998.5344419505045,0.017624643321195954,0.017624643321197873,0.017624643321197894,0.017627209814423898,0.017624816236617897,0.017624654328803602,2.0816681711721685e-17,1.729154200241778e-07
